{
    "timestep": "2002-04-21 21:00",
    "deposit_mass": 12150000,
    "reaches": {
        "upstream": {
            "flow_scale": 0.658,
            "elevation": 1579.5940091416353,
            "length": 120,
            "bankfull_width": 10.5,
            "lwd_factor": null,
            "gsd": {
                "1.0": 0.9150000000000009,
                "0.0": 0.005,
                "-1.0": 0.005,
                "-2.0": 0.005,
                "-2.5": 0.005,
                "-3.0": 0.005,
                "-3.5": 0.005,
                "-4.0": 0.005,
                "-4.5": 0.005,
                "-5.0": 0.005,
                "-5.5": 0.005,
                "-6.0": 0.005,
                "-6.5": 0.005,
                "-7.0": 0.005,
                "-7.5": 0.005,
                "-8.0": 0.005,
                "-8.5": 0.005,
                "-9.0": 0.005
            },
            "Qs_in": 0.0018731746197029194,
            "Qs_out": 0.0,
            "D50": 0.0007071067811865476,
            "D84": 0.0014142135623730952
        },
        "deposit_upstream": {
            "flow_scale": 0.659,
            "elevation": 1580.470703719626,
            "length": 118,
            "width": 1.000151604354087,
            "bankfull_width": 10.5,
            "lwd_factor": null,
            "gsd_bed": {
                "1.0": 0.2883358156030734,
                "0.0": 0.28833581560273724,
                "-1.0": 0.05690589131546207,
                "-2.0": 0.012168814459680304,
                "-2.5": 0.01364089942308402,
                "-3.0": 0.01491813772117826,
                "-3.5": 0.01912260184812811,
                "-4.0": 0.024752133942751182,
                "-4.5": 0.025929179802614874,
                "-5.0": 0.056952693359883746,
                "-5.5": 0.06002705310036883,
                "-6.0": 0.04910753004130143,
                "-6.5": 0.048566244416262276,
                "-7.0": 0.012119051721227687,
                "-7.5": 0.012119051721231788,
                "-8.0": 0.008049355303701742,
                "-8.5": 0.00804935530370074,
                "-9.0": 0.0009003753136122052
            },
            "gsd_wall": {
                "1.0": 0.34949279653061455,
                "0.0": 0.34949279653137943,
                "-1.0": 0.06897581923148381,
                "-2.0": 0.014749860287350768,
                "-2.5": 0.014868744856669754,
                "-3.0": 0.013105008628871713,
                "-3.5": 0.013220225103480117,
                "-4.0": 0.0158127954414148,
                "-4.5": 0.0158288600992343,
                "-5.0": 0.033475941198936945,
                "-5.5": 0.03351372191167543,
                "-6.0": 0.02718739822116761,
                "-6.5": 0.027189584557839618,
                "-7.0": 0.006784794366863096,
                "-7.5": 0.006784794366865345,
                "-8.0": 0.004506393881113196,
                "-8.5": 0.004506393881112678,
                "-9.0": 0.0005040709039271212
            },
            "Qs_in": 0.0,
            "Qs_out_bed": 11.207587957245552,
            "Qs_out_wall": 0.18877539934026027,
            "D50": 0.0009013923113972502,
            "D84": 0.0453264977689974
        },
        "deposit_downstream": {
            "flow_scale": 0.66,
            "elevation": 1579.0129577935331,
            "length": 120,
            "width": 3.003840137147699,
            "bankfull_width": 12,
            "lwd_factor": null,
            "gsd_bed": {
                "1.0": 0.0005,
                "0.0": 0.0005,
                "-1.0": 0.0005,
                "-2.0": 0.0019245565978990755,
                "-2.5": 0.005229913286400997,
                "-3.0": 0.005263322952328948,
                "-3.5": 0.006944681273395489,
                "-4.0": 0.11373242817984838,
                "-4.5": 0.1999106147271978,
                "-5.0": 0.1999106147271978,
                "-5.5": 0.07790968860317765,
                "-6.0": 0.05818020248982467,
                "-6.5": 0.05714136570808362,
                "-7.0": 0.0560275541497826,
                "-7.5": 0.05602755414978478,
                "-8.0": 0.054393536918721716,
                "-8.5": 0.05439353691872107,
                "-9.0": 0.051510429317635206
            },
            "gsd_wall": {
                "1.0": 0.0004991801337272493,
                "0.0": 0.0004991801337275163,
                "-1.0": 0.0004991801337276176,
                "-2.0": 0.0004991801337274145,
                "-2.5": 0.01760860721234591,
                "-3.0": 0.017529674954399003,
                "-3.5": 0.018447334475139056,
                "-4.0": 0.018466211281219464,
                "-4.5": 0.018465773392983668,
                "-5.0": 0.01784564142033866,
                "-5.5": 0.0185556264390351,
                "-6.0": 0.019205684185531143,
                "-6.5": 0.3003571871361262,
                "-7.0": 0.15363233216070002,
                "-7.5": 0.15363233216071975,
                "-8.0": 0.1080519151316698,
                "-8.5": 0.10805191513166504,
                "-9.0": 0.02815304438321737
            },
            "Qs_in": 11.396363356585812,
            "Qs_out_bed": 1.409517207463,
            "Qs_out_wall": 0.0,
            "D50": 0.032223632620404494,
            "D84": 0.18131420200053236
        },
        "downstream": {
            "flow_scale": 0.689,
            "elevation": 1572.9734116761408,
            "length": 145,
            "bankfull_width": 12,
            "lwd_factor": null,
            "gsd": {
                "1.0": 0.0049203355067019994,
                "0.0": 0.0049203355067019994,
                "-1.0": 0.0049203355067019994,
                "-2.0": 0.007375026150343475,
                "-2.5": 0.014838502267905505,
                "-3.0": 0.02349613456430363,
                "-3.5": 0.048424144797024476,
                "-4.0": 0.07467545474348289,
                "-4.5": 0.08400102348372566,
                "-5.0": 0.19521792458045892,
                "-5.5": 0.1952179245804296,
                "-6.0": 0.19521792458043485,
                "-6.5": 0.024462488955292676,
                "-7.0": 0.024462488955296454,
                "-7.5": 0.024462488955302796,
                "-8.0": 0.024462488955305204,
                "-8.5": 0.024462488955302796,
                "-9.0": 0.024462488955285078
            },
            "Qs_in": 1.409517207463,
            "Qs_out": 7.670374057727859,
            "D50": 0.04449188543827994,
            "D84": 0.06673782815741991
        }
    }
}