{
    "timestep": "2002-05-12 17:00",
    "deposit_mass": 12150000,
    "reaches": {
        "upstream": {
            "flow_scale": 0.658,
            "elevation": 1579.5940153273932,
            "length": 120,
            "bankfull_width": 10.5,
            "lwd_factor": null,
            "gsd": {
                "1.0": 0.9149999999999995,
                "0.0": 0.005,
                "-1.0": 0.005,
                "-2.0": 0.005,
                "-2.5": 0.005,
                "-3.0": 0.005,
                "-3.5": 0.005,
                "-4.0": 0.005,
                "-4.5": 0.005,
                "-5.0": 0.005,
                "-5.5": 0.005,
                "-6.0": 0.005,
                "-6.5": 0.005,
                "-7.0": 0.005,
                "-7.5": 0.005,
                "-8.0": 0.005,
                "-8.5": 0.005,
                "-9.0": 0.005
            },
            "Qs_in": 0.004995132319207785,
            "Qs_out": 0.0,
            "D50": 0.0007071067811865476,
            "D84": 0.0014142135623730952
        },
        "deposit_upstream": {
            "flow_scale": 0.659,
            "elevation": 1580.4475786368748,
            "length": 118,
            "width": 1.0002315412955434,
            "bankfull_width": 10.5,
            "lwd_factor": null,
            "gsd_bed": {
                "1.0": 0.1446760347678454,
                "0.0": 0.1446760347661723,
                "-1.0": 0.028553229480400632,
                "-2.0": 0.010868462787120552,
                "-2.5": 0.013983450822595327,
                "-3.0": 0.01787019295158841,
                "-3.5": 0.034043670707443,
                "-4.0": 0.044462279740534925,
                "-4.5": 0.0464556039560052,
                "-5.0": 0.10338402286776911,
                "-5.5": 0.12802102501238705,
                "-6.0": 0.10004772034265806,
                "-6.5": 0.09894494867407296,
                "-7.0": 0.024690378367696726,
                "-7.5": 0.024690378367713543,
                "-8.0": 0.016399107177370854,
                "-8.5": 0.016399107177366888,
                "-9.0": 0.0018343520332590403
            },
            "gsd_wall": {
                "1.0": 0.34751455353077104,
                "0.0": 0.34751455353227845,
                "-1.0": 0.0685853936409228,
                "-2.0": 0.014681596064234722,
                "-2.5": 0.014830562977875758,
                "-3.0": 0.013129163240373058,
                "-3.5": 0.013403603126807499,
                "-4.0": 0.016067592532858832,
                "-4.5": 0.016106663662576272,
                "-5.0": 0.03410544347670266,
                "-5.5": 0.034384016273600666,
                "-6.0": 0.027960059709701265,
                "-6.5": 0.027968759741278135,
                "-7.0": 0.006979227032216337,
                "-7.5": 0.006979227032220854,
                "-8.0": 0.0046355341506738295,
                "-8.5": 0.004635534150672781,
                "-9.0": 0.0005185161242353773
            },
            "Qs_in": 0.0,
            "Qs_out_bed": 0.1451370800368121,
            "Qs_out_wall": 0.0013100347586257634,
            "D50": 0.03132907094815829,
            "D84": 0.09005905092868818
        },
        "deposit_downstream": {
            "flow_scale": 0.66,
            "elevation": 1579.0180181442454,
            "length": 120,
            "width": 3.0038402368589088,
            "bankfull_width": 12,
            "lwd_factor": null,
            "gsd_bed": {
                "1.0": 0.0005,
                "0.0": 0.0005,
                "-1.0": 0.0015286775615037775,
                "-2.0": 0.001675284438039213,
                "-2.5": 0.00215963093670353,
                "-3.0": 0.03324494720885643,
                "-3.5": 0.07764685575394488,
                "-4.0": 0.025224312243090567,
                "-4.5": 0.17901529887431683,
                "-5.0": 0.026558401345603586,
                "-5.5": 0.14678189236470054,
                "-6.0": 0.0680368591134425,
                "-6.5": 0.07417778713483443,
                "-7.0": 0.07274544467339483,
                "-7.5": 0.07274544467340639,
                "-8.0": 0.07258206427241659,
                "-8.5": 0.0725820642724127,
                "-9.0": 0.07229503513333316
            },
            "gsd_wall": {
                "1.0": 0.0004949852563638799,
                "0.0": 0.0004949852563652416,
                "-1.0": 0.0004949852563657556,
                "-2.0": 0.0004949852563647246,
                "-2.5": 0.01746063267417215,
                "-3.0": 0.017382363727317822,
                "-3.5": 0.018292311668030036,
                "-4.0": 0.018311029842090185,
                "-4.5": 0.018310595633227827,
                "-5.0": 0.01769567496110064,
                "-5.5": 0.018399693596269424,
                "-6.0": 0.019044288560229338,
                "-6.5": 0.30237780778490836,
                "-7.0": 0.15347534187300657,
                "-7.5": 0.1534753418730784,
                "-8.0": 0.10789713153353721,
                "-8.5": 0.10789713153351901,
                "-9.0": 0.028000713714053476
            },
            "Qs_in": 0.14644711479543787,
            "Qs_out_bed": 0.05997883176991807,
            "Qs_out_wall": 0.0,
            "D50": 0.04524551408905544,
            "D84": 0.25681523548793633
        },
        "downstream": {
            "flow_scale": 0.689,
            "elevation": 1572.9661462433091,
            "length": 145,
            "bankfull_width": 12,
            "lwd_factor": null,
            "gsd": {
                "1.0": 0.004860027702698974,
                "0.0": 0.004860027702698974,
                "-1.0": 0.004860027702698974,
                "-2.0": 0.00665016470076619,
                "-2.5": 0.013455673834503353,
                "-3.0": 0.021350064436149497,
                "-3.5": 0.044080464961591195,
                "-4.0": 0.09998794752015167,
                "-4.5": 0.08967363653882246,
                "-5.0": 0.19045560492695,
                "-5.5": 0.1904556049268138,
                "-6.0": 0.1904556049268378,
                "-6.5": 0.023142525019679186,
                "-7.0": 0.023142525019842677,
                "-7.5": 0.023142525020114404,
                "-8.0": 0.023142525020215663,
                "-8.5": 0.023142525020114404,
                "-9.0": 0.023142525019350747
            },
            "Qs_in": 0.05997883176991807,
            "Qs_out": 26.68480473464211,
            "D50": 0.044279986308490435,
            "D84": 0.06641997946273565
        }
    }
}