{
    "timestep": "2005-06-01 20:00",
    "deposit_mass": 12150000,
    "reaches": {
        "upstream": {
            "flow_scale": 0.658,
            "elevation": 1579.9575512881115,
            "length": 120,
            "bankfull_width": 10.5,
            "lwd_factor": null,
            "gsd": {
                "1.0": 0.7539128000191585,
                "0.0": 0.14654752207094124,
                "-1.0": 0.02453967790990133,
                "-2.0": 0.005,
                "-2.5": 0.005,
                "-3.0": 0.005,
                "-3.5": 0.005,
                "-4.0": 0.005,
                "-4.5": 0.005,
                "-5.0": 0.005,
                "-5.5": 0.005,
                "-6.0": 0.005,
                "-6.5": 0.005,
                "-7.0": 0.005,
                "-7.5": 0.005,
                "-8.0": 0.005,
                "-8.5": 0.005,
                "-9.0": 0.005
            },
            "Qs_in": 0.39024471243810666,
            "Qs_out": 0.0,
            "D50": 0.0007071067811865476,
            "D84": 0.0010669088355415599
        },
        "deposit_upstream": {
            "flow_scale": 0.659,
            "elevation": 1580.7558935008535,
            "length": 118,
            "width": 3.6333588948878015,
            "bankfull_width": 10.5,
            "lwd_factor": null,
            "gsd_bed": {
                "1.0": 0.057476389230622024,
                "0.0": 0.05747638923291608,
                "-1.0": 0.012521182834182874,
                "-2.0": 0.005005965039806262,
                "-2.5": 0.014327932011403857,
                "-3.0": 0.014135414187888568,
                "-3.5": 0.015090061168490007,
                "-4.0": 0.01964264807486422,
                "-4.5": 0.023515002829475367,
                "-5.0": 0.04660044800801377,
                "-5.5": 0.08219811197710335,
                "-6.0": 0.049785731453309355,
                "-6.5": 0.20000000001011603,
                "-7.0": 0.11220154643496207,
                "-7.5": 0.1122015464355738,
                "-8.0": 0.07830678793436854,
                "-8.5": 0.07830678793421202,
                "-9.0": 0.02120805520269179
            },
            "gsd_wall": {
                "1.0": 0.00011003398637621823,
                "0.0": 0.0001100339863154391,
                "-1.0": 2.635201241026698e-05,
                "-2.0": 5.255457057551496e-05,
                "-2.5": 6.774684154925259e-05,
                "-3.0": 6.100372075206716e-06,
                "-3.5": 0.00010729403579451865,
                "-4.0": 7.459658402006797e-05,
                "-4.5": 5.118381499468349e-05,
                "-5.0": 1.3069621295325932e-05,
                "-5.5": 6.512727598799463e-05,
                "-6.0": 0.09347322055779324,
                "-6.5": 0.37467022823062884,
                "-7.0": 0.15598685104130444,
                "-7.5": 0.15598685104217316,
                "-8.0": 0.10361925846353584,
                "-8.5": 0.1036192584633226,
                "-9.0": 0.011960239099847458
            },
            "Qs_in": 0.0,
            "Qs_out_bed": 0.0,
            "Qs_out_wall": 0.0,
            "D50": 0.08842744251777661,
            "D84": 0.25586722042603716
        },
        "deposit_downstream": {
            "flow_scale": 0.66,
            "elevation": 1576.4365794827504,
            "length": 120,
            "width": 2.9627960792187333,
            "bankfull_width": 12,
            "lwd_factor": null,
            "gsd_bed": {
                "1.0": 0.005,
                "0.0": 0.005,
                "-1.0": 0.005,
                "-2.0": 0.005,
                "-2.5": 0.005,
                "-3.0": 0.005,
                "-3.5": 0.01918614450273554,
                "-4.0": 0.021980281927066348,
                "-4.5": 0.02209621932515007,
                "-5.0": 0.022550500057694153,
                "-5.5": 0.022549671394875372,
                "-6.0": 0.0237557461895946,
                "-6.5": 0.19761916858134565,
                "-7.0": 0.023500231078898558,
                "-7.5": 0.19761916858134565,
                "-8.0": 0.19761916858134565,
                "-8.5": 0.19761916858134565,
                "-9.0": 0.023904531198602964
            },
            "gsd_wall": {
                "1.0": 6.751777298414162e-05,
                "0.0": 6.751777298670615e-05,
                "-1.0": 6.812775405853585e-05,
                "-2.0": 6.812775405652346e-05,
                "-2.5": 0.00018693760926624968,
                "-3.0": 0.00018424463468258198,
                "-3.5": 0.00022307661246416158,
                "-4.0": 0.00018972336626384622,
                "-4.5": 0.0001899082029617472,
                "-5.0": 0.00018486918768457222,
                "-5.5": 0.0001848691875799309,
                "-6.0": 0.00019324454509551782,
                "-6.5": 0.16207812542102387,
                "-7.0": 0.1578625320487013,
                "-7.5": 0.2417445962810149,
                "-8.0": 0.20643993592124002,
                "-8.5": 0.20643993592093934,
                "-9.0": 0.02362671000699613
            },
            "Qs_in": 0.0,
            "Qs_out_bed": 0.032828073529327,
            "Qs_out_wall": 0.0,
            "D50": 0.17709303126365813,
            "D84": 0.359753698981113
        },
        "downstream": {
            "flow_scale": 0.689,
            "elevation": 1570.8241294036834,
            "length": 145,
            "bankfull_width": 12,
            "lwd_factor": null,
            "gsd": {
                "1.0": 0.005,
                "0.0": 0.005,
                "-1.0": 0.005,
                "-2.0": 0.005,
                "-2.5": 0.016537577663769988,
                "-3.0": 0.016253873316890675,
                "-3.5": 0.040362708667950574,
                "-4.0": 0.015803819354650445,
                "-4.5": 0.015941287581624615,
                "-5.0": 0.01677673344135978,
                "-5.5": 0.016776733440061295,
                "-6.0": 0.19780426655332578,
                "-6.5": 0.19780426655332578,
                "-7.0": 0.19780426655332578,
                "-7.5": 0.19780426655332578,
                "-8.0": 0.0167767334402314,
                "-8.5": 0.01677673344020233,
                "-9.0": 0.016776733439955734
            },
            "Qs_in": 0.032828073529327,
            "Qs_out": 0.03355401093974118,
            "D50": 0.09232630282199057,
            "D84": 0.18072783155979466
        }
    }
}