{
    "timestep": "2002-04-09 09:00",
    "deposit_mass": 12150000,
    "reaches": {
        "upstream": {
            "flow_scale": 0.658,
            "elevation": 1579.594,
            "length": 120,
            "bankfull_width": 10.5,
            "lwd_factor": null,
            "gsd": {
                "1.0": 0.0030096308186222773,
                "0.0": 0.003009630818624956,
                "-1.0": 0.0030096308186259666,
                "-2.0": 0.0050160513643732595,
                "-2.5": 0.010032102727834908,
                "-3.0": 0.015850722310396928,
                "-3.5": 0.03260433386872495,
                "-4.0": 0.04664927768896187,
                "-4.5": 0.07574237560178404,
                "-5.0": 0.10493579454287827,
                "-5.5": 0.1379414125202366,
                "-6.0": 0.1525882825042583,
                "-6.5": 0.1390449438203986,
                "-7.0": 0.12479935794559091,
                "-7.5": 0.07734751203863688,
                "-8.0": 0.042034510433450537,
                "-8.5": 0.018358747993606355,
                "-9.0": 0.008025682182994256
            },
            "Qs_in": 0.0,
            "Qs_out": 0.0,
            "D50": 0.06363388215271626,
            "D84": 0.1296048174279078
        },
        "deposit_upstream": {
            "flow_scale": 0.659,
            "elevation": 1581.034587544716,
            "length": 118,
            "width": 1.0007785625543228,
            "bankfull_width": 10.5,
            "lwd_factor": null,
            "gsd_bed": {
                "1.0": 0.3149045613877532,
                "0.0": 0.31490456138767037,
                "-1.0": 0.06214971534591535,
                "-2.0": 0.013290377004637493,
                "-2.5": 0.013380357370261444,
                "-3.0": 0.011760710795278692,
                "-3.5": 0.012860025352198651,
                "-4.0": 0.020689842163592806,
                "-4.5": 0.02213785148572511,
                "-5.0": 0.046778908563430636,
                "-5.5": 0.04677890856343017,
                "-6.0": 0.04020811055445771,
                "-6.5": 0.03925488518113693,
                "-7.0": 0.009385309078453526,
                "-7.5": 0.009385309078454768,
                "-8.0": 0.007376855562535613,
                "-8.5": 0.007376855562535246,
                "-9.0": 0.007376855562532435
            },
            "gsd_wall": {
                "1.0": 0.3489874784929783,
                "0.0": 0.34898747849327716,
                "-1.0": 0.06887610240859833,
                "-2.0": 0.014728549110602993,
                "-2.5": 0.01482826836031944,
                "-3.0": 0.013033321842641436,
                "-3.5": 0.01318340844708383,
                "-4.0": 0.015916093995747713,
                "-4.5": 0.01593944837667583,
                "-5.0": 0.03368143430473856,
                "-5.5": 0.03368143430467389,
                "-6.0": 0.027413598640622015,
                "-6.5": 0.027442330970489905,
                "-7.0": 0.006847863827638536,
                "-7.5": 0.006847863827639416,
                "-8.0": 0.004548283998447204,
                "-8.5": 0.0045482839984470145,
                "-9.0": 0.000508756599378674
            },
            "Qs_in": 0.0,
            "Qs_out_bed": 124.99289473882264,
            "Qs_out_wall": 1.355292072731369,
            "D50": 0.0008748984298475278,
            "D84": 0.04510442412865604
        },
        "deposit_downstream": {
            "flow_scale": 0.66,
            "elevation": 1576.5637851568486,
            "length": 120,
            "width": 1.5726491864801095,
            "bankfull_width": 12,
            "lwd_factor": null,
            "gsd_bed": {
                "1.0": 0.21792045485947248,
                "0.0": 0.21792045485912553,
                "-1.0": 0.042985897117743095,
                "-2.0": 0.009188156983488356,
                "-2.5": 0.009240445380259352,
                "-3.0": 0.008154237690662482,
                "-3.5": 0.00852255558315564,
                "-4.0": 0.038329555846092274,
                "-4.5": 0.043213320149088866,
                "-5.0": 0.09131023660387182,
                "-5.5": 0.09131023660387154,
                "-6.0": 0.07404259207406555,
                "-6.5": 0.07753747307461595,
                "-7.0": 0.01878291022824801,
                "-7.5": 0.018782910228249204,
                "-8.0": 0.012858463379409829,
                "-8.5": 0.012858463379409523,
                "-9.0": 0.007041635959170642
            },
            "gsd_wall": {
                "1.0": 0.25670493768776625,
                "0.0": 0.2567049376880448,
                "-1.0": 0.05070273108750939,
                "-2.0": 0.010852155689768187,
                "-2.5": 0.010941180396173207,
                "-3.0": 0.009616073353472183,
                "-3.5": 0.009681868124635567,
                "-4.0": 0.029191003785372503,
                "-4.5": 0.03289442849276266,
                "-5.0": 0.06948255502305137,
                "-5.5": 0.06948255502292956,
                "-6.0": 0.05634961721415031,
                "-6.5": 0.07393878194551065,
                "-7.0": 0.018641277439204896,
                "-7.5": 0.018641277439206697,
                "-8.0": 0.012391018603519866,
                "-8.5": 0.012391018603519426,
                "-9.0": 0.0013925824034021254
            },
            "Qs_in": 126.34818681155402,
            "Qs_out_bed": 742.2705190662801,
            "Qs_out_wall": 0.01128640095410906,
            "D50": 0.007996503366076001,
            "D84": 0.0644680833998728
        },
        "downstream": {
            "flow_scale": 0.689,
            "elevation": 1570.5468935731376,
            "length": 145,
            "bankfull_width": 12,
            "lwd_factor": null,
            "gsd": {
                "1.0": 0.005,
                "0.0": 0.005,
                "-1.0": 0.005,
                "-2.0": 0.005,
                "-2.5": 0.005,
                "-3.0": 0.01234258798491346,
                "-3.5": 0.08265147325563517,
                "-4.0": 0.11492284216593056,
                "-4.5": 0.09937180047192,
                "-5.0": 0.1965197430117235,
                "-5.5": 0.1965197430117235,
                "-6.0": 0.1965197430117235,
                "-6.5": 0.013056644625394059,
                "-7.0": 0.012618503372547113,
                "-7.5": 0.012619930936011846,
                "-8.0": 0.012621514706697257,
                "-8.5": 0.012617736722890162,
                "-9.0": 0.012617736722889707
            },
            "Qs_in": 742.2818054672342,
            "Qs_out": 0.603551340464074,
            "D50": 0.032222851353729876,
            "D84": 0.06424726743601829
        }
    }
}