{
    "timestep": "2007-04-27 07:00",
    "deposit_mass": 12150000,
    "reaches": {
        "upstream": {
            "flow_scale": 0.658,
            "elevation": 1580.0291852717905,
            "length": 120,
            "bankfull_width": 10.5,
            "lwd_factor": null,
            "gsd": {
                "1.0": 0.8673355985586634,
                "0.0": 0.05266440144133611,
                "-1.0": 0.005,
                "-2.0": 0.005,
                "-2.5": 0.005,
                "-3.0": 0.005,
                "-3.5": 0.005,
                "-4.0": 0.005,
                "-4.5": 0.005,
                "-5.0": 0.005,
                "-5.5": 0.005,
                "-6.0": 0.005,
                "-6.5": 0.005,
                "-7.0": 0.005,
                "-7.5": 0.005,
                "-8.0": 0.005,
                "-8.5": 0.005,
                "-9.0": 0.005
            },
            "Qs_in": 0.016234180037425282,
            "Qs_out": 0.0,
            "D50": 0.0007071067811865476,
            "D84": 0.0014142135623730952
        },
        "deposit_upstream": {
            "flow_scale": 0.659,
            "elevation": 1580.7558935008535,
            "length": 118,
            "width": 3.6333588948878015,
            "bankfull_width": 10.5,
            "lwd_factor": null,
            "gsd_bed": {
                "1.0": 0.0574763892327129,
                "0.0": 0.057476389236277944,
                "-1.0": 0.012521182835019977,
                "-2.0": 0.005005965040057747,
                "-2.5": 0.014327931979732903,
                "-3.0": 0.014135414165913188,
                "-3.5": 0.015090061172686778,
                "-4.0": 0.01964264807889403,
                "-4.5": 0.02351500282870569,
                "-5.0": 0.046600448012452514,
                "-5.5": 0.08219811198081108,
                "-6.0": 0.04978573145599474,
                "-6.5": 0.200000000019115,
                "-7.0": 0.11220154644024524,
                "-7.5": 0.11220154644123137,
                "-8.0": 0.07830678793841958,
                "-8.5": 0.07830678793816646,
                "-9.0": 0.021208055203562795
            },
            "gsd_wall": {
                "1.0": 0.00011003398637491706,
                "0.0": 0.0001100339863165755,
                "-1.0": 2.6352012410759806e-05,
                "-2.0": 5.255457057561437e-05,
                "-2.5": 6.774684139624624e-05,
                "-3.0": 6.100372065428532e-06,
                "-3.5": 0.00010729403581918808,
                "-4.0": 7.459658403177283e-05,
                "-4.5": 5.118381499054302e-05,
                "-5.0": 1.3069621295939307e-05,
                "-5.5": 6.512727598779256e-05,
                "-6.0": 0.09347322055833993,
                "-6.5": 0.37467022822950097,
                "-7.0": 0.15598685104115181,
                "-7.5": 0.15598685104253954,
                "-8.0": 0.10361925846389168,
                "-8.5": 0.10361925846355138,
                "-9.0": 0.011960239099760076
            },
            "Qs_in": 0.0,
            "Qs_out_bed": 0.0,
            "Qs_out_wall": 0.0,
            "D50": 0.08842744251833494,
            "D84": 0.25586722042645077
        },
        "deposit_downstream": {
            "flow_scale": 0.66,
            "elevation": 1576.4181159867778,
            "length": 120,
            "width": 3.06008530063928,
            "bankfull_width": 12,
            "lwd_factor": null,
            "gsd_bed": {
                "1.0": 0.005,
                "0.0": 0.005,
                "-1.0": 0.005,
                "-2.0": 0.012044326175492196,
                "-2.5": 0.012536651347084678,
                "-3.0": 0.012536651499552692,
                "-3.5": 0.06397549675221889,
                "-4.0": 0.012536651908700408,
                "-4.5": 0.012536651853423291,
                "-5.0": 0.012536651883152873,
                "-5.5": 0.01253665187150777,
                "-6.0": 0.012536651873561613,
                "-6.5": 0.01253665187150777,
                "-7.0": 0.19903718050808236,
                "-7.5": 0.19903718050808236,
                "-8.0": 0.19903718050808236,
                "-8.5": 0.19903718050808236,
                "-9.0": 0.012538240931468242
            },
            "gsd_wall": {
                "1.0": 5.89943203624171e-05,
                "0.0": 5.899432036596426e-05,
                "-1.0": 5.952729734684831e-05,
                "-2.0": 5.952729734408826e-05,
                "-2.5": 0.0001633385802972181,
                "-3.0": 0.00016098556729322424,
                "-3.5": 0.00019491539134955564,
                "-4.0": 0.0001657726633566826,
                "-4.5": 0.00016593416620589615,
                "-5.0": 0.00016153127690698044,
                "-5.5": 0.00016153127680745784,
                "-6.0": 0.0001688493280803606,
                "-6.5": 0.04355449040027144,
                "-7.0": 0.1806195116832151,
                "-7.5": 0.2747082242628602,
                "-8.0": 0.23653830406274856,
                "-8.5": 0.2365383040622364,
                "-9.0": 0.02646126404295153
            },
            "Qs_in": 0.0,
            "Qs_out_bed": 0.000390963896095346,
            "Qs_out_wall": 0.0,
            "D50": 0.1823322040189108,
            "D84": 0.358974595191622
        },
        "downstream": {
            "flow_scale": 0.689,
            "elevation": 1570.8358493446613,
            "length": 145,
            "bankfull_width": 12,
            "lwd_factor": null,
            "gsd": {
                "1.0": 0.005,
                "0.0": 0.005,
                "-1.0": 0.00491348705065866,
                "-2.0": 0.005,
                "-2.5": 0.13898754974723268,
                "-3.0": 0.005,
                "-3.5": 0.005,
                "-4.0": 0.005,
                "-4.5": 0.005,
                "-5.0": 0.005,
                "-5.5": 0.005,
                "-6.0": 0.19902474080052712,
                "-6.5": 0.19902474080052712,
                "-7.0": 0.19902474080052712,
                "-7.5": 0.19902474080052712,
                "-8.0": 0.005,
                "-8.5": 0.005,
                "-9.0": 0.005
            },
            "Qs_in": 0.000390963896095346,
            "Qs_out": 0.0007124384271901547,
            "D50": 0.0912625993797976,
            "D84": 0.17955624083745086
        }
    }
}