{
    "timestep": "2002-04-21 21:00",
    "deposit_mass": 12150000,
    "reaches": {
        "upstream": {
            "flow_scale": 0.658,
            "elevation": 1579.5940072406881,
            "length": 120,
            "bankfull_width": 10.5,
            "lwd_factor": null,
            "gsd": {
                "1.0": 0.9149999999999997,
                "0.0": 0.005,
                "-1.0": 0.005,
                "-2.0": 0.005,
                "-2.5": 0.005,
                "-3.0": 0.005,
                "-3.5": 0.005,
                "-4.0": 0.005,
                "-4.5": 0.005,
                "-5.0": 0.005,
                "-5.5": 0.005,
                "-6.0": 0.005,
                "-6.5": 0.005,
                "-7.0": 0.005,
                "-7.5": 0.005,
                "-8.0": 0.005,
                "-8.5": 0.005,
                "-9.0": 0.005
            },
            "Qs_in": 0.0012487830798019464,
            "Qs_out": 0.0,
            "D50": 0.0007071067811865476,
            "D84": 0.0014142135623730952
        },
        "deposit_upstream": {
            "flow_scale": 0.659,
            "elevation": 1580.9010190090448,
            "length": 118,
            "width": 2.63143388595726,
            "bankfull_width": 10.5,
            "lwd_factor": null,
            "gsd_bed": {
                "1.0": 0.20302705370914323,
                "0.0": 0.20302705370869464,
                "-1.0": 0.0401895377582184,
                "-2.0": 0.009123518381878207,
                "-2.5": 0.009312165430677352,
                "-3.0": 0.00848830862957526,
                "-3.5": 0.011693435888119257,
                "-4.0": 0.0262154350860124,
                "-4.5": 0.03852430416834147,
                "-5.0": 0.08349744478763192,
                "-5.5": 0.08349759154928166,
                "-6.0": 0.08269846337837014,
                "-6.5": 0.10500623518637665,
                "-7.0": 0.027143109678205705,
                "-7.5": 0.02714310967820765,
                "-8.0": 0.018021398490594837,
                "-8.5": 0.01802139849059437,
                "-9.0": 0.005370436000076837
            },
            "gsd_wall": {
                "1.0": 0.13505940602935126,
                "0.0": 0.1350594060285174,
                "-1.0": 0.026676566873630226,
                "-2.0": 0.006040148903588044,
                "-2.5": 0.006171029355961626,
                "-3.0": 0.005648758227289015,
                "-3.5": 0.007795638241971959,
                "-4.0": 0.01742342092932572,
                "-4.5": 0.025618891473697388,
                "-5.0": 0.05528486184403019,
                "-5.5": 0.05528913307480011,
                "-6.0": 0.1346172956594078,
                "-6.5": 0.19897836191618226,
                "-7.0": 0.05591960478850205,
                "-7.5": 0.05591960478851283,
                "-8.0": 0.03714987006264368,
                "-8.5": 0.03714987006264113,
                "-9.0": 0.004198131739947345
            },
            "Qs_in": 0.0,
            "Qs_out_bed": 118.19985543005089,
            "Qs_out_wall": 0.0007193756543547578,
            "D50": 0.015969120946567213,
            "D84": 0.09010381345002924
        },
        "deposit_downstream": {
            "flow_scale": 0.66,
            "elevation": 1576.5915351460096,
            "length": 120,
            "width": 2.3982480001306663,
            "bankfull_width": 12,
            "lwd_factor": null,
            "gsd_bed": {
                "1.0": 0.005,
                "0.0": 0.005,
                "-1.0": 0.02312149741924271,
                "-2.0": 0.005634582082115677,
                "-2.5": 0.007580993073447075,
                "-3.0": 0.007624214620911065,
                "-3.5": 0.009062638008412824,
                "-4.0": 0.018084778741727453,
                "-4.5": 0.025734849015943757,
                "-5.0": 0.0917401212048178,
                "-5.5": 0.19944819372074335,
                "-6.0": 0.08557976454917988,
                "-6.5": 0.08702019490766495,
                "-7.0": 0.0860115861692591,
                "-7.5": 0.08601158616925937,
                "-8.0": 0.08586657653895188,
                "-8.5": 0.08586657653895176,
                "-9.0": 0.08561184723937139
            },
            "gsd_wall": {
                "1.0": 1.962707877857713e-05,
                "0.0": 1.9627078778591046e-05,
                "-1.0": 1.962707877859622e-05,
                "-2.0": 1.9627078778585706e-05,
                "-2.5": 5.868146924273993e-05,
                "-3.0": 3.910475140340354e-05,
                "-3.5": 0.00032139571242843404,
                "-4.0": 7.893264441186535e-05,
                "-4.5": 8.027632615559442e-05,
                "-5.0": 4.364495478034907e-05,
                "-5.5": 4.364495449007702e-05,
                "-6.0": 0.00010453002908354783,
                "-6.5": 0.49407643887300123,
                "-7.0": 0.14844265820496935,
                "-7.5": 0.14844265820499317,
                "-8.0": 0.0985871842096338,
                "-8.5": 0.09858718420962775,
                "-9.0": 0.011015157140664334
            },
            "Qs_in": 118.20057480570524,
            "Qs_out_bed": 204.38408134850363,
            "Qs_out_wall": 0.0,
            "D50": 0.03114049606044502,
            "D84": 0.12828904651981737
        },
        "downstream": {
            "flow_scale": 0.689,
            "elevation": 1570.6609422343276,
            "length": 145,
            "bankfull_width": 12,
            "lwd_factor": null,
            "gsd": {
                "1.0": 0.07225044672210623,
                "0.0": 0.07864250686220159,
                "-1.0": 0.005,
                "-2.0": 0.005,
                "-2.5": 0.010470438878048154,
                "-3.0": 0.010470438878048511,
                "-3.5": 0.010470438878049496,
                "-4.0": 0.01047043887804945,
                "-4.5": 0.12980049573091956,
                "-5.0": 0.1995193895081922,
                "-5.5": 0.060389878982398164,
                "-6.0": 0.05830600360784454,
                "-6.5": 0.05820482292818494,
                "-7.0": 0.0582009400291871,
                "-7.5": 0.058200940029197755,
                "-8.0": 0.05820094002920927,
                "-8.5": 0.05820094002918196,
                "-9.0": 0.05820094002918086
            },
            "Qs_in": 204.38408134850363,
            "Qs_out": 11.495445866620663,
            "D50": 0.0008348296438968603,
            "D84": 0.045569105567877674
        }
    }
}