{
    "timestep": "2008-07-31 11:00",
    "deposit_mass": 12150000,
    "reaches": {
        "upstream": {
            "flow_scale": 0.658,
            "elevation": 1580.2424184668698,
            "length": 120,
            "bankfull_width": 10.5,
            "lwd_factor": null,
            "gsd": {
                "1.0": 0.9150000000004168,
                "0.0": 0.005000000000005368,
                "-1.0": 0.005000000000006526,
                "-2.0": 0.005000000000004192,
                "-2.5": 0.00499999999968999,
                "-3.0": 0.004999999999781137,
                "-3.5": 0.0050000000000358855,
                "-4.0": 0.005000000000025717,
                "-4.5": 0.004999999999992695,
                "-5.0": 0.0050000000000104535,
                "-5.5": 0.005000000000003484,
                "-6.0": 0.0050000000000047055,
                "-6.5": 0.005000000000003484,
                "-7.0": 0.00500000000000377,
                "-7.5": 0.005000000000004235,
                "-8.0": 0.005000000000004403,
                "-8.5": 0.005000000000004235,
                "-9.0": 0.005000000000002939
            },
            "Qs_in": 0.0,
            "Qs_out": 0.0,
            "D50": 0.0007071067811865476,
            "D84": 0.0014142135623730952
        },
        "deposit_upstream": {
            "flow_scale": 0.659,
            "elevation": 1580.77246998762,
            "length": 118,
            "width": 3.770488553014202,
            "bankfull_width": 10.5,
            "lwd_factor": null,
            "gsd_bed": {
                "1.0": 0.050860376981528115,
                "0.0": 0.05086037698580918,
                "-1.0": 0.011079890156021305,
                "-2.0": 0.004429736670937267,
                "-2.5": 0.01267866737390701,
                "-3.0": 0.012508309976308349,
                "-3.5": 0.013353069165713147,
                "-4.0": 0.01738161531074752,
                "-4.5": 0.0208082296955352,
                "-5.0": 0.041236347410097504,
                "-5.5": 0.07273642306131897,
                "-6.0": 0.05479929726149158,
                "-6.5": 0.22008663618071905,
                "-7.0": 0.11730260099258168,
                "-7.5": 0.11730260099380571,
                "-8.0": 0.08121659689091211,
                "-8.5": 0.08121659689059735,
                "-9.0": 0.02014262800196892
            },
            "gsd_wall": {
                "1.0": 0.00011294403601413279,
                "0.0": 0.0001129440359567481,
                "-1.0": 2.704893948598236e-05,
                "-2.0": 5.3944472134783144e-05,
                "-2.5": 6.953853013412963e-05,
                "-3.0": 6.261707531103445e-06,
                "-3.5": 0.00011013162249073679,
                "-4.0": 7.656942688716279e-05,
                "-4.5": 5.253746441155043e-05,
                "-5.0": 1.3415271290787826e-05,
                "-5.5": 6.68496856931869e-05,
                "-6.0": 0.08591830080740907,
                "-6.5": 0.34479422992319375,
                "-7.0": 0.166848710091997,
                "-7.5": 0.1668487100939649,
                "-8.0": 0.11122675069534302,
                "-8.5": 0.11122675069486451,
                "-9.0": 0.012434362501197348
            },
            "Qs_in": 0.0,
            "Qs_out_bed": 0.0,
            "Qs_out_wall": 0.0,
            "D50": 0.0889004495732702,
            "D84": 0.25610898247610164
        },
        "deposit_downstream": {
            "flow_scale": 0.66,
            "elevation": 1576.4101230287529,
            "length": 120,
            "width": 3.110990880490438,
            "bankfull_width": 12,
            "lwd_factor": null,
            "gsd_bed": {
                "1.0": 0.004750125565042296,
                "0.0": 0.004772727272601974,
                "-1.0": 0.0047727272726025205,
                "-2.0": 0.0047727272726014024,
                "-2.5": 0.004772727272450251,
                "-3.0": 0.004772727272494102,
                "-3.5": 0.004772727272616655,
                "-4.0": 0.004772727272611764,
                "-4.5": 0.004772727272595876,
                "-5.0": 0.004772727272604417,
                "-5.5": 0.004772727272601069,
                "-6.0": 0.004772727272601665,
                "-6.5": 0.004772727272601069,
                "-7.0": 0.19952315635503184,
                "-7.5": 0.19952315635859,
                "-8.0": 0.19952315635751985,
                "-8.5": 0.19952315635751633,
                "-9.0": 0.13988452173531682
            },
            "gsd_wall": {
                "1.0": 0.0005113996063162376,
                "0.0": 0.0005113996063201607,
                "-1.0": 0.0005113996063216508,
                "-2.0": 0.000511399606318675,
                "-2.5": 0.0005113996059179965,
                "-3.0": 0.0005113996060342315,
                "-3.5": 0.0005113996063590872,
                "-4.0": 0.0005113996063461373,
                "-4.5": 0.0005113996063039995,
                "-5.0": 0.000511399606326655,
                "-5.5": 0.0005113996063177767,
                "-6.0": 0.00051139960631935,
                "-6.5": 0.0017195501798890592,
                "-7.0": 0.16149545908723628,
                "-7.5": 0.29516052826089945,
                "-8.0": 0.2517919825635331,
                "-8.5": 0.25179198256275265,
                "-9.0": 0.03190370207048747
            },
            "Qs_in": 0.0,
            "Qs_out_bed": 0.0,
            "Qs_out_wall": 0.0,
            "D50": 0.2516711968455897,
            "D84": 0.37750679526838454
        },
        "downstream": {
            "flow_scale": 0.689,
            "elevation": 1570.8372234386513,
            "length": 145,
            "bankfull_width": 12,
            "lwd_factor": null,
            "gsd": {
                "1.0": 0.007322901245845657,
                "0.0": 0.007322924190891607,
                "-1.0": 0.006277615328320775,
                "-2.0": 0.005022127533018782,
                "-2.5": 0.08376011310423519,
                "-3.0": 0.005022127532691563,
                "-3.5": 0.05132245235469601,
                "-4.0": 0.00502212753305037,
                "-4.5": 0.005022127533001912,
                "-5.0": 0.005022127533027985,
                "-5.5": 0.005022127533017753,
                "-6.0": 0.19969871149483034,
                "-6.5": 0.19969871149475057,
                "-7.0": 0.19969871149476837,
                "-7.5": 0.1996987114947985,
                "-8.0": 0.005022127533019079,
                "-8.5": 0.00502212753301885,
                "-9.0": 0.005022127533016923
            },
            "Qs_in": 0.0,
            "Qs_out": 8.390650220032148e-05,
            "D50": 0.091306659746703,
            "D84": 0.17958696988596762
        }
    }
}