{
    "timestep": "2012-05-21 03:00",
    "deposit_mass": 12150000,
    "reaches": {
        "upstream": {
            "flow_scale": 0.658,
            "elevation": 1580.9548119719202,
            "length": 120,
            "bankfull_width": 10.5,
            "lwd_factor": null,
            "gsd": {
                "1.0": 0.6655182062808157,
                "0.0": 0.18806905626739706,
                "-1.0": 0.05428403020112802,
                "-2.0": 0.015840125752507202,
                "-2.5": 0.011288581498152487,
                "-3.0": 0.005,
                "-3.5": 0.005,
                "-4.0": 0.005,
                "-4.5": 0.005,
                "-5.0": 0.005,
                "-5.5": 0.005,
                "-6.0": 0.005,
                "-6.5": 0.005,
                "-7.0": 0.005,
                "-7.5": 0.005,
                "-8.0": 0.005,
                "-8.5": 0.005,
                "-9.0": 0.005
            },
            "Qs_in": 20.737923047020516,
            "Qs_out": 0.0,
            "D50": 0.0007071067811865476,
            "D84": 0.0010464213231125333
        },
        "deposit_upstream": {
            "flow_scale": 0.659,
            "elevation": 1580.7676347243832,
            "length": 118,
            "width": 3.770488553014202,
            "bankfull_width": 10.5,
            "lwd_factor": null,
            "gsd_bed": {
                "1.0": 0.05082719912660305,
                "0.0": 0.050827199133131884,
                "-1.0": 0.011046426679904048,
                "-2.0": 0.004999999983673792,
                "-2.5": 0.014190764789076679,
                "-3.0": 0.014020406187237888,
                "-3.5": 0.014865171493111031,
                "-4.0": 0.018893746562115617,
                "-4.5": 0.022320385540453114,
                "-5.0": 0.04274864993591988,
                "-5.5": 0.07424895175237463,
                "-6.0": 0.056300590481455776,
                "-6.5": 0.19996645698588658,
                "-7.0": 0.11881544966777233,
                "-7.5": 0.11881544966980118,
                "-8.0": 0.08272918647042256,
                "-8.5": 0.08272918646990463,
                "-9.0": 0.021654779071155466
            },
            "gsd_wall": {
                "1.0": 0.0001105818785034633,
                "0.0": 0.00011058187845217235,
                "-1.0": 2.6483226964677863e-05,
                "-2.0": 5.281625550338243e-05,
                "-2.5": 6.808417272326394e-05,
                "-3.0": 6.1307476132579015e-06,
                "-3.5": 0.00010782828499261379,
                "-4.0": 7.496802277292461e-05,
                "-4.5": 5.143867450343739e-05,
                "-5.0": 1.3134698851717857e-05,
                "-5.5": 6.545156417575019e-05,
                "-6.0": 0.08588836060716293,
                "-6.5": 0.3447621864605088,
                "-7.0": 0.16687648770293065,
                "-7.5": 0.16687648770597474,
                "-8.0": 0.11123667824219521,
                "-8.5": 0.11123667824145561,
                "-9.0": 0.012435621634715361
            },
            "Qs_in": 0.0,
            "Qs_out_bed": 0.0,
            "Qs_out_wall": 0.0,
            "D50": 0.08913257604489028,
            "D84": 0.2563131188227505
        },
        "deposit_downstream": {
            "flow_scale": 0.66,
            "elevation": 1576.4040977000807,
            "length": 120,
            "width": 3.2173795208399545,
            "bankfull_width": 12,
            "lwd_factor": null,
            "gsd_bed": {
                "1.0": 0.005,
                "0.0": 0.005,
                "-1.0": 0.005,
                "-2.0": 0.005,
                "-2.5": 0.005,
                "-3.0": 0.005,
                "-3.5": 0.005,
                "-4.0": 0.006681435794299069,
                "-4.5": 0.025814444960038107,
                "-5.0": 0.026250375210575747,
                "-5.5": 0.025230431570140176,
                "-6.0": 0.025230431670180326,
                "-6.5": 0.025230431570140176,
                "-7.0": 0.19731702806303844,
                "-7.5": 0.19731702806303844,
                "-8.0": 0.19731702806303844,
                "-8.5": 0.19731702806303844,
                "-9.0": 0.041294336972472555
            },
            "gsd_wall": {
                "1.0": 0.0004963150258221313,
                "0.0": 0.0004963150258233783,
                "-1.0": 0.0004963150258238489,
                "-2.0": 0.0004963150258229098,
                "-2.5": 0.0006638275338836234,
                "-3.0": 0.0006638275344364819,
                "-3.5": 0.0006638275359816935,
                "-4.0": 0.0006638275359200417,
                "-4.5": 0.0006638275357196636,
                "-5.0": 0.0006638275358274279,
                "-5.5": 0.0006638275357851653,
                "-6.0": 0.0006638275357926694,
                "-6.5": 0.0010281066694664315,
                "-7.0": 0.1412683329576236,
                "-7.5": 0.2999247341123887,
                "-8.0": 0.2605764685078449,
                "-8.5": 0.2605764685065433,
                "-9.0": 0.029330008859493994
            },
            "Qs_in": 0.0,
            "Qs_out_bed": 0.08508450028854557,
            "Qs_out_wall": 1.5367452027046472e-07,
            "D50": 0.18400337729578822,
            "D84": 0.36096590525909067
        },
        "downstream": {
            "flow_scale": 0.689,
            "elevation": 1570.8284351641912,
            "length": 145,
            "bankfull_width": 12,
            "lwd_factor": null,
            "gsd": {
                "1.0": 0.005,
                "0.0": 0.005,
                "-1.0": 0.005,
                "-2.0": 0.005,
                "-2.5": 0.005,
                "-3.0": 0.005,
                "-3.5": 0.016819423213757553,
                "-4.0": 0.0165839238081862,
                "-4.5": 0.01532333298517488,
                "-5.0": 0.015324723538685898,
                "-5.5": 0.07189111631974995,
                "-6.0": 0.19704556191708938,
                "-6.5": 0.19704556191708905,
                "-7.0": 0.19704556191708913,
                "-7.5": 0.19704556191708927,
                "-8.0": 0.015291744155377278,
                "-8.5": 0.015291744155372761,
                "-9.0": 0.01529174415533875
            },
            "Qs_in": 0.08508465396306585,
            "Qs_out": 0.3426371717526978,
            "D50": 0.09208843338080991,
            "D84": 0.18073265690783366
        }
    }
}