{
    "timestep": "2002-04-05 04:00",
    "deposit_mass": 12150000,
    "reaches": {
        "upstream": {
            "flow_scale": 0.658,
            "elevation": 1579.594,
            "length": 120,
            "bankfull_width": 10.5,
            "lwd_factor": null,
            "gsd": {
                "1.0": 0.00300963081862094,
                "0.0": 0.003009630818622288,
                "-1.0": 0.003009630818622788,
                "-2.0": 0.005016051364369638,
                "-2.5": 0.010032102728281193,
                "-3.0": 0.015850722310894228,
                "-3.5": 0.03260433386855276,
                "-4.0": 0.046649277688783554,
                "-4.5": 0.07574237560185476,
                "-5.0": 0.10493579454270809,
                "-5.5": 0.13794141252015088,
                "-6.0": 0.1525882825041362,
                "-6.5": 0.13904494382031188,
                "-7.0": 0.12479935794550859,
                "-7.5": 0.07734751203858041,
                "-8.0": 0.04203451043341889,
                "-8.5": 0.018358747993592966,
                "-9.0": 0.008025682182989944
            },
            "Qs_in": 0.0,
            "Qs_out": 0.0,
            "D50": 0.06363388215270928,
            "D84": 0.12960481742790347
        },
        "deposit_upstream": {
            "flow_scale": 0.659,
            "elevation": 1581.080179575275,
            "length": 118,
            "width": 1.000253461261582,
            "bankfull_width": 10.5,
            "lwd_factor": null,
            "gsd_bed": {
                "1.0": 0.337143937126543,
                "0.0": 0.3371439371265311,
                "-1.0": 0.06653883297235806,
                "-2.0": 0.014228910738213297,
                "-2.5": 0.014325245770003405,
                "-3.0": 0.012591215198686402,
                "-3.5": 0.013511219223780747,
                "-4.0": 0.0179013085658106,
                "-4.5": 0.017901308565809716,
                "-5.0": 0.0378267817500603,
                "-5.5": 0.03782678175005988,
                "-6.0": 0.030592503583560582,
                "-6.5": 0.030592503583554986,
                "-7.0": 0.007314251469351355,
                "-7.5": 0.007314251469351843,
                "-8.0": 0.005749003702108728,
                "-8.5": 0.005749003702108582,
                "-9.0": 0.0057490037021074745
            },
            "gsd_wall": {
                "1.0": 0.3498986410771393,
                "0.0": 0.3498986410772949,
                "-1.0": 0.06905592135770429,
                "-2.0": 0.014766994049842762,
                "-2.5": 0.014866973657475125,
                "-3.0": 0.01306734070829573,
                "-3.5": 0.013181611424919495,
                "-4.0": 0.015772801129677987,
                "-4.5": 0.015772801129603362,
                "-5.0": 0.033329305086470765,
                "-5.5": 0.03332930508643759,
                "-6.0": 0.027047099738189407,
                "-6.5": 0.027047099738184577,
                "-7.0": 0.006749239200518709,
                "-7.5": 0.00674923920051916,
                "-8.0": 0.004482778488309274,
                "-8.5": 0.004482778488309173,
                "-9.0": 0.0005014293611083131
            },
            "Qs_in": 0.0,
            "Qs_out_bed": 48.068739673856626,
            "Qs_out_wall": 1.1014660548001534,
            "D50": 0.0008547294561035769,
            "D84": 0.031867644196420866
        },
        "deposit_downstream": {
            "flow_scale": 0.66,
            "elevation": 1576.6298420685669,
            "length": 120,
            "width": 1.0004463930577785,
            "bankfull_width": 12,
            "lwd_factor": null,
            "gsd_bed": {
                "1.0": 0.304716116485624,
                "0.0": 0.3047161164855726,
                "-1.0": 0.060139397893289426,
                "-2.0": 0.012860950689446489,
                "-2.5": 0.012948019653213636,
                "-3.0": 0.011380778309355296,
                "-3.5": 0.011467847272738413,
                "-4.0": 0.024648140147368002,
                "-4.5": 0.024648140147366864,
                "-5.0": 0.052082696563062934,
                "-5.5": 0.05208269656306242,
                "-6.0": 0.0422331897220395,
                "-6.5": 0.04215401235982064,
                "-7.0": 0.010078450951219757,
                "-7.5": 0.010078450951220444,
                "-8.0": 0.007921665268533828,
                "-8.5": 0.007921665268533622,
                "-9.0": 0.007921665268532134
            },
            "gsd_wall": {
                "1.0": 0.3486018205611092,
                "0.0": 0.34860182056125877,
                "-1.0": 0.06880002058507556,
                "-2.0": 0.014712310586103778,
                "-2.5": 0.014811919627810831,
                "-3.0": 0.013018956865658472,
                "-3.5": 0.01311856590847621,
                "-4.0": 0.016020465021340066,
                "-4.5": 0.016020465021266785,
                "-5.0": 0.033852585465358395,
                "-5.5": 0.033852585465325685,
                "-6.0": 0.02745052852509189,
                "-6.5": 0.027655718229218546,
                "-7.0": 0.00690111174203366,
                "-7.5": 0.0069011117420341205,
                "-8.0": 0.004583650740994543,
                "-8.5": 0.0045836507409944376,
                "-9.0": 0.0005127126108493954
            },
            "Qs_in": 49.17020572865678,
            "Qs_out_bed": 220.12947168044485,
            "Qs_out_wall": 1.4767643777061559,
            "D50": 0.0008842625742413155,
            "D84": 0.04519674021266236
        },
        "downstream": {
            "flow_scale": 0.689,
            "elevation": 1570.5130673631984,
            "length": 145,
            "bankfull_width": 12,
            "lwd_factor": null,
            "gsd": {
                "1.0": 0.005,
                "0.0": 0.005,
                "-1.0": 0.005,
                "-2.0": 0.005,
                "-2.5": 0.037513911731916136,
                "-3.0": 0.0551242272864477,
                "-3.5": 0.19340139229135375,
                "-4.0": 0.082492368731013,
                "-4.5": 0.08504936772890553,
                "-5.0": 0.18730635908754545,
                "-5.5": 0.1873063590875397,
                "-6.0": 0.09123734501946251,
                "-6.5": 0.010019795565134928,
                "-7.0": 0.010091087057241523,
                "-7.5": 0.010136994620698657,
                "-8.0": 0.010187925493506595,
                "-8.5": 0.01006643314961757,
                "-9.0": 0.010066433149616891
            },
            "Qs_in": 221.606236058151,
            "Qs_out": 0.3964520712080361,
            "D50": 0.030877393261117388,
            "D84": 0.04631608989167607
        }
    }
}