{
    "timestep": "2015-04-16 00:00",
    "deposit_mass": "",
    "reaches": {
        "upstream": {
            "flow_scale": 0.6,
            "elevation": 1500.6913321739821,
            "length": 150,
            "bankfull_width": 10.5,
            "lwd_factor": null,
            "gsd": {
                "1.0": 7.202770973003748e-09,
                "0.0": 7.202770973003748e-09,
                "-1.0": 0.18647858020038488,
                "-2.0": 0.12136393756748885,
                "-2.5": 0.19274925870514123,
                "-3.0": 0.17988487717936075,
                "-3.5": 0.13121035920779653,
                "-4.0": 0.10042278807305721,
                "-4.5": 0.05721114377155985,
                "-5.0": 0.024107627442749472,
                "-5.5": 0.006388203628123449,
                "-6.0": 0.00014520079637157449,
                "-6.5": 1.191338318934818e-05,
                "-7.0": 1.1560447411670983e-05,
                "-7.5": 7.822209276682054e-06,
                "-8.0": 4.15599885142315e-06,
                "-8.5": 1.8799232239539752e-06,
                "-9.0": 6.770604714623505e-07
            },
            "Qs_in": 0.0,
            "Qs_out": 0.0,
            "D50": 0.005792536855633995,
            "D84": 0.01598697005798465
        },
        "deposit_upstream": {
            "flow_scale": 0.61,
            "elevation": 1501.71499605645,
            "length": 200,
            "width": 6.0,
            "bankfull_width": 11,
            "lwd_factor": null,
            "gsd_bed": {
                "1.0": 0.0,
                "0.0": 0.0,
                "-1.0": 0.0,
                "-2.0": 0.0005591326690845939,
                "-2.5": 3.99043211735873e-05,
                "-3.0": 0.0001528620778742647,
                "-3.5": 0.000266397247994827,
                "-4.0": 0.0005896259088952171,
                "-4.5": 0.0008493919792663579,
                "-5.0": 0.0006091368178808171,
                "-5.5": 0.08029145128054761,
                "-6.0": 0.11316845222272175,
                "-6.5": 0.1566689738775031,
                "-7.0": 0.17277199474713942,
                "-7.5": 0.16896989259736417,
                "-8.0": 0.1394476876696976,
                "-8.5": 0.09303967613567636,
                "-9.0": 0.07257542044718028
            },
            "gsd_wall": {
                "1.0": 0.0,
                "0.0": 0.0,
                "-1.0": 0.0,
                "-2.0": 0.0005,
                "-2.5": 0.0014,
                "-3.0": 0.004,
                "-3.5": 0.0075,
                "-4.0": 0.0166,
                "-4.5": 0.0298,
                "-5.0": 0.0487,
                "-5.5": 0.0718,
                "-6.0": 0.1012,
                "-6.5": 0.1401,
                "-7.0": 0.1545,
                "-7.5": 0.1511,
                "-8.0": 0.1247,
                "-8.5": 0.0832,
                "-9.0": 0.0649
            },
            "Qs_in": 0.0,
            "Qs_out_bed": 0.0,
            "Qs_out_wall": 0.0,
            "D50": 0.13081463604768867,
            "D84": 0.3609401672823774
        },
        "deposit_downstream": {
            "flow_scale": 0.61,
            "elevation": 1496.9647271479257,
            "length": 200,
            "width": 6.0,
            "bankfull_width": 11,
            "lwd_factor": null,
            "gsd_bed": {
                "1.0": 0.0,
                "0.0": 0.0,
                "-1.0": 0.0,
                "-2.0": 0.00025900222011927484,
                "-2.5": 2.830623462017653e-16,
                "-3.0": 1.0007765224892125e-16,
                "-3.5": 3.538279327522066e-17,
                "-4.0": 1.2509706531115156e-17,
                "-4.5": 4.4228491594025825e-18,
                "-5.0": 0.0,
                "-5.5": 0.0,
                "-6.0": 0.05242204935214122,
                "-6.5": 0.07257242207742079,
                "-7.0": 0.08003168601685594,
                "-7.5": 0.2832776890171884,
                "-8.0": 0.23378377114787152,
                "-8.5": 0.15598083207299845,
                "-9.0": 0.12167254809540388
            },
            "gsd_wall": {
                "1.0": 0.0,
                "0.0": 0.0,
                "-1.0": 0.0,
                "-2.0": 0.0005,
                "-2.5": 0.0014,
                "-3.0": 0.004,
                "-3.5": 0.0075,
                "-4.0": 0.0166,
                "-4.5": 0.0298,
                "-5.0": 0.0487,
                "-5.5": 0.0718,
                "-6.0": 0.1012,
                "-6.5": 0.1401,
                "-7.0": 0.1545,
                "-7.5": 0.1511,
                "-8.0": 0.1247,
                "-8.5": 0.0832,
                "-9.0": 0.0649
            },
            "Qs_in": 0.0,
            "Qs_out_bed": 0.0,
            "Qs_out_wall": 0.0,
            "D50": 0.250800493571342,
            "D84": 0.3762007403570132
        },
        "downstream": {
            "flow_scale": 0.615,
            "elevation": 1488.2148019991532,
            "length": 200,
            "bankfull_width": 11,
            "lwd_factor": null,
            "gsd": {
                "1.0": 0.0,
                "0.0": 2.925487873844979e-05,
                "-1.0": 8.17837865673345e-05,
                "-2.0": 5.8942318238265024e-05,
                "-2.5": 0.00020401830341708788,
                "-3.0": 0.0001399432736350945,
                "-3.5": 0.0010035517844938534,
                "-4.0": 0.001940270496272393,
                "-4.5": 0.0028520867174666293,
                "-5.0": 0.0030486373503912645,
                "-5.5": 0.01958788405282776,
                "-6.0": 0.002871560120050149,
                "-6.5": 0.31795722600402954,
                "-7.0": 0.27442494824126795,
                "-7.5": 0.2030854659780459,
                "-8.0": 0.1069661328610743,
                "-8.5": 0.04538968508301436,
                "-9.0": 0.02035860875046968
            },
            "Qs_in": 0.0,
            "Qs_out": 0.0,
            "D50": 0.13099300295844613,
            "D84": 0.25671998055576917
        }
    },
    "sed_masses": {
        "upstream": {
            "1.0": 7.206828845719992e-07,
            "0.0": 5.765463076575994e-06,
            "-1.0": 252.69504975636568,
            "-2.0": 1315.2327135813698,
            "-2.5": 5990.520951004804,
            "-3.0": 15946.522493722015,
            "-3.5": 33373.88791477173,
            "-4.0": 73274.43965654024,
            "-4.5": 121772.39707816111,
            "-5.0": 142483.99796216682,
            "-5.5": 107051.22591141636,
            "-6.0": 26991.759981621024,
            "-6.5": 7070.573086704099,
            "-7.0": 19406.13913725783,
            "-7.5": 37139.74545180479,
            "-8.0": 55812.297979802046,
            "-8.5": 71406.8034100999,
            "-9.0": 72739.77137055647
        },
        "downstream": {
            "1.0": 0.0,
            "0.0": 4.885022228550476e-06,
            "-1.0": 0.00011724053348521149,
            "-2.0": 0.004064338494154001,
            "-2.5": 0.02299137048203052,
            "-3.0": 0.14506562009903495,
            "-3.5": 0.9196548192812208,
            "-4.0": 5.102308017276406,
            "-4.5": 25.976711510774177,
            "-5.0": 119.41401665531602,
            "-5.5": 510.7055439503838,
            "-6.0": 1952.8833822987344,
            "-6.5": 6650.038146758189,
            "-7.0": 16063.586326265786,
            "-7.5": 35264.036708517284,
            "-8.0": 52534.48385273655,
            "-8.5": 63052.213539633216,
            "-9.0": 79990.10333895615
        },
        "deposit_upstream": {
            "1.0": 0.0,
            "0.0": 0.0,
            "-1.0": 0.0,
            "-2.0": 0.031656665759497646,
            "-2.5": 0.250708001916924,
            "-3.0": 2.0260266086078493,
            "-3.5": 10.74462865358245,
            "-4.0": 67.26408340578057,
            "-4.5": 341.5359294685408,
            "-5.0": 1578.679933427236,