{
    "timestep": "2010-04-03 02:00",
    "deposit_mass": "",
    "reaches": {
        "upstream": {
            "flow_scale": 0.6,
            "elevation": 1500.465,
            "length": 150,
            "bankfull_width": 10.5,
            "lwd_factor": null,
            "gsd": {
                "1.0": 0.0001,
                "0.0": 0.0001,
                "-1.0": 0.0004,
                "-2.0": 0.0012,
                "-2.5": 0.004,
                "-3.0": 0.0083,
                "-3.5": 0.0149,
                "-4.0": 0.0305,
                "-4.5": 0.0549,
                "-5.0": 0.0859,
                "-5.5": 0.1226,
                "-6.0": 0.1494,
                "-6.5": 0.1654,
                "-7.0": 0.1605,
                "-7.5": 0.1086,
                "-8.0": 0.0577,
                "-8.5": 0.0261,
                "-9.0": 0.0094
            },
            "Qs_in": 0.0,
            "Qs_out": 0.0,
            "D50": 0.08881072713969106,
            "D84": 0.18167530485424413
        },
        "deposit_upstream": {
            "flow_scale": 0.61,
            "elevation": 1501.715,
            "length": 200,
            "width": 6.0,
            "bankfull_width": 11,
            "lwd_factor": null,
            "gsd_bed": {
                "1.0": 0.0,
                "0.0": 0.0,
                "-1.0": 0.0,
                "-2.0": 0.0005,
                "-2.5": 0.0014,
                "-3.0": 0.004,
                "-3.5": 0.0075,
                "-4.0": 0.0166,
                "-4.5": 0.0298,
                "-5.0": 0.0487,
                "-5.5": 0.0718,
                "-6.0": 0.1012,
                "-6.5": 0.1401,
                "-7.0": 0.1545,
                "-7.5": 0.1511,
                "-8.0": 0.1247,
                "-8.5": 0.0832,
                "-9.0": 0.0649
            },
            "gsd_wall": {
                "1.0": 0.0,
                "0.0": 0.0,
                "-1.0": 0.0,
                "-2.0": 0.0005,
                "-2.5": 0.0014,
                "-3.0": 0.004,
                "-3.5": 0.0075,
                "-4.0": 0.0166,
                "-4.5": 0.0298,
                "-5.0": 0.0487,
                "-5.5": 0.0718,
                "-6.0": 0.1012,
                "-6.5": 0.1401,
                "-7.0": 0.1545,
                "-7.5": 0.1511,
                "-8.0": 0.1247,
                "-8.5": 0.0832,
                "-9.0": 0.0649
            },
            "Qs_in": 0.0,
            "Qs_out_bed": 0.0,
            "Qs_out_wall": 0.0,
            "D50": 0.1279478050775954,
            "D84": 0.25972490210481197
        },
        "deposit_downstream": {
            "flow_scale": 0.61,
            "elevation": 1496.965,
            "length": 200,
            "width": 6.0,
            "bankfull_width": 11,
            "lwd_factor": null,
            "gsd_bed": {
                "1.0": 0.0,
                "0.0": 0.0,
                "-1.0": 0.0,
                "-2.0": 0.0005,
                "-2.5": 0.0014,
                "-3.0": 0.004,
                "-3.5": 0.0075,
                "-4.0": 0.0166,
                "-4.5": 0.0298,
                "-5.0": 0.0487,
                "-5.5": 0.0718,
                "-6.0": 0.1012,
                "-6.5": 0.1401,
                "-7.0": 0.1545,
                "-7.5": 0.1511,
                "-8.0": 0.1247,
                "-8.5": 0.0832,
                "-9.0": 0.0649
            },
            "gsd_wall": {
                "1.0": 0.0,
                "0.0": 0.0,
                "-1.0": 0.0,
                "-2.0": 0.0005,
                "-2.5": 0.0014,
                "-3.0": 0.004,
                "-3.5": 0.0075,
                "-4.0": 0.0166,
                "-4.5": 0.0298,
                "-5.0": 0.0487,
                "-5.5": 0.0718,
                "-6.0": 0.1012,
                "-6.5": 0.1401,
                "-7.0": 0.1545,
                "-7.5": 0.1511,
                "-8.0": 0.1247,
                "-8.5": 0.0832,
                "-9.0": 0.0649
            },
            "Qs_in": 0.0,
            "Qs_out_bed": 0.0,
            "Qs_out_wall": 0.0,
            "D50": 0.1279478050775954,
            "D84": 0.25972490210481197
        },
        "downstream": {
            "flow_scale": 0.615,
            "elevation": 1488.215,
            "length": 200,
            "bankfull_width": 11,
            "lwd_factor": null,
            "gsd": {
                "1.0": 0.0,
                "0.0": 0.0001,
                "-1.0": 0.0003,
                "-2.0": 0.0013,
                "-2.5": 0.0026,
                "-3.0": 0.0058,
                "-3.5": 0.013,
                "-4.0": 0.0255,
                "-4.5": 0.0459,
                "-5.0": 0.0746,
                "-5.5": 0.1128,
                "-6.0": 0.1525,
                "-6.5": 0.1836,
                "-7.0": 0.1568,
                "-7.5": 0.1217,
                "-8.0": 0.0641,
                "-8.5": 0.0272,
                "-9.0": 0.0122
            },
            "Qs_in": 0.0,
            "Qs_out": 0.0,
            "D50": 0.0894172156784006,
            "D84": 0.18199501323241238
        }
    },
    "sed_masses": {
        "upstream": {
            "1.0": 7.03318947137806e-07,
            "0.0": 5.626551577102448e-06,
            "-1.0": 0.00018004965046727834,
            "-2.0": 0.00432119161121468,
            "-2.5": 0.04074058521461766,
            "-3.0": 0.23910593582054568,
            "-3.5": 1.2140694393956066,
            "-4.0": 7.029138354242548,
            "-4.5": 35.78653005252016,
            "-5.0": 158.37455334542557,
            "-5.5": 639.3338556559522,
            "-6.0": 2203.600304522149,
            "-6.5": 6900.21662156571,
            "-7.0": 18938.572898302806,
            "-7.5": 36244.910524886865,
            "-8.0": 54467.57165019673,
            "-8.5": 69686.3473075173,
            "-9.0": 70987.1991004297
        },
        "downstream": {
            "1.0": 0.0,
            "0.0": 5.5065119823974806e-06,
            "-1.0": 0.00013215628757753955,
            "-2.0": 0.004581417969354706,
            "-2.5": 0.025916413708644934,
            "-3.0": 0.16352137982927561,
            "-3.5": 1.036656548345797,
            "-4.0": 5.751441635374523,
            "-4.5": 29.281560350198212,
            "-5.0": 134.60628894084374,
            "-5.5": 575.6793041398444,
            "-6.0": 2201.336092598249,
            "-6.5": 7496.079449650742,
            "-7.0": 18107.252423313068,
            "-7.5": 39750.45180925906,
            "-8.0": 59218.106139508556,
            "-8.5": 71073.9384855774,
            "-9.0": 90166.72635282428
        },
        "deposit_upstream": {
            "1.0": 0.0,
            "0.0": 0.0,
            "-1.0": 0.0,
            "-2.0": 0.03181571731868426,
            "-2.5": 0.2519676260007864,
            "-3.0": 2.0362059083957926,
            "-3.5": 10.798612542890844,
            "-4.0": 67.60203615874028,
            "-4.5": 343.2518973633569,
            "-5.0": 1586.6116438220013,
            "-5.5": 6616.237914278931,
            "-6.0": 26376.19685499573,
            "-6.5": 103279.65813821489,
            "-7.0": 322144.0643554815,
            "-7.5": 891109.5700033846,
            "-8.0": 2080070.6705568174,
            "-8.5": 3925364.1945350943,
            "-9.0": 8660566.89777947
        },
        "deposit_downstream": {
            "1.0": 0.0,
            "0.0": 0.0,
            "-1.0": 0.0,
            "-2.0": 0.03427670773957984,
            "-2.5": 0.2714576757693509,
            "-3.0": 2.1937092953331097,
            "-3.5": 11.633900390115038,
            "-4.0": 72.83114860505925,
            "-4.5": 369.80291373379,
            "-5.0": 1709.338282923559,
            "-5.5": 7128.013209687549,
            "-6.0": 28416.432728026968,
            "-6.5": 111268.48475512263,
            "-7.0": 347062.3601960607,
            "-7.5": 960038.1468379176,
            "-8.0": 2240967.0584568935,