{
    "timestep": "2013-05-21 16:00",
    "deposit_mass": "",
    "reaches": {
        "upstream": {
            "flow_scale": 0.6,
            "elevation": 1500.594029247109,
            "length": 150,
            "bankfull_width": 10.5,
            "lwd_factor": null,
            "gsd": {
                "1.0": 2.1225298146908344e-08,
                "0.0": 2.1225298146908344e-08,
                "-1.0": 0.2069614683656318,
                "-2.0": 0.125195811822446,
                "-2.5": 0.19776625406241186,
                "-3.0": 0.17930242999802562,
                "-3.5": 0.12528120054274117,
                "-4.0": 0.0917095151203039,
                "-4.5": 0.050589766460625206,
                "-5.0": 0.018496628715229484,
                "-5.5": 0.00415699537659282,
                "-6.0": 0.0004278811870745832,
                "-6.5": 3.5106643134986346e-05,
                "-7.0": 3.4066603525787847e-05,
                "-7.5": 2.3050673787542407e-05,
                "-8.0": 1.2246997030766086e-05,
                "-8.5": 5.5398028163430635e-06,
                "-9.0": 1.9951780258093796e-06
            },
            "Qs_in": 0.0,
            "Qs_out": 0.0,
            "D50": 0.005732328053044275,
            "D84": 0.01593073245134133
        },
        "deposit_upstream": {
            "flow_scale": 0.61,
            "elevation": 1501.71499605645,
            "length": 200,
            "width": 6.0,
            "bankfull_width": 11,
            "lwd_factor": null,
            "gsd_bed": {
                "1.0": 0.0,
                "0.0": 0.0,
                "-1.0": 0.0,
                "-2.0": 0.0005591326690845939,
                "-2.5": 3.99043211735873e-05,
                "-3.0": 0.0001528620778742647,
                "-3.5": 0.000266397247994827,
                "-4.0": 0.0005896259088952171,
                "-4.5": 0.0008493919792663579,
                "-5.0": 0.0006091368178808171,
                "-5.5": 0.08029145128054761,
                "-6.0": 0.11316845222272175,
                "-6.5": 0.1566689738775031,
                "-7.0": 0.17277199474713942,
                "-7.5": 0.16896989259736417,
                "-8.0": 0.1394476876696976,
                "-8.5": 0.09303967613567636,
                "-9.0": 0.07257542044718028
            },
            "gsd_wall": {
                "1.0": 0.0,
                "0.0": 0.0,
                "-1.0": 0.0,
                "-2.0": 0.0005,
                "-2.5": 0.0014,
                "-3.0": 0.004,
                "-3.5": 0.0075,
                "-4.0": 0.0166,
                "-4.5": 0.0298,
                "-5.0": 0.0487,
                "-5.5": 0.0718,
                "-6.0": 0.1012,
                "-6.5": 0.1401,
                "-7.0": 0.1545,
                "-7.5": 0.1511,
                "-8.0": 0.1247,
                "-8.5": 0.0832,
                "-9.0": 0.0649
            },
            "Qs_in": 0.0,
            "Qs_out_bed": 0.0,
            "Qs_out_wall": 0.0,
            "D50": 0.13081463604768867,
            "D84": 0.3609401672823774
        },
        "deposit_downstream": {
            "flow_scale": 0.61,
            "elevation": 1496.9647271479257,
            "length": 200,
            "width": 6.0,
            "bankfull_width": 11,
            "lwd_factor": null,
            "gsd_bed": {
                "1.0": 0.0,
                "0.0": 0.0,
                "-1.0": 0.0,
                "-2.0": 0.00025900222011927484,
                "-2.5": 2.830623462017653e-16,
                "-3.0": 1.0007765224892125e-16,
                "-3.5": 3.538279327522066e-17,
                "-4.0": 1.2509706531115156e-17,
                "-4.5": 4.4228491594025825e-18,
                "-5.0": 0.0,
                "-5.5": 0.0,
                "-6.0": 0.05242204935214122,
                "-6.5": 0.07257242207742079,
                "-7.0": 0.08003168601685594,
                "-7.5": 0.2832776890171884,
                "-8.0": 0.23378377114787152,
                "-8.5": 0.15598083207299845,
                "-9.0": 0.12167254809540388
            },
            "gsd_wall": {
                "1.0": 0.0,
                "0.0": 0.0,
                "-1.0": 0.0,
                "-2.0": 0.0005,
                "-2.5": 0.0014,
                "-3.0": 0.004,
                "-3.5": 0.0075,
                "-4.0": 0.0166,
                "-4.5": 0.0298,
                "-5.0": 0.0487,
                "-5.5": 0.0718,
                "-6.0": 0.1012,
                "-6.5": 0.1401,
                "-7.0": 0.1545,
                "-7.5": 0.1511,
                "-8.0": 0.1247,
                "-8.5": 0.0832,
                "-9.0": 0.0649
            },
            "Qs_in": 0.0,
            "Qs_out_bed": 0.0,
            "Qs_out_wall": 0.0,
            "D50": 0.250800493571342,
            "D84": 0.3762007403570132
        },
        "downstream": {
            "flow_scale": 0.615,
            "elevation": 1488.2148019991532,
            "length": 200,
            "bankfull_width": 11,
            "lwd_factor": null,
            "gsd": {
                "1.0": 0.0,
                "0.0": 2.925487873844979e-05,
                "-1.0": 8.17837865673345e-05,
                "-2.0": 5.8942318238265024e-05,
                "-2.5": 0.00020401830341708788,
                "-3.0": 0.0001399432736350945,
                "-3.5": 0.0010035517844938534,
                "-4.0": 0.001940270496272393,
                "-4.5": 0.0028520867174666293,
                "-5.0": 0.0030486373503912645,
                "-5.5": 0.01958788405282776,
                "-6.0": 0.002871560120050149,
                "-6.5": 0.31795722600402954,
                "-7.0": 0.27442494824126795,
                "-7.5": 0.2030854659780459,
                "-8.0": 0.1069661328610743,
                "-8.5": 0.04538968508301436,
                "-9.0": 0.02035860875046968
            },
            "Qs_in": 0.0,
            "Qs_out": 0.0,
            "D50": 0.13099300295844613,
            "D84": 0.25671998055576917
        }
    },
    "sed_masses": {
        "upstream": {
            "1.0": 5.605889389262455e-07,
            "0.0": 4.484711511409964e-06,
            "-1.0": 98.54388829831609,
            "-2.0": 519.9644365871332,
            "-2.5": 2381.8155886295476,
            "-3.0": 6349.310312844769,
            "-3.5": 13347.374213321764,
            "-4.0": 29479.040925765094,
            "-4.5": 48609.17304544904,
            "-5.0": 56482.78249745612,
            "-5.5": 44066.37301941406,
            "-6.0": 20223.543988280053,
            "-6.5": 5499.901758635328,
            "-7.0": 15095.22035350018,
            "-7.5": 28889.447689857112,
            "-8.0": 43414.04183910084,
            "-8.5": 55544.35246447675,
            "-9.0": 56581.21224090776
        },
        "downstream": {
            "1.0": 0.0,
            "0.0": 4.885022228550476e-06,
            "-1.0": 0.00011724053348521149,
            "-2.0": 0.004064338494154001,
            "-2.5": 0.02299137048203052,
            "-3.0": 0.14506562009903495,
            "-3.5": 0.9196548192812208,
            "-4.0": 5.102308017276406,
            "-4.5": 25.976711510774177,
            "-5.0": 119.41401665531602,
            "-5.5": 510.7055439503838,
            "-6.0": 1952.8833822987344,
            "-6.5": 6650.038146758189,
            "-7.0": 16063.586326265786,
            "-7.5": 35264.036708517284,
            "-8.0": 52534.48385273655,
            "-8.5": 63052.213539633216,
            "-9.0": 79990.10333895615
        },
        "deposit_upstream": {
            "1.0": 0.0,
            "0.0": 0.0,
            "-1.0": 0.0,
            "-2.0": 0.031656665759497646,
            "-2.5": 0.250708001916924,
            "-3.0": 2.0260266086078493,
            "-3.5": 10.74462865358245,
            "-4.0": 67.26408340578057,
            "-4.5": 341.5359294685408,
            "-5.0": 1578.679933427236,