{
    "timestep": "2010-06-02 12:00",
    "deposit_mass": "",
    "reaches": {
        "upstream": {
            "flow_scale": 0.6,
            "elevation": 1500.465,
            "length": 150,
            "bankfull_width": 10.5,
            "lwd_factor": null,
            "gsd": {
                "1.0": 0.0001,
                "0.0": 0.0001,
                "-1.0": 0.0004,
                "-2.0": 0.0012,
                "-2.5": 0.004,
                "-3.0": 0.0083,
                "-3.5": 0.0149,
                "-4.0": 0.0305,
                "-4.5": 0.0549,
                "-5.0": 0.0859,
                "-5.5": 0.1226,
                "-6.0": 0.1494,
                "-6.5": 0.1654,
                "-7.0": 0.1605,
                "-7.5": 0.1086,
                "-8.0": 0.0577,
                "-8.5": 0.0261,
                "-9.0": 0.0094
            },
            "Qs_in": 0.0,
            "Qs_out": 0.0,
            "D50": 0.08881072713969106,
            "D84": 0.18167530485424413
        },
        "deposit_upstream": {
            "flow_scale": 0.61,
            "elevation": 1501.715,
            "length": 200,
            "width": 6.0,
            "bankfull_width": 11,
            "lwd_factor": null,
            "gsd_bed": {
                "1.0": 0.0,
                "0.0": 0.0,
                "-1.0": 0.0,
                "-2.0": 0.0005,
                "-2.5": 0.0014,
                "-3.0": 0.004,
                "-3.5": 0.0075,
                "-4.0": 0.0166,
                "-4.5": 0.0298,
                "-5.0": 0.0487,
                "-5.5": 0.0718,
                "-6.0": 0.1012,
                "-6.5": 0.1401,
                "-7.0": 0.1545,
                "-7.5": 0.1511,
                "-8.0": 0.1247,
                "-8.5": 0.0832,
                "-9.0": 0.0649
            },
            "gsd_wall": {
                "1.0": 0.0,
                "0.0": 0.0,
                "-1.0": 0.0,
                "-2.0": 0.0005,
                "-2.5": 0.0014,
                "-3.0": 0.004,
                "-3.5": 0.0075,
                "-4.0": 0.0166,
                "-4.5": 0.0298,
                "-5.0": 0.0487,
                "-5.5": 0.0718,
                "-6.0": 0.1012,
                "-6.5": 0.1401,
                "-7.0": 0.1545,
                "-7.5": 0.1511,
                "-8.0": 0.1247,
                "-8.5": 0.0832,
                "-9.0": 0.0649
            },
            "Qs_in": 0.0,
            "Qs_out_bed": 0.0,
            "Qs_out_wall": 0.0,
            "D50": 0.1279478050775954,
            "D84": 0.25972490210481197
        },
        "deposit_downstream": {
            "flow_scale": 0.61,
            "elevation": 1496.9649997668628,
            "length": 200,
            "width": 6.0,
            "bankfull_width": 11,
            "lwd_factor": null,
            "gsd_bed": {
                "1.0": 0.0,
                "0.0": 0.0,
                "-1.0": 0.0,
                "-2.0": 0.000530558783705081,
                "-2.5": 0.00018758085688797466,
                "-3.0": 0.0001545528732612455,
                "-3.5": 0.0002897866373648354,
                "-4.0": 0.00044083149001871585,
                "-4.5": 0.0007339524797281588,
                "-5.0": 0.051676425532874874,
                "-5.5": 0.07618824134004962,
                "-6.0": 0.10738509782190837,
                "-6.5": 0.14866257119416365,
                "-7.0": 0.16394266416487005,
                "-7.5": 0.1603348644356754,
                "-8.0": 0.13232136065604716,
                "-8.5": 0.08828498160852542,
                "-9.0": 0.06886653012491951
            },
            "gsd_wall": {
                "1.0": 0.0,
                "0.0": 0.0,
                "-1.0": 0.0,
                "-2.0": 0.0005,
                "-2.5": 0.0014,
                "-3.0": 0.004,
                "-3.5": 0.0075,
                "-4.0": 0.0166,
                "-4.5": 0.0298,
                "-5.0": 0.0487,
                "-5.5": 0.0718,
                "-6.0": 0.1012,
                "-6.5": 0.1401,
                "-7.0": 0.1545,
                "-7.5": 0.1511,
                "-8.0": 0.1247,
                "-8.5": 0.0832,
                "-9.0": 0.0649
            },
            "Qs_in": 0.0,
            "Qs_out_bed": 0.0,
            "Qs_out_wall": 0.0,
            "D50": 0.12937712018189107,
            "D84": 0.26055441489793857
        },
        "downstream": {
            "flow_scale": 0.615,
            "elevation": 1488.2150001271652,
            "length": 200,
            "bankfull_width": 11,
            "lwd_factor": null,
            "gsd": {
                "1.0": 0.0,
                "0.0": 1.420888117729951e-07,
                "-1.0": 0.00029903814210136155,
                "-2.0": 0.0012958319491059,
                "-2.5": 0.002671769338166787,
                "-3.0": 0.006001942880256598,
                "-3.5": 0.013371829740365763,
                "-4.0": 0.026344292963111974,
                "-4.5": 0.047418360655470074,
                "-5.0": 0.07436081800253859,
                "-5.5": 0.11243834143011192,
                "-6.0": 0.1520110555681921,
                "-6.5": 0.18301134296603333,
                "-7.0": 0.15629726893831167,
                "-7.5": 0.12130980631245233,
                "-8.0": 0.06389448302899094,
                "-8.5": 0.027112791550523443,
                "-9.0": 0.01216088444545537
            },
            "Qs_in": 0.0,
            "Qs_out": 0.0,
            "D50": 0.08937364213465923,
            "D84": 0.18197142013927745
        }
    },
    "sed_masses": {
        "upstream": {
            "1.0": 7.03318947137806e-07,
            "0.0": 5.626551577102448e-06,
            "-1.0": 0.00018004965046727834,
            "-2.0": 0.00432119161121468,
            "-2.5": 0.04074058521461766,
            "-3.0": 0.23910593582054568,
            "-3.5": 1.2140694393956066,
            "-4.0": 7.029138354242548,
            "-4.5": 35.78653005252016,
            "-5.0": 158.37455334542557,
            "-5.5": 639.3338556559522,
            "-6.0": 2203.600304522149,
            "-6.5": 6900.21662156571,
            "-7.0": 18938.572898302806,
            "-7.5": 36244.910524886865,
            "-8.0": 54467.57165019673,
            "-8.5": 69686.3473075173,
            "-9.0": 70987.1991004297
        },
        "downstream": {
            "1.0": 0.0,
            "0.0": 5.401911649074357e-06,
            "-1.0": 0.00012964587957778459,
            "-2.0": 0.004494390492029867,
            "-2.5": 0.025424111953717323,
            "-3.0": 0.16041516833091216,
            "-3.5": 1.0169644781486924,
            "-4.0": 5.642188679225187,
            "-4.5": 28.725335105861536,
            "-5.0": 132.04934132398398,
            "-5.5": 564.7438431270031,
            "-6.0": 2159.5200591857974,
            "-6.5": 7353.685787100553,
            "-7.0": 17763.291555689604,
            "-7.5": 38995.36210414543,
            "-8.0": 58093.213710188946,
            "-8.5": 69723.83561102746,
            "-9.0": 88453.94162425026
        },
        "deposit_upstream": {
            "1.0": 0.0,
            "0.0": 0.0,
            "-1.0": 0.0,
            "-2.0": 0.03181571731868426,
            "-2.5": 0.2519676260007864,
            "-3.0": 2.0362059083957926,
            "-3.5": 10.798612542890844,
            "-4.0": 67.60203615874028,
            "-4.5": 343.2518973633569,
            "-5.0": 1586.6116438220013,
            "-5.5": 6616.237914278931,
            "-6.0": 26376.19685499573,
            "-6.5": 103279.65813821489,
            "-7.0": 322144.0643554815,
            "-7.5": 891109.5700033846,
            "-8.0": 2080070.6705568174,
            "-8.5": 3925364.1945350943,
            "-9.0": 8660566.89777947
        },
        "deposit_downstream": {
            "1.0": 0.0,
            "0.0": 0.0,
            "-1.0": 0.0,
            "-2.0": 0.03423168480217194,