{
    "timestep": "2018-07-11 08:00",
    "deposit_mass": 2401711,
    "reaches": {
        "upstream": {
            "flow_scale": 0.78,
            "elevation": 1746.2156912070254,
            "length": 50,
            "bankfull_width": 6,
            "lwd_factor": null,
            "gsd": {
                "1.0": 4.205345961548028e-08,
                "0.0": 0.00028793362408764136,
                "-1.0": 0.00034323301313162705,
                "-2.0": 0.0001190898045022628,
                "-2.5": 0.001364763890186253,
                "-3.0": 0.001055228360450145,
                "-3.5": 0.0006462104600034592,
                "-4.0": 0.001236723080254562,
                "-4.5": 0.006169804116875165,
                "-5.0": 0.052278457288419955,
                "-5.5": 0.9135570751074608,
                "-6.0": 0.018597549843909454,
                "-6.5": 0.0017090244499157828,
                "-7.0": 0.0014023130503072593,
                "-7.5": 0.0007175620186217068,
                "-8.0": 0.00033381612794737916,
                "-8.5": 0.00010984547799974401,
                "-9.0": 7.132823246719745e-05
            },
            "Qs_in": 0.0,
            "Qs_out": 0.0,
            "D50": 0.041022963225565784,
            "D84": 0.06153444483834867
        },
        "deposit_upstream": {
            "flow_scale": 0.79,
            "elevation": 1745.7457148895219,
            "length": 55,
            "width": 3.416155514839953,
            "bankfull_width": 6,
            "lwd_factor": null,
            "gsd_bed": {
                "1.0": 0.0,
                "0.0": 2.993899930310398e-05,
                "-1.0": 2.0511503788489934e-07,
                "-2.0": 0.0026635281064601455,
                "-2.5": 0.004214228683485464,
                "-3.0": 0.0033135025510932607,
                "-3.5": 0.0029331061296954046,
                "-4.0": 0.0017335346470164152,
                "-4.5": 0.0016838728079534972,
                "-5.0": 0.0024021844928926966,
                "-5.5": 0.0001872106143475054,
                "-6.0": 0.008138067578933752,
                "-6.5": 0.07093838922055515,
                "-7.0": 0.31202093258000724,
                "-7.5": 0.5249382083769322,
                "-8.0": 0.06480309009628635,
                "-8.5": 0.0,
                "-9.0": 0.0
            },
            "gsd_wall": {
                "1.0": 0.004107251326628135,
                "0.0": 2.091379313602543e-06,
                "-1.0": 3.305996590544519e-08,
                "-2.0": 0.24777885471823222,
                "-2.5": 0.26219111472201684,
                "-3.0": 0.1905784241006834,
                "-3.5": 0.16361382877490538,
                "-4.0": 0.06970144193743137,
                "-4.5": 0.039819421491466736,
                "-5.0": 0.01222935629297407,
                "-5.5": 0.0014247980078118264,
                "-6.0": 0.0008178858724812646,
                "-6.5": 0.0011766376483528392,
                "-7.0": 0.0022759841707335107,
                "-7.5": 0.003811575402621194,
                "-8.0": 0.0004713010943815117,
                "-8.5": 0.0,
                "-9.0": 0.0
            },
            "Qs_in": 0.0,
            "Qs_out_bed": 0.0,
            "Qs_out_wall": 0.0,
            "D50": 0.16890842248814217,
            "D84": 0.2533626337322133
        },
        "deposit_downstream": {
            "flow_scale": 0.83,
            "elevation": 1743.53878888199,
            "length": 47,
            "width": 7.510223944855454,
            "bankfull_width": 7.5,
            "lwd_factor": 1,
            "gsd_bed": {
                "1.0": 0.012613078363406976,
                "0.0": 0.0015429674740874704,
                "-1.0": 0.0010329267101675651,
                "-2.0": 0.09646432116759064,
                "-2.5": 0.049666127820755135,
                "-3.0": 0.03136513637424916,
                "-3.5": 0.012539757506058059,
                "-4.0": 0.00479947341198906,
                "-4.5": 0.0036505054549679176,
                "-5.0": 0.0,
                "-5.5": 0.005148665138243309,
                "-6.0": 0.0,
                "-6.5": 0.0,
                "-7.0": 0.0,
                "-7.5": 0.0,
                "-8.0": 0.4953805623181938,
                "-8.5": 0.2109450196684103,
                "-9.0": 0.0748514585918806
            },
            "gsd_wall": {
                "1.0": 0.0048729505694399535,
                "0.0": 9.274767116138567e-06,
                "-1.0": 0.06940058546971796,
                "-2.0": 0.3870219106456287,
                "-2.5": 0.2622830179735238,
                "-3.0": 0.17235715631016285,
                "-3.5": 0.07116615894769009,
                "-4.0": 0.025537388716953456,
                "-4.5": 0.005631658293776916,
                "-5.0": 0.0002423386429547513,
                "-5.5": 0.00030318444031511663,
                "-6.0": 0.00033525126482435223,
                "-6.5": 0.0003071476934491092,
                "-7.0": 0.0002498341108819749,
                "-7.5": 0.00015512286246977718,
                "-8.0": 8.054881874324038e-05,
                "-8.5": 3.429963435494327e-05,
                "-9.0": 1.2170837996893182e-05
            },
            "Qs_in": 0.0,
            "Qs_out_bed": 0.0,
            "Qs_out_wall": 0.0,
            "D50": 0.2412616719597942,
            "D84": 0.37998461071478407
        },
        "downstream": {
            "flow_scale": 0.835,
            "elevation": 1742.1279628211696,
            "length": 65,
            "bankfull_width": 6,
            "lwd_factor": null,
            "gsd": {
                "1.0": 0.0,
                "0.0": 0.0003560627127878549,
                "-1.0": 0.0012699517359804529,
                "-2.0": 0.00040592244883070515,
                "-2.5": 0.00020405595435353568,
                "-3.0": 0.00028429191521149724,
                "-3.5": 8.435516843295328e-05,
                "-4.0": 3.841857730043056e-05,
                "-4.5": 0.000750878133285175,
                "-5.0": 0.000556263593250342,
                "-5.5": 0.0010010733171106395,
                "-6.0": 0.0,
                "-6.5": 0.22502604138443724,
                "-7.0": 0.43660330779363726,
                "-7.5": 0.309988570040502,
                "-8.0": 0.02302362089470835,
                "-8.5": 0.0003005422913172663,
                "-9.0": 0.00010664403885428839
            },
            "Qs_in": 0.0,
            "Qs_out": 0.0,
            "D50": 0.12620623529768368,
            "D84": 0.18930935294652554
        }
    },
    "dep_masses": {
        "deposit_upstream": {
            "1.0": 0,
            "0.0": 0.06339554878199605,
            "-1.0": 0.0029043122542237176,
            "-2.0": 304.0098610756401,
            "-2.5": 1393.536732804084,
            "-3.0": 2993.7291937832692,
            "-3.5": 6680.88805461586,
            "-4.0": 8305.580348466738,
            "-4.5": 12110.470504809055,
            "-5.0": 10003.151143342437,
            "-5.5": 3069.8678838819737,
            "-6.0": 4616.14095097632,
            "-6.5": 19376.825643526056,
            "-7.0": 108965.15707846949,
            "-7.5": 518509.95251613494,
            "-8.0": 181046.28643002163,
            "-8.5": 0,
            "-9.0": 0
        },
        "deposit_downstream": {
            "1.0": 2.321168654813858,
            "0.0": 0.007307604372953129,
            "-1.0": 0.03902279833567626,
            "-2.0": 29.40766002060925,
            "-2.5": 42.81179302822155,
            "-3.0": 76.42115165756114,
            "-3.5": 86.01261588126243,
            "-4.0": 91.75507985290912,
            "-4.5": 61.249827251051414,
            "-5.0": 0,
            "-5.5": 0.1398225481547648,
            "-6.0": 0,
            "-6.5": 0,
            "-7.0": 0,
            "-7.5": 0,
            "-8.0": 0,
            "-8.5": 0,
            "-9.0": 0
        }
    },