{
    "timestep": "2012-04-09 08:00",
    "deposit_mass": 2401711,
    "reaches": {
        "upstream": {
            "flow_scale": 0.78,
            "elevation": 1746.1185,
            "length": 50,
            "bankfull_width": 6,
            "lwd_factor": null,
            "gsd": {
                "1.0": 0.004955892556260904,
                "0.0": 0.0049558925562652855,
                "-1.0": 0.007037367429899099,
                "-2.0": 0.009317078005775671,
                "-2.5": 0.016850034689765113,
                "-3.0": 0.03201506591139793,
                "-3.5": 0.0489642184563333,
                "-4.0": 0.06531866389196136,
                "-4.5": 0.09654078699569388,
                "-5.0": 0.12528496382257165,
                "-5.5": 0.14411735553611685,
                "-6.0": 0.14282882347154038,
                "-6.5": 0.11874318564805217,
                "-7.0": 0.09743284765613053,
                "-7.5": 0.0498562791160127,
                "-8.0": 0.02319357716331528,
                "-8.5": 0.007632074536646055,
                "-9.0": 0.004955892556261824
            },
            "Qs_in": 0.0,
            "Qs_out": 0.0,
            "D50": 0.045434156345702234,
            "D84": 0.12766173715106727
        },
        "deposit_upstream": {
            "flow_scale": 0.79,
            "elevation": 1746.2987085926904,
            "length": 55,
            "width": 1.0000848991282296,
            "bankfull_width": 6,
            "lwd_factor": null,
            "gsd_bed": {
                "1.0": 1.7345080772696268e-05,
                "0.0": 1.7366192754112736e-05,
                "-1.0": 3.335699120920179e-07,
                "-2.0": 0.00021948742659876034,
                "-2.5": 0.00021984542252763263,
                "-3.0": 5.792752403250376e-05,
                "-3.5": 5.792569489425046e-05,
                "-4.0": 8.75864422796224e-05,
                "-4.5": 8.758644227884815e-05,
                "-5.0": 0.00010922134037215013,
                "-5.5": 0.007396077896328348,
                "-6.0": 0.3445974186321866,
                "-6.5": 0.34459741863206256,
                "-7.0": 0.14286690131899832,
                "-7.5": 0.14286690131901747,
                "-8.0": 0.016800657064983973,
                "-8.5": 0.0,
                "-9.0": 0.0
            },
            "gsd_wall": {
                "1.0": 0.029616518204371136,
                "0.0": 0.9421651128523666,
                "-1.0": 0.01603600361083919,
                "-2.0": 0.002174958509111351,
                "-2.5": 0.002174986096864082,
                "-3.0": 0.000573091574744368,
                "-3.5": 0.0005730916090281642,
                "-4.0": 0.0008665421317207626,
                "-4.5": 0.0008665421317124826,
                "-5.0": 0.0010805883953282909,
                "-5.5": 0.001080577391436418,
                "-6.0": 0.0009701353844270726,
                "-6.5": 0.0009701353844267282,
                "-7.0": 0.00040220915404171964,
                "-7.5": 0.0004022091540417736,
                "-8.0": 4.7298415539678696e-05,
                "-8.5": 0.0,
                "-9.0": 0.0
            },
            "Qs_in": 0.0,
            "Qs_out_bed": 0.0,
            "Qs_out_wall": 0.0,
            "D50": 0.09063262384499012,
            "D84": 0.13594893576748518
        },
        "deposit_downstream": {
            "flow_scale": 0.83,
            "elevation": 1744.3965735094023,
            "length": 47,
            "width": 2.889063713666956,
            "bankfull_width": 7.5,
            "lwd_factor": 1,
            "gsd_bed": {
                "1.0": 0.48618565965987615,
                "0.0": 0.4861856596599232,
                "-1.0": 0.010091504768132973,
                "-2.0": 0.0016201843451673175,
                "-2.5": 0.0016715833091079254,
                "-3.0": 0.00044927879516057476,
                "-3.5": 0.00044927879516397677,
                "-4.0": 0.0006786513819350715,
                "-4.5": 0.0006786513819344035,
                "-5.0": 0.0008466190612197749,
                "-5.5": 0.0008466190612196001,
                "-6.0": 0.0007601117905437186,
                "-6.5": 0.0033416671446671966,
                "-7.0": 0.002651734481179254,
                "-7.5": 0.0031330253474134754,
                "-8.0": 0.00040977101735532455,
                "-8.5": 0.0,
                "-9.0": 0.0
            },
            "gsd_wall": {
                "1.0": 0.4584417664010738,
                "0.0": 0.4584417663969897,
                "-1.0": 0.013392062685994107,
                "-2.0": 0.002272564755404466,
                "-2.5": 0.002338065134293928,
                "-3.0": 0.0006273026100837204,
                "-3.5": 0.0006273026078724752,
                "-4.0": 0.0009813983321226524,
                "-4.5": 0.0009813983325542021,
                "-5.0": 0.0011795451284855576,
                "-5.5": 0.0011795451285990294,
                "-6.0": 0.0010658780314954015,
                "-6.5": 0.020487914705180695,
                "-7.0": 0.016246864691429865,
                "-7.5": 0.019210429513662246,
                "-8.0": 0.0025261955447582122,
                "-8.5": 0.0,
                "-9.0": 0.0
            },
            "Qs_in": 0.0,
            "Qs_out_bed": 567.1686069351557,
            "Qs_out_wall": 0.013431247228336185,
            "D50": 0.0007555662200253803,
            "D84": 0.0011333493300380705
        },
        "downstream": {
            "flow_scale": 0.835,
            "elevation": 1741.9954568408275,
            "length": 65,
            "bankfull_width": 6,
            "lwd_factor": null,
            "gsd": {
                "1.0": 0.4071574965212715,
                "0.0": 0.40715749652127364,
                "-1.0": 0.008302246157903778,
                "-2.0": 0.0013317992227661723,
                "-2.5": 0.0013742011432885965,
                "-3.0": 0.0003691908193439139,
                "-3.5": 0.00036919081934676267,
                "-4.0": 0.0005580695752762647,
                "-4.5": 0.03644635618335276,
                "-5.0": 0.045858906382235984,
                "-5.5": 0.04585916177100045,
                "-6.0": 0.04116999924087909,
                "-6.5": 0.00401260239516214,
                "-7.0": 3.149419665290245e-05,
                "-7.5": 1.7733079068249628e-06,
                "-8.0": 9.98294688512368e-09,
                "-8.5": 4.250980129654114e-09,
                "-9.0": 1.5084123040702395e-09
            },
            "Qs_in": 567.1820381823841,
            "Qs_out": 0.0,
            "D50": 0.04395969506163282,
            "D84": 0.06593954259244922
        }
    },
    "dep_masses": {
        "deposit_upstream": {
            "1.0": 23.554426200670374,
            "0.0": 188.7202073033944,
            "-1.0": 29.10159613796279,
            "-2.0": 31.576376718587174,
            "-2.5": 89.5628121741801,
            "-3.0": 66.74830681817753,
            "-3.5": 188.78676014244476,
            "-4.0": 807.3877583622934,
            "-4.5": 2283.6374359399338,
            "-5.0": 8054.57747784535,
            "-5.5": 22736.69519840111,
            "-6.0": 58022.36141290611,
            "-6.5": 164112.0208620904,
            "-7.0": 192444.27344067078,
            "-7.5": 544314.6030016665,
            "-8.0": 181046.28643002163,
            "-8.5": 0,
            "-9.0": 0
        },
        "deposit_downstream": {
            "1.0": 0.3440260513855336,
            "0.0": 2.752208411083759,
            "-1.0": 0.6426571044782915,
            "-2.0": 0.8619092991727663,
            "-2.5": 2.5152191325553996,
            "-3.0": 1.9120279767993034,
            "-3.5": 5.4080317920898775,
            "-4.0": 23.116173107672406,
            "-4.5": 65.38241103926205,
            "-5.0": 230.5586802304711,
            "-5.5": 652.118425012058,
            "-6.0": 1656.4343573015137,
            "-6.5": 91054.46078152927,