{
    "timestep": "2017-04-16 00:00",
    "deposit_mass": 2401711,
    "reaches": {
        "upstream": {
            "flow_scale": 0.78,
            "elevation": 1746.1569813978754,
            "length": 50,
            "bankfull_width": 6,
            "lwd_factor": null,
            "gsd": {
                "1.0": 0.0453503142733695,
                "0.0": 0.043307499212255594,
                "-1.0": 4.2527984309984864e-06,
                "-2.0": 0.00017944194653941607,
                "-2.5": 1.1838155879366624e-05,
                "-3.0": 0.00018705372215832206,
                "-3.5": 0.0,
                "-4.0": 0.04609837925164213,
                "-4.5": 0.054160396479071504,
                "-5.0": 0.15514066238480512,
                "-5.5": 0.6494359001815331,
                "-6.0": 0.0019672449749167827,
                "-6.5": 0.0016355027619114632,
                "-7.0": 0.0013419859891190956,
                "-7.5": 0.0006866927289224359,
                "-8.0": 0.0003194554643502888,
                "-8.5": 0.00010511996049110532,
                "-9.0": 6.82597146035171e-05
            },
            "Qs_in": 0.0,
            "Qs_out": 0.0,
            "D50": 0.04122239396331691,
            "D84": 0.061833590944975356
        },
        "deposit_upstream": {
            "flow_scale": 0.79,
            "elevation": 1745.7601170934197,
            "length": 55,
            "width": 3.2298713748106436,
            "bankfull_width": 6,
            "lwd_factor": null,
            "gsd_bed": {
                "1.0": 1.705894625282664e-05,
                "0.0": 5.2247718916536995e-05,
                "-1.0": 1.1156706731172258e-05,
                "-2.0": 0.0003514934549453505,
                "-2.5": 0.00033702200843686083,
                "-3.0": 3.761032417335148e-05,
                "-3.5": 0.00032663720130620555,
                "-4.0": 0.0006091291075670155,
                "-4.5": 0.0027585888006007543,
                "-5.0": 0.001538571881215251,
                "-5.5": 0.007284823040425346,
                "-6.0": 0.0023549210011959447,
                "-6.5": 0.2368118128219025,
                "-7.0": 0.28243736698287814,
                "-7.5": 0.4139676704129277,
                "-8.0": 0.05110388959052506,
                "-8.5": 0.0,
                "-9.0": 0.0
            },
            "gsd_wall": {
                "1.0": 0.6160335573773992,
                "0.0": 0.14654970461882375,
                "-1.0": 0.03134651599948808,
                "-2.0": 0.038729741645253106,
                "-2.5": 0.06042342297586263,
                "-3.0": 0.015810813811838173,
                "-3.5": 0.042021680475787956,
                "-4.0": 0.020841746212919437,
                "-4.5": 0.014220013892170846,
                "-5.0": 0.0018790098591808474,
                "-5.5": 0.0018928865941185108,
                "-6.0": 0.0017146020244366124,
                "-6.5": 0.0022639275885758137,
                "-7.0": 0.002369481286472017,
                "-7.5": 0.0034720224893155065,
                "-8.0": 0.00043087314835766965,
                "-8.5": 0.0,
                "-9.0": 0.0
            },
            "Qs_in": 0.0,
            "Qs_out_bed": 0.0,
            "Qs_out_wall": 0.0,
            "D50": 0.13299902668238206,
            "D84": 0.1994985400235731
        },
        "deposit_downstream": {
            "flow_scale": 0.83,
            "elevation": 1743.9072070693715,
            "length": 47,
            "width": 7.398476322720076,
            "bankfull_width": 7.5,
            "lwd_factor": 1,
            "gsd_bed": {
                "1.0": 2.7889399700283257e-06,
                "0.0": 0.0019318655718286015,
                "-1.0": 0.0003584289610088553,
                "-2.0": 0.00048440759606103366,
                "-2.5": 0.000429566153236842,
                "-3.0": 3.3315485788756017e-06,
                "-3.5": 0.0002554446663364842,
                "-4.0": 0.0006055355242464325,
                "-4.5": 0.0016704325721776793,
                "-5.0": 0.0008950858424224459,
                "-5.5": 0.0,
                "-6.0": 0.00010686039067154296,
                "-6.5": 0.0,
                "-7.0": 0.017239872541389045,
                "-7.5": 0.0,
                "-8.0": 0.9760163796920722,
                "-8.5": 0.0,
                "-9.0": 0.0
            },
            "gsd_wall": {
                "1.0": 1.948158889437916e-05,
                "0.0": 8.124516183739742e-06,
                "-1.0": 0.7276553241446172,
                "-2.0": 0.1084936883991619,
                "-2.5": 0.08274042062750335,
                "-3.0": 4.59317923831372e-05,
                "-3.5": 0.05347119946596017,
                "-4.0": 0.024499495411284353,
                "-4.5": 0.0008867293917504931,
                "-5.0": 0.0009284173383196624,
                "-5.5": 2.2283019561446214e-06,
                "-6.0": 3.58303866046178e-07,
                "-6.5": 7.319395808287787e-06,
                "-7.0": 3.049268604563351e-05,
                "-7.5": 1.8734608461064288e-06,
                "-8.0": 0.0012089151754191324,
                "-8.5": 0.0,
                "-9.0": 0.0
            },
            "Qs_in": 0.0,
            "Qs_out_bed": 0.0,
            "Qs_out_wall": 0.0,
            "D50": 0.23072011842837248,
            "D84": 0.34608017764255866
        },
        "downstream": {
            "flow_scale": 0.835,
            "elevation": 1742.1397944301016,
            "length": 65,
            "bankfull_width": 6,
            "lwd_factor": null,
            "gsd": {
                "1.0": 0.0,
                "0.0": 1.985984935736744e-06,
                "-1.0": 1.581336013052043e-05,
                "-2.0": 8.574231197467989e-05,
                "-2.5": 0.0001221371039162133,
                "-3.0": 0.00028382968099197037,
                "-3.5": 9.197104369789782e-05,
                "-4.0": 0.00015671231428864148,
                "-4.5": 0.00010649414914742877,
                "-5.0": 0.0,
                "-5.5": 0.00029702396791308686,
                "-6.0": 0.09640258061549949,
                "-6.5": 0.028834244126372727,
                "-7.0": 0.41412157840877556,
                "-7.5": 0.35773344691711007,
                "-8.0": 0.10080496278438922,
                "-8.5": 0.0006948998608730506,
                "-9.0": 0.0002465773699836397
            },
            "Qs_in": 0.0,
            "Qs_out": 0.0,
            "D50": 0.12688541278444695,
            "D84": 0.19032811917667045
        }
    },
    "dep_masses": {
        "deposit_upstream": {
            "1.0": 17.7323241041483,
            "0.0": 33.59203258957944,
            "-1.0": 57.38454636897848,
            "-2.0": 141.77459190097775,
            "-2.5": 384.4894427184318,
            "-3.0": 121.36074316450366,
            "-3.5": 2981.13600314495,
            "-4.0": 2441.566475840163,
            "-4.5": 7879.832432892932,
            "-5.0": 3466.50813573599,
            "-5.5": 3727.7907632766733,
            "-6.0": 9376.318436145591,
            "-6.5": 37076.95388980889,
            "-7.0": 125074.22832992209,
            "-7.5": 518509.95251613494,
            "-8.0": 181046.28643002163,
            "-8.5": 0,
            "-9.0": 0
        },
        "deposit_downstream": {
            "1.0": 0.16894100540288073,
            "0.0": 1.2840260136556507,
            "-1.0": 7.218051131421402e-06,
            "-2.0": 60.77416135457049,
            "-2.5": 96.11888265492935,
            "-3.0": 2.108481537936607,
            "-3.5": 457.26239283659436,
            "-4.0": 566.6902214499819,
            "-4.5": 35.199451452448606,
            "-5.0": 146.33782680285077,
            "-5.5": 0,
            "-6.0": 24.51924675207249,
            "-6.5": 0,
            "-7.0": 257.08048823412406,
            "-7.5": 0,
            "-8.0": 116434.62760517355,
            "-8.5": 0,
            "-9.0": 0
        }
    },