{
    "timestep": "2012-05-12 16:00",
    "deposit_mass": 2401711,
    "reaches": {
        "upstream": {
            "flow_scale": 0.78,
            "elevation": 1746.131944196438,
            "length": 50,
            "bankfull_width": 6,
            "lwd_factor": null,
            "gsd": {
                "1.0": 0.45999566906225237,
                "0.0": 0.06459166117404651,
                "-1.0": 1.8560863170516832e-05,
                "-2.0": 1.1937958227784974e-05,
                "-2.5": 1.028438155292295e-05,
                "-3.0": 2.4019895971735045e-05,
                "-3.5": 0.00022726768221206743,
                "-4.0": 0.017325157374751227,
                "-4.5": 0.011924325878810167,
                "-5.0": 0.37129184072790167,
                "-5.5": 0.0711303706016006,
                "-6.0": 0.0011078625144192277,
                "-6.5": 0.0009210404526532783,
                "-7.0": 0.0007557452128199544,
                "-7.5": 0.0003867139797034882,
                "-8.0": 0.00017990272614438154,
                "-8.5": 5.919876031246251e-05,
                "-9.0": 3.8440753449624656e-05
            },
            "Qs_in": 0.07804894248762148,
            "Qs_out": 0.0024975661596038927,
            "D50": 0.029507260347916873,
            "D84": 0.044260890521875304
        },
        "deposit_upstream": {
            "flow_scale": 0.79,
            "elevation": 1745.7945325241797,
            "length": 55,
            "width": 3.007277479061006,
            "bankfull_width": 6,
            "lwd_factor": null,
            "gsd_bed": {
                "1.0": 0.0005711347574302646,
                "0.0": 0.0007241770451903273,
                "-1.0": 1.8603775527476952e-05,
                "-2.0": 0.0014259402355095694,
                "-2.5": 0.0033679376075696917,
                "-3.0": 0.011877011607041521,
                "-3.5": 9.99581458351293e-05,
                "-4.0": 0.0005544419846920042,
                "-4.5": 0.0005544419846866163,
                "-5.0": 0.0006913756650827243,
                "-5.5": 0.0006899774594111164,
                "-6.0": 0.008984009257471767,
                "-6.5": 0.3369505994126839,
                "-7.0": 0.23944240261352986,
                "-7.5": 0.3508135079560653,
                "-8.0": 0.04323448049227279,
                "-8.5": 0.0,
                "-9.0": 0.0
            },
            "gsd_wall": {
                "1.0": 0.3491931731606528,
                "0.0": 0.6186391119736774,
                "-1.0": 0.014658149681822533,
                "-2.0": 0.001998288527456874,
                "-2.5": 0.002131333387566959,
                "-3.0": 0.0028001255470022535,
                "-3.5": 0.0006517982223255964,
                "-4.0": 0.0010095359126110074,
                "-4.5": 0.001009535912605445,
                "-5.0": 0.001255226639434952,
                "-5.5": 0.0012589156135518814,
                "-6.0": 0.0011229765308532413,
                "-6.5": 0.0014357850513051081,
                "-7.0": 0.0010691320989717687,
                "-7.5": 0.001566672588586934,
                "-8.0": 0.00020023915157501383,
                "-8.5": 0.0,
                "-9.0": 0.0
            },
            "Qs_in": 0.0024975661596038927,
            "Qs_out_bed": 0.0974379690019118,
            "Qs_out_wall": 0.0,
            "D50": 0.0007071067811865476,
            "D84": 0.0014142135623730952
        },
        "deposit_downstream": {
            "flow_scale": 0.83,
            "elevation": 1744.1462369971648,
            "length": 47,
            "width": 5.980162217873778,
            "bankfull_width": 7.5,
            "lwd_factor": 1,
            "gsd_bed": {
                "1.0": 0.8653886575670026,
                "0.0": 0.11957479304551569,
                "-1.0": 4.033294799136672e-05,
                "-2.0": 0.00021869937312837503,
                "-2.5": 0.0007474719469502351,
                "-3.0": 0.0009956798068631236,
                "-3.5": 1.8604404425659894e-07,
                "-4.0": 5.863221335929622e-07,
                "-4.5": 1.7337638988163677e-07,
                "-5.0": 3.83562933974698e-08,
                "-5.5": 2.3023601646207153e-08,
                "-6.0": 6.87388058147278e-05,
                "-6.5": 0.0005374158359740249,
                "-7.0": 0.0006896618999057206,
                "-7.5": 0.009073777284803774,
                "-8.0": 0.00266376436358741,
                "-8.5": 0.0,
                "-9.0": 0.0
            },
            "gsd_wall": {
                "1.0": 0.00482406262001344,
                "0.0": 0.02209582784726632,
                "-1.0": 0.00034622248624657776,
                "-2.0": 0.000634470917294056,
                "-2.5": 0.11955878373215846,
                "-3.0": 0.0021480688234803693,
                "-3.5": 0.0009769604301329215,
                "-4.0": 0.0031948631352883084,
                "-4.5": 0.00023046379300792772,
                "-5.0": 0.008097098279518333,
                "-5.5": 0.008028645664267116,
                "-6.0": 0.004921154806665229,
                "-6.5": 0.036474215397656246,
                "-7.0": 0.04531921336164976,
                "-7.5": 0.5730960359078036,
                "-8.0": 0.1700539127975514,
                "-8.5": 0.0,
                "-9.0": 0.0
            },
            "Qs_in": 0.0974379690019118,
            "Qs_out_bed": 0.0,
            "Qs_out_wall": 0.0,
            "D50": 0.16780063179123983,
            "D84": 0.2687786275611915
        },
        "downstream": {
            "flow_scale": 0.835,
            "elevation": 1742.3764639000708,
            "length": 65,
            "bankfull_width": 6,
            "lwd_factor": null,
            "gsd": {
                "1.0": 0.0,
                "0.0": 0.0,
                "-1.0": 0.0,
                "-2.0": 0.0,
                "-2.5": 4.0909566208493345e-14,
                "-3.0": 2.023082238507945e-05,
                "-3.5": 0.0,
                "-4.0": 0.0,
                "-4.5": 0.0,
                "-5.0": 0.00069812242504577,
                "-5.5": 0.007904002866469674,
                "-6.0": 0.02500726883309595,
                "-6.5": 0.5560959748894283,
                "-7.0": 0.2893909613370452,
                "-7.5": 0.11997750245111112,
                "-8.0": 0.000574496238044735,
                "-8.5": 0.00024463438707946844,
                "-9.0": 8.680575025394884e-05
            },
            "Qs_in": 0.0,
            "Qs_out": 0.4134160845089129,
            "D50": 0.0007071067811865476,
            "D84": 0.001088284767874106
        }
    },
    "dep_masses": {
        "deposit_upstream": {
            "1.0": 2.953317206927027,
            "0.0": 29.957546804470823,
            "-1.0": 6.156764893952514,
            "-2.0": 7.153257978782495,
            "-2.5": 19.216318700073813,
            "-3.0": 78.25316771377031,
            "-3.5": 53.847824707519266,
            "-4.0": 224.50804974216226,
            "-4.5": 635.0046576150263,
            "-5.0": 2239.6486051666325,
            "-5.5": 6321.8718996772905,
            "-6.0": 16070.25286230944,
            "-6.5": 59433.9304943986,
            "-7.0": 125074.22832992209,
            "-7.5": 518509.95251613494,
            "-8.0": 181046.28643002163,
            "-8.5": 0,
            "-9.0": 0
        },
        "deposit_downstream": {
            "1.0": 0.5914320172205743,
            "0.0": 0.6340804724381266,
            "-1.0": 0.5552265150087738,
            "-2.0": 0.016204069325436644,
            "-2.5": 1.9692751801290997,
            "-3.0": 0.21937749508836032,
            "-3.5": 4.8577828301422254,
            "-4.0": 0.0,
            "-4.5": 0.0,
            "-5.0": 19.591986567405147,
            "-5.5": 38.47472818373077,
            "-6.0": 91.5184829276247,
            "-6.5": 2232.9160830557034,
            "-7.0": 8113.201036448315,
            "-7.5": 304793.50600172573,