{
    "timestep": "2015-05-21 16:00",
    "deposit_mass": 2401711,
    "reaches": {
        "upstream": {
            "flow_scale": 0.78,
            "elevation": 1746.1571280257995,
            "length": 50,
            "bankfull_width": 6,
            "lwd_factor": null,
            "gsd": {
                "1.0": 8.457987734658125e-06,
                "0.0": 1.4886447537265936e-06,
                "-1.0": 1.5802037946017045e-07,
                "-2.0": 0.0059304216629748755,
                "-2.5": 0.00995505141298919,
                "-3.0": 0.00488852316930497,
                "-3.5": 0.0,
                "-4.0": 0.12534829615356402,
                "-4.5": 0.05359967062166585,
                "-5.0": 0.15324237540577265,
                "-5.5": 0.6409977008983558,
                "-6.0": 0.0019362774249794274,
                "-6.5": 0.0016097573595494068,
                "-7.0": 0.0013208610053750936,
                "-7.5": 0.0006758830983777161,
                "-8.0": 0.00031442672966306285,
                "-8.5": 0.00010346520591467472,
                "-9.0": 6.71851986454414e-05
            },
            "Qs_in": 0.13923931339791656,
            "Qs_out": 0.2703211010145571,
            "D50": 0.0007071067811865476,
            "D84": 0.04415365856609075
        },
        "deposit_upstream": {
            "flow_scale": 0.79,
            "elevation": 1745.7611505004973,
            "length": 55,
            "width": 3.229814894880568,
            "bankfull_width": 6,
            "lwd_factor": null,
            "gsd_bed": {
                "1.0": 0.8073171289694796,
                "0.0": 0.16389644662444178,
                "-1.0": 0.01735586408420719,
                "-2.0": 9.25046272961166e-06,
                "-2.5": 8.950279051889278e-06,
                "-3.0": 4.087674075779765e-06,
                "-3.5": 1.3860170125527645e-05,
                "-4.0": 1.027047967326604e-05,
                "-4.5": 9.22594822606706e-06,
                "-5.0": 1.0920219741673588e-05,
                "-5.5": 8.423636487960701e-05,
                "-6.0": 2.51563674154403e-05,
                "-6.5": 0.002707677161233301,
                "-7.0": 0.00322935413966321,
                "-7.5": 0.004733255462665809,
                "-8.0": 0.0005843155923901128,
                "-8.5": 0.0,
                "-9.0": 0.0
            },
            "gsd_wall": {
                "1.0": 0.3061478972169302,
                "0.0": 0.13641995330720144,
                "-1.0": 0.10081865731279616,
                "-2.0": 0.08535735448442876,
                "-2.5": 0.13411260581864543,
                "-3.0": 0.03532324043898844,
                "-3.5": 0.09283878687186885,
                "-4.0": 0.04635582613213653,
                "-4.5": 0.03142836921866169,
                "-5.0": 0.004141314173834862,
                "-5.5": 0.004220238041638504,
                "-6.0": 0.003822965052880685,
                "-6.5": 0.005046138159247398,
                "-7.0": 0.0052760974214150335,
                "-7.5": 0.007731096719389005,
                "-8.0": 0.0009594596299366742,
                "-8.5": 0.0,
                "-9.0": 0.0
            },
            "Qs_in": 0.2703211010145571,
            "Qs_out_bed": 0.04620497395267195,
            "Qs_out_wall": 0.0,
            "D50": 0.13281756177462523,
            "D84": 0.19922634266193784
        },
        "deposit_downstream": {
            "flow_scale": 0.83,
            "elevation": 1743.907348246499,
            "length": 47,
            "width": 7.396593635002913,
            "bankfull_width": 7.5,
            "lwd_factor": 1,
            "gsd_bed": {
                "1.0": 0.9933235947083113,
                "0.0": 3.430904880768011e-10,
                "-1.0": 7.722926031858808e-06,
                "-2.0": 2.957612763163066e-06,
                "-2.5": 3.4259712444851442e-06,
                "-3.0": 3.268776961396382e-06,
                "-3.5": 3.1189969927650247e-06,
                "-4.0": 1.7868590994307099e-06,
                "-4.5": 2.994635684738353e-07,
                "-5.0": 3.0435835572440725e-06,
                "-5.5": 0.0,
                "-6.0": 2.920749195009279e-07,
                "-6.5": 3.6044640359470553e-06,
                "-7.0": 3.560655041872915e-05,
                "-7.5": 0.0,
                "-8.0": 0.006611277669005068,
                "-8.5": 0.0,
                "-9.0": 0.0
            },
            "gsd_wall": {
                "1.0": 0.11738619646795634,
                "0.0": 0.5297824034191382,
                "-1.0": 0.2570553814246253,
                "-2.0": 0.038123562248496105,
                "-2.5": 0.02911325351110795,
                "-3.0": 1.5399696791624846e-05,
                "-3.5": 0.018819555803152498,
                "-4.0": 0.008624252062550814,
                "-4.5": 0.0003125732684193259,
                "-5.0": 0.00032699086650638925,
                "-5.5": 7.736234713073049e-07,
                "-6.0": 1.1134319775632003e-07,
                "-6.5": 2.585877092026508e-06,
                "-7.0": 1.0745487334484168e-05,
                "-7.5": 6.618769652057241e-07,
                "-8.0": 0.00042555302319467525,
                "-8.5": 0.0,
                "-9.0": 0.0
            },
            "Qs_in": 0.04620497395267195,
            "Qs_out_bed": 0.1313941359022305,
            "Qs_out_wall": 0.27419605422761156,
            "D50": 0.0007018611962946479,
            "D84": 0.0010527917944419718
        },
        "downstream": {
            "flow_scale": 0.835,
            "elevation": 1742.1421494029707,
            "length": 65,
            "bankfull_width": 6,
            "lwd_factor": null,
            "gsd": {
                "1.0": 0.09958215202445378,
                "0.0": 0.7756359006525357,
                "-1.0": 0.10624417102602035,
                "-2.0": 3.0553913315918685e-06,
                "-2.5": 0.0,
                "-3.0": 1.8348218997828108e-06,
                "-3.5": 5.610166319128886e-06,
                "-4.0": 7.731158901436452e-06,
                "-4.5": 1.831779525718952e-05,
                "-5.0": 0.0,
                "-5.5": 8.234360545770603e-06,
                "-6.0": 0.0015987788463679331,
                "-6.5": 0.00054571227996536,
                "-7.0": 0.007738830659766719,
                "-7.5": 0.006688666088625248,
                "-8.0": 0.0019034138853680155,
                "-8.5": 1.2983717188022065e-05,
                "-9.0": 4.607125453790959e-06
            },
            "Qs_in": 0.4055901901298421,
            "Qs_out": 0.0,
            "D50": 0.12710999919969462,
            "D84": 0.19066499879954193
        }
    },
    "dep_masses": {
        "deposit_upstream": {
            "1.0": 12.210324122291883,
            "0.0": 25.843927374687397,
            "-1.0": 65.91941452343958,
            "-2.0": 141.10101247463618,
            "-2.5": 386.14306709838866,
            "-3.0": 121.45402529859747,
            "-3.5": 3014.1413488241906,
            "-4.0": 2441.2731052996014,
            "-4.5": 7966.789121111935,
            "-5.0": 3503.9155839236405,
            "-5.5": 3766.2309962083527,
            "-6.0": 9571.16726510059,
            "-6.5": 37076.95388980889,
            "-7.0": 125074.22832992209,
            "-7.5": 518509.95251613494,
            "-8.0": 181046.28643002163,
            "-8.5": 0.0,
            "-9.0": 0.0
        },
        "deposit_downstream": {
            "1.0": 3.3171657200863187,
            "0.0": 0.0,
            "-1.0": 21.39751753424609,
            "-2.0": 66.04577388777855,
            "-2.5": 107.27486760256716,
            "-3.0": 1.454423197953622,
            "-3.5": 508.57358348632664,
            "-4.0": 598.799076328816,
            "-4.5": 38.026989533889584,
            "-5.0": 160.9149684758119,
            "-5.5": 0,
            "-6.0": 10.784337188320421,
            "-6.5": 0,
            "-7.0": 257.08048823412406,