{
    "timestep": "2012-06-02 12:00",
    "deposit_mass": 2401711,
    "reaches": {
        "upstream": {
            "flow_scale": 0.78,
            "elevation": 1746.1322895292226,
            "length": 50,
            "bankfull_width": 6,
            "lwd_factor": null,
            "gsd": {
                "1.0": 0.0,
                "0.0": 0.34162186458875576,
                "-1.0": 0.062156731401395236,
                "-2.0": 0.00028243059849514935,
                "-2.5": 0.003109959796030343,
                "-3.0": 0.0059530374617133225,
                "-3.5": 0.046525721491330295,
                "-4.0": 0.0019518389870626374,
                "-4.5": 0.014360588856544738,
                "-5.0": 0.43609693516188686,
                "-5.5": 0.08365843190337598,
                "-6.0": 0.001375618480755257,
                "-6.5": 0.0011436439555464035,
                "-7.0": 0.000938399005260844,
                "-7.5": 0.0004801777209017981,
                "-8.0": 0.00022338287612533325,
                "-8.5": 7.350633103268103e-05,
                "-9.0": 4.7731383787380735e-05
            },
            "Qs_in": 0.4970156657611725,
            "Qs_out": 0.17581343434441385,
            "D50": 0.0007071067811865476,
            "D84": 0.031317371522638776
        },
        "deposit_upstream": {
            "flow_scale": 0.79,
            "elevation": 1745.7951483145862,
            "length": 55,
            "width": 3.027264377677176,
            "bankfull_width": 6,
            "lwd_factor": null,
            "gsd_bed": {
                "1.0": 0.997620014602836,
                "0.0": 1.198975043573782e-05,
                "-1.0": 1.3342979308656418e-06,
                "-2.0": 4.358075860779117e-08,
                "-2.5": 1.6100202805849395e-08,
                "-3.0": 1.1157727281225262e-07,
                "-3.5": 2.989309197236899e-08,
                "-4.0": 1.0848125042383959e-07,
                "-4.5": 5.416508794497097e-07,
                "-5.0": 1.0341884101899471e-05,
                "-5.5": 1.744086332306431e-05,
                "-6.0": 1.5746444337084093e-05,
                "-6.5": 0.0002775284945898104,
                "-7.0": 0.0007723280807599372,
                "-7.5": 0.0011324624265710002,
                "-8.0": 0.00013996187165826957,
                "-8.5": 0.0,
                "-9.0": 0.0
            },
            "gsd_wall": {
                "1.0": 0.46022590979206146,
                "0.0": 0.4662859886487025,
                "-1.0": 0.05176899922769059,
                "-2.0": 0.0019973427086851067,
                "-2.5": 0.0022433646720582826,
                "-3.0": 0.003360426584632252,
                "-3.5": 0.0014577431484777102,
                "-4.0": 0.0013128458819353778,
                "-4.5": 0.001274873760310886,
                "-5.0": 0.0015846479167683297,
                "-5.5": 0.001585723256895655,
                "-6.0": 0.00141708854857897,
                "-6.5": 0.001820538044015633,
                "-7.0": 0.0013900034450628615,
                "-7.5": 0.002022648245482687,
                "-8.0": 0.0002518561186414799,
                "-8.5": 0.0,
                "-9.0": 0.0
            },
            "Qs_in": 0.17581343434441385,
            "Qs_out_bed": 0.7918471038485708,
            "Qs_out_wall": 0.08549186240960993,
            "D50": 0.0007340248299673123,
            "D84": 0.0020061273186809028
        },
        "deposit_downstream": {
            "flow_scale": 0.83,
            "elevation": 1744.032903097225,
            "length": 47,
            "width": 6.633643764482589,
            "bankfull_width": 7.5,
            "lwd_factor": 1,
            "gsd_bed": {
                "1.0": 0.0,
                "0.0": 0.7711896943958916,
                "-1.0": 0.22118802278926503,
                "-2.0": 4.6193019713974115e-07,
                "-2.5": 1.6003372926745543e-07,
                "-3.0": 8.283652366463216e-07,
                "-3.5": 8.238507914850595e-07,
                "-4.0": 3.1526721791978113e-11,
                "-4.5": 0.0,
                "-5.0": 8.139945578029011e-08,
                "-5.5": 1.9732959970289159e-07,
                "-6.0": 5.015342189588605e-07,
                "-6.5": 7.605249467938209e-06,
                "-7.0": 0.0002652170184272892,
                "-7.5": 0.003929855341575633,
                "-8.0": 0.0034165507306166726,
                "-8.5": 0.0,
                "-9.0": 0.0
            },
            "gsd_wall": {
                "1.0": 0.5136249916001405,
                "0.0": 0.1508901327810097,
                "-1.0": 0.05206361631591216,
                "-2.0": 0.0004075115890928463,
                "-2.5": 8.684405980000198e-05,
                "-3.0": 0.0014099067988582604,
                "-3.5": 0.0004195305332721941,
                "-4.0": 0.00015146117666325115,
                "-4.5": 0.00011773124978575335,
                "-5.0": 0.0009644394610637053,
                "-5.5": 0.0013797155760648379,
                "-6.0": 0.0022567759200827066,
                "-6.5": 0.000617991278964824,
                "-7.0": 0.01108850846227577,
                "-7.5": 0.13916986995616737,
                "-8.0": 0.12535097324084593,
                "-8.5": 0.0,
                "-9.0": 0.0
            },
            "Qs_in": 0.8773389662581808,
            "Qs_out_bed": 0.20993197910398015,
            "Qs_out_wall": 0.0,
            "D50": 0.0007071067811865476,
            "D84": 0.0014142135623730952
        },
        "downstream": {
            "flow_scale": 0.835,
            "elevation": 1742.573253527728,
            "length": 65,
            "bankfull_width": 6,
            "lwd_factor": null,
            "gsd": {
                "1.0": 0.0,
                "0.0": 0.0,
                "-1.0": 0.0,
                "-2.0": 7.839795355419393e-05,
                "-2.5": 0.0,
                "-3.0": 0.0,
                "-3.5": 1.5101193069196022e-05,
                "-4.0": 2.9408065923119805e-08,
                "-4.5": 0.0002462668946589421,
                "-5.0": 0.00024529287651580876,
                "-5.5": 0.002595629816446951,
                "-6.0": 0.0022127236255144304,
                "-6.5": 0.10200379096823345,
                "-7.0": 0.15580299575678772,
                "-7.5": 0.7362479360757616,
                "-8.0": 0.0003499444199070314,
                "-8.5": 0.00014901479419116443,
                "-9.0": 5.287621729359302e-05
            },
            "Qs_in": 0.20993197910398015,
            "Qs_out": 22.431047611083258,
            "D50": 0.0007164854415561437,
            "D84": 0.0020810800974089367
        }
    },
    "dep_masses": {
        "deposit_upstream": {
            "1.0": 3.0802583961231784,
            "0.0": 24.871856742731364,
            "-1.0": 22.1433137469575,
            "-2.0": 0.8733662082091581,
            "-2.5": 0.0795926944303823,
            "-3.0": 2.263099209467524,
            "-3.5": 2.7965886840341305,
            "-4.0": 165.50493650265938,
            "-4.5": 629.7595546520196,
            "-5.0": 2221.6382724639075,
            "-5.5": 6271.960648360623,
            "-6.0": 15923.369013810796,
            "-6.5": 58051.08808098073,
            "-7.0": 125074.22832992209,
            "-7.5": 518509.95251613494,
            "-8.0": 181046.28643002163,
            "-8.5": 0,
            "-9.0": 0
        },
        "deposit_downstream": {
            "1.0": 1.4942781154775044,
            "0.0": 6.687459039019915,
            "-1.0": 8.837588196104699,
            "-2.0": 0.8425211995731904,
            "-2.5": 0.07686250584914855,
            "-3.0": 1.6215083258087777,
            "-3.5": 5.996722653024215,
            "-4.0": 0.00606660725311141,
            "-4.5": 0.0,
            "-5.0": 1.2056516002465987,
            "-5.5": 4.68706717357041,
            "-6.0": 33.6941500829683,
            "-6.5": 0.0,