{
    "timestep": "2012-04-03 02:00",
    "deposit_mass": 2401711,
    "reaches": {
        "upstream": {
            "flow_scale": 0.78,
            "elevation": 1746.1185,
            "length": 50,
            "bankfull_width": 6,
            "lwd_factor": null,
            "gsd": {
                "1.0": 0.004955892556252303,
                "0.0": 0.004955892556253418,
                "-1.0": 0.007037367429880457,
                "-2.0": 0.009317078005755645,
                "-2.5": 0.016850034690871686,
                "-3.0": 0.032015065912870344,
                "-3.5": 0.048964218455893355,
                "-4.0": 0.0653186638915176,
                "-4.5": 0.09654078699572692,
                "-5.0": 0.1252849638221333,
                "-5.5": 0.14411735553582955,
                "-6.0": 0.14282882347121723,
                "-6.5": 0.11874318564781557,
                "-7.0": 0.09743284765593074,
                "-7.5": 0.04985627911590531,
                "-8.0": 0.02319357716326441,
                "-8.5": 0.007632074536629639,
                "-9.0": 0.004955892556252536
            },
            "Qs_in": 0.0,
            "Qs_out": 0.0,
            "D50": 0.04543415634568291,
            "D84": 0.12766173715105908
        },
        "deposit_upstream": {
            "flow_scale": 0.79,
            "elevation": 1746.2987085926904,
            "length": 55,
            "width": 1.0000795891728422,
            "bankfull_width": 6,
            "lwd_factor": null,
            "gsd_bed": {
                "1.0": 1.734508077270277e-05,
                "0.0": 1.736619275410765e-05,
                "-1.0": 3.3356991209183525e-07,
                "-2.0": 0.00021948742659875172,
                "-2.5": 0.00021984542254253344,
                "-3.0": 5.7927524035290194e-05,
                "-3.5": 5.7925694893851837e-05,
                "-4.0": 8.758644227921179e-05,
                "-4.5": 8.758644227906199e-05,
                "-5.0": 0.00010922134037199832,
                "-5.5": 0.007396077896329185,
                "-6.0": 0.3445974186321321,
                "-6.5": 0.34459741863210064,
                "-7.0": 0.14286690131900553,
                "-7.5": 0.1428669013190104,
                "-8.0": 0.016800657064982516,
                "-8.5": 0.0,
                "-9.0": 0.0
            },
            "gsd_wall": {
                "1.0": 0.029616518204500345,
                "0.0": 0.9421651128519661,
                "-1.0": 0.01603600361089444,
                "-2.0": 0.0021749585091199353,
                "-2.5": 0.002174986097020166,
                "-3.0": 0.0005730915747742202,
                "-3.5": 0.000573091609026506,
                "-4.0": 0.0008665421317201557,
                "-4.5": 0.0008665421317180577,
                "-5.0": 0.0010805883953310974,
                "-5.5": 0.0010805773914408512,
                "-6.0": 0.0009701353844307957,
                "-6.5": 0.0009701353844307078,
                "-7.0": 0.000402209154043345,
                "-7.5": 0.00040220915404335825,
                "-8.0": 4.729841553986341e-05,
                "-8.5": 0.0,
                "-9.0": 0.0
            },
            "Qs_in": 0.0,
            "Qs_out_bed": 0.0,
            "Qs_out_wall": 0.004995132319207764,
            "D50": 0.09063262384498873,
            "D84": 0.13594893576748307
        },
        "deposit_downstream": {
            "flow_scale": 0.83,
            "elevation": 1743.7622241932622,
            "length": 47,
            "width": 1.5943090243006945,
            "bankfull_width": 7.5,
            "lwd_factor": 1,
            "gsd_bed": {
                "1.0": 0.49150974059238134,
                "0.0": 0.49150974059239533,
                "-1.0": 0.009374032971008042,
                "-2.0": 0.0012909582829994737,
                "-2.5": 0.0013297933534841442,
                "-3.0": 0.00035716860172138224,
                "-3.5": 0.0003571686017222302,
                "-4.0": 0.0005399685827662314,
                "-4.5": 0.000539968582766065,
                "-5.0": 0.0006734102185636636,
                "-5.5": 0.00067341021856362,
                "-6.0": 0.0006045894062108238,
                "-6.5": 0.0006045894062108168,
                "-7.0": 0.0002729688448840678,
                "-7.5": 0.0003206867469414519,
                "-8.0": 4.180499738164764e-05,
                "-8.5": 0.0,
                "-9.0": 0.0
            },
            "gsd_wall": {
                "1.0": 0.4914312171959932,
                "0.0": 0.49143121719597815,
                "-1.0": 0.00937348382010141,
                "-2.0": 0.001306135582406727,
                "-2.5": 0.0013493872216828566,
                "-3.0": 0.00036213061589399634,
                "-3.5": 0.00036213061589353404,
                "-4.0": 0.0005479659280134572,
                "-4.5": 0.0005479659280135395,
                "-5.0": 0.0006823493014040773,
                "-5.5": 0.0006823493014040974,
                "-6.0": 0.0006125826906238924,
                "-6.5": 0.0006125826906238954,
                "-7.0": 0.0002986781879545135,
                "-7.5": 0.00035228318289693604,
                "-8.0": 4.7540541115785354e-05,
                "-8.5": 0.0,
                "-9.0": 0.0
            },
            "Qs_in": 0.004995132319207764,
            "Qs_out_bed": 2609.87564689444,
            "Qs_out_wall": 0.3437699692410591,
            "D50": 0.0007531343403224065,
            "D84": 0.0011297015104836097
        },
        "downstream": {
            "flow_scale": 0.835,
            "elevation": 1741.8254940700808,
            "length": 65,
            "bankfull_width": 6,
            "lwd_factor": null,
            "gsd": {
                "1.0": 0.4742757632729455,
                "0.0": 0.4754028912478529,
                "-1.0": 0.009045474496552826,
                "-2.0": 0.0010844624086697764,
                "-2.5": 0.001117239766852232,
                "-3.0": 0.0002998761908768503,
                "-3.5": 0.0002998761908776686,
                "-4.0": 0.00045341255109095725,
                "-4.5": 0.004749533400024049,
                "-5.0": 0.008549938389245422,
                "-5.5": 0.008556188502018306,
                "-6.0": 0.007675445068094913,
                "-6.5": 0.007675359827371124,
                "-7.0": 0.0007707553798520956,
                "-7.5": 4.339804645226587e-05,
                "-8.0": 2.443119951045532e-07,
                "-8.5": 1.0403395395935508e-07,
                "-9.0": 3.691527398557406e-08
            },
            "Qs_in": 2610.2194168636806,
            "Qs_out": 0.0,
            "D50": 0.04616409136055288,
            "D84": 0.08996189626320901
        }
    },
    "dep_masses": {
        "deposit_upstream": {
            "1.0": 23.554426200670374,
            "0.0": 188.86007100833226,
            "-1.0": 29.10159613796279,
            "-2.0": 31.576376718587174,
            "-2.5": 89.5628121741801,
            "-3.0": 66.74830681817753,
            "-3.5": 188.78676014244476,
            "-4.0": 807.3877583622934,
            "-4.5": 2283.6374359399338,
            "-5.0": 8054.57747784535,
            "-5.5": 22736.69519840111,
            "-6.0": 58022.36141290611,
            "-6.5": 164112.0208620904,
            "-7.0": 192444.27344067078,
            "-7.5": 544314.6030016665,
            "-8.0": 181046.28643002163,
            "-8.5": 0,
            "-9.0": 0
        },
        "deposit_downstream": {
            "1.0": 20.201849737952315,
            "0.0": 161.6147979036163,
            "-1.0": 24.658701167148664,
            "-2.0": 27.48365770012646,
            "-2.5": 80.18887006689118,
            "-3.0": 60.91602361318784,
            "-3.5": 172.29653351904844,
            "-4.0": 736.8148588718225,
            "-4.5": 2084.0271327493647,
            "-5.0": 7349.978215594442,
            "-5.5": 20788.87775128149,
            "-6.0": 52790.07008540327,