{
    "timestep": "2012-04-21 20:00",
    "deposit_mass": 2401711,
    "reaches": {
        "upstream": {
            "flow_scale": 0.78,
            "elevation": 1746.1185000009941,
            "length": 50,
            "bankfull_width": 6,
            "lwd_factor": null,
            "gsd": {
                "1.0": 0.7393276412510694,
                "0.0": 0.001298298429878595,
                "-1.0": 0.001843583770429154,
                "-2.0": 0.002440801048169739,
                "-2.5": 0.0044142146605836855,
                "-3.0": 0.008387007855660262,
                "-3.5": 0.012827188487482731,
                "-4.0": 0.017111573306051165,
                "-4.5": 0.025290853413803733,
                "-5.0": 0.032820984307451624,
                "-5.5": 0.03775451834081872,
                "-6.0": 0.03741696074908461,
                "-6.5": 0.03110723037984912,
                "-7.0": 0.025524547131383836,
                "-7.5": 0.013060882204568133,
                "-8.0": 0.0060760366518277245,
                "-8.5": 0.00199937958201141,
                "-9.0": 0.0012982984298763258
            },
            "Qs_in": 0.0006243915399009732,
            "Qs_out": 0.0,
            "D50": 0.04543415634574089,
            "D84": 0.1276617371510833
        },
        "deposit_upstream": {
            "flow_scale": 0.79,
            "elevation": 1746.2987085926904,
            "length": 55,
            "width": 1.0003423937542404,
            "bankfull_width": 6,
            "lwd_factor": null,
            "gsd_bed": {
                "1.0": 1.734508077268325e-05,
                "0.0": 1.7366192754122938e-05,
                "-1.0": 3.3356991209238365e-07,
                "-2.0": 0.00021948742659877725,
                "-2.5": 0.00021984542249783225,
                "-3.0": 5.7927524026930995e-05,
                "-3.5": 5.7925694895047576e-05,
                "-4.0": 8.758644228044423e-05,
                "-4.5": 8.758644227842059e-05,
                "-5.0": 0.00010922134037245378,
                "-5.5": 0.0073960778963267065,
                "-6.0": 0.3445974186322947,
                "-6.5": 0.34459741863198745,
                "-7.0": 0.14286690131898389,
                "-7.5": 0.14286690131903154,
                "-8.0": 0.016800657064986943,
                "-8.5": 0.0,
                "-9.0": 0.0
            },
            "gsd_wall": {
                "1.0": 0.2908069019859526,
                "0.0": 0.6875953701531381,
                "-1.0": 0.012273609529456367,
                "-2.0": 0.0016646660933357998,
                "-2.5": 0.0016646872081779013,
                "-3.0": 0.00043863186758045456,
                "-3.5": 0.00043863189386876414,
                "-4.0": 0.0006632325624111606,
                "-4.5": 0.0006632325623953673,
                "-5.0": 0.0008270589324000364,
                "-5.5": 0.000827050510257252,
                "-6.0": 0.0007425205922945398,
                "-6.5": 0.0007425205922938766,
                "-7.0": 0.0003078421672678094,
                "-7.5": 0.0003078421672679124,
                "-8.0": 3.6201181901896325e-05,
                "-8.5": 0.0,
                "-9.0": 0.0
            },
            "Qs_in": 0.0,
            "Qs_out_bed": 0.0,
            "Qs_out_wall": 0.14413304379348035,
            "D50": 0.09063262384499252,
            "D84": 0.13594893576748876
        },
        "deposit_downstream": {
            "flow_scale": 0.83,
            "elevation": 1744.4868709081302,
            "length": 47,
            "width": 3.7997123391926357,
            "bankfull_width": 7.5,
            "lwd_factor": 1,
            "gsd_bed": {
                "1.0": 0.08953956005160711,
                "0.0": 0.11790673884798773,
                "-1.0": 0.0,
                "-2.0": 0.0,
                "-2.5": 0.0,
                "-3.0": 0.0,
                "-3.5": 0.0,
                "-4.0": 0.0,
                "-4.5": 0.0,
                "-5.0": 0.0,
                "-5.5": 0.0,
                "-6.0": 0.0,
                "-6.5": 0.10709575799072392,
                "-7.0": 0.09432240638053055,
                "-7.5": 0.5224037142021262,
                "-8.0": 0.06873182252702462,
                "-8.5": 0.0,
                "-9.0": 0.0
            },
            "gsd_wall": {
                "1.0": 0.19021678831262548,
                "0.0": 0.23200904682838203,
                "-1.0": 8.859134695313699e-05,
                "-2.0": 4.897540979568197e-05,
                "-2.5": 4.940402065523846e-05,
                "-3.0": 5.638912520837128e-08,
                "-3.5": 5.638550177766894e-08,
                "-4.0": 2.691031202739465e-05,
                "-4.5": 2.6910312734416493e-05,
                "-5.0": 8.09330510937817e-05,
                "-5.5": 8.093305127954996e-05,
                "-6.0": 7.287171669503917e-05,
                "-6.5": 0.16511138586681867,
                "-7.0": 0.14266571217228663,
                "-7.5": 0.23770274603168884,
                "-8.0": 0.03181867879233705,
                "-8.5": 0.0,
                "-9.0": 0.0
            },
            "Qs_in": 0.14413304379348035,
            "Qs_out_bed": 0.14425226245614808,
            "Qs_out_wall": 0.0,
            "D50": 0.1656199131678346,
            "D84": 0.24842986975175188
        },
        "downstream": {
            "flow_scale": 0.835,
            "elevation": 1742.104561273148,
            "length": 65,
            "bankfull_width": 6,
            "lwd_factor": null,
            "gsd": {
                "1.0": 0.2524905779370734,
                "0.0": 0.4377746215177513,
                "-1.0": 7.435397335056453e-07,
                "-2.0": 2.0535255593659114e-06,
                "-2.5": 2.0271133600666486e-06,
                "-3.0": 5.355514127235442e-07,
                "-3.5": 5.38432535560346e-07,
                "-4.0": 9.140869607050188e-07,
                "-4.5": 0.0003991032345668365,
                "-5.0": 0.0004107526728748603,
                "-5.5": 0.10581117450851187,
                "-6.0": 0.0768835364524163,
                "-6.5": 0.07903320758395731,
                "-7.0": 0.04704642616954527,
                "-7.5": 0.00013425871096736316,
                "-8.0": 6.042756880819214e-06,
                "-8.5": 2.5731519684805904e-06,
                "-9.0": 9.130539242992197e-07
            },
            "Qs_in": 0.14425226245614808,
            "Qs_out": 0.015609788497524287,
            "D50": 0.0668771672485167,
            "D84": 0.10031575087277504
        }
    },
    "dep_masses": {
        "deposit_upstream": {
            "1.0": 22.519448641800516,
            "0.0": 180.2534580223363,
            "-1.0": 29.10159613796279,
            "-2.0": 31.576376718587174,
            "-2.5": 89.5628121741801,
            "-3.0": 66.74830681817753,
            "-3.5": 188.78676014244476,
            "-4.0": 807.3877583622934,
            "-4.5": 2283.6374359399338,
            "-5.0": 8054.57747784535,
            "-5.5": 22736.69519840111,
            "-6.0": 58022.36141290611,
            "-6.5": 164112.0208620904,
            "-7.0": 192444.27344067078,
            "-7.5": 544314.6030016665,
            "-8.0": 181046.28643002163,
            "-8.5": 0,
            "-9.0": 0
        },
        "deposit_downstream": {
            "1.0": 0.01194908406598387,
            "0.0": 0.1146336068125235,
            "-1.0": 0,
            "-2.0": 0,
            "-2.5": 0,
            "-3.0": 0,
            "-3.5": 0,
            "-4.0": 0,
            "-4.5": 0,
            "-5.0": 0,
            "-5.5": 0,
            "-6.0": 0,
            "-6.5": 60160.235876836756,
            "-7.0": 149352.61276484246,
            "-7.5": 682965.4274070758,
            "-8.0": 252594.96140738425,
            "-8.5": 0,
            "-9.0": 0
        }
    },
    "sed_masses": {
        "upstream": {
            "1.0": 0.0006329555266162754,