{
    "timestep": "2001-04-05 05:00",
    "deposit_mass": 12150000,
    "reaches": {
        "upstream": {
            "flow_scale": 0.658,
            "elevation": 1579.594,
            "length": 120,
            "bankfull_width": 10.5,
            "lwd_factor": null,
            "gsd": {
                "1.0": 0.0030096308186209333,
                "0.0": 0.0030096308186222864,
                "-1.0": 0.0030096308186227942,
                "-2.0": 0.005016051364369644,
                "-2.5": 0.010032102728281186,
                "-3.0": 0.01585072231089424,
                "-3.5": 0.032604333868552784,
                "-4.0": 0.04664927768878372,
                "-4.5": 0.07574237560185483,
                "-5.0": 0.104935794542708,
                "-5.5": 0.1379414125201509,
                "-6.0": 0.15258828250413617,
                "-6.5": 0.13904494382031213,
                "-7.0": 0.12479935794550844,
                "-7.5": 0.0773475120385801,
                "-8.0": 0.042034510433418854,
                "-8.5": 0.018358747993592984,
                "-9.0": 0.008025682182989956
            },
            "Qs_in": 0.0,
            "Qs_out": 0.0,
            "D50": 0.06363388215270928,
            "D84": 0.12960481742790347
        },
        "deposit_upstream": {
            "flow_scale": 0.659,
            "elevation": 1580.4997097657063,
            "length": 118,
            "width": 1.000005789918585,
            "bankfull_width": 10.5,
            "lwd_factor": null,
            "gsd_bed": {
                "1.0": 0.3457971101537167,
                "0.0": 0.34579711015371406,
                "-1.0": 0.06824643940428307,
                "-2.0": 0.014593888953254204,
                "-2.5": 0.015544627118229381,
                "-3.0": 0.013662964118042121,
                "-3.5": 0.013767500951391365,
                "-4.0": 0.016454097568329287,
                "-4.5": 0.016436107839407466,
                "-5.0": 0.03473093689581338,
                "-5.5": 0.03473093689577824,
                "-6.0": 0.028162759112426418,
                "-6.5": 0.028162759112421516,
                "-7.0": 0.007027636960571156,
                "-7.5": 0.007027636960571626,
                "-8.0": 0.004667687550335221,
                "-8.5": 0.004667687550335102,
                "-9.0": 0.0005221127013796647
            },
            "gsd_wall": {
                "1.0": 0.35006312610173596,
                "0.0": 0.350063126101892,
                "-1.0": 0.06908837934640616,
                "-2.0": 0.014773930258376599,
                "-2.5": 0.01487413367757926,
                "-3.0": 0.01307363329983418,
                "-3.5": 0.013173661099096352,
                "-4.0": 0.015744375527674322,
                "-4.5": 0.015744514697684325,
                "-5.0": 0.03326953995211766,
                "-5.5": 0.03326953995208403,
                "-6.0": 0.026977735793982768,
                "-6.5": 0.02697773579397789,
                "-7.0": 0.006731930363124924,
                "-7.5": 0.006731930363125373,
                "-8.0": 0.004471282128257237,
                "-8.5": 0.004471282128257132,
                "-9.0": 0.0005001434147937668
            },
            "Qs_in": 0.0,
            "Qs_out_bed": 0.7425864783622318,
            "Qs_out_wall": 0.01940702481968707,
            "D50": 0.0008473457527984807,
            "D84": 0.02261760742658368
        },
        "deposit_downstream": {
            "flow_scale": 0.66,
            "elevation": 1579.1930808798686,
            "length": 120,
            "width": 1.4461011320369854,
            "bankfull_width": 12,
            "lwd_factor": null,
            "gsd_bed": {
                "1.0": 0.33750564798784305,
                "0.0": 0.33750564798782917,
                "-1.0": 0.06660918938080974,
                "-2.0": 0.014242577247750446,
                "-2.5": 0.014339016680836387,
                "-3.0": 0.012603106886347672,
                "-3.5": 0.012699546319330748,
                "-4.0": 0.016710919785272282,
                "-4.5": 0.01850596870367113,
                "-5.0": 0.03910472374670676,
                "-5.5": 0.03910472374670637,
                "-6.0": 0.03199022557022419,
                "-6.5": 0.03196588242950316,
                "-7.0": 0.007972629697430785,
                "-7.5": 0.007972629697431137,
                "-8.0": 0.0052899652516939155,
                "-8.5": 0.005289965251693819,
                "-9.0": 0.0005876336289191953
            },
            "gsd_wall": {
                "1.0": 0.34019876086839623,
                "0.0": 0.34019876086853457,
                "-1.0": 0.067152682023679,
                "-2.0": 0.01437573996689936,
                "-2.5": 0.014472935071371686,
                "-3.0": 0.01272342318021474,
                "-3.5": 0.012820618285722887,
                "-4.0": 0.015792674168782793,
                "-4.5": 0.017470358323231374,
                "-5.0": 0.03691163372766299,
                "-5.5": 0.036911633727629796,
                "-6.0": 0.029946437415201945,
                "-6.5": 0.032978452372794335,
                "-7.0": 0.008235429498371295,
                "-7.5": 0.008235429498371763,
                "-8.0": 0.005478041539144514,
                "-8.5": 0.005478041539144396,
                "-9.0": 0.0006189479248464243
            },
            "Qs_in": 0.7619935031819188,
            "Qs_out_bed": 353.3047012457947,
            "Qs_out_wall": 1.2093635387082655,
            "D50": 0.0008544104880295237,
            "D84": 0.0318649982470202
        },
        "downstream": {
            "flow_scale": 0.689,
            "elevation": 1572.825423465721,
            "length": 145,
            "bankfull_width": 12,
            "lwd_factor": null,
            "gsd": {
                "1.0": 0.005,
                "0.0": 0.005,
                "-1.0": 0.005,
                "-2.0": 0.005,
                "-2.5": 0.019793754249725536,
                "-3.0": 0.07549914039503311,
                "-3.5": 0.12897052375183163,
                "-4.0": 0.10975097190108213,
                "-4.5": 0.07844191568671435,
                "-5.0": 0.1978307807942587,
                "-5.5": 0.1978307807942587,
                "-6.0": 0.11281526595680672,
                "-6.5": 0.010804333592755599,
                "-7.0": 0.010776820221323053,
                "-7.5": 0.010596263434781596,
                "-8.0": 0.00956256856366024,
                "-8.5": 0.00866344032888439,
                "-9.0": 0.008663440328884142
            },
            "Qs_in": 354.514064784503,
            "Qs_out": 0.377320549269775,
            "D50": 0.031143817639273468,
            "D84": 0.06403852213130384
        }
    }
}