{
    "timestep": "2006-04-27 14:00",
    "deposit_mass": 12150000,
    "reaches": {
        "upstream": {
            "flow_scale": 0.658,
            "elevation": 1580.1037268721802,
            "length": 120,
            "bankfull_width": 10.5,
            "lwd_factor": null,
            "gsd": {
                "1.0": 0.8375618251389393,
                "0.0": 0.08243817486105973,
                "-1.0": 0.005,
                "-2.0": 0.005,
                "-2.5": 0.005,
                "-3.0": 0.005,
                "-3.5": 0.005,
                "-4.0": 0.005,
                "-4.5": 0.005,
                "-5.0": 0.005,
                "-5.5": 0.005,
                "-6.0": 0.005,
                "-6.5": 0.005,
                "-7.0": 0.005,
                "-7.5": 0.005,
                "-8.0": 0.005,
                "-8.5": 0.005,
                "-9.0": 0.005
            },
            "Qs_in": 0.05681963013098843,
            "Qs_out": 0.0,
            "D50": 0.0007071067811865476,
            "D84": 0.0011138234752018378
        },
        "deposit_upstream": {
            "flow_scale": 0.659,
            "elevation": 1580.3459035049798,
            "length": 118,
            "width": 1.6743165609300383,
            "bankfull_width": 10.5,
            "lwd_factor": null,
            "gsd_bed": {
                "1.0": 0.027282057951709748,
                "0.0": 0.027282057953003945,
                "-1.0": 0.005231653646047384,
                "-2.0": 0.0005000000000022113,
                "-2.5": 0.0012138242199191576,
                "-3.0": 0.002447502959357977,
                "-3.5": 0.006160903290492767,
                "-4.0": 0.014935108274917392,
                "-4.5": 0.03086750538739009,
                "-5.0": 0.08661334966136906,
                "-5.5": 0.14699324976257389,
                "-6.0": 0.19999790729972164,
                "-6.5": 0.1999979072970073,
                "-7.0": 0.06947062937824851,
                "-7.5": 0.06947062937872987,
                "-8.0": 0.04913188585259683,
                "-8.5": 0.04913188585247299,
                "-9.0": 0.013271941834439102
            },
            "gsd_wall": {
                "1.0": 6.376744914385616e-05,
                "0.0": 6.376745405799037e-05,
                "-1.0": 0.00014923727717944499,
                "-2.0": 0.0032043249001520117,
                "-2.5": 0.008574304757438568,
                "-3.0": 0.012737395385929459,
                "-3.5": 0.021998553345262843,
                "-4.0": 0.03266420499120837,
                "-4.5": 0.045039461976835435,
                "-5.0": 0.11206799307786451,
                "-5.5": 0.1591375178164235,
                "-6.0": 0.17746865989018887,
                "-6.5": 0.2304797680052759,
                "-7.0": 0.05771908943193308,
                "-7.5": 0.05771908943248739,
                "-8.0": 0.03820333694748476,
                "-8.5": 0.03820333694735134,
                "-9.0": 0.00450619091378263
            },
            "Qs_in": 0.0,
            "Qs_out_bed": 0.0,
            "Qs_out_wall": 0.0,
            "D50": 0.06468141620150845,
            "D84": 0.18053746281409744
        },
        "deposit_downstream": {
            "flow_scale": 0.66,
            "elevation": 1578.8161257292638,
            "length": 120,
            "width": 4.614135232400317,
            "bankfull_width": 12,
            "lwd_factor": null,
            "gsd_bed": {
                "1.0": 0.0005,
                "0.0": 0.0005,
                "-1.0": 0.0005764404977758167,
                "-2.0": 0.0005764404977755117,
                "-2.5": 0.0005935637576741529,
                "-3.0": 0.0005935637576864393,
                "-3.5": 0.0005935637577207741,
                "-4.0": 0.0005935637577194053,
                "-4.5": 0.0005935637577149538,
                "-5.0": 0.0005935637577173493,
                "-5.5": 0.0005935637577164074,
                "-6.0": 0.0005935639275498661,
                "-6.5": 0.19982001801621393,
                "-7.0": 0.1932249728454427,
                "-7.5": 0.19982001801621393,
                "-8.0": 0.19982001801621393,
                "-8.5": 0.19982001801621393,
                "-9.0": 0.000593563862651013
            },
            "gsd_wall": {
                "1.0": 2.4230109780641365e-09,
                "0.0": 2.4230109781484614e-09,
                "-1.0": 2.42301097818046e-09,
                "-2.0": 2.4230109781164185e-09,
                "-2.5": 2.5774372532472337e-09,
                "-3.0": 2.572988283095243e-09,
                "-3.5": 2.5729882967479073e-09,
                "-4.0": 2.57298829620321e-09,
                "-4.5": 2.5774372692524105e-09,
                "-5.0": 2.561913735507024e-09,
                "-5.5": 2.561913726465973e-09,
                "-6.0": 0.047329769719554174,
                "-6.5": 0.16498752925661106,
                "-7.0": 0.20407064546529027,
                "-7.5": 0.2417101349362614,
                "-8.0": 0.16034161323111695,
                "-8.5": 0.16034161323081225,
                "-9.0": 0.021218666470642984
            },
            "Qs_in": 0.0,
            "Qs_out_bed": 1.2203608759656828e-05,
            "Qs_out_wall": 0.0,
            "D50": 0.18141188175403064,
            "D84": 0.35816072898333123
        },
        "downstream": {
            "flow_scale": 0.689,
            "elevation": 1572.7362840347766,
            "length": 145,
            "bankfull_width": 12,
            "lwd_factor": null,
            "gsd": {
                "1.0": 0.005,
                "0.0": 0.005,
                "-1.0": 0.005,
                "-2.0": 0.005,
                "-2.5": 0.007755607528248224,
                "-3.0": 0.005776395805574889,
                "-3.5": 0.006052896130617075,
                "-4.0": 0.006052896130586765,
                "-4.5": 0.006052896130488258,
                "-5.0": 0.13066840378494,
                "-5.5": 0.19835732999186434,
                "-6.0": 0.19835732999186434,
                "-6.5": 0.19835732999186434,
                "-7.0": 0.19835732999186434,
                "-7.5": 0.006052896130522666,
                "-8.0": 0.006052896130523231,
                "-8.5": 0.006052896130522666,
                "-9.0": 0.006052896130518744
            },
            "Qs_in": 1.2203608759656828e-05,
            "Qs_out": 0.3200446976920579,
            "D50": 0.06470388097022779,
            "D84": 0.12719215752189653
        }
    }
}