{
    "timestep": "2001-04-03 03:00",
    "deposit_mass": 12150000,
    "reaches": {
        "upstream": {
            "flow_scale": 0.658,
            "elevation": 1579.594,
            "length": 120,
            "bankfull_width": 10.5,
            "lwd_factor": null,
            "gsd": {
                "1.0": 0.0030096308186202676,
                "0.0": 0.0030096308186209476,
                "-1.0": 0.0030096308186212026,
                "-2.0": 0.005016051364367826,
                "-2.5": 0.010032102728504329,
                "-3.0": 0.01585072231114286,
                "-3.5": 0.03260433386846667,
                "-4.0": 0.046649277688694486,
                "-4.5": 0.07574237560189008,
                "-5.0": 0.10493579454262297,
                "-5.5": 0.137941412520108,
                "-6.0": 0.1525882825040752,
                "-6.5": 0.1390449438202687,
                "-7.0": 0.1247993579454673,
                "-7.5": 0.07734751203855203,
                "-8.0": 0.04203451043340305,
                "-8.5": 0.01835874799358628,
                "-9.0": 0.008025682182987784
            },
            "Qs_in": 0.0,
            "Qs_out": 0.0,
            "D50": 0.06363388215270584,
            "D84": 0.12960481742790125
        },
        "deposit_upstream": {
            "flow_scale": 0.659,
            "elevation": 1580.4998562125243,
            "length": 118,
            "width": 1.0000028684482918,
            "bankfull_width": 10.5,
            "lwd_factor": null,
            "gsd_bed": {
                "1.0": 0.34800364360859704,
                "0.0": 0.34800364360859776,
                "-1.0": 0.06868192034758941,
                "-2.0": 0.014687012647081136,
                "-2.5": 0.015197876548182167,
                "-3.0": 0.013358187389695308,
                "-3.5": 0.013460392342950073,
                "-4.0": 0.0160870596414602,
                "-4.5": 0.016078371799159507,
                "-5.0": 0.033975009278319084,
                "-5.5": 0.033975009278301695,
                "-6.0": 0.027549789544073305,
                "-6.5": 0.027549789544070884,
                "-7.0": 0.006874678666355232,
                "-7.5": 0.006874678666355465,
                "-8.0": 0.004566094151353547,
                "-8.5": 0.004566094151353487,
                "-9.0": 0.0005107487865048139
            },
            "gsd_wall": {
                "1.0": 0.3500641784191149,
                "0.0": 0.35006417841919435,
                "-1.0": 0.06908858703150496,
                "-2.0": 0.014773974669974705,
                "-2.5": 0.014874044920491318,
                "-3.0": 0.01307355528662549,
                "-3.5": 0.013173582488758703,
                "-4.0": 0.015744281577289843,
                "-4.5": 0.015744315113274603,
                "-5.0": 0.033269118212718905,
                "-5.5": 0.03326911821270186,
                "-6.0": 0.02697739381228662,
                "-6.5": 0.026977393812284138,
                "-7.0": 0.0067318450262023035,
                "-7.5": 0.006731845026202535,
                "-8.0": 0.00447122544830991,
                "-8.5": 0.004471225448309865,
                "-9.0": 0.000500137074754969
            },
            "Qs_in": 0.0,
            "Qs_out_bed": 0.721718244566022,
            "Qs_out_wall": 0.019529761545510414,
            "D50": 0.0008454829313845522,
            "D84": 0.022601636793778874
        },
        "deposit_downstream": {
            "flow_scale": 0.66,
            "elevation": 1579.2291133341278,
            "length": 120,
            "width": 1.0007455655948898,
            "bankfull_width": 12,
            "lwd_factor": null,
            "gsd_bed": {
                "1.0": 0.3443467459827987,
                "0.0": 0.3443467459827964,
                "-1.0": 0.06796019585973571,
                "-2.0": 0.014532678338617362,
                "-2.5": 0.014631071556897857,
                "-3.0": 0.012859993628017388,
                "-3.5": 0.012958386846281518,
                "-4.0": 0.015487092555844753,
                "-4.5": 0.017107167780312803,
                "-5.0": 0.03614894538584615,
                "-5.5": 0.03614894538584577,
                "-6.0": 0.029312599430434835,
                "-6.5": 0.029289750576687004,
                "-7.0": 0.007308862490956887,
                "-7.5": 0.007308862490957143,
                "-8.0": 0.004854474789684827,
                "-8.5": 0.00485447478968476,
                "-9.0": 0.0005430061286000327
            },
            "gsd_wall": {
                "1.0": 0.34965448007940064,
                "0.0": 0.349654480079475,
                "-1.0": 0.06900772905989438,
                "-2.0": 0.014756683917974182,
                "-2.5": 0.014856593761375,
                "-3.0": 0.013058216574471777,
                "-3.5": 0.013158126418425557,
                "-4.0": 0.015725809402116438,
                "-4.5": 0.015819786363215165,
                "-5.0": 0.03342859558076125,
                "-5.5": 0.033428595580745124,
                "-6.0": 0.027106711449572277,
                "-6.5": 0.02722644577957641,
                "-7.0": 0.006793992587932986,
                "-7.5": 0.0067939925879332,
                "-8.0": 0.004512503249340536,
                "-8.5": 0.004512503249340476,
                "-9.0": 0.000504754278449672
            },
            "Qs_in": 0.7412480061115324,
            "Qs_out_bed": 445.4086594375584,
            "Qs_out_wall": 4.913288844170388,
            "D50": 0.0008485125173283797,
            "D84": 0.02264276766865144
        },
        "downstream": {
            "flow_scale": 0.689,
            "elevation": 1572.8051196407362,
            "length": 145,
            "bankfull_width": 12,
            "lwd_factor": null,
            "gsd": {
                "1.0": 0.005,
                "0.0": 0.005,
                "-1.0": 0.005,
                "-2.0": 0.005,
                "-2.5": 0.00979965820091218,
                "-3.0": 0.02829222208580854,
                "-3.5": 0.12665601348676264,
                "-4.0": 0.16862040866622335,
                "-4.5": 0.04991633204339964,
                "-5.0": 0.18650177504684237,
                "-5.5": 0.19511889655321843,
                "-6.0": 0.15459177436970878,
                "-6.5": 0.01405669331332257,
                "-7.0": 0.013950095237914054,
                "-7.5": 0.013250544257969694,
                "-8.0": 0.009245586737917456,
                "-8.5": 0.005,
                "-9.0": 0.005
            },
            "Qs_in": 450.3219482817288,
            "Qs_out": 0.29116612938730246,
            "D50": 0.031378564642762403,
            "D84": 0.06406926224673946
        }
    }
}