{
    "timestep": "2001-06-02 20:00",
    "deposit_mass": 12150000,
    "reaches": {
        "upstream": {
            "flow_scale": 0.658,
            "elevation": 1579.594490272464,
            "length": 120,
            "bankfull_width": 10.5,
            "lwd_factor": null,
            "gsd": {
                "1.0": 0.8046111853249718,
                "0.0": 0.10723142205860506,
                "-1.0": 0.013157392616421898,
                "-2.0": 0.005,
                "-2.5": 0.005,
                "-3.0": 0.005,
                "-3.5": 0.005,
                "-4.0": 0.005,
                "-4.5": 0.005,
                "-5.0": 0.005,
                "-5.5": 0.005,
                "-6.0": 0.005,
                "-6.5": 0.005,
                "-7.0": 0.005,
                "-7.5": 0.005,
                "-8.0": 0.005,
                "-8.5": 0.005,
                "-9.0": 0.005
            },
            "Qs_in": 0.13486857261860974,
            "Qs_out": 0.0,
            "D50": 0.0007071067811865476,
            "D84": 0.0010943911237941129
        },
        "deposit_upstream": {
            "flow_scale": 0.659,
            "elevation": 1580.41324066268,
            "length": 118,
            "width": 1.2470249753668954,
            "bankfull_width": 10.5,
            "lwd_factor": null,
            "gsd_bed": {
                "1.0": 0.0553762467642786,
                "0.0": 0.05537624676111849,
                "-1.0": 0.010886188746741963,
                "-2.0": 0.011121911229033674,
                "-2.5": 0.02411873278339663,
                "-3.0": 0.02785682435675184,
                "-3.5": 0.03618311353341418,
                "-4.0": 0.04497394712325455,
                "-4.5": 0.05460010126682397,
                "-5.0": 0.12711117618149714,
                "-5.5": 0.14628927222040994,
                "-6.0": 0.13720695819040762,
                "-6.5": 0.14173631023966354,
                "-7.0": 0.03683714215369188,
                "-7.5": 0.036837142153703,
                "-8.0": 0.02446539727539952,
                "-8.5": 0.024465397275396865,
                "-9.0": 0.004557891745016732
            },
            "gsd_wall": {
                "1.0": 0.06926366188219817,
                "0.0": 0.06926366188471539,
                "-1.0": 0.013663478894273908,
                "-2.0": 0.010889249542376502,
                "-2.5": 0.023512603970921055,
                "-3.0": 0.027055541746591822,
                "-3.5": 0.035298081130850964,
                "-4.0": 0.04382853038662066,
                "-4.5": 0.053034617517138866,
                "-5.0": 0.12352997205825082,
                "-5.5": 0.13845870214433023,
                "-6.0": 0.13129943317773546,
                "-6.5": 0.1407175075949522,
                "-7.0": 0.035301958644615695,
                "-7.5": 0.03530195864464297,
                "-8.0": 0.023374146282308893,
                "-8.5": 0.023374146282302364,
                "-9.0": 0.0028327482151738813
            },
            "Qs_in": 0.0,
            "Qs_out_bed": 10.12628428685749,
            "Qs_out_wall": 0.0007394407279953127,
            "D50": 0.044850416103938744,
            "D84": 0.09125110732755679
        },
        "deposit_downstream": {
            "flow_scale": 0.66,
            "elevation": 1579.1244119564387,
            "length": 120,
            "width": 2.1843024138138833,
            "bankfull_width": 12,
            "lwd_factor": null,
            "gsd_bed": {
                "1.0": 0.0005,
                "0.0": 0.0005,
                "-1.0": 0.0005,
                "-2.0": 0.0005,
                "-2.5": 0.004198406059975747,
                "-3.0": 0.004201129922497159,
                "-3.5": 0.019969160228953526,
                "-4.0": 0.006255860009990694,
                "-4.5": 0.010966152912739157,
                "-5.0": 0.19987187289642777,
                "-5.5": 0.15961421107494947,
                "-6.0": 0.09371317782639428,
                "-6.5": 0.08721008607415658,
                "-7.0": 0.08286187826308224,
                "-7.5": 0.0828618782630857,
                "-8.0": 0.0823763570345662,
                "-8.5": 0.08237635703456503,
                "-9.0": 0.08152347239861646
            },
            "gsd_wall": {
                "1.0": 0.0005,
                "0.0": 0.0005,
                "-1.0": 0.0005009012163759379,
                "-2.0": 0.0005009012163759345,
                "-2.5": 0.000836618147651868,
                "-3.0": 0.0008707326984862727,
                "-3.5": 0.0008677620313835604,
                "-4.0": 0.004590862425140571,
                "-4.5": 0.008132339897569313,
                "-5.0": 0.049367115983809,
                "-5.5": 0.049367115982330304,
                "-6.0": 0.2999181900073695,
                "-6.5": 0.2999181900073695,
                "-7.0": 0.0907942495116452,
                "-7.5": 0.09079424951174607,
                "-8.0": 0.05082989874125787,
                "-8.5": 0.050829898741234426,
                "-9.0": 0.0008809738802545847
            },
            "Qs_in": 10.127023727585486,
            "Qs_out_bed": 6.1607809103358,
            "Qs_out_wall": 3.746285097982581e-06,
            "D50": 0.06500191431692628,
            "D84": 0.25764615524585177
        },
        "downstream": {
            "flow_scale": 0.689,
            "elevation": 1572.8012412196906,
            "length": 145,
            "bankfull_width": 12,
            "lwd_factor": null,
            "gsd": {
                "1.0": 0.005,
                "0.0": 0.005,
                "-1.0": 0.005,
                "-2.0": 0.005,
                "-2.5": 0.011616157422479094,
                "-3.0": 0.01623657471231546,
                "-3.5": 0.03121413985861103,
                "-4.0": 0.04362254481720542,
                "-4.5": 0.06946962898098587,
                "-5.0": 0.1995091414142674,
                "-5.5": 0.1995091414142674,
                "-6.0": 0.1995091414142674,
                "-6.5": 0.03488559183845688,
                "-7.0": 0.034885591787919085,
                "-7.5": 0.03488559120428566,
                "-8.0": 0.03488558738306533,
                "-8.5": 0.034885583999697004,
                "-9.0": 0.03488558375217668
            },
            "Qs_in": 6.160784656620899,
            "Qs_out": 239.86850059971553,
            "D50": 0.045213916529678225,
            "D84": 0.09259637674490466
        }
    }
}