{
    "timestep": "2001-04-09 09:00",
    "deposit_mass": 12150000,
    "reaches": {
        "upstream": {
            "flow_scale": 0.658,
            "elevation": 1579.594,
            "length": 120,
            "bankfull_width": 10.5,
            "lwd_factor": null,
            "gsd": {
                "1.0": 0.003009630818622273,
                "0.0": 0.0030096308186249566,
                "-1.0": 0.003009630818625976,
                "-2.0": 0.005016051364373286,
                "-2.5": 0.010032102727834877,
                "-3.0": 0.01585072231039695,
                "-3.5": 0.03260433386872499,
                "-4.0": 0.04664927768896209,
                "-4.5": 0.07574237560178419,
                "-5.0": 0.1049357945428782,
                "-5.5": 0.13794141252023637,
                "-6.0": 0.15258828250425807,
                "-6.5": 0.13904494382039886,
                "-7.0": 0.12479935794559094,
                "-7.5": 0.07734751203863677,
                "-8.0": 0.04203451043345053,
                "-8.5": 0.01835874799360639,
                "-9.0": 0.008025682182994286
            },
            "Qs_in": 0.0,
            "Qs_out": 0.0,
            "D50": 0.06363388215271626,
            "D84": 0.1296048174279079
        },
        "deposit_upstream": {
            "flow_scale": 0.659,
            "elevation": 1580.499405706532,
            "length": 118,
            "width": 1.0000118553710902,
            "bankfull_width": 10.5,
            "lwd_factor": null,
            "gsd_bed": {
                "1.0": 0.3408030378817513,
                "0.0": 0.34080303788173383,
                "-1.0": 0.06726081043086804,
                "-2.0": 0.014383121037555527,
                "-2.5": 0.01632943162828896,
                "-3.0": 0.014352768754658029,
                "-3.5": 0.014462583358754163,
                "-4.0": 0.017284818683886632,
                "-4.5": 0.01724577588926399,
                "-5.0": 0.036441836472672524,
                "-5.5": 0.03644183647259915,
                "-6.0": 0.02955010011023291,
                "-6.5": 0.029550100110222455,
                "-7.0": 0.007373829208076112,
                "-7.5": 0.007373829208077119,
                "-8.0": 0.0048976250460782194,
                "-8.5": 0.004897625046077984,
                "-9.0": 0.0005478327792031445
            },
            "gsd_wall": {
                "1.0": 0.3500587234321676,
                "0.0": 0.3500587234324785,
                "-1.0": 0.06908751043657849,
                "-2.0": 0.014773744449798445,
                "-2.5": 0.014874497381582634,
                "-3.0": 0.013073952977969532,
                "-3.5": 0.013173983223606647,
                "-4.0": 0.01574476051169025,
                "-4.5": 0.015745352604510737,
                "-5.0": 0.03327131052279024,
                "-5.5": 0.0332713105227233,
                "-6.0": 0.026979171521291756,
                "-6.5": 0.026979171521282038,
                "-7.0": 0.00673228862952332,
                "-7.5": 0.006732288629524215,
                "-8.0": 0.004471520085286007,
                "-8.5": 0.0044715200852857824,
                "-9.0": 0.0005001700319109722
            },
            "Qs_in": 0.0,
            "Qs_out_bed": 0.7721423760451064,
            "Qs_out_wall": 0.019879865122354543,
            "D50": 0.00085161694417644,
            "D84": 0.02265401932418765
        },
        "deposit_downstream": {
            "flow_scale": 0.66,
            "elevation": 1579.1407273660818,
            "length": 120,
            "width": 1.751709780158203,
            "bankfull_width": 12,
            "lwd_factor": null,
            "gsd_bed": {
                "1.0": 0.3174751189736099,
                "0.0": 0.3174751189735415,
                "-1.0": 0.06265100095887736,
                "-2.0": 0.013391928035917053,
                "-2.5": 0.013481901403143596,
                "-3.0": 0.011850152474656794,
                "-3.5": 0.0143828272341559,
                "-4.0": 0.019657112225984034,
                "-4.5": 0.02176869951267066,
                "-5.0": 0.0459991399367855,
                "-5.5": 0.04599913993678538,
                "-6.0": 0.040418050091970976,
                "-6.5": 0.040835614933578665,
                "-7.0": 0.010175850546167004,
                "-7.5": 0.010175850546167918,
                "-8.0": 0.006754433263343785,
                "-8.5": 0.006754433263343577,
                "-9.0": 0.0007536276893004046
            },
            "gsd_wall": {
                "1.0": 0.32159803507218915,
                "0.0": 0.3215980350724508,
                "-1.0": 0.06349282799815764,
                "-2.0": 0.013593039546154597,
                "-2.5": 0.013689153810919659,
                "-3.0": 0.012028498780650985,
                "-3.5": 0.012614759692107133,
                "-4.0": 0.01723525895797493,
                "-4.5": 0.019094140465906906,
                "-5.0": 0.04033482619549679,
                "-5.5": 0.040334826195422724,
                "-6.0": 0.038513724806987726,
                "-6.5": 0.046368188512127435,
                "-7.0": 0.011603413489649826,
                "-7.5": 0.011603413489650988,
                "-8.0": 0.007715671504621553,
                "-8.5": 0.007715671504621255,
                "-9.0": 0.0008665149049097786
            },
            "Qs_in": 0.7920222411674609,
            "Qs_out_bed": 471.4191507307584,
            "Qs_out_wall": 0.2950301515499212,
            "D50": 0.000872504543055991,
            "D84": 0.045060541252215834
        },
        "downstream": {
            "flow_scale": 0.689,
            "elevation": 1572.851189650078,
            "length": 145,
            "bankfull_width": 12,
            "lwd_factor": null,
            "gsd": {
                "1.0": 0.005,
                "0.0": 0.005,
                "-1.0": 0.005,
                "-2.0": 0.005,
                "-2.5": 0.00506788398115708,
                "-3.0": 0.045463754776445854,
                "-3.5": 0.10924906588374664,
                "-4.0": 0.1506559449184516,
                "-4.5": 0.15403516105503334,
                "-5.0": 0.1986029373703273,
                "-5.5": 0.1986029373703273,
                "-6.0": 0.01690373400573457,
                "-6.5": 0.01690325521536251,
                "-7.0": 0.01690325067376392,
                "-7.5": 0.01690322086947566,
                "-8.0": 0.016903050238725015,
                "-8.5": 0.016902901820724705,
                "-9.0": 0.0169029018207244
            },
            "Qs_in": 471.7141808823083,
            "Qs_out": 0.987552785850981,
            "D50": 0.030995581504720954,
            "D84": 0.046493372257081424
        }
    }
}