{
    "timestep": "2007-07-23 01:00",
    "deposit_mass": 12150000,
    "reaches": {
        "upstream": {
            "flow_scale": 0.658,
            "elevation": 1580.2061801127454,
            "length": 120,
            "bankfull_width": 10.5,
            "lwd_factor": null,
            "gsd": {
                "1.0": 0.91500000000146,
                "0.0": 0.005000000000018803,
                "-1.0": 0.0050000000000228915,
                "-2.0": 0.005000000000014733,
                "-2.5": 0.004999999998913878,
                "-3.0": 0.004999999999233199,
                "-3.5": 0.005000000000125752,
                "-4.0": 0.005000000000090152,
                "-4.5": 0.0049999999999744095,
                "-5.0": 0.005000000000036633,
                "-5.5": 0.005000000000012248,
                "-6.0": 0.005000000000016541,
                "-6.5": 0.005000000000012248,
                "-7.0": 0.005000000000013207,
                "-7.5": 0.005000000000014876,
                "-8.0": 0.005000000000015465,
                "-8.5": 0.005000000000014876,
                "-9.0": 0.005000000000010258
            },
            "Qs_in": 0.0,
            "Qs_out": 0.0,
            "D50": 0.0007071067811865476,
            "D84": 0.0014142135623730952
        },
        "deposit_upstream": {
            "flow_scale": 0.659,
            "elevation": 1580.3440006574126,
            "length": 118,
            "width": 1.6743165609300383,
            "bankfull_width": 10.5,
            "lwd_factor": null,
            "gsd_bed": {
                "1.0": 0.02701366515401521,
                "0.0": 0.02701366515593293,
                "-1.0": 0.00454915927361322,
                "-2.0": 0.0004997980866614112,
                "-2.5": 0.001157396770458455,
                "-3.0": 0.002207572212201689,
                "-3.5": 0.005392267170306979,
                "-4.0": 0.013661251883108797,
                "-4.5": 0.029411549620980377,
                "-5.0": 0.0842826269647871,
                "-5.5": 0.15106080309301056,
                "-6.0": 0.19999616364859032,
                "-6.5": 0.19999616364704118,
                "-7.0": 0.07049068088550968,
                "-7.5": 0.07049068088622218,
                "-8.0": 0.04976998038488881,
                "-8.5": 0.049769980384702366,
                "-9.0": 0.013236594777968689
            },
            "gsd_wall": {
                "1.0": 6.37034972036862e-05,
                "0.0": 6.370350211430327e-05,
                "-1.0": 0.00014908760813578937,
                "-2.0": 0.003201508141199182,
                "-2.5": 0.008566754253589232,
                "-3.0": 0.012726782790926256,
                "-3.5": 0.021981946701884324,
                "-4.0": 0.032644986063998765,
                "-4.5": 0.045023253026964756,
                "-5.0": 0.11203812814602225,
                "-5.5": 0.15912543050769123,
                "-6.0": 0.17749829404397047,
                "-6.5": 0.230526420393165,
                "-7.0": 0.05773052434104511,
                "-7.5": 0.05773052434179303,
                "-8.0": 0.0382110654034952,
                "-8.5": 0.038211065403315404,
                "-9.0": 0.004506821833486007
            },
            "Qs_in": 0.0,
            "Qs_out_bed": 0.0,
            "Qs_out_wall": 0.0,
            "D50": 0.06481771237879003,
            "D84": 0.18060256445203599
        },
        "deposit_downstream": {
            "flow_scale": 0.66,
            "elevation": 1578.8018284539605,
            "length": 120,
            "width": 4.752398522317974,
            "bankfull_width": 12,
            "lwd_factor": null,
            "gsd_bed": {
                "1.0": 0.0004750012505622415,
                "0.0": 0.0004752263518571342,
                "-1.0": 0.0004752263518575225,
                "-2.0": 0.0004752263518567424,
                "-2.5": 0.00047522635175167047,
                "-3.0": 0.0004752263517821485,
                "-3.5": 0.00047522635186734335,
                "-4.0": 0.0004752263518639445,
                "-4.5": 0.00047522635185289744,
                "-5.0": 0.0004752263518588349,
                "-5.5": 0.00047522635185650604,
                "-6.0": 0.0004752263519685503,
                "-6.5": 0.19991811446800772,
                "-7.0": 0.19414982465352368,
                "-7.5": 0.19991811446873645,
                "-8.0": 0.1999181144684483,
                "-8.5": 0.1999181144684231,
                "-9.0": 0.0004752263519252883
            },
            "gsd_wall": {
                "1.0": 3.900090511840548e-10,
                "0.0": 3.9000905120626e-10,
                "-1.0": 3.900090512146817e-10,
                "-2.0": 3.900090511978215e-10,
                "-2.5": 4.148655802500884e-10,
                "-3.0": 4.1414947207662646e-10,
                "-3.5": 4.1414947503319595e-10,
                "-4.0": 4.1414947491524723e-10,
                "-4.5": 4.148655837297478e-10,
                "-5.0": 4.1236690807629303e-10,
                "-5.5": 4.123669066003735e-10,
                "-6.0": 0.037095403450429755,
                "-6.5": 0.09095881246659185,
                "-7.0": 0.22800345774393047,
                "-7.5": 0.2647519275475183,
                "-8.0": 0.1789437723579655,
                "-8.5": 0.17894377235772074,
                "-9.0": 0.021302849618893924
            },
            "Qs_in": 0.0,
            "Qs_out_bed": 0.0,
            "Qs_out_wall": 0.0,
            "D50": 0.1814525420138269,
            "D84": 0.3581563241345954
        },
        "downstream": {
            "flow_scale": 0.689,
            "elevation": 1572.5326471469623,
            "length": 145,
            "bankfull_width": 12,
            "lwd_factor": null,
            "gsd": {
                "1.0": 0.0050000474941321715,
                "0.0": 0.005000000612955423,
                "-1.0": 0.005000000067938976,
                "-2.0": 0.00519487261619105,
                "-2.5": 0.005000000067649758,
                "-3.0": 0.005000000067733033,
                "-3.5": 0.005000000067965807,
                "-4.0": 0.0050000000679565155,
                "-4.5": 0.13908922003962906,
                "-5.0": 0.19892896464079976,
                "-5.5": 0.1989289646390993,
                "-6.0": 0.005000000067937332,
                "-6.5": 0.1989289646390993,
                "-7.0": 0.19892896463916598,
                "-7.5": 0.0050000000679368784,
                "-8.0": 0.005000000067937045,
                "-8.5": 0.0050000000679368784,
                "-9.0": 0.0050000000679356815
            },
            "Qs_in": 0.0,
            "Qs_out": 0.0,
            "D50": 0.04578911501594228,
            "D84": 0.12710075206595828
        }
    }
}