{
    "timestep": "2008-07-31 11:00",
    "deposit_mass": 12150000,
    "reaches": {
        "upstream": {
            "flow_scale": 0.658,
            "elevation": 1580.0641431594381,
            "length": 120,
            "bankfull_width": 10.5,
            "lwd_factor": null,
            "gsd": {
                "1.0": 0.9150000000004767,
                "0.0": 0.005000000000006122,
                "-1.0": 0.005000000000007462,
                "-2.0": 0.00500000000000479,
                "-2.5": 0.004999999999645375,
                "-3.0": 0.004999999999749647,
                "-3.5": 0.005000000000041042,
                "-4.0": 0.00500000000002942,
                "-4.5": 0.004999999999991629,
                "-5.0": 0.005000000000011947,
                "-5.5": 0.00500000000000398,
                "-6.0": 0.00500000000000539,
                "-6.5": 0.00500000000000398,
                "-7.0": 0.005000000000004318,
                "-7.5": 0.005000000000004839,
                "-8.0": 0.00500000000000504,
                "-8.5": 0.005000000000004839,
                "-9.0": 0.005000000000003339
            },
            "Qs_in": 0.0,
            "Qs_out": 0.0,
            "D50": 0.0007071067811865476,
            "D84": 0.0014142135623730952
        },
        "deposit_upstream": {
            "flow_scale": 0.659,
            "elevation": 1580.3343432896181,
            "length": 118,
            "width": 1.7366880030313043,
            "bankfull_width": 10.5,
            "lwd_factor": null,
            "gsd_bed": {
                "1.0": 0.0004997491196917926,
                "0.0": 0.0004997491196955142,
                "-1.0": 0.0004997491196969167,
                "-2.0": 0.000499749119694103,
                "-2.5": 0.000586099335989323,
                "-3.0": 0.001619342007266598,
                "-3.5": 0.005852194759979795,
                "-4.0": 0.01672249176196085,
                "-4.5": 0.03607419625074342,
                "-5.0": 0.09528117904323499,
                "-5.5": 0.17865596738621561,
                "-6.0": 0.19997067830129928,
                "-6.5": 0.1999706783007064,
                "-7.0": 0.07513558904575611,
                "-7.5": 0.07513558904666318,
                "-8.0": 0.05147225593533091,
                "-8.5": 0.05147225593509901,
                "-9.0": 0.010052486410976405
            },
            "gsd_wall": {
                "1.0": 0.012420872960132457,
                "0.0": 0.012420872980875595,
                "-1.0": 0.0026286362691295443,
                "-2.0": 0.0051976460017425456,
                "-2.5": 0.008414803618868752,
                "-3.0": 0.01383720976078219,
                "-3.5": 0.02671069792715895,
                "-4.0": 0.03531672872469284,
                "-4.5": 0.04019727862293296,
                "-5.0": 0.09059437069564494,
                "-5.5": 0.11968239548298318,
                "-6.0": 0.19000600641624746,
                "-6.5": 0.23745338085290324,
                "-7.0": 0.0600689788633312,
                "-7.5": 0.06006897886411067,
                "-8.0": 0.040109951926471335,
                "-8.5": 0.04010995192628251,
                "-9.0": 0.004761238105709508
            },
            "Qs_in": 0.0,
            "Qs_out_bed": 0.0,
            "Qs_out_wall": 0.0,
            "D50": 0.06546567156856846,
            "D84": 0.180699961062655
        },
        "deposit_downstream": {
            "flow_scale": 0.66,
            "elevation": 1578.9369502065329,
            "length": 120,
            "width": 3.5478194056441796,
            "bankfull_width": 12,
            "lwd_factor": null,
            "gsd_bed": {
                "1.0": 0.0004750012505625606,
                "0.0": 0.0004752263518556001,
                "-1.0": 0.0004752263518557523,
                "-2.0": 0.000475226351855446,
                "-2.5": 0.00047522635181418475,
                "-3.0": 0.00047522635182615456,
                "-3.5": 0.0004752263518596085,
                "-4.0": 0.0004752263518582748,
                "-4.5": 0.00047522635185393583,
                "-5.0": 0.00047522635185627,
                "-5.5": 0.0004752263518553553,
                "-6.0": 0.0004752263518555154,
                "-6.5": 0.19991811447180058,
                "-7.0": 0.0004752263526640243,
                "-7.5": 0.19991811446974644,
                "-8.0": 0.19991811446948793,
                "-8.5": 0.19991811446947813,
                "-9.0": 0.19414982464591413
            },
            "gsd_wall": {
                "1.0": 0.0004999963580007183,
                "0.0": 0.0004999963580044282,
                "-1.0": 0.0005413319102375601,
                "-2.0": 0.0005413319102091934,
                "-2.5": 0.012359496174547902,
                "-3.0": 0.012359496206362744,
                "-3.5": 0.012359496295280673,
                "-4.0": 0.012359496291733761,
                "-4.5": 0.012359496280203235,
                "-5.0": 0.012359496286402937,
                "-5.5": 0.012359496283972841,
                "-6.0": 0.012359496284404055,
                "-6.5": 0.29993719498756977,
                "-7.0": 0.1613838193774194,
                "-7.5": 0.16820757252302834,
                "-8.0": 0.12290090912347873,
                "-8.5": 0.12290090912301589,
                "-9.0": 0.023710968226127838
            },
            "Qs_in": 0.0,
            "Qs_out_bed": 0.0,
            "Qs_out_wall": 0.0,
            "D50": 0.2563564806558484,
            "D84": 0.5064627812127119
        },
        "downstream": {
            "flow_scale": 0.689,
            "elevation": 1572.551827696022,
            "length": 145,
            "bankfull_width": 12,
            "lwd_factor": null,
            "gsd": {
                "1.0": 0.005000034927188841,
                "0.0": 0.005000000793909094,
                "-1.0": 0.005000000093684192,
                "-2.0": 0.005000000093683464,
                "-2.5": 0.005025754112105996,
                "-3.0": 0.005025754112508968,
                "-3.5": 0.005041784459921735,
                "-4.0": 0.00501223047270205,
                "-4.5": 0.005025754113444198,
                "-5.0": 0.1383961783376475,
                "-5.5": 0.1991058966481496,
                "-6.0": 0.0050122304726102,
                "-6.5": 0.1991058966481496,
                "-7.0": 0.19910589664819683,
                "-7.5": 0.19910589664827832,
                "-8.0": 0.005012230472608805,
                "-8.5": 0.0050122304726081136,
                "-9.0": 0.0050122304726023265
            },
            "Qs_in": 0.0,
            "Qs_out": 7.020681859486366e-06,
            "D50": 0.08811926753627881,
            "D84": 0.1795741978617892
        }
    }
}