{
    "timestep": "2002-06-02 13:00",
    "deposit_mass": 12150000,
    "reaches": {
        "upstream": {
            "flow_scale": 0.658,
            "elevation": 1579.6050793667264,
            "length": 120,
            "bankfull_width": 10.5,
            "lwd_factor": null,
            "gsd": {
                "1.0": 0.6072368317826462,
                "0.0": 0.2062411709496589,
                "-1.0": 0.05182039556492699,
                "-2.0": 0.02864249363336632,
                "-2.5": 0.024906891129628652,
                "-3.0": 0.014944284648469452,
                "-3.5": 0.011207932291304108,
                "-4.0": 0.005,
                "-4.5": 0.005,
                "-5.0": 0.005,
                "-5.5": 0.005,
                "-6.0": 0.005,
                "-6.5": 0.005,
                "-7.0": 0.005,
                "-7.5": 0.005,
                "-8.0": 0.005,
                "-8.5": 0.005,
                "-9.0": 0.005
            },
            "Qs_in": 243.88554429814823,
            "Qs_out": 0.0,
            "D50": 0.0007071067811865476,
            "D84": 0.0017460126600237372
        },
        "deposit_upstream": {
            "flow_scale": 0.659,
            "elevation": 1580.4026785326726,
            "length": 118,
            "width": 1.5762749411592485,
            "bankfull_width": 10.5,
            "lwd_factor": null,
            "gsd_bed": {
                "1.0": 0.04866199316867713,
                "0.0": 0.04866199316520209,
                "-1.0": 0.009527124252680166,
                "-2.0": 0.007279403158625609,
                "-2.5": 0.011283187916727597,
                "-3.0": 0.018350680712403224,
                "-3.5": 0.03591627537282326,
                "-4.0": 0.047399172355042984,
                "-4.5": 0.0538506880010018,
                "-5.0": 0.1211239857871802,
                "-5.5": 0.15676984482817496,
                "-6.0": 0.15274394837309388,
                "-6.5": 0.15494435015799443,
                "-7.0": 0.03907344078222326,
                "-7.5": 0.039073440782226264,
                "-8.0": 0.02612866733097056,
                "-8.5": 0.026128667330969836,
                "-9.0": 0.0030831365239828417
            },
            "gsd_wall": {
                "1.0": 0.04387451265350087,
                "0.0": 0.04387451265326573,
                "-1.0": 0.008622993964578047,
                "-2.0": 0.006823899763166353,
                "-2.5": 0.01087602503639936,
                "-3.0": 0.017587573862723572,
                "-3.5": 0.03457524580588468,
                "-4.0": 0.04561337517725996,
                "-4.5": 0.051713456323586746,
                "-5.0": 0.11630579018048062,
                "-5.5": 0.1503643345553152,
                "-6.0": 0.14733810529220362,
                "-6.5": 0.17303863279280784,
                "-7.0": 0.04387945064920026,
                "-7.5": 0.04387945064923423,
                "-8.0": 0.029123498678733005,
                "-8.5": 0.02912349867872496,
                "-9.0": 0.0033856432829348516
            },
            "Qs_in": 0.0,
            "Qs_out_bed": 207.81124292572625,
            "Qs_out_wall": 0.0033727382258927807,
            "D50": 0.04475000084591907,
            "D84": 0.09119610965199716
        },
        "deposit_downstream": {
            "flow_scale": 0.66,
            "elevation": 1579.025659044302,
            "length": 120,
            "width": 3.003840237534664,
            "bankfull_width": 12,
            "lwd_factor": null,
            "gsd_bed": {
                "1.0": 0.0005,
                "0.0": 0.0005,
                "-1.0": 0.0005,
                "-2.0": 0.0005,
                "-2.5": 0.0005,
                "-3.0": 0.0005,
                "-3.5": 0.0005,
                "-4.0": 0.029428870451387472,
                "-4.5": 0.0005,
                "-5.0": 0.0005,
                "-5.5": 0.10332684163032357,
                "-6.0": 0.006309138278079626,
                "-6.5": 0.15735759868483884,
                "-7.0": 0.14292470562706774,
                "-7.5": 0.14292470562707812,
                "-8.0": 0.13965643507658795,
                "-8.5": 0.13965643507658448,
                "-9.0": 0.13391526954805213
            },
            "gsd_wall": {
                "1.0": 0.00043951687186978707,
                "0.0": 0.0004395168718698083,
                "-1.0": 0.00043951687186981645,
                "-2.0": 0.0004395168718698002,
                "-2.5": 0.009522331263995069,
                "-3.0": 0.00945376525995648,
                "-3.5": 0.010250907646970954,
                "-4.0": 0.010267305343092956,
                "-4.5": 0.010266924962455435,
                "-5.0": 0.00972823553980821,
                "-5.5": 0.010344977518703016,
                "-6.0": 0.0109096625339131,
                "-6.5": 0.32848635772626905,
                "-7.0": 0.16847054434765293,
                "-7.5": 0.16847054434776204,
                "-8.0": 0.11517903048139673,
                "-8.5": 0.11517903048136949,
                "-9.0": 0.021712315059175445
            },
            "Qs_in": 207.81461566395214,
            "Qs_out_bed": 825.2817302401836,
            "Qs_out_wall": 3.553713145838479e-07,
            "D50": 0.18276154579998558,
            "D84": 0.3669133622396294
        },
        "downstream": {
            "flow_scale": 0.689,
            "elevation": 1572.7882216701832,
            "length": 145,
            "bankfull_width": 12,
            "lwd_factor": null,
            "gsd": {
                "1.0": 0.005,
                "0.0": 0.005,
                "-1.0": 0.005,
                "-2.0": 0.005026857696332774,
                "-2.5": 0.00998559071639709,
                "-3.0": 0.015232704463812969,
                "-3.5": 0.03053037927453775,
                "-4.0": 0.04431945414555317,
                "-4.5": 0.07703659747178278,
                "-5.0": 0.10763740831814331,
                "-5.5": 0.14211544619718777,
                "-6.0": 0.15559177520170847,
                "-6.5": 0.19961803745605533,
                "-7.0": 0.039581149777194055,
                "-7.5": 0.039581149887617344,
                "-8.0": 0.0395811499287855,
                "-8.5": 0.039581149887617344,
                "-9.0": 0.03958114957727454
            },
            "Qs_in": 825.2817305955549,
            "Qs_out": 4230.006337992852,
            "D50": 0.06366732852864566,
            "D84": 0.13085043426625986
        }
    }
}