{
    "timestep": "2002-04-03 02:00",
    "deposit_mass": 12150000,
    "reaches": {
        "upstream": {
            "flow_scale": 0.658,
            "elevation": 1579.594,
            "length": 120,
            "bankfull_width": 10.5,
            "lwd_factor": null,
            "gsd": {
                "1.0": 0.0030096308186202667,
                "0.0": 0.003009630818620948,
                "-1.0": 0.003009630818621201,
                "-2.0": 0.005016051364367818,
                "-2.5": 0.010032102728504322,
                "-3.0": 0.01585072231114283,
                "-3.5": 0.03260433386846661,
                "-4.0": 0.0466492776886944,
                "-4.5": 0.07574237560189008,
                "-5.0": 0.10493579454262282,
                "-5.5": 0.137941412520108,
                "-6.0": 0.15258828250407525,
                "-6.5": 0.13904494382026863,
                "-7.0": 0.12479935794546737,
                "-7.5": 0.07734751203855211,
                "-8.0": 0.042034510433403005,
                "-8.5": 0.018358747993586277,
                "-9.0": 0.008025682182987767
            },
            "Qs_in": 0.0,
            "Qs_out": 0.0,
            "D50": 0.06363388215270584,
            "D84": 0.1296048174279013
        },
        "deposit_upstream": {
            "flow_scale": 0.659,
            "elevation": 1580.4998562134092,
            "length": 118,
            "width": 1.0000028684304727,
            "bankfull_width": 10.5,
            "lwd_factor": null,
            "gsd_bed": {
                "1.0": 0.34818945172144167,
                "0.0": 0.3481894517214426,
                "-1.0": 0.06871859139469115,
                "-2.0": 0.014694854421595276,
                "-2.5": 0.015168677322069876,
                "-3.0": 0.013332522703394863,
                "-3.5": 0.013434531293326734,
                "-4.0": 0.016056152054438826,
                "-4.5": 0.016048247507000984,
                "-5.0": 0.033911354007849344,
                "-5.5": 0.03391135400783198,
                "-6.0": 0.0274981725072553,
                "-6.5": 0.027498172507252814,
                "-7.0": 0.006861798330508534,
                "-7.5": 0.006861798330508789,
                "-8.0": 0.004557539158599503,
                "-8.5": 0.004557539158599437,
                "-9.0": 0.0005097918521922823
            },
            "gsd_wall": {
                "1.0": 0.35006416900714205,
                "0.0": 0.35006416900722154,
                "-1.0": 0.0690885851739602,
                "-2.0": 0.014773974272755426,
                "-2.5": 0.014874044201290708,
                "-3.0": 0.013073554654483488,
                "-3.5": 0.013173581851780091,
                "-4.0": 0.015744280816010977,
                "-4.5": 0.015744317470644767,
                "-5.0": 0.033269123194048726,
                "-5.5": 0.033269123194031754,
                "-6.0": 0.026977397851566977,
                "-6.5": 0.026977397851564527,
                "-7.0": 0.006731846034150277,
                "-7.5": 0.00673184603415051,
                "-8.0": 0.0044712261177790695,
                "-8.5": 0.00447122611777903,
                "-9.0": 0.0005001371496396633
            },
            "Qs_in": 0.0,
            "Qs_out_bed": 0.7217054804477917,
            "Qs_out_wall": 0.017763229440919095,
            "D50": 0.0008453300005210543,
            "D84": 0.02260032318809455
        },
        "deposit_downstream": {
            "flow_scale": 0.66,
            "elevation": 1579.2291366800619,
            "length": 120,
            "width": 1.0002385382715557,
            "bankfull_width": 12,
            "lwd_factor": null,
            "gsd_bed": {
                "1.0": 0.3443794851035205,
                "0.0": 0.34437948510351885,
                "-1.0": 0.06796665724519248,
                "-2.0": 0.014534060047944077,
                "-2.5": 0.014632462621059302,
                "-3.0": 0.012861216305125402,
                "-3.5": 0.012959618878227008,
                "-4.0": 0.016951669126575822,
                "-4.5": 0.016951669126574996,
                "-5.0": 0.03582036309719817,
                "-5.5": 0.035820363097197785,
                "-6.0": 0.02904615732806452,
                "-6.5": 0.029039552938580362,
                "-7.0": 0.0072464290425157726,
                "-7.5": 0.007246429042516014,
                "-8.0": 0.004813007105504754,
                "-8.5": 0.004813007105504698,
                "-9.0": 0.0005383676851794436
            },
            "gsd_wall": {
                "1.0": 0.3496192010337368,
                "0.0": 0.34961920103381083,
                "-1.0": 0.06900076639542595,
                "-2.0": 0.014755195014626847,
                "-2.5": 0.014855094777438177,
                "-3.0": 0.013056899041179121,
                "-3.5": 0.013156798804540229,
                "-4.0": 0.01581706839720935,
                "-4.5": 0.01581706839717352,
                "-5.0": 0.03342285228021796,
                "-5.5": 0.03342285228020201,
                "-6.0": 0.02710205429937235,
                "-6.5": 0.02723226296710291,
                "-7.0": 0.006795444188676536,
                "-7.5": 0.006795444188676756,
                "-8.0": 0.004513467388318797,
                "-8.5": 0.004513467388318734,
                "-9.0": 0.0005048621239729677
            },
            "Qs_in": 0.7394687098887108,
            "Qs_out_bed": 444.95919919699566,
            "Qs_out_wall": 1.4298842817138984,
            "D50": 0.0008484862865849986,
            "D84": 0.022639814114635955
        },
        "downstream": {
            "flow_scale": 0.689,
            "elevation": 1572.8052297180493,
            "length": 145,
            "bankfull_width": 12,
            "lwd_factor": null,
            "gsd": {
                "1.0": 0.005,
                "0.0": 0.005,
                "-1.0": 0.005,
                "-2.0": 0.010187091671026516,
                "-2.5": 0.030974457574607723,
                "-3.0": 0.08872458034077607,
                "-3.5": 0.1203928607836288,
                "-4.0": 0.052146016046577905,
                "-4.5": 0.07419363065827207,
                "-5.0": 0.19368635540465426,
                "-5.5": 0.19368635540464454,
                "-6.0": 0.16906314164861153,
                "-6.5": 0.010974108823538586,
                "-7.0": 0.011705751597412575,
                "-7.5": 0.01043066126354005,
                "-8.0": 0.008488038760998533,
                "-8.5": 0.005173475010855509,
                "-9.0": 0.00517347501085544
            },
            "Qs_in": 446.38908347870955,
            "Qs_out": 0.10499894778256456,
            "D50": 0.031562051802123695,
            "D84": 0.06395357734907375
        }
    }
}