{
    "timestep": "2002-04-05 04:00",
    "deposit_mass": 12150000,
    "reaches": {
        "upstream": {
            "flow_scale": 0.658,
            "elevation": 1579.594,
            "length": 120,
            "bankfull_width": 10.5,
            "lwd_factor": null,
            "gsd": {
                "1.0": 0.00300963081862094,
                "0.0": 0.003009630818622288,
                "-1.0": 0.003009630818622788,
                "-2.0": 0.005016051364369638,
                "-2.5": 0.010032102728281193,
                "-3.0": 0.015850722310894228,
                "-3.5": 0.03260433386855276,
                "-4.0": 0.046649277688783554,
                "-4.5": 0.07574237560185476,
                "-5.0": 0.10493579454270809,
                "-5.5": 0.13794141252015088,
                "-6.0": 0.1525882825041362,
                "-6.5": 0.13904494382031188,
                "-7.0": 0.12479935794550859,
                "-7.5": 0.07734751203858041,
                "-8.0": 0.04203451043341889,
                "-8.5": 0.018358747993592966,
                "-9.0": 0.008025682182989944
            },
            "Qs_in": 0.0,
            "Qs_out": 0.0,
            "D50": 0.06363388215270928,
            "D84": 0.12960481742790347
        },
        "deposit_upstream": {
            "flow_scale": 0.659,
            "elevation": 1580.4997116685797,
            "length": 118,
            "width": 1.0000057519574699,
            "bankfull_width": 10.5,
            "lwd_factor": null,
            "gsd_bed": {
                "1.0": 0.34613047443997813,
                "0.0": 0.346130474439976,
                "-1.0": 0.0683122321043778,
                "-2.0": 0.014607958132064043,
                "-2.5": 0.015492239851547537,
                "-3.0": 0.013616918282431386,
                "-3.5": 0.013721102814054427,
                "-4.0": 0.016398645276629722,
                "-4.5": 0.016382060882007488,
                "-5.0": 0.03461673093627545,
                "-5.5": 0.03461673093624029,
                "-6.0": 0.028070151333450723,
                "-6.5": 0.02807015133344566,
                "-7.0": 0.00700452793748967,
                "-7.5": 0.0070045279374901835,
                "-8.0": 0.004652338763830891,
                "-8.5": 0.004652338763830762,
                "-9.0": 0.0005203958348803004
            },
            "gsd_wall": {
                "1.0": 0.35006314581410775,
                "0.0": 0.3500631458142651,
                "-1.0": 0.06908838323683561,
                "-2.0": 0.014773931090310072,
                "-2.5": 0.014874126594696682,
                "-3.0": 0.013073627074328171,
                "-3.5": 0.013173654825958288,
                "-4.0": 0.015744368030393172,
                "-4.5": 0.015744513009091975,
                "-5.0": 0.033269536383974015,
                "-5.5": 0.03326953638394044,
                "-6.0": 0.026977732900632323,
                "-6.5": 0.026977732900627504,
                "-7.0": 0.006731929641128309,
                "-7.5": 0.006731929641128764,
                "-8.0": 0.004471281648714164,
                "-8.5": 0.004471281648714076,
                "-9.0": 0.0005001433611536034
            },
            "Qs_in": 0.0,
            "Qs_out_bed": 0.7265336901332857,
            "Qs_out_wall": 0.019754370193687466,
            "D50": 0.0008470627307046326,
            "D84": 0.02261518454873823
        },
        "deposit_downstream": {
            "flow_scale": 0.66,
            "elevation": 1579.2198047719492,
            "length": 120,
            "width": 1.4053529864154706,
            "bankfull_width": 12,
            "lwd_factor": null,
            "gsd_bed": {
                "1.0": 0.33607583418299997,
                "0.0": 0.33607583418298703,
                "-1.0": 0.06632747267203574,
                "-2.0": 0.014182729181930559,
                "-2.5": 0.014279520552575689,
                "-3.0": 0.012549917843373466,
                "-3.5": 0.012783543521240311,
                "-4.0": 0.01816290268788829,
                "-4.5": 0.018162902687887523,
                "-5.0": 0.0383797099419067,
                "-5.5": 0.038379709941906336,
                "-6.0": 0.03384230133052866,
                "-6.5": 0.03290450890139288,
                "-7.0": 0.008196684489971136,
                "-7.5": 0.00819668448997151,
                "-8.0": 0.005449215924143652,
                "-8.5": 0.005449215924143566,
                "-9.0": 0.0006013115431170091
            },
            "gsd_wall": {
                "1.0": 0.3404702820911559,
                "0.0": 0.3404702820913015,
                "-1.0": 0.06720035579107393,
                "-2.0": 0.014381321516861447,
                "-2.5": 0.014468093002403848,
                "-3.0": 0.012731651640846695,
                "-3.5": 0.012829756485591315,
                "-4.0": 0.017279643195480542,
                "-4.5": 0.017279643195404013,
                "-5.0": 0.03646230964189746,
                "-5.5": 0.03646230964186339,
                "-6.0": 0.02975951231502714,
                "-6.5": 0.03251894303759986,
                "-7.0": 0.008137683910188142,
                "-7.5": 0.008137683910188615,
                "-8.0": 0.005396764946527337,
                "-8.5": 0.00539676494652721,
                "-9.0": 0.0006169986400617769
            },
            "Qs_in": 0.7462880603269731,
            "Qs_out_bed": 873.9409491775391,
            "Qs_out_wall": 1.2823991855157462,
            "D50": 0.0008556589373163541,
            "D84": 0.03188208868356667
        },
        "downstream": {
            "flow_scale": 0.689,
            "elevation": 1572.8188537505703,
            "length": 145,
            "bankfull_width": 12,
            "lwd_factor": null,
            "gsd": {
                "1.0": 0.005,
                "0.0": 0.005,
                "-1.0": 0.005,
                "-2.0": 0.005,
                "-2.5": 0.014150711332133739,
                "-3.0": 0.046763397710764376,
                "-3.5": 0.14155761406511033,
                "-4.0": 0.11309638081505824,
                "-4.5": 0.1033377639865376,
                "-5.0": 0.19586506994822073,
                "-5.5": 0.1958650699482186,
                "-6.0": 0.10975178368383093,
                "-6.5": 0.010090750654446309,
                "-7.0": 0.010195428334115209,
                "-7.5": 0.009832090174858988,
                "-8.0": 0.010074680005519353,
                "-8.5": 0.009709629670593058,
                "-9.0": 0.009709629670592747
            },
            "Qs_in": 875.2233483630548,
            "Qs_out": 0.2801609238157932,
            "D50": 0.031220648946497113,
            "D84": 0.06410564140204526
        }
    }
}