{
    "timestep": "2005-06-01 20:00",
    "deposit_mass": 12150000,
    "reaches": {
        "upstream": {
            "flow_scale": 0.658,
            "elevation": 1579.8592403899568,
            "length": 120,
            "bankfull_width": 10.5,
            "lwd_factor": null,
            "gsd": {
                "1.0": 0.763920666805351,
                "0.0": 0.13980296430305,
                "-1.0": 0.021276368891599527,
                "-2.0": 0.005,
                "-2.5": 0.005,
                "-3.0": 0.005,
                "-3.5": 0.005,
                "-4.0": 0.005,
                "-4.5": 0.005,
                "-5.0": 0.005,
                "-5.5": 0.005,
                "-6.0": 0.005,
                "-6.5": 0.005,
                "-7.0": 0.005,
                "-7.5": 0.005,
                "-8.0": 0.005,
                "-8.5": 0.005,
                "-9.0": 0.005
            },
            "Qs_in": 0.3153177276499902,
            "Qs_out": 0.0,
            "D50": 0.0007071067811865476,
            "D84": 0.001071221897563956
        },
        "deposit_upstream": {
            "flow_scale": 0.659,
            "elevation": 1580.3382592549506,
            "length": 118,
            "width": 1.7366880030313043,
            "bankfull_width": 10.5,
            "lwd_factor": null,
            "gsd_bed": {
                "1.0": 0.0004993339650819176,
                "0.0": 0.000499333965094293,
                "-1.0": 0.0004993339650989512,
                "-2.0": 0.0004993339650897084,
                "-2.5": 0.0006103127694545705,
                "-3.0": 0.002116545798893609,
                "-3.5": 0.0076857011000391225,
                "-4.0": 0.0213170003227165,
                "-4.5": 0.039427487900787206,
                "-5.0": 0.09971458456382064,
                "-5.5": 0.1677588823896829,
                "-6.0": 0.19998284960195933,
                "-6.5": 0.1999828495999727,
                "-7.0": 0.07313468153869306,
                "-7.5": 0.07313468153907815,
                "-8.0": 0.05076446903860459,
                "-8.5": 0.0507644690385043,
                "-9.0": 0.011608148937428467
            },
            "gsd_wall": {
                "1.0": 0.012444629155604727,
                "0.0": 0.012444629175837137,
                "-1.0": 0.002633663805859826,
                "-2.0": 0.0052073894605525394,
                "-2.5": 0.00842998278091628,
                "-3.0": 0.013861512039439354,
                "-3.5": 0.026754450208238918,
                "-4.0": 0.03536333994604616,
                "-4.5": 0.04022944782695711,
                "-5.0": 0.09065031795503582,
                "-5.5": 0.1196984671127991,
                "-6.0": 0.1899171417396578,
                "-6.5": 0.237340931745118,
                "-7.0": 0.06004065197234363,
                "-7.5": 0.06004065197272388,
                "-8.0": 0.040091544341793794,
                "-8.5": 0.040091544341701625,
                "-9.0": 0.004759704419374389
            },
            "Qs_in": 0.0,
            "Qs_out_bed": 0.0,
            "Qs_out_wall": 0.0,
            "D50": 0.06520060436146105,
            "D84": 0.1806665969790445
        },
        "deposit_downstream": {
            "flow_scale": 0.66,
            "elevation": 1578.9369274683113,
            "length": 120,
            "width": 3.5478194054213157,
            "bankfull_width": 12,
            "lwd_factor": null,
            "gsd_bed": {
                "1.0": 0.0005,
                "0.0": 0.0005,
                "-1.0": 0.0005063427295272381,
                "-2.0": 0.0007805657535725802,
                "-2.5": 0.0008632938386038475,
                "-3.0": 0.000863293838651564,
                "-3.5": 0.0008632938387849282,
                "-4.0": 0.000863293838779611,
                "-4.5": 0.0008632938387623125,
                "-5.0": 0.0008632938387716097,
                "-5.5": 0.0008632938387679673,
                "-6.0": 0.0008632938387686126,
                "-6.5": 0.19973098314564494,
                "-7.0": 0.0008633070566236288,
                "-7.5": 0.19973098287992005,
                "-8.0": 0.19973098284595997,
                "-8.5": 0.1997309828459594,
                "-9.0": 0.1910195020329019
            },
            "gsd_wall": {
                "1.0": 0.0004999938658356766,
                "0.0": 0.0004999938658480138,
                "-1.0": 0.0005075411630780509,
                "-2.0": 0.0005075411630684807,
                "-2.5": 0.01571177654117001,
                "-3.0": 0.015711776552761913,
                "-3.5": 0.01571177658516,
                "-4.0": 0.01571177658386794,
                "-4.5": 0.01571177657966637,
                "-5.0": 0.015711776581925532,
                "-5.5": 0.01571177658104017,
                "-6.0": 0.015711776581197327,
                "-6.5": 0.2999382038755632,
                "-7.0": 0.15268327794826547,
                "-7.5": 0.15889220724767392,
                "-8.0": 0.11732462332208134,
                "-8.5": 0.11732462332192395,
                "-9.0": 0.026127781639872828
            },
            "Qs_in": 0.0,
            "Qs_out_bed": 2.9696477478998476e-06,
            "Qs_out_wall": 0.0,
            "D50": 0.256045226354314,
            "D84": 0.5064525628861388
        },
        "downstream": {
            "flow_scale": 0.689,
            "elevation": 1572.6079702928203,
            "length": 145,
            "bankfull_width": 12,
            "lwd_factor": null,
            "gsd": {
                "1.0": 0.005,
                "0.0": 0.005,
                "-1.0": 0.005,
                "-2.0": 0.005,
                "-2.5": 0.005223255524138345,
                "-3.0": 0.005223255524151525,
                "-3.5": 0.005223255524188373,
                "-4.0": 0.005223255524186905,
                "-4.5": 0.005223255524182129,
                "-5.0": 0.137948475907619,
                "-5.5": 0.19876055609369972,
                "-6.0": 0.005223255524183871,
                "-6.5": 0.19876055609369972,
                "-7.0": 0.19876055609369972,
                "-7.5": 0.19876055609369972,
                "-8.0": 0.005223255524183817,
                "-8.5": 0.005223255524183792,
                "-9.0": 0.005223255524183608
            },
            "Qs_in": 2.9696477478998476e-06,
            "Qs_out": 0.01607545447800491,
            "D50": 0.08812782549232896,
            "D84": 0.17958253750394537
        }
    }
}