{
    "timestep": "2012-05-21 03:00",
    "deposit_mass": 12150000,
    "reaches": {
        "upstream": {
            "flow_scale": 0.658,
            "elevation": 1580.5595254586926,
            "length": 120,
            "bankfull_width": 10.5,
            "lwd_factor": null,
            "gsd": {
                "1.0": 0.67798125935204,
                "0.0": 0.18557565955111804,
                "-1.0": 0.05103076929504035,
                "-2.0": 0.012757694876126388,
                "-2.5": 0.007654616925675778,
                "-3.0": 0.005,
                "-3.5": 0.005,
                "-4.0": 0.005,
                "-4.5": 0.005,
                "-5.0": 0.005,
                "-5.5": 0.005,
                "-6.0": 0.005,
                "-6.5": 0.005,
                "-7.0": 0.005,
                "-7.5": 0.005,
                "-8.0": 0.005,
                "-8.5": 0.005,
                "-9.0": 0.005
            },
            "Qs_in": 8.265984962603259,
            "Qs_out": 0.0,
            "D50": 0.0007071067811865476,
            "D84": 0.001047511101040799
        },
        "deposit_upstream": {
            "flow_scale": 0.659,
            "elevation": 1580.3301255239135,
            "length": 118,
            "width": 1.7366880030313043,
            "bankfull_width": 10.5,
            "lwd_factor": null,
            "gsd_bed": {
                "1.0": 0.8832976571800766,
                "0.0": 0.0004999986780120692,
                "-1.0": 0.0004999986780125416,
                "-2.0": 0.05730232418650227,
                "-2.5": 0.050537741783625245,
                "-3.0": 0.0004999986779212492,
                "-3.5": 0.0004999986780244323,
                "-4.0": 0.0015803035852383232,
                "-4.5": 0.000499998678006936,
                "-5.0": 0.0004999986780141304,
                "-5.5": 0.000538080236708234,
                "-6.0": 0.0006219537849015209,
                "-6.5": 0.0006219537848990046,
                "-7.0": 0.0004999986780114244,
                "-7.5": 0.0004999986780116135,
                "-8.0": 0.0004999986780116785,
                "-8.5": 0.0004999986780116135,
                "-9.0": 0.0004999986780110805
            },
            "gsd_wall": {
                "1.0": 0.012395649947099416,
                "0.0": 0.012395649968348726,
                "-1.0": 0.0026232983089805634,
                "-2.0": 0.005187147867505529,
                "-2.5": 0.00839847515833685,
                "-3.0": 0.013810810452244244,
                "-3.5": 0.026661909019283857,
                "-4.0": 0.03526076827931475,
                "-4.5": 0.040153114705192686,
                "-5.0": 0.09051489776058176,
                "-5.5": 0.11965864966866725,
                "-6.0": 0.1901143296713386,
                "-6.5": 0.23759027673765756,
                "-7.0": 0.060103479021806946,
                "-7.5": 0.06010347902298744,
                "-8.0": 0.040132434613521784,
                "-8.5": 0.04013243461323595,
                "-9.0": 0.0047631951838961115
            },
            "Qs_in": 0.0,
            "Qs_out_bed": 0.0,
            "Qs_out_wall": 0.0,
            "D50": 0.0007071067811865476,
            "D84": 0.0014142135623730952
        },
        "deposit_downstream": {
            "flow_scale": 0.66,
            "elevation": 1578.909222133383,
            "length": 120,
            "width": 4.499582091254919,
            "bankfull_width": 12,
            "lwd_factor": null,
            "gsd_bed": {
                "1.0": 0.0005,
                "0.0": 0.0005,
                "-1.0": 0.0005,
                "-2.0": 0.0005,
                "-2.5": 0.0005039249742306286,
                "-3.0": 0.0011122466508220578,
                "-3.5": 0.001670722628215954,
                "-4.0": 0.0017825426074228362,
                "-4.5": 0.001776043130467272,
                "-5.0": 0.0017781794121714083,
                "-5.5": 0.001778179412154476,
                "-6.0": 0.0017868504374342344,
                "-6.5": 0.19974290866408473,
                "-7.0": 0.1128954155311525,
                "-7.5": 0.19974290866408473,
                "-8.0": 0.19974290866408473,
                "-8.5": 0.19974290866408473,
                "-9.0": 0.07394426055958984
            },
            "gsd_wall": {
                "1.0": 3.967338399145528e-05,
                "0.0": 3.967338399180036e-05,
                "-1.0": 3.984513600813726e-05,
                "-2.0": 3.984513600787071e-05,
                "-2.5": 5.067045501054637e-05,
                "-3.0": 5.067045632529106e-05,
                "-3.5": 5.0670459999753045e-05,
                "-4.0": 5.067045985317274e-05,
                "-4.5": 5.0670459376680895e-05,
                "-5.0": 5.067045963287629e-05,
                "-5.5": 5.06704595324514e-05,
                "-6.0": 5.0670459550275764e-05,
                "-6.5": 0.43716523956793113,
                "-7.0": 0.1404307575352691,
                "-7.5": 0.17172266985515194,
                "-8.0": 0.11843380000177985,
                "-8.5": 0.11843380000174043,
                "-9.0": 0.013249332328847178
            },
            "Qs_in": 0.0,
            "Qs_out_bed": 0.0005089460341378436,
            "Qs_out_wall": 0.0,
            "D50": 0.1831864967746192,
            "D84": 0.36354887163812766
        },
        "downstream": {
            "flow_scale": 0.689,
            "elevation": 1572.5664682315285,
            "length": 145,
            "bankfull_width": 12,
            "lwd_factor": null,
            "gsd": {
                "1.0": 0.005,
                "0.0": 0.005,
                "-1.0": 0.005,
                "-2.0": 0.005,
                "-2.5": 0.0077916389059210864,
                "-3.0": 0.01271255080990508,
                "-3.5": 0.02688138336103907,
                "-4.0": 0.03875944657755338,
                "-4.5": 0.06336400609747345,
                "-5.0": 0.08805340892608747,
                "-5.5": 0.11596685748489521,
                "-6.0": 0.1992694852808173,
                "-6.5": 0.1992694852808173,
                "-7.0": 0.1992694852808173,
                "-7.5": 0.0071655629988110715,
                "-8.0": 0.007165562998901899,
                "-8.5": 0.0071655629988110715,
                "-9.0": 0.007165562998149199
            },
            "Qs_in": 0.0005089460341378436,
            "Qs_out": 454.8608093643328,
            "D50": 0.06373641171647836,
            "D84": 0.12731201563168384
        }
    }
}