{
    "timestep": "2007-04-27 07:00",
    "deposit_mass": 12150000,
    "reaches": {
        "upstream": {
            "flow_scale": 0.658,
            "elevation": 1579.9960577447553,
            "length": 170,
            "bankfull_width": 10.5,
            "lwd_factor": null,
            "gsd": {
                "1.0": 0.6922891402110296,
                "0.0": 0.19738153558923355,
                "-1.0": 0.04745420307116224,
                "-2.0": 0.01715849680380704,
                "-2.5": 0.015556545670607052,
                "-3.0": 0.010501612838633278,
                "-3.5": 0.009265501015366082,
                "-4.0": 0.005297580169513602,
                "-4.5": 0.003141584637328812,
                "-5.0": 0.001397031339884726,
                "-5.5": 0.0004745515010651426,
                "-6.0": 7.871473981202771e-05,
                "-6.5": 1.18891594502157e-06,
                "-7.0": 1.067107817898144e-06,
                "-7.5": 6.613666620574508e-07,
                "-8.0": 3.5941975538530595e-07,
                "-8.5": 1.5697807932102897e-07,
                "-9.0": 6.862429697094132e-08
            },
            "Qs_in": 0.04995132319207772,
            "Qs_out": 0.0,
            "D50": 0.0007071067811865476,
            "D84": 0.0010357961038147622
        },
        "deposit_upstream": {
            "flow_scale": 0.659,
            "elevation": 1580.5927423653159,
            "length": 118,
            "width": 6.006662355104787,
            "bankfull_width": 10.5,
            "lwd_factor": 1,
            "gsd_bed": {
                "1.0": 0.0,
                "0.0": 0.0,
                "-1.0": 0.0,
                "-2.0": 0.0,
                "-2.5": 0.0,
                "-3.0": 0.0,
                "-3.5": 2.329924319500602e-06,
                "-4.0": 0.0,
                "-4.5": 0.0008347990550331064,
                "-5.0": 0.0008347990550330854,
                "-5.5": 0.0008347990550330934,
                "-6.0": 0.15985458930457605,
                "-6.5": 0.453750255773745,
                "-7.0": 0.1439646318124469,
                "-7.5": 0.14396463181244717,
                "-8.0": 0.09595916420736592,
                "-8.5": 0.0,
                "-9.0": 0.0
            },
            "gsd_wall": {
                "1.0": 0.22738847783733795,
                "0.0": 0.7724848261630193,
                "-1.0": 0.0,
                "-2.0": 1.99046470407119e-06,
                "-2.5": 4.441039189240307e-06,
                "-3.0": 3.926763956655295e-07,
                "-3.5": 6.889402368366554e-06,
                "-4.0": 2.6469173295143854e-06,
                "-4.5": 1.336613367824907e-05,
                "-5.0": 6.9416654113081175e-06,
                "-5.5": 9.277737594214223e-06,
                "-6.0": 1.7299819962266127e-05,
                "-6.5": 3.460438336050868e-05,
                "-7.0": 1.0856393566680208e-05,
                "-7.5": 1.085639356674342e-05,
                "-8.0": 7.132972515846346e-06,
                "-8.5": 0.0,
                "-9.0": 0.0
            },
            "Qs_in": 0.0,
            "Qs_out_bed": 0.0,
            "Qs_out_wall": 0.0,
            "D50": 0.08959574197315107,
            "D84": 0.18143558448024708
        },
        "deposit_downstream": {
            "flow_scale": 0.66,
            "elevation": 1576.1832287448608,
            "length": 120,
            "width": 6.382639634205711,
            "bankfull_width": 12,
            "lwd_factor": null,
            "gsd_bed": {
                "1.0": 0.0,
                "0.0": 1.1150974867131371e-05,
                "-1.0": 1.3938718583914214e-06,
                "-2.0": 0.0,
                "-2.5": 0.0,
                "-3.0": 0.0,
                "-3.5": 0.00016124098016198691,
                "-4.0": 0.000282482336246005,
                "-4.5": 3.4176057390045375e-07,
                "-5.0": 3.400166582272391e-07,
                "-5.5": 0.005137929705424771,
                "-6.0": 0.012531133816442434,
                "-6.5": 0.022898010158371448,
                "-7.0": 0.2516794259099845,
                "-7.5": 0.42437843974508516,
                "-8.0": 0.28291811072432616,
                "-8.5": 0.0,
                "-9.0": 0.0
            },
            "gsd_wall": {
                "1.0": 0.0,
                "0.0": 0.0,
                "-1.0": 5.337684385623673e-06,
                "-2.0": 0.0,
                "-2.5": 0.0,
                "-3.0": 0.00016411807097901088,
                "-3.5": 0.00030548831859585404,
                "-4.0": 0.00044288975638391884,
                "-4.5": 0.02466366235555347,
                "-5.0": 0.024560731669121517,
                "-5.5": 0.03363437559580542,
                "-6.0": 0.04034501962516316,
                "-6.5": 0.033541292490780104,
                "-7.0": 0.24312195433950914,
                "-7.5": 0.3594904870356756,
                "-8.0": 0.23972464305804708,
                "-8.5": 0.0,
                "-9.0": 0.0
            },
            "Qs_in": 0.0,
            "Qs_out_bed": 0.0,
            "Qs_out_wall": 0.0,
            "D50": 0.17657526893090067,
            "D84": 0.264862903396351
        },
        "downstream": {
            "flow_scale": 0.689,
            "elevation": 1570.8049870315751,
            "length": 145,
            "bankfull_width": 12,
            "lwd_factor": null,
            "gsd": {
                "1.0": 3.4126920044831346e-06,
                "0.0": 0.0,
                "-1.0": 5.550029279325073e-06,
                "-2.0": 1.1002801190675077e-05,
                "-2.5": 1.5889937398550763e-05,
                "-3.0": 2.0600876504435814e-05,
                "-3.5": 2.597956076420508e-05,
                "-4.0": 4.0231911460852195e-05,
                "-4.5": 0.0031979770315158852,
                "-5.0": 0.00329577286640592,
                "-5.5": 0.02078131089901612,
                "-6.0": 0.2662368171761927,
                "-6.5": 0.6497272394851299,
                "-7.0": 0.05109200113479403,
                "-7.5": 0.0029429667476410445,
                "-8.0": 0.0015993554698593994,
                "-8.5": 0.0006985251813467066,
                "-9.0": 0.00030536619949582763
            },
            "Qs_in": 0.0,
            "Qs_out": 0.0,
            "D50": 0.08390257638151072,
            "D84": 0.12585386457226605
        }
    },
    "sed_masses": {
        "upstream": {
            "1.0": 561.9769209491716,
            "0.0": 1362.932449444607,
            "-1.0": 2791.0885655764923,
            "-2.0": 8093.511761803294,
            "-2.5": 20777.48671218101,
            "-3.0": 39733.38823959323,
            "-3.5": 99280.2684992063,
            "-4.0": 160650.53481197916,
            "-4.5": 269640.32325350185,
            "-5.0": 339450.7921333514,
            "-5.5": 326492.00978430436,
            "-6.0": 153402.88972773048,
            "-6.5": 6553.504795380611,
            "-7.0": 16637.028674176327,
            "-7.5": 29164.51484697503,
            "-8.0": 44829.03546289297,
            "-8.5": 55378.53402849731,
            "-9.0": 68473.94438246173
        },
        "downstream": {
            "1.0": 0.03177395402512079,
            "0.0": 2.961530370413703,
            "-1.0": 6.852421637101859e-05,
            "-2.0": 0.0010867810478561032,
            "-2.5": 0.004439212862744909,
            "-3.0": 0.016278503458351617,
            "-3.5": 0.05806381607189504,
            "-4.0": 0.25432522143824743,
            "-4.5": 6.387820188899847,
            "-5.0": 28.040578114722777,
            "-5.5": 2323.718464595868,
            "-6.0": 107712.6842553291,
            "-6.5": 743489.4437076037,
            "-7.0": 165364.25498118438,
            "-7.5": 26941.332634137696,
            "-8.0": 41411.76228750552,
            "-8.5": 51157.08297844042,
            "-9.0": 63254.24311218022
        },
        "deposit_upstream": {
            "1.0": 1076.1842629848838,