{
    "timestep": "2012-05-21 03:00",
    "deposit_mass": 12150000,
    "reaches": {
        "upstream": {
            "flow_scale": 0.658,
            "elevation": 1580.8452047652047,
            "length": 170,
            "bankfull_width": 10.5,
            "lwd_factor": null,
            "gsd": {
                "1.0": 0.641757990401373,
                "0.0": 0.21944073966508118,
                "-1.0": 0.06244159475788843,
                "-2.0": 0.023567432743250287,
                "-2.5": 0.021401214427730717,
                "-3.0": 0.013995939484611877,
                "-3.5": 0.010394168933114633,
                "-4.0": 0.004374512400523773,
                "-4.5": 0.0019023244472187169,
                "-5.0": 0.000558367444666077,
                "-5.5": 0.00014531320996822745,
                "-6.0": 2.0017168922478895e-05,
                "-6.5": 1.306620356181507e-07,
                "-7.0": 1.1727530469623222e-07,
                "-7.5": 7.268429254083224e-08,
                "-8.0": 3.950028349495286e-08,
                "-8.5": 1.725191379373831e-08,
                "-9.0": 7.54182023769989e-09
            },
            "Qs_in": 22.882707986581174,
            "Qs_out": 0.0024975661596038927,
            "D50": 0.0007071067811865476,
            "D84": 0.0010272446274761009
        },
        "deposit_upstream": {
            "flow_scale": 0.659,
            "elevation": 1580.559906765524,
            "length": 118,
            "width": 6.446935196491501,
            "bankfull_width": 10.5,
            "lwd_factor": 1,
            "gsd_bed": {
                "1.0": 0.19106984505678082,
                "0.0": 0.6472739163314187,
                "-1.0": 0.0033619842165793262,
                "-2.0": 0.00801789456770618,
                "-2.5": 0.009209542205163948,
                "-3.0": 0.0007935554166594212,
                "-3.5": 3.667272275541571e-07,
                "-4.0": 0.0,
                "-4.5": 9.711342649491503e-05,
                "-5.0": 0.00022274345018264934,
                "-5.5": 0.0008559774738824241,
                "-6.0": 0.009015465347846361,
                "-6.5": 0.06955276584351307,
                "-7.0": 0.02269830076889861,
                "-7.5": 0.022698300768898654,
                "-8.0": 0.015132228398747258,
                "-8.5": 0.0,
                "-9.0": 0.0
            },
            "gsd_wall": {
                "1.0": 0.0,
                "0.0": 0.0,
                "-1.0": 0.0003256160100052161,
                "-2.0": 0.0660957282254678,
                "-2.5": 0.05058582578977818,
                "-3.0": 0.0010125990943368212,
                "-3.5": 0.0006128281425311001,
                "-4.0": 0.00021977879912444908,
                "-4.5": 0.0008985339395326945,
                "-5.0": 0.0017818457619766595,
                "-5.5": 0.005743847216722496,
                "-6.0": 0.058179173777450625,
                "-6.5": 0.43519002634977466,
                "-7.0": 0.1423399162555872,
                "-7.5": 0.1423399162555961,
                "-8.0": 0.09467436438211596,
                "-8.5": 0.0,
                "-9.0": 0.0
            },
            "Qs_in": 0.0024975661596038927,
            "Qs_out_bed": 0.0027668481557839783,
            "Qs_out_wall": 0.0,
            "D50": 0.08900364883575351,
            "D84": 0.18201621775969834
        },
        "deposit_downstream": {
            "flow_scale": 0.66,
            "elevation": 1576.1813209800557,
            "length": 120,
            "width": 6.382639634205711,
            "bankfull_width": 12,
            "lwd_factor": null,
            "gsd_bed": {
                "1.0": 0.597082942922728,
                "0.0": 0.074635367865341,
                "-1.0": 0.009329420983167625,
                "-2.0": 0.0011661776228959531,
                "-2.5": 0.0012731557065393008,
                "-3.0": 0.000944713658760988,
                "-3.5": 5.1538256576108545e-05,
                "-4.0": 9.029123433161442e-05,
                "-4.5": 0.00019563337121949716,
                "-5.0": 0.00031716298109201363,
                "-5.5": 0.000732965537061268,
                "-6.0": 0.00226672816449956,
                "-6.5": 0.005391639977253918,
                "-7.0": 0.08044554687304245,
                "-7.5": 0.13564619174962758,
                "-8.0": 0.09043052309586305,
                "-8.5": 0.0,
                "-9.0": 0.0
            },
            "gsd_wall": {
                "1.0": 0.0,
                "0.0": 0.0,
                "-1.0": 5.337684385623673e-06,
                "-2.0": 0.0,
                "-2.5": 0.0,
                "-3.0": 0.00016411807097901088,
                "-3.5": 0.00030548831859585404,
                "-4.0": 0.00044288975638391884,
                "-4.5": 0.02466366235555347,
                "-5.0": 0.024560731669121517,
                "-5.5": 0.03363437559580542,
                "-6.0": 0.04034501962516316,
                "-6.5": 0.033541292490780104,
                "-7.0": 0.24312195433950914,
                "-7.5": 0.3594904870356756,
                "-8.0": 0.23972464305804708,
                "-8.5": 0.0,
                "-9.0": 0.0
            },
            "Qs_in": 0.0027668481557839783,
            "Qs_out_bed": 0.024412527926075137,
            "Qs_out_wall": 0.0,
            "D50": 0.17435847173485153,
            "D84": 0.2615377076022774
        },
        "downstream": {
            "flow_scale": 0.689,
            "elevation": 1570.7987786353385,
            "length": 145,
            "bankfull_width": 12,
            "lwd_factor": null,
            "gsd": {
                "1.0": 0.0,
                "0.0": 0.0,
                "-1.0": 0.0,
                "-2.0": 0.0,
                "-2.5": 0.0,
                "-3.0": 0.0,
                "-3.5": 2.9131689584595405e-05,
                "-4.0": 4.511329374310666e-05,
                "-4.5": 0.00021720921805200988,
                "-5.0": 0.0004466575153052965,
                "-5.5": 0.004461542863884442,
                "-6.0": 0.17819701498380286,
                "-6.5": 0.7530931385118,
                "-7.0": 0.05729105009986722,
                "-7.5": 0.003300040155728498,
                "-8.0": 0.0017934070366410248,
                "-8.5": 0.0007832780136164914,
                "-9.0": 0.00034241661797442213
            },
            "Qs_in": 0.024412527926075137,
            "Qs_out": 1.0575467407996517,
            "D50": 0.0008454262130465286,
            "D84": 0.0887964095542156
        }
    },
    "sed_masses": {
        "upstream": {
            "1.0": 1280.6536075446897,
            "0.0": 3285.753508270799,
            "-1.0": 7302.691824806825,
            "-2.0": 23805.458629855264,
            "-2.5": 66782.54436515334,
            "-3.0": 150696.34081584626,
            "-3.5": 378761.63389912574,
            "-4.0": 594497.1724330474,
            "-4.5": 956827.1410679204,
            "-5.0": 1118104.3908646596,
            "-5.5": 958908.9410460176,
            "-6.0": 373612.24086276157,
            "-6.5": 6897.8358651166745,
            "-7.0": 17511.16336385351,
            "-7.5": 30696.862637835035,
            "-8.0": 47184.42089681431,
            "-8.5": 58288.20609830139,
            "-9.0": 72071.66915026594
        },
        "downstream": {
            "1.0": 0.00026656415212363444,
            "0.0": 0.0006336215129730122,
            "-1.0": 0.004505056980232427,
            "-2.0": 0.09486904572134132,
            "-2.5": 0.2958384006466447,
            "-3.0": 0.05792293746228189,
            "-3.5": 0.06364749241211694,
            "-4.0": 0.27878227262324173,
            "-4.5": 3.7965040146844347,
            "-5.0": 22.081331132260786,
            "-5.5": 623.8507019667344,
            "-6.0": 70475.96263008416,
            "-6.5": 842430.8763858806,
            "-7.0": 181266.42160615412,
            "-7.5": 29532.13172004375,