{
    "timestep": "2005-06-01 20:00",
    "deposit_mass": 12150000,
    "reaches": {
        "upstream": {
            "flow_scale": 0.658,
            "elevation": 1579.931425850911,
            "length": 170,
            "bankfull_width": 10.5,
            "lwd_factor": null,
            "gsd": {
                "1.0": 0.681704261390741,
                "0.0": 0.20532788626824117,
                "-1.0": 0.05130967676557572,
                "-2.0": 0.017427268726454913,
                "-2.5": 0.01504186938304709,
                "-3.0": 0.009961105416708619,
                "-3.5": 0.00880731005789155,
                "-4.0": 0.005131296859900841,
                "-4.5": 0.003153440035228117,
                "-5.0": 0.001486393993318359,
                "-5.5": 0.0005446121359448601,
                "-6.0": 0.00010041117163783864,
                "-6.5": 1.5166211854718667e-06,
                "-7.0": 1.3612386397741715e-06,
                "-7.5": 8.436615685417071e-07,
                "-8.0": 4.584879341361544e-07,
                "-8.5": 2.00246520159705e-07,
                "-9.0": 8.753946236489803e-08
            },
            "Qs_in": 0.7729967263974019,
            "Qs_out": 0.0,
            "D50": 0.0007071067811865476,
            "D84": 0.0010315769755829777
        },
        "deposit_upstream": {
            "flow_scale": 0.659,
            "elevation": 1580.6124167728274,
            "length": 118,
            "width": 5.767533001088373,
            "bankfull_width": 10.5,
            "lwd_factor": 1,
            "gsd_bed": {
                "1.0": 0.0,
                "0.0": 0.0,
                "-1.0": 0.0,
                "-2.0": 0.0,
                "-2.5": 0.0,
                "-3.0": 0.0,
                "-3.5": 2.119477206630732e-06,
                "-4.0": 0.0,
                "-4.5": 0.0,
                "-5.0": 0.0,
                "-5.5": 0.04662279158798994,
                "-6.0": 0.1982580686106712,
                "-6.5": 0.4091017698276299,
                "-7.0": 0.1297512997530947,
                "-7.5": 0.12975129975309477,
                "-8.0": 0.08651265099031294,
                "-8.5": 0.0,
                "-9.0": 0.0
            },
            "gsd_wall": {
                "1.0": 0.227402215329132,
                "0.0": 0.7725261604058405,
                "-1.0": 0.0,
                "-2.0": 1.1017734544529818e-07,
                "-2.5": 2.4582295173998527e-07,
                "-3.0": 2.1735649371207475e-08,
                "-3.5": 3.683650248746147e-07,
                "-4.0": 1.465136881767195e-07,
                "-4.5": 7.2794189950819755e-06,
                "-5.0": 7.45919647203404e-06,
                "-5.5": 7.37290437638305e-06,
                "-6.0": 9.931010833941451e-06,
                "-6.5": 2.061422394048025e-05,
                "-7.0": 6.832297591045559e-06,
                "-7.5": 6.832297591047759e-06,
                "-8.0": 4.410300567873437e-06,
                "-8.5": 0.0,
                "-9.0": 0.0
            },
            "Qs_in": 0.0,
            "Qs_out_bed": 0.0,
            "Qs_out_wall": 0.0,
            "D50": 0.08914526399910834,
            "D84": 0.18079146710796765
        },
        "deposit_downstream": {
            "flow_scale": 0.66,
            "elevation": 1576.184936024945,
            "length": 120,
            "width": 6.382639634205711,
            "bankfull_width": 12,
            "lwd_factor": null,
            "gsd_bed": {
                "1.0": 0.0,
                "0.0": 1.1142230255330855e-05,
                "-1.0": 1.392778781916357e-06,
                "-2.0": 0.0,
                "-2.5": 0.0,
                "-3.0": 0.0,
                "-3.5": 0.00016111453473504863,
                "-4.0": 0.0002822608131594229,
                "-4.5": 7.961506688729882e-06,
                "-5.0": 7.918344334109944e-06,
                "-5.5": 4.4959250894877015e-06,
                "-6.0": 0.01341771074294581,
                "-6.5": 0.02788205719391458,
                "-7.0": 0.25148205851350264,
                "-7.5": 0.42404564151387336,
                "-8.0": 0.28269624590271963,
                "-8.5": 0.0,
                "-9.0": 0.0
            },
            "gsd_wall": {
                "1.0": 0.0,
                "0.0": 0.0,
                "-1.0": 5.337684385623673e-06,
                "-2.0": 0.0,
                "-2.5": 0.0,
                "-3.0": 0.00016411807097901088,
                "-3.5": 0.00030548831859585404,
                "-4.0": 0.00044288975638391884,
                "-4.5": 0.02466366235555347,
                "-5.0": 0.024560731669121517,
                "-5.5": 0.03363437559580542,
                "-6.0": 0.04034501962516316,
                "-6.5": 0.033541292490780104,
                "-7.0": 0.24312195433950914,
                "-7.5": 0.3594904870356756,
                "-8.0": 0.23972464305804708,
                "-8.5": 0.0,
                "-9.0": 0.0
            },
            "Qs_in": 0.0,
            "Qs_out_bed": 0.0,
            "Qs_out_wall": 0.0,
            "D50": 0.1765571443186543,
            "D84": 0.2648357164779815
        },
        "downstream": {
            "flow_scale": 0.689,
            "elevation": 1570.8049232452186,
            "length": 145,
            "bankfull_width": 12,
            "lwd_factor": null,
            "gsd": {
                "1.0": 0.0,
                "0.0": 0.0,
                "-1.0": 5.40310185199206e-06,
                "-2.0": 1.0711521056636033e-05,
                "-2.5": 1.546927878488382e-05,
                "-3.0": 2.005550392471321e-05,
                "-3.5": 2.5291796820229924e-05,
                "-4.0": 3.9166841179213765e-05,
                "-4.5": 7.64381128690421e-05,
                "-5.0": 8.242799422143461e-05,
                "-5.5": 0.06840276322885247,
                "-6.0": 0.24495286368812025,
                "-6.5": 0.6312305929880271,
                "-7.0": 0.04973942875972664,
                "-7.5": 0.002865056792360579,
                "-8.0": 0.0015570152996097022,
                "-8.5": 0.0006800329351517317,
                "-9.0": 0.0002972821574433801
            },
            "Qs_in": 0.0,
            "Qs_out": 0.0,
            "D50": 0.08370049478298837,
            "D84": 0.12555074217448256
        }
    },
    "sed_masses": {
        "upstream": {
            "1.0": 356.9704358259461,
            "0.0": 870.6907015867015,
            "-1.0": 1803.133621803014,
            "-2.0": 5306.88551489585,
            "-2.5": 13799.120570001507,
            "-3.0": 26867.343301123477,
            "-3.5": 68367.12138306255,
            "-4.0": 113088.88716436253,
            "-4.5": 196572.3187736558,
            "-5.0": 262069.64410157106,
            "-5.5": 271590.8196735341,
            "-6.0": 141629.8511896925,
            "-6.5": 6050.5503627926455,
            "-7.0": 15360.205420355247,
            "-7.5": 26926.258757362808,
            "-8.0": 41388.59209729149,
            "-8.5": 51128.46020853336,
            "-9.0": 63218.851890850776
        },
        "downstream": {
            "1.0": 0.16772021431159218,
            "0.0": 3.3662645846029418,
            "-1.0": 6.91542241500501e-05,
            "-2.0": 0.0010967728514915706,
            "-2.5": 0.00448002673533505,
            "-3.0": 0.016428167100679587,
            "-3.5": 0.05859765152077477,
            "-4.0": 0.2566634731745753,
            "-4.5": 4.417230357716732,
            "-5.0": 13.472860628441275,
            "-5.5": 9707.630807175923,
            "-6.0": 102732.53740624613,
            "-6.5": 748787.3976292692,
            "-7.0": 166884.60461127484,
            "-7.5": 27189.02972628807,
            "-8.0": 41792.49969343619,
            "-8.5": 51627.41831295158,
            "-9.0": 63835.79905441331
        },
        "deposit_upstream": {
            "1.0": 1787.0712672537104,
            "0.0": 48568.01601391428,
            "-1.0": 0.0,