{
    "timestep": "2002-04-21 21:00",
    "deposit_mass": 12150000,
    "reaches": {
        "upstream": {
            "flow_scale": 0.658,
            "elevation": 1579.5940079853206,
            "length": 170,
            "bankfull_width": 10.5,
            "lwd_factor": null,
            "gsd": {
                "1.0": 0.8111199897767376,
                "0.0": 0.16533846844924746,
                "-1.0": 0.02061648734592903,
                "-2.0": 0.0017238462074477268,
                "-2.5": 1.2222305867297203e-05,
                "-3.0": 1.931124327032959e-05,
                "-3.5": 3.972249406871591e-05,
                "-4.0": 5.6833722282932e-05,
                "-4.5": 9.227840929809384e-05,
                "-5.0": 0.00012784531937192883,
                "-5.5": 0.0001680567056753365,
                "-6.0": 0.00018590127224159023,
                "-6.5": 0.00016940115932073915,
                "-7.0": 0.00015204548498917714,
                "-7.5": 9.423397823686139e-05,
                "-8.0": 5.121146158397527e-05,
                "-8.5": 2.2366819737153874e-05,
                "-9.0": 9.777844693837772e-06
            },
            "Qs_in": 0.01873174619702915,
            "Qs_out": 0.0,
            "D50": 0.0007071067811865476,
            "D84": 0.001045177048959762
        },
        "deposit_upstream": {
            "flow_scale": 0.659,
            "elevation": 1580.915362560064,
            "length": 118,
            "width": 2.2572770899059393,
            "bankfull_width": 10.5,
            "lwd_factor": 1,
            "gsd_bed": {
                "1.0": 0.22471261269681791,
                "0.0": 0.7633581923081211,
                "-1.0": 0.0,
                "-2.0": 0.0,
                "-2.5": 0.0,
                "-3.0": 0.0,
                "-3.5": 7.482129091903129e-06,
                "-4.0": 0.0,
                "-4.5": 4.5534222308170375e-05,
                "-5.0": 0.00011683994146093146,
                "-5.5": 0.0007456487729101102,
                "-6.0": 0.003748022425912009,
                "-6.5": 0.004359095622251527,
                "-7.0": 0.0010895962868214617,
                "-7.5": 0.0010895962868214609,
                "-8.0": 0.0007273793074833021,
                "-8.5": 0.0,
                "-9.0": 0.0
            },
            "gsd_wall": {
                "1.0": 0.0,
                "0.0": 0.0,
                "-1.0": 0.0,
                "-2.0": 0.00015720547293914168,
                "-2.5": 0.0003507500859763122,
                "-3.0": 3.1013299741701555e-05,
                "-3.5": 0.00034241870464049123,
                "-4.0": 0.00020905162988624215,
                "-4.5": 0.1939681109633493,
                "-5.0": 0.1925469522117073,
                "-5.5": 0.19287232924182907,
                "-6.0": 0.15613688849240542,
                "-6.5": 0.15743790537390875,
                "-7.0": 0.03980516528718209,
                "-7.5": 0.0398051652871799,
                "-8.0": 0.026337043949254322,
                "-8.5": 0.0,
                "-9.0": 0.0
            },
            "Qs_in": 0.0,
            "Qs_out_bed": 0.23660771045718654,
            "Qs_out_wall": 0.0,
            "D50": 0.0007101884840300431,
            "D84": 0.0010652827260450646
        },
        "deposit_downstream": {
            "flow_scale": 0.66,
            "elevation": 1576.401879509309,
            "length": 120,
            "width": 3.577416068178754,
            "bankfull_width": 12,
            "lwd_factor": null,
            "gsd_bed": {
                "1.0": 0.3379432774996456,
                "0.0": 0.661985936453154,
                "-1.0": 1.4848456876233482e-11,
                "-2.0": 0.0,
                "-2.5": 0.0,
                "-3.0": 0.0,
                "-3.5": 1.9352945481165687e-05,
                "-4.0": 3.33327852148725e-07,
                "-4.5": 6.95335102929114e-06,
                "-5.0": 5.712686284226975e-06,
                "-5.5": 5.764183510489679e-06,
                "-6.0": 8.83275519214145e-06,
                "-6.5": 1.3533833589827704e-05,
                "-7.0": 3.863610003200848e-06,
                "-7.5": 3.863610003200856e-06,
                "-8.0": 2.5757294063930516e-06,
                "-8.5": 0.0,
                "-9.0": 0.0
            },
            "gsd_wall": {
                "1.0": 0.0,
                "0.0": 0.0,
                "-1.0": 0.0024792875144072314,
                "-2.0": 0.0,
                "-2.5": 0.0,
                "-3.0": 0.006788679609497185,
                "-3.5": 0.2836136122269268,
                "-4.0": 0.008572833866697592,
                "-4.5": 0.10707174520770932,
                "-5.0": 0.08553229026324143,
                "-5.5": 0.09091589039187872,
                "-6.0": 0.11055000408653765,
                "-6.5": 0.161173075969865,
                "-7.0": 0.05259291068266728,
                "-7.5": 0.052592910682789526,
                "-8.0": 0.038116759497782225,
                "-8.5": 0.0,
                "-9.0": 0.0
            },
            "Qs_in": 0.23660771045718654,
            "Qs_out_bed": 0.24462894815878783,
            "Qs_out_wall": 0.0,
            "D50": 0.0007071067811865476,
            "D84": 0.06375976899543817
        },
        "downstream": {
            "flow_scale": 0.689,
            "elevation": 1570.565851179507,
            "length": 145,
            "bankfull_width": 12,
            "lwd_factor": null,
            "gsd": {
                "1.0": 0.3460618728785488,
                "0.0": 0.6116480642335579,
                "-1.0": 0.013226400422246756,
                "-2.0": 0.0004748607275868838,
                "-2.5": 0.0010540201662650871,
                "-3.0": 0.00021571979034670875,
                "-3.5": 0.0004068971610937559,
                "-4.0": 9.234075616703957e-05,
                "-4.5": 0.00017217665811409497,
                "-5.0": 0.007013940436226591,
                "-5.5": 0.01199410558665102,
                "-6.0": 0.005674041427602057,
                "-6.5": 0.0016857894747742928,
                "-7.0": 0.00012904494969923774,
                "-7.5": 7.997882332645682e-05,
                "-8.0": 4.346449672345711e-05,
                "-8.5": 1.8983300478264098e-05,
                "-9.0": 8.298710591590851e-06
            },
            "Qs_in": 0.24462894815878783,
            "Qs_out": 0.0,
            "D50": 0.0442106725928417,
            "D84": 0.06658977957637437
        }
    },
    "sed_masses": {
        "upstream": {
            "1.0": 0.44676953102473227,
            "0.0": 0.7466202908200684,
            "-1.0": 0.7885387474383994,
            "-2.0": 0.5274689160724279,
            "-2.5": 0.010577827861653686,
            "-3.0": 0.047271412086779645,
            "-3.5": 0.27502352440299543,
            "-4.0": 1.1129724871064577,
            "-4.5": 5.111206422751057,
            "-5.0": 20.028717789477067,
            "-5.5": 74.46790814604188,
            "-6.0": 232.99181459116312,
            "-6.5": 600.5092112896821,
            "-7.0": 1524.4803016510577,
            "-7.5": 2672.3959705878483,
            "-8.0": 4107.763642390952,
            "-8.5": 5074.432815746574,
            "-9.0": 6274.388379785702
        },
        "downstream": {
            "1.0": 7.9614305459711625,
            "0.0": 111.3114545878633,
            "-1.0": 20.147819870009016,
            "-2.0": 5.78685543901702,
            "-2.5": 36.33040953675577,
            "-3.0": 21.030827264494015,
            "-3.5": 112.20081721405366,
            "-4.0": 72.0194466831457,
            "-4.5": 379.81806889303715,
            "-5.0": 10300.031776764612,
            "-5.5": 54086.0169279263,
            "-6.0": 81628.28118738224,
            "-6.5": 68595.68367311223,
            "-7.0": 14851.81247900205,
            "-7.5": 26035.051933321818,
            "-8.0": 40018.71015242355,
            "-8.5": 49436.2075621053,