{
    "timestep": "2002-06-02 13:00",
    "deposit_mass": 12150000,
    "reaches": {
        "upstream": {
            "flow_scale": 0.658,
            "elevation": 1579.608151301771,
            "length": 170,
            "bankfull_width": 10.5,
            "lwd_factor": null,
            "gsd": {
                "1.0": 0.6660037993422964,
                "0.0": 0.2085679426081917,
                "-1.0": 0.05601539722969771,
                "-2.0": 0.02169045378036992,
                "-2.5": 0.019720213710559903,
                "-3.0": 0.012516048300194283,
                "-3.5": 0.009526625265242143,
                "-4.0": 0.00419244583431442,
                "-4.5": 0.0014892214242604558,
                "-5.0": 0.00021806685820115348,
                "-5.5": 1.1778946005688718e-05,
                "-6.0": 1.3029655908838202e-05,
                "-6.5": 1.1873177573734235e-05,
                "-7.0": 1.0656733695328556e-05,
                "-7.5": 6.60477626937164e-06,
                "-8.0": 3.589366091915324e-06,
                "-8.5": 1.5676706320298457e-06,
                "-9.0": 6.853204948764352e-07
            },
            "Qs_in": 650.9427121593495,
            "Qs_out": 0.0,
            "D50": 0.0007071067811865476,
            "D84": 0.00103135975961134
        },
        "deposit_upstream": {
            "flow_scale": 0.659,
            "elevation": 1580.744120228137,
            "length": 118,
            "width": 4.231316295503946,
            "bankfull_width": 10.5,
            "lwd_factor": 1,
            "gsd_bed": {
                "1.0": 0.22739741339026964,
                "0.0": 0.7725335293281622,
                "-1.0": 0.0,
                "-2.0": 0.0,
                "-2.5": 0.0,
                "-3.0": 0.0,
                "-3.5": 1.1352753824334998e-10,
                "-4.0": 0.0,
                "-4.5": 6.838285437582188e-06,
                "-5.0": 6.801388129942674e-06,
                "-5.5": 6.9793345947275905e-06,
                "-6.0": 6.015186941623959e-06,
                "-6.5": 2.356982179414299e-05,
                "-7.0": 7.0697612392774585e-06,
                "-7.5": 7.069761239277452e-06,
                "-8.0": 4.7136286638864415e-06,
                "-8.5": 0.0,
                "-9.0": 0.0
            },
            "gsd_wall": {
                "1.0": 0.22739136047489245,
                "0.0": 0.7724717070818701,
                "-1.0": 0.0,
                "-2.0": 4.502526465817768e-06,
                "-2.5": 1.0045843286941903e-05,
                "-3.0": 8.882528086882074e-07,
                "-3.5": 1.2162770826334368e-05,
                "-4.0": 5.987453736102001e-06,
                "-4.5": 1.8552371492667897e-05,
                "-5.0": 2.274025962779831e-05,
                "-5.5": 1.0006767924719603e-05,
                "-6.0": 8.260379168847142e-06,
                "-6.5": 9.085982060959618e-06,
                "-7.0": 1.3055694229221874e-05,
                "-7.5": 1.3055694229287366e-05,
                "-8.0": 8.588447380239849e-06,
                "-8.5": 0.0,
                "-9.0": 0.0
            },
            "Qs_in": 0.0,
            "Qs_out_bed": 0.00013070625908324202,
            "Qs_out_wall": 0.0006243915399009732,
            "D50": 0.0888046020503207,
            "D84": 0.18245812853752383
        },
        "deposit_downstream": {
            "flow_scale": 0.66,
            "elevation": 1576.1690177087598,
            "length": 120,
            "width": 5.587698899949429,
            "bankfull_width": 12,
            "lwd_factor": null,
            "gsd_bed": {
                "1.0": 0.22024146670913455,
                "0.0": 0.7495957671450673,
                "-1.0": 3.2679001075500124e-08,
                "-2.0": 0.0,
                "-2.5": 0.0,
                "-3.0": 0.0,
                "-3.5": 7.241107906245561e-06,
                "-4.0": 1.0651035244947652e-05,
                "-4.5": 6.078238040918348e-06,
                "-5.0": 0.0014732489007025333,
                "-5.5": 0.0015187024834393446,
                "-6.0": 0.0013236546039704037,
                "-6.5": 3.865478244673278e-05,
                "-7.0": 0.009668435819867318,
                "-7.5": 0.009668435819867338,
                "-8.0": 0.00644763067531114,
                "-8.5": 0.0,
                "-9.0": 0.0
            },
            "gsd_wall": {
                "1.0": 0.2221922723790196,
                "0.0": 0.7474306432634584,
                "-1.0": 0.0002960852143065789,
                "-2.0": 0.0,
                "-2.5": 0.0,
                "-3.0": 0.0044603461097642546,
                "-3.5": 0.002750423490710626,
                "-4.0": 0.003070709096470399,
                "-4.5": 0.002245551359326562,
                "-5.0": 0.00584645831515021,
                "-5.5": 0.0026514927474507693,
                "-6.0": 0.0034277045932340796,
                "-6.5": 0.003052520791084298,
                "-7.0": 0.0010443743007900346,
                "-7.5": 0.0010443743011355664,
                "-8.0": 0.00048704403809844227,
                "-8.5": 0.0,
                "-9.0": 0.0
            },
            "Qs_in": 0.0007550977989842152,
            "Qs_out_bed": 46.22292147792081,
            "Qs_out_wall": 0.0,
            "D50": 0.1742330681852282,
            "D84": 0.26134960227784243
        },
        "downstream": {
            "flow_scale": 0.689,
            "elevation": 1570.7620433717043,
            "length": 145,
            "bankfull_width": 12,
            "lwd_factor": null,
            "gsd": {
                "1.0": 0.0,
                "0.0": 0.0,
                "-1.0": 7.1193424460299864e-06,
                "-2.0": 1.4167196739171517e-05,
                "-2.5": 2.045986884586938e-05,
                "-3.0": 2.7222927838425355e-05,
                "-3.5": 2.8339486451962795e-05,
                "-4.0": 4.986096574469362e-05,
                "-4.5": 0.0,
                "-5.0": 0.0,
                "-5.5": 0.004413558931601625,
                "-6.0": 0.5406151756482376,
                "-6.5": 0.44609942151724424,
                "-7.0": 0.004024284241332587,
                "-7.5": 0.0024941504421763837,
                "-8.0": 0.001355446219548515,
                "-8.5": 0.0005919967975593749,
                "-9.0": 0.00025879641423360656
            },
            "Qs_in": 46.22292147792081,
            "Qs_out": 499.8954268424694,
            "D50": 0.0007045131142423637,
            "D84": 0.0010567696713635454
        }
    },
    "sed_masses": {
        "upstream": {
            "1.0": 0.0,
            "0.0": 0.0,
            "-1.0": 0.0,
            "-2.0": 0.0,
            "-2.5": 0.0,
            "-3.0": 0.0,
            "-3.5": 0.0,
            "-4.0": 0.0,
            "-4.5": 0.0,
            "-5.0": 0.0,
            "-5.5": 0.0,
            "-6.0": 0.0,
            "-6.5": 0.0,
            "-7.0": 0.0,
            "-7.5": 0.0,
            "-8.0": 0.0,
            "-8.5": 0.0,
            "-9.0": 0.0
        },
        "downstream": {
            "1.0": 0.00877378824493856,
            "0.0": 0.4705795499148373,
            "-1.0": 0.00010264250554794514,
            "-2.0": 0.0016340341440489556,
            "-2.5": 0.006674596879229842,
            "-3.0": 0.025119014211914203,
            "-3.5": 0.13754362880761592,
            "-4.0": 0.3577782986824422,
            "-4.5": 21.968071612587142,
            "-5.0": 183.24564062424867,
            "-5.5": 2316.1420499209444,
            "-6.0": 271653.2040310383,
            "-6.5": 580848.1394113579,
            "-7.0": 15209.529433881115,
            "-7.5": 26662.125531973365,
            "-8.0": 40982.59056460567,
            "-8.5": 50626.91540701557,
            "-9.0": 62598.706351664936
        },
        "deposit_upstream": {
            "1.0": 5003.13494917105,
            "0.0": 135971.40357290866,
            "-1.0": 0.0,
            "-2.0": 0.0,