{
    "timestep": "2002-05-12 17:00",
    "deposit_mass": 12150000,
    "reaches": {
        "upstream": {
            "flow_scale": 0.658,
            "elevation": 1579.5940155739672,
            "length": 170,
            "bankfull_width": 10.5,
            "lwd_factor": null,
            "gsd": {
                "1.0": 0.8217880658707835,
                "0.0": 0.16273887747410698,
                "-1.0": 0.014296222396941394,
                "-2.0": 0.0006935533415238956,
                "-2.5": 4.917388244245761e-06,
                "-3.0": 7.769473425908305e-06,
                "-3.5": 1.5981511793798732e-05,
                "-4.0": 2.286585533574282e-05,
                "-4.5": 3.712628124405549e-05,
                "-5.0": 5.143588103481071e-05,
                "-5.5": 6.76140883583792e-05,
                "-6.0": 7.479347519497799e-05,
                "-6.5": 6.815500106524628e-05,
                "-7.0": 6.117230975841726e-05,
                "-7.5": 3.7913063363134836e-05,
                "-8.0": 2.0603856743389722e-05,
                "-8.5": 8.99882048696975e-06,
                "-9.0": 3.9339105953966115e-06
            },
            "Qs_in": 0.027473227755642756,
            "Qs_out": 0.0,
            "D50": 0.0007071067811865476,
            "D84": 0.0010460306972913107
        },
        "deposit_upstream": {
            "flow_scale": 0.659,
            "elevation": 1580.897683354717,
            "length": 118,
            "width": 2.397283294185464,
            "bankfull_width": 10.5,
            "lwd_factor": 1,
            "gsd_bed": {
                "1.0": 0.0,
                "0.0": 0.0,
                "-1.0": 0.0,
                "-2.0": 0.0,
                "-2.5": 0.0,
                "-3.0": 0.0,
                "-3.5": 1.3932061176357193e-06,
                "-4.0": 0.0,
                "-4.5": 0.0,
                "-5.0": 0.0,
                "-5.5": 0.12612292686590773,
                "-6.0": 0.32605492503600303,
                "-6.5": 0.32871176926507495,
                "-7.0": 0.0821704478255817,
                "-7.5": 0.08217044782558172,
                "-8.0": 0.05476808997573316,
                "-8.5": 0.0,
                "-9.0": 0.0
            },
            "gsd_wall": {
                "1.0": 0.22741160035469443,
                "0.0": 0.7725513865913812,
                "-1.0": 0.0,
                "-2.0": 2.1805972252199776e-08,
                "-2.5": 4.865254688185737e-08,
                "-3.0": 4.30185502433813e-09,
                "-3.5": 4.8006744841245494e-08,
                "-4.0": 2.8997553045378237e-08,
                "-4.5": 6.96974065474452e-06,
                "-5.0": 6.856178610074709e-06,
                "-5.5": 7.038206987015779e-06,
                "-6.0": 5.943467050461153e-06,
                "-6.5": 5.983059735715315e-06,
                "-7.0": 1.5162208965275986e-06,
                "-7.5": 1.516220896527301e-06,
                "-8.0": 1.0381944210933179e-06,
                "-8.5": 0.0,
                "-9.0": 0.0
            },
            "Qs_in": 0.0,
            "Qs_out_bed": 0.0,
            "Qs_out_wall": 0.0,
            "D50": 0.08782446631690237,
            "D84": 0.13273191563470355
        },
        "deposit_downstream": {
            "flow_scale": 0.66,
            "elevation": 1576.3746035427953,
            "length": 120,
            "width": 3.8795260423620386,
            "bankfull_width": 12,
            "lwd_factor": null,
            "gsd_bed": {
                "1.0": 1.860307983304235e-13,
                "0.0": 3.5968006993070487e-06,
                "-1.0": 4.496000363193723e-07,
                "-2.0": 0.0,
                "-2.5": 0.0,
                "-3.0": 0.0,
                "-3.5": 0.00024207178314061462,
                "-4.0": 4.240773293075946e-06,
                "-4.5": 0.00012559073373864043,
                "-5.0": 0.00010993594924792019,
                "-5.5": 0.00010751301779157683,
                "-6.0": 0.2702065876602903,
                "-6.5": 0.41401795200551406,
                "-7.0": 0.1181933736625661,
                "-7.5": 0.11819337366256641,
                "-8.0": 0.07879531435092954,
                "-8.5": 0.0,
                "-9.0": 0.0
            },
            "gsd_wall": {
                "1.0": 0.0,
                "0.0": 0.0,
                "-1.0": 0.004088923851644917,
                "-2.0": 0.0,
                "-2.5": 0.0,
                "-3.0": 0.010954637567135172,
                "-3.5": 0.14503611745657272,
                "-4.0": 0.01343791413737943,
                "-4.5": 0.060005986232563514,
                "-5.0": 0.04769146304508626,
                "-5.5": 0.05485285043090062,
                "-6.0": 0.17039478142989936,
                "-6.5": 0.2702964393078866,
                "-7.0": 0.08186988543240938,
                "-7.5": 0.08186988543267502,
                "-8.0": 0.05950111567584708,
                "-8.5": 0.0,
                "-9.0": 0.0
            },
            "Qs_in": 0.0,
            "Qs_out_bed": 0.0,
            "Qs_out_wall": 0.0,
            "D50": 0.08951835642422737,
            "D84": 0.18027995557621723
        },
        "downstream": {
            "flow_scale": 0.689,
            "elevation": 1570.5747121872887,
            "length": 145,
            "bankfull_width": 12,
            "lwd_factor": null,
            "gsd": {
                "1.0": 0.0,
                "0.0": 0.0,
                "-1.0": 0.0,
                "-2.0": 0.0001492370884024711,
                "-2.5": 0.0003300564874871623,
                "-3.0": 0.00013923425285229063,
                "-3.5": 0.0004271806632165169,
                "-4.0": 0.00020634003753677814,
                "-4.5": 0.0034632851660174042,
                "-5.0": 0.17983490618848108,
                "-5.5": 0.5533042958052553,
                "-6.0": 0.19469916742883545,
                "-6.5": 0.05784624816021416,
                "-7.0": 0.004428053618760282,
                "-7.5": 0.00274439657561429,
                "-8.0": 0.001491442496994018,
                "-8.5": 0.0006513937397372439,
                "-9.0": 0.00028476229059551633
            },
            "Qs_in": 0.0,
            "Qs_out": 0.0,
            "D50": 0.04337815260659096,
            "D84": 0.06779276561393845
        }
    },
    "sed_masses": {
        "upstream": {
            "1.0": 0.5829304715408762,
            "0.0": 0.92793029724811,
            "-1.0": 0.6664438354144937,
            "-2.0": 0.258649780987521,
            "-2.5": 0.005186946142935828,
            "-3.0": 0.023180020681138176,
            "-3.5": 0.13486059971633158,
            "-4.0": 0.5457574489483169,
            "-4.5": 2.5063323762665917,
            "-5.0": 9.821286737203257,
            "-5.5": 36.51610084626821,
            "-6.0": 114.24992066758035,
            "-6.5": 294.4658372243071,
            "-7.0": 747.5445170833398,
            "-7.5": 1310.4367128423708,
            "-8.0": 2014.2839399223103,
            "-8.5": 2488.3000617396,
            "-9.0": 3076.710552625966
        },
        "downstream": {
            "1.0": 0.17261654675057866,
            "0.0": 2.8992447227103213,
            "-1.0": 0.2394488951495877,
            "-2.0": 0.0698981131827046,
            "-2.5": 0.4372420806318056,
            "-3.0": 0.25371190615378636,
            "-3.5": 2.2016655080397185,
            "-4.0": 3.007933646605613,
            "-4.5": 142.7966413481856,
            "-5.0": 12263.344354269835,
            "-5.5": 77144.30421208899,
            "-6.0": 77070.53301196049,
            "-6.5": 64765.6096546842,
            "-7.0": 14022.55416333545,
            "-7.5": 24581.371896286404,
            "-8.0": 37784.245623392635,
            "-8.5": 46675.912394504914,
            "-9.0": 57713.406202795384
        },
        "deposit_upstream": {
            "1.0": 7610.446973599409,
            "0.0": 206830.65781566795,