{
    "timestep": "2008-07-31 11:00",
    "deposit_mass": 12150000,
    "reaches": {
        "upstream": {
            "flow_scale": 0.658,
            "elevation": 1580.2022106364884,
            "length": 170,
            "bankfull_width": 10.5,
            "lwd_factor": null,
            "gsd": {
                "1.0": 0.6914148141930533,
                "0.0": 0.20164208797589195,
                "-1.0": 0.050319106324372816,
                "-2.0": 0.017721092985826983,
                "-2.5": 0.015393046891603007,
                "-3.0": 0.009525564540615239,
                "-3.5": 0.007433096086165235,
                "-4.0": 0.003594994001215505,
                "-4.5": 0.0018565314502965648,
                "-5.0": 0.0007769917333280788,
                "-5.5": 0.00027300593606258627,
                "-6.0": 4.8371550741591887e-05,
                "-6.5": 4.4004764302508726e-07,
                "-7.0": 3.9496339676998844e-07,
                "-7.5": 2.4478840748365084e-07,
                "-8.0": 1.3303027592172488e-07,
                "-8.5": 5.810152862452409e-08,
                "-9.0": 2.5399575354983305e-08
            },
            "Qs_in": 0.0024975661596038927,
            "Qs_out": 0.0,
            "D50": 0.0007071067811865476,
            "D84": 0.0010328734445299286
        },
        "deposit_upstream": {
            "flow_scale": 0.659,
            "elevation": 1580.5702326601704,
            "length": 118,
            "width": 6.268037212435863,
            "bankfull_width": 10.5,
            "lwd_factor": 1,
            "gsd_bed": {
                "1.0": 0.0,
                "0.0": 0.0,
                "-1.0": 0.0,
                "-2.0": 0.0,
                "-2.5": 0.0,
                "-3.0": 0.0,
                "-3.5": 2.3711944149228082e-06,
                "-4.0": 0.0,
                "-4.5": 0.0031586981763318056,
                "-5.0": 0.008071123786002615,
                "-5.5": 0.01988247408918979,
                "-6.0": 0.12876117892724107,
                "-6.5": 0.45091970087300787,
                "-7.0": 0.14595179506324318,
                "-7.5": 0.14595179506324316,
                "-8.0": 0.09730086282732554,
                "-8.5": 0.0,
                "-9.0": 0.0
            },
            "gsd_wall": {
                "1.0": 0.0,
                "0.0": 0.0,
                "-1.0": 0.0,
                "-2.0": 0.0042468255368953685,
                "-2.5": 0.009475334378270034,
                "-3.0": 0.0008378084481666634,
                "-3.5": 0.015278667353802542,
                "-4.0": 0.005647422979187147,
                "-4.5": 0.016264779938911976,
                "-5.0": 0.009951784577736822,
                "-5.5": 0.021424484364295386,
                "-6.0": 0.13192905843582584,
                "-6.5": 0.415325041725102,
                "-7.0": 0.1346766147900729,
                "-7.5": 0.1346766147902646,
                "-8.0": 0.10026556268146888,
                "-8.5": 0.0,
                "-9.0": 0.0
            },
            "Qs_in": 0.0,
            "Qs_out_bed": 0.0,
            "Qs_out_wall": 0.0,
            "D50": 0.08923886568887746,
            "D84": 0.18152793580671125
        },
        "deposit_downstream": {
            "flow_scale": 0.66,
            "elevation": 1576.181109428153,
            "length": 120,
            "width": 6.382639634205711,
            "bankfull_width": 12,
            "lwd_factor": null,
            "gsd_bed": {
                "1.0": 8.99829358977196e-05,
                "0.0": 1.124786698721495e-05,
                "-1.0": 1.4059833734018687e-06,
                "-2.0": 0.0,
                "-2.5": 0.0,
                "-3.0": 0.0,
                "-3.5": 0.00016264202182860325,
                "-4.0": 0.00028493685818432396,
                "-4.5": 0.0019223041060401264,
                "-5.0": 0.002395191601301888,
                "-5.5": 0.00408450490650385,
                "-6.0": 0.008520442574573869,
                "-6.5": 0.015218710754248767,
                "-7.0": 0.25386629777082076,
                "-7.5": 0.4280659134623686,
                "-8.0": 0.28537641915787093,
                "-8.5": 0.0,
                "-9.0": 0.0
            },
            "gsd_wall": {
                "1.0": 0.0,
                "0.0": 0.0,
                "-1.0": 5.337684385623673e-06,
                "-2.0": 0.0,
                "-2.5": 0.0,
                "-3.0": 0.00016411807097901088,
                "-3.5": 0.00030548831859585404,
                "-4.0": 0.00044288975638391884,
                "-4.5": 0.02466366235555347,
                "-5.0": 0.024560731669121517,
                "-5.5": 0.03363437559580542,
                "-6.0": 0.04034501962516316,
                "-6.5": 0.033541292490780104,
                "-7.0": 0.24312195433950914,
                "-7.5": 0.3594904870356756,
                "-8.0": 0.23972464305804708,
                "-8.5": 0.0,
                "-9.0": 0.0
            },
            "Qs_in": 0.0,
            "Qs_out_bed": 0.0,
            "Qs_out_wall": 0.0,
            "D50": 0.17677734358888245,
            "D84": 0.2651660153833238
        },
        "downstream": {
            "flow_scale": 0.689,
            "elevation": 1570.7996867943189,
            "length": 145,
            "bankfull_width": 12,
            "lwd_factor": null,
            "gsd": {
                "1.0": 0.0,
                "0.0": 0.0,
                "-1.0": 6.0509579544974336e-06,
                "-2.0": 1.1995880388322158e-05,
                "-2.5": 1.7324114569341467e-05,
                "-3.0": 2.246024863661522e-05,
                "-3.5": 2.8324396493928695e-05,
                "-4.0": 4.3863120792091685e-05,
                "-4.5": 0.0012365274294060282,
                "-5.0": 0.0023696957051965108,
                "-5.5": 0.014252512308273695,
                "-6.0": 0.19383697741313619,
                "-6.5": 0.7264240615848591,
                "-7.0": 0.055703408958478626,
                "-7.5": 0.0032085899290292845,
                "-8.0": 0.0017437084050107169,
                "-8.5": 0.0007615719286801025,
                "-9.0": 0.0003329276190951262
            },
            "Qs_in": 0.0,
            "Qs_out": 0.0,
            "D50": 0.08338954727604544,
            "D84": 0.12508432091406815
        }
    },
    "sed_masses": {
        "upstream": {
            "1.0": 869.3530175084849,
            "0.0": 2160.1277616958105,
            "-1.0": 4562.605094731173,
            "-2.0": 13529.752453730134,
            "-2.5": 34624.90568668609,
            "-3.0": 65540.57431477534,
            "-3.5": 159305.86236818577,
            "-4.0": 249153.30398896476,
            "-4.5": 411549.4411350127,
            "-5.0": 522910.917777623,
            "-5.5": 524100.7520471307,
            "-6.0": 264696.8736225893,
            "-6.5": 6875.366091898853,
            "-7.0": 17454.120564160992,
            "-7.5": 30596.867283428524,
            "-8.0": 47030.71714716061,
            "-8.5": 58098.331651023625,
            "-9.0": 71836.89492645067
        },
        "downstream": {
            "1.0": 0.0010439987973011075,
            "0.0": 2.4829884954467434,
            "-1.0": 7.569310956705758e-05,
            "-2.0": 0.0012004783314175274,
            "-2.5": 0.00490363616552582,
            "-3.0": 0.01798153428255575,
            "-3.5": 0.06413835902938202,
            "-4.0": 0.28093231665372786,
            "-4.5": 24.778466339741197,
            "-5.0": 121.41846584619148,
            "-5.5": 2065.516068752251,
            "-6.0": 79454.55062489265,
            "-6.5": 842204.1192335098,
            "-7.0": 182664.39710880897,
            "-7.5": 29759.891480069797,
            "-8.0": 45744.19418707615,
            "-8.5": 56509.05463919872,
            "-9.0": 69871.80019028365
        },
        "deposit_upstream": {
            "1.0": 63.04283812136694,
            "0.0": 1713.8330968906687,