{
    "timestep": "2002-04-03 02:00",
    "deposit_mass": 12150000,
    "reaches": {
        "upstream": {
            "flow_scale": 0.658,
            "elevation": 1579.594,
            "length": 170,
            "bankfull_width": 10.5,
            "lwd_factor": null,
            "gsd": {
                "1.0": 0.003,
                "0.0": 0.003,
                "-1.0": 0.003,
                "-2.0": 0.005,
                "-2.5": 0.01,
                "-3.0": 0.0158,
                "-3.5": 0.0325,
                "-4.0": 0.0465,
                "-4.5": 0.0755,
                "-5.0": 0.1046,
                "-5.5": 0.1375,
                "-6.0": 0.1521,
                "-6.5": 0.1386,
                "-7.0": 0.1244,
                "-7.5": 0.0771,
                "-8.0": 0.0419,
                "-8.5": 0.0183,
                "-9.0": 0.008
            },
            "Qs_in": 0.0,
            "Qs_out": 0.0,
            "D50": 0.06366919953246893,
            "D84": 0.12967643171939253
        },
        "deposit_upstream": {
            "flow_scale": 0.659,
            "elevation": 1581.0985150391225,
            "length": 118,
            "width": 1.0008771902697897,
            "bankfull_width": 10.5,
            "lwd_factor": 1,
            "gsd_bed": {
                "1.0": 0.8679979391569228,
                "0.0": 0.10849974239461535,
                "-1.0": 0.013562467799326919,
                "-2.0": 0.0016953084749158649,
                "-2.5": 0.0005993820594080158,
                "-3.0": 0.0002119135593644831,
                "-3.5": 7.492275742600198e-05,
                "-4.0": 2.648919492056039e-05,
                "-4.5": 6.569803840869762e-05,
                "-5.0": 0.00023271615768303224,
                "-5.5": 0.002233063312127787,
                "-6.0": 0.00180013391058016,
                "-6.5": 0.0018001339105801594,
                "-7.0": 0.00045003347764504,
                "-7.5": 0.00045003347764503986,
                "-8.0": 0.00030002231843002665,
                "-8.5": 0.0,
                "-9.0": 0.0
            },
            "gsd_wall": {
                "1.0": 0.0,
                "0.0": 0.0,
                "-1.0": 0.0,
                "-2.0": 0.009689656076826193,
                "-2.5": 0.5501356851094811,
                "-3.0": 0.1446408243339348,
                "-3.5": 0.14464082433393488,
                "-4.0": 0.03643173227999697,
                "-4.5": 0.036431732279996965,
                "-5.0": 0.01880377938288372,
                "-5.5": 0.018803779382883728,
                "-6.0": 0.015158245057523044,
                "-6.5": 0.015158245057523048,
                "-7.0": 0.003789561264380761,
                "-7.5": 0.003789561264380762,
                "-8.0": 0.00252637417625384,
                "-8.5": 0.0,
                "-9.0": 0.0
            },
            "Qs_in": 0.0,
            "Qs_out_bed": 0.35557325268714773,
            "Qs_out_wall": 0.0,
            "D50": 0.0007071067811865476,
            "D84": 0.0014142135623730952
        },
        "deposit_downstream": {
            "flow_scale": 0.66,
            "elevation": 1576.6571842979004,
            "length": 120,
            "width": 1.0023358711744579,
            "bankfull_width": 12,
            "lwd_factor": null,
            "gsd_bed": {
                "1.0": 0.4983019105674378,
                "0.0": 0.49829442454178174,
                "-1.0": 0.0030754012494497458,
                "-2.0": 0.0001165267303175876,
                "-2.5": 0.0001170438743073788,
                "-3.0": 3.0632620307048397e-05,
                "-3.5": 3.063367048252456e-05,
                "-4.0": 7.721118385855966e-06,
                "-4.5": 7.721192538489646e-06,
                "-5.0": 3.985112135019126e-06,
                "-5.5": 3.985112135019129e-06,
                "-6.0": 3.24145091167272e-06,
                "-6.5": 4.063655885976162e-06,
                "-7.0": 1.0159139714940411e-06,
                "-7.5": 1.0159139714940405e-06,
                "-8.0": 6.772759809960274e-07,
                "-8.5": 0.0,
                "-9.0": 0.0
            },
            "gsd_wall": {
                "1.0": 0.0,
                "0.0": 0.0,
                "-1.0": 0.0,
                "-2.0": 0.0,
                "-2.5": 0.013220426914875964,
                "-3.0": 0.32425306652440644,
                "-3.5": 0.32425308570133127,
                "-4.0": 0.08167198243777565,
                "-4.5": 0.08167199036337396,
                "-5.0": 0.04215396993030433,
                "-5.5": 0.04215396993030436,
                "-6.0": 0.033981573530949605,
                "-6.5": 0.03398396080000717,
                "-7.0": 0.008495990200001795,
                "-7.5": 0.008495990200001793,
                "-8.0": 0.005663993466667861,
                "-8.5": 0.0,
                "-9.0": 0.0
            },
            "Qs_in": 0.35557325268714773,
            "Qs_out_bed": 0.335050896424415,
            "Qs_out_wall": 0.0,
            "D50": 0.0007071067811865476,
            "D84": 0.0014142135623730952
        },
        "downstream": {
            "flow_scale": 0.689,
            "elevation": 1570.5020168627511,
            "length": 145,
            "bankfull_width": 12,
            "lwd_factor": null,
            "gsd": {
                "1.0": 0.0,
                "0.0": 0.0,
                "-1.0": 0.0,
                "-2.0": 0.0,
                "-2.5": 0.0,
                "-3.0": 0.0,
                "-3.5": 0.0,
                "-4.0": 0.012130529831449147,
                "-4.5": 0.3160831610130323,
                "-5.0": 0.1833460377349075,
                "-5.5": 0.1871036659719818,
                "-6.0": 0.17194915383459863,
                "-6.5": 0.04392138328117721,
                "-7.0": 0.03942150129998878,
                "-7.5": 0.02443245779926957,
                "-8.0": 0.013277820775478542,
                "-8.5": 0.0057991436799822715,
                "-9.0": 0.002535144778134327
            },
            "Qs_in": 0.335050896424415,
            "Qs_out": 5.398223704786828,
            "D50": 0.0007114945831461106,
            "D84": 0.0010672418747191658
        }
    },
    "sed_masses": {
        "upstream": {
            "1.0": 2.393497379417267e-05,
            "0.0": 0.00019147979035338136,
            "-1.0": 0.001531838322827051,
            "-2.0": 0.020424510971027345,
            "-2.5": 0.1155384816802598,
            "-3.0": 0.5163316373475714,
            "-3.5": 3.0040005236867553,
            "-4.0": 12.156668929955474,
            "-4.5": 55.82819434790154,
            "-5.0": 218.76775399111276,
            "-5.5": 813.3909110290293,
            "-6.0": 2544.900602833518,
            "-6.5": 6559.18430653809,
            "-7.0": 16651.44694240576,
            "-7.5": 29189.78990095739,
            "-8.0": 44867.88597342774,
            "-8.5": 55426.52712710976,
            "-9.0": 68533.2864510591
        },
        "downstream": {
            "1.0": 3.5480520599539624,
            "0.0": 77.58316230157548,
            "-1.0": 3.9557253538993757,
            "-2.0": 1.2899340181910397,
            "-2.5": 3.493920445948437,
            "-3.0": 2.7219967674258245,
            "-3.5": 7.90318383892499,
            "-4.0": 18.937800265774264,
            "-4.5": 461.8796625770718,
            "-5.0": 796.2161822913973,
            "-5.5": 2315.2497355053715,
            "-6.0": 5706.793489986182,
            "-6.5": 5992.701357090071,
            "-7.0": 15213.347273959367,
            "-7.5": 26668.818160556664,
            "-8.0": 40992.87786359472,
            "-8.5": 50639.62358891696,
            "-9.0": 62614.41964845012
        },
        "deposit_upstream": {
            "1.0": 30628.905497429387,
            "0.0": 245045.1626009149,
            "-1.0": 12096.676781539272,
            "-2.0": 3664.9891622267605,
            "-2.5": 10369.79035620766,