{
    "timestep": "2002-04-09 09:00",
    "deposit_mass": 12150000,
    "reaches": {
        "upstream": {
            "flow_scale": 0.658,
            "elevation": 1579.5940001216409,
            "length": 170,
            "bankfull_width": 10.5,
            "lwd_factor": null,
            "gsd": {
                "1.0": 0.939653357817594,
                "0.0": 0.03980070544102525,
                "-1.0": 6.22101435447536e-05,
                "-2.0": 0.00010368357257458931,
                "-2.5": 0.00020736714514917856,
                "-3.0": 0.000327640089335702,
                "-3.5": 0.0006739432217348299,
                "-4.0": 0.00096425722494368,
                "-4.5": 0.0015656219458762982,
                "-5.0": 0.002169060338260407,
                "-5.5": 0.002851298245801205,
                "-6.0": 0.0031540542777190074,
                "-6.5": 0.002874108631767614,
                "-7.0": 0.0025796472856557794,
                "-7.5": 0.001598800689100167,
                "-8.0": 0.0008688683381750579,
                "-8.5": 0.0003794818756229967,
                "-9.0": 0.00016589371611934293
            },
            "Qs_in": 0.003746349239405839,
            "Qs_out": 0.0,
            "D50": 0.0007071067811865476,
            "D84": 0.0014142135623730952
        },
        "deposit_upstream": {
            "flow_scale": 0.659,
            "elevation": 1581.0924248069484,
            "length": 118,
            "width": 1.0012763462307135,
            "bankfull_width": 10.5,
            "lwd_factor": 1,
            "gsd_bed": {
                "1.0": 0.8741848501212527,
                "0.0": 0.10927310626515659,
                "-1.0": 0.013659138283144573,
                "-2.0": 0.0017073922853930717,
                "-2.5": 0.0006036543315735187,
                "-3.0": 0.00021342403567413396,
                "-3.5": 7.545679144668983e-05,
                "-4.0": 2.6678004459266745e-05,
                "-4.5": 9.432098930836229e-06,
                "-5.0": 3.334750557408343e-06,
                "-5.5": 8.351983340838859e-06,
                "-6.0": 8.819289340137125e-05,
                "-6.5": 8.819289340137127e-05,
                "-7.0": 2.204822335034281e-05,
                "-7.5": 2.2048223350342818e-05,
                "-8.0": 1.4698815566895223e-05,
                "-8.5": 0.0,
                "-9.0": 0.0
            },
            "gsd_wall": {
                "1.0": 0.0,
                "0.0": 0.0,
                "-1.0": 0.0,
                "-2.0": 0.0,
                "-2.5": 0.02707561695600124,
                "-3.0": 0.31959847649878886,
                "-3.5": 0.3197250583291242,
                "-4.0": 0.08052815186655811,
                "-4.5": 0.08053823960978353,
                "-5.0": 0.04157125742856181,
                "-5.5": 0.041579816430864114,
                "-6.0": 0.03351876858011935,
                "-6.5": 0.033518768580119346,
                "-7.0": 0.008379692145029838,
                "-7.5": 0.008379692145029836,
                "-8.0": 0.00558646143001989,
                "-8.5": 0.0,
                "-9.0": 0.0
            },
            "Qs_in": 0.0,
            "Qs_out_bed": 14.151729162523905,
            "Qs_out_wall": 0.0,
            "D50": 0.0007071067811865476,
            "D84": 0.0014142135623730952
        },
        "deposit_downstream": {
            "flow_scale": 0.66,
            "elevation": 1576.5478053842605,
            "length": 120,
            "width": 1.7232977248038066,
            "bankfull_width": 12,
            "lwd_factor": null,
            "gsd_bed": {
                "1.0": 0.44438077641205115,
                "0.0": 0.5536942149759277,
                "-1.0": 0.0015613940984303108,
                "-2.0": 8.591260434526009e-07,
                "-2.5": 6.737442166224972e-05,
                "-3.0": 6.397766004687051e-06,
                "-3.5": 3.5031745581829176e-05,
                "-4.0": 7.239448080547661e-06,
                "-4.5": 1.0998582190605582e-05,
                "-5.0": 6.601436885948878e-06,
                "-5.5": 6.5822664057380965e-06,
                "-6.0": 5.3603181887484295e-06,
                "-6.5": 0.0001299778300366309,
                "-7.0": 3.2696890498487e-05,
                "-7.5": 3.2696890498487015e-05,
                "-8.0": 2.1797791513308402e-05,
                "-8.5": 0.0,
                "-9.0": 0.0
            },
            "gsd_wall": {
                "1.0": 0.44449443364400815,
                "0.0": 0.5538358308044361,
                "-1.0": 0.001561793449033761,
                "-2.0": 5.947786487154744e-07,
                "-2.5": 4.651587888448691e-05,
                "-3.0": 4.431332537581298e-06,
                "-3.5": 2.4183860052066148e-05,
                "-4.0": 5.002306937775859e-06,
                "-4.5": 7.593959907103262e-06,
                "-5.0": 4.558026543194161e-06,
                "-5.5": 4.559538047594634e-06,
                "-6.0": 3.6956210044893544e-06,
                "-6.5": 4.073526990037103e-06,
                "-7.0": 1.024981816596115e-06,
                "-7.5": 1.024981816596127e-06,
                "-8.0": 6.83309335617944e-07,
                "-8.5": 0.0,
                "-9.0": 0.0
            },
            "Qs_in": 14.151729162523905,
            "Qs_out_bed": 1873.8323935867418,
            "Qs_out_wall": 0.0,
            "D50": 0.0007378832971447028,
            "D84": 0.0011068249457170543
        },
        "downstream": {
            "flow_scale": 0.689,
            "elevation": 1570.511330514745,
            "length": 145,
            "bankfull_width": 12,
            "lwd_factor": null,
            "gsd": {
                "1.0": 0.5185039079200536,
                "0.0": 0.47565082476520176,
                "-1.0": 0.004319678440418919,
                "-2.0": 0.0003886244218396739,
                "-2.5": 0.00018237985179462047,
                "-3.0": 5.323606863329439e-05,
                "-3.5": 2.0746220354365147e-05,
                "-4.0": 6.496536617521592e-05,
                "-4.5": 0.00012449575315810911,
                "-5.0": 0.0002245597150343962,
                "-5.5": 0.00022571973530938034,
                "-6.0": 0.0001943268483277787,
                "-6.5": 2.0373241216840508e-05,
                "-7.0": 1.2067147084830575e-05,
                "-7.5": 7.478915114472964e-06,
                "-8.0": 4.064416903974287e-06,
                "-8.5": 1.7751510582990315e-06,
                "-9.0": 7.760223205678819e-07
            },
            "Qs_in": 1873.8323935867418,
            "Qs_out": 25.616582392011892,
            "D50": 0.031998675959172995,
            "D84": 0.06417070978063234
        }
    },
    "sed_masses": {
        "upstream": {
            "1.0": 0.01738385977619831,
            "0.0": 0.005874326317409495,
            "-1.0": 0.00025504632025957996,
            "-2.0": 0.0034006176034610666,
            "-2.5": 0.019236798141037344,
            "-3.0": 0.08596761301549576,
            "-3.5": 0.5001567516669707,
            "-4.0": 2.0240475975800267,
            "-4.5": 9.295220861749236,
            "-5.0": 36.424151175375634,
            "-5.5": 135.4270589129028,
            "-6.0": 423.718041588882,
            "-6.5": 1092.0838030736481,
            "-7.0": 2772.4141682396807,
            "-7.5": 4860.009305453295,
            "-8.0": 7470.36357872943,
            "-8.5": 9228.344517747888,
            "-9.0": 11410.57921333373
        },
        "downstream": {
            "1.0": 26.595861514307916,
            "0.0": 158.60913858280674,
            "-1.0": 27.11524884310296,
            "-2.0": 25.143642816626702,
            "-2.5": 30.16037185960949,
            "-3.0": 26.977141953998984,
            "-3.5": 68.21079727231044,
            "-4.0": 132.55846569745955,
            "-4.5": 441.2789982971183,
            "-5.0": 3040.013704718561,
            "-5.5": 8658.653763628276,