{
    "timestep": "2002-04-05 04:00",
    "deposit_mass": 12150000,
    "reaches": {
        "upstream": {
            "flow_scale": 0.658,
            "elevation": 1579.59400000117,
            "length": 170,
            "bankfull_width": 10.5,
            "lwd_factor": null,
            "gsd": {
                "1.0": 0.8351856694818147,
                "0.0": 0.0004975276630655622,
                "-1.0": 0.0004975276630655622,
                "-2.0": 0.0008292127717759368,
                "-2.5": 0.001658425543551874,
                "-3.0": 0.002620312358811961,
                "-3.5": 0.00538988301654359,
                "-4.0": 0.007711678777516212,
                "-4.5": 0.012521112853816647,
                "-5.0": 0.01734713118555261,
                "-5.5": 0.022803351223838277,
                "-6.0": 0.025224652517424007,
                "-6.5": 0.022985778033628976,
                "-7.0": 0.02063081376178531,
                "-7.5": 0.012786460940784948,
                "-8.0": 0.006948803027482351,
                "-8.5": 0.0030349187446999295,
                "-9.0": 0.0013267404348414995
            },
            "Qs_in": 0.0006243915399009732,
            "Qs_out": 0.0,
            "D50": 0.0007071067811865476,
            "D84": 0.02260547101895623
        },
        "deposit_upstream": {
            "flow_scale": 0.659,
            "elevation": 1581.0963079089554,
            "length": 118,
            "width": 1.0009619675173853,
            "bankfull_width": 10.5,
            "lwd_factor": 1,
            "gsd_bed": {
                "1.0": 0.4967089605203908,
                "0.0": 0.4968957747769433,
                "-1.0": 0.0030634710000707276,
                "-2.0": 0.00011577260125137893,
                "-2.5": 0.0001160421840086123,
                "-3.0": 3.0500361814501878e-05,
                "-3.5": 3.0535921620085815e-05,
                "-4.0": 7.690235312143602e-06,
                "-4.5": 7.693111662820082e-06,
                "-5.0": 3.5610719006154467e-05,
                "-5.5": 3.563408329996126e-05,
                "-6.0": 0.0011071179317322139,
                "-6.5": 0.0011071179317322139,
                "-7.0": 0.00027677948293305347,
                "-7.5": 0.00027677948293305347,
                "-8.0": 0.00018451965528870244,
                "-8.5": 0.0,
                "-9.0": 0.0
            },
            "gsd_wall": {
                "1.0": 0.49416801748650624,
                "0.0": 0.4943538760840683,
                "-1.0": 0.003047799639342743,
                "-2.0": 0.00011518035990273043,
                "-2.5": 0.002904643742968813,
                "-3.0": 0.0017777277382207655,
                "-3.5": 0.0017779110896185522,
                "-4.0": 0.0004478098370162914,
                "-4.5": 0.00044782466788806895,
                "-5.0": 0.0002311427708601602,
                "-5.5": 0.00023115620602163806,
                "-6.0": 0.00018634139159454002,
                "-6.5": 0.00018634139159454002,
                "-7.0": 4.6585347898635005e-05,
                "-7.5": 4.6585347898635005e-05,
                "-8.0": 3.105689859908999e-05,
                "-8.5": 0.0,
                "-9.0": 0.0
            },
            "Qs_in": 0.0,
            "Qs_out_bed": 7.536271520547958,
            "Qs_out_wall": 0.04892781898683546,
            "D50": 0.0007500031242991302,
            "D84": 0.0011250046864486954
        },
        "deposit_downstream": {
            "flow_scale": 0.66,
            "elevation": 1576.6207785633228,
            "length": 120,
            "width": 1.0645411995609844,
            "bankfull_width": 12,
            "lwd_factor": null,
            "gsd_bed": {
                "1.0": 0.4980829372346865,
                "0.0": 0.49792862183420794,
                "-1.0": 0.003075514061656071,
                "-2.0": 0.00011643855975115776,
                "-2.5": 0.0001219419592844077,
                "-3.0": 0.0001662242879362726,
                "-3.5": 0.00016621882717106367,
                "-4.0": 4.186330932645098e-05,
                "-4.5": 4.1863514531852884e-05,
                "-5.0": 2.1599719742839527e-05,
                "-5.5": 2.705322233027458e-05,
                "-6.0": 1.7395383937774902e-05,
                "-6.5": 0.00011543165636493946,
                "-7.0": 2.8836160902083723e-05,
                "-7.5": 2.8836160902083727e-05,
                "-8.0": 1.92241072680558e-05,
                "-8.5": 0.0,
                "-9.0": 0.0
            },
            "gsd_wall": {
                "1.0": 0.498375293375858,
                "0.0": 0.4982208873979843,
                "-1.0": 0.003077319273912842,
                "-2.0": 0.00011650690485087428,
                "-2.5": 0.00011648624237690917,
                "-3.0": 3.0642239745645234e-05,
                "-3.5": 3.063677765720308e-05,
                "-4.0": 7.718722597282552e-06,
                "-4.5": 7.718928700927024e-06,
                "-5.0": 3.985438023074818e-06,
                "-5.5": 3.984974780876211e-06,
                "-6.0": 3.22190912293248e-06,
                "-6.5": 3.350523872484754e-06,
                "-7.0": 8.42733943684028e-07,
                "-7.5": 8.427339436840284e-07,
                "-8.0": 5.618226291226852e-07,
                "-8.5": 0.0,
                "-9.0": 0.0
            },
            "Qs_in": 7.585199339534793,
            "Qs_out_bed": 677.8611973676794,
            "Qs_out_wall": 0.0,
            "D50": 0.0007499979581548909,
            "D84": 0.0011249969372323363
        },
        "downstream": {
            "flow_scale": 0.689,
            "elevation": 1570.5041868547153,
            "length": 145,
            "bankfull_width": 12,
            "lwd_factor": null,
            "gsd": {
                "1.0": 1.014932227831773e-12,
                "0.0": 0.0,
                "-1.0": 0.0,
                "-2.0": 0.0,
                "-2.5": 0.0,
                "-3.0": 0.0,
                "-3.5": 4.380282353177589e-17,
                "-4.0": 0.0,
                "-4.5": 0.2853732575930333,
                "-5.0": 0.21659885932232584,
                "-5.5": 0.237146165538031,
                "-6.0": 0.17916097611998202,
                "-6.5": 0.027740619058510774,
                "-7.0": 0.024898506571996697,
                "-7.5": 0.015431469909171576,
                "-8.0": 0.008386233322883132,
                "-8.5": 0.0036627224298033723,
                "-9.0": 0.0016011901332473753
            },
            "Qs_in": 677.8611973676794,
            "Qs_out": 541.0946890238085,
            "D50": 0.0007494891814949373,
            "D84": 0.001124233772242406
        }
    },
    "sed_masses": {
        "upstream": {
            "1.0": 0.00010906201355287903,
            "0.0": 0.00018215993152928227,
            "-1.0": 0.0014572794522342582,
            "-2.0": 0.019430392696456775,
            "-2.5": 0.10991489949425726,
            "-3.0": 0.4912003273664274,
            "-3.5": 2.857787386850689,
            "-4.0": 11.564969732931072,
            "-4.5": 53.11087943562511,
            "-5.0": 208.11971338745641,
            "-5.5": 773.8008924395713,
            "-6.0": 2421.033147704177,
            "-6.5": 6239.930396632702,
            "-7.0": 15840.974283992087,
            "-7.5": 27769.040899300508,
            "-8.0": 42684.040032107296,
            "-8.5": 52728.76248583132,
            "-9.0": 65197.579046655555
        },
        "downstream": {
            "1.0": 1.1107816186178563,
            "0.0": 61.246398431916504,
            "-1.0": 3.475605176296157,
            "-2.0": 1.0940305514123951,
            "-2.5": 3.0462716770845386,
            "-3.0": 2.3267425697112905,
            "-3.5": 8.727699037080264,
            "-4.0": 15.415048710456977,
            "-4.5": 831.386152234255,
            "-5.0": 1421.8843791600032,
            "-5.5": 4020.329260556384,
            "-6.0": 9435.042131499686,