{
    "timestep": "2002-04-09 09:00",
    "deposit_mass": 12150000,
    "reaches": {
        "upstream": {
            "flow_scale": 0.658,
            "elevation": 1579.5940001851227,
            "length": 170,
            "bankfull_width": 10.5,
            "lwd_factor": null,
            "gsd": {
                "1.0": 0.9866783411175222,
                "0.0": 4.0214305340544723e-05,
                "-1.0": 4.0214305340544723e-05,
                "-2.0": 6.702384223424121e-05,
                "-2.5": 0.0001340476844684824,
                "-3.0": 0.00021179534146020224,
                "-3.5": 0.0004356549745225677,
                "-4.0": 0.0006233217327784435,
                "-4.5": 0.0010120600177370423,
                "-5.0": 0.001402138779540326,
                "-5.5": 0.001843155661441633,
                "-6.0": 0.0020388652807656164,
                "-6.5": 0.001857900906733166,
                "-7.0": 0.0016675531947879208,
                "-7.5": 0.001033507647251999,
                "-8.0": 0.0005616597979229413,
                "-8.5": 0.0002453072625773229,
                "-9.0": 0.0001072381475747859
            },
            "Qs_in": 0.003746349239405839,
            "Qs_out": 0.0,
            "D50": 0.0007071067811865476,
            "D84": 0.0014142135623730952
        },
        "deposit_upstream": {
            "flow_scale": 0.659,
            "elevation": 1580.9960809357844,
            "length": 118,
            "width": 1.227248495163467,
            "bankfull_width": 10.5,
            "lwd_factor": 1,
            "gsd_bed": {
                "1.0": 0.8758773615148994,
                "0.0": 0.10948467018936242,
                "-1.0": 0.013685583773670303,
                "-2.0": 0.0,
                "-2.5": 0.000604823068178678,
                "-3.0": 0.00021383724646359848,
                "-3.5": 7.560288352233475e-05,
                "-4.0": 2.672965580794981e-05,
                "-4.5": 9.450360440291843e-06,
                "-5.0": 3.965892225246423e-06,
                "-5.5": 3.9699380108441474e-06,
                "-6.0": 5.252378040365615e-06,
                "-6.5": 5.252378040365623e-06,
                "-7.0": 1.3136732151409793e-06,
                "-7.5": 1.3136732151409797e-06,
                "-8.0": 8.73374908091701e-07,
                "-8.5": 0.0,
                "-9.0": 0.0
            },
            "gsd_wall": {
                "1.0": 0.46377811490743465,
                "0.0": 0.5339497082491281,
                "-1.0": 0.0021257573497298534,
                "-2.0": 3.9902456347990134e-08,
                "-2.5": 7.279747941127949e-05,
                "-3.0": 1.4225240728189625e-05,
                "-3.5": 2.6684370230055798e-05,
                "-4.0": 6.3716896422418404e-06,
                "-4.5": 8.18929610096401e-06,
                "-5.0": 4.381827993355623e-06,
                "-5.5": 4.349190226918432e-06,
                "-6.0": 3.506648693143482e-06,
                "-6.5": 3.5066486931434026e-06,
                "-7.0": 8.766601654822388e-07,
                "-7.5": 8.766601654822504e-07,
                "-8.0": 6.138792004350639e-07,
                "-8.5": 0.0,
                "-9.0": 0.0
            },
            "Qs_in": 0.0,
            "Qs_out_bed": 248.62821058005377,
            "Qs_out_wall": 0.0012487830798019464,
            "D50": 0.0007071067811865476,
            "D84": 0.0014142135623730952
        },
        "deposit_downstream": {
            "flow_scale": 0.66,
            "elevation": 1576.6497451322468,
            "length": 120,
            "width": 1.0013971745596593,
            "bankfull_width": 12,
            "lwd_factor": null,
            "gsd_bed": {
                "1.0": 1.1992426882976164e-14,
                "0.0": 2.694526456479249e-16,
                "-1.0": 0.9366757263642235,
                "-2.0": 4.210197588248826e-18,
                "-2.5": 0.04139560986781107,
                "-3.0": 0.014635558224440995,
                "-3.5": 0.005174451233476384,
                "-4.0": 0.0018294447780551244,
                "-4.5": 5.220980384848411e-08,
                "-5.0": 1.0001713366684623e-07,
                "-5.5": 3.955655377929588e-06,
                "-6.0": 3.190230408203376e-06,
                "-6.5": 1.9848372137023515e-05,
                "-7.0": 9.82736426701108e-05,
                "-7.5": 9.827364267011074e-05,
                "-8.0": 6.551576178007381e-05,
                "-8.5": 0.0,
                "-9.0": 0.0
            },
            "gsd_wall": {
                "1.0": 0.0,
                "0.0": 0.0,
                "-1.0": 0.0,
                "-2.0": 0.0,
                "-2.5": 0.0,
                "-3.0": 0.05027562325197684,
                "-3.5": 0.46474637599267976,
                "-4.0": 0.11705174344094661,
                "-4.5": 0.11704417632481548,
                "-5.0": 0.06040237551919012,
                "-5.5": 0.06040211667862058,
                "-6.0": 0.04869566587676641,
                "-6.5": 0.04882824925421795,
                "-7.0": 0.012207627622794929,
                "-7.5": 0.012207627622794925,
                "-8.0": 0.008138418415196618,
                "-8.5": 0.0,
                "-9.0": 0.0
            },
            "Qs_in": 248.62945936313358,
            "Qs_out_bed": 142.16406498888853,
            "Qs_out_wall": 0.0,
            "D50": 0.0007071067811865476,
            "D84": 0.0014142135623730952
        },
        "downstream": {
            "flow_scale": 0.689,
            "elevation": 1570.508452064316,
            "length": 145,
            "bankfull_width": 12,
            "lwd_factor": null,
            "gsd": {
                "1.0": 0.9999287280564005,
                "0.0": 0.0,
                "-1.0": 0.0,
                "-2.0": 0.0,
                "-2.5": 0.0,
                "-3.0": 0.0,
                "-3.5": 0.0,
                "-4.0": 0.0,
                "-4.5": 0.0,
                "-5.0": 2.123561143675992e-05,
                "-5.5": 2.2093621020528134e-05,
                "-6.0": 1.6518212929084287e-05,
                "-6.5": 8.213488576681363e-06,
                "-7.0": 1.4810886123854566e-06,
                "-7.5": 9.179415756826264e-07,
                "-8.0": 4.988554088340084e-07,
                "-8.5": 2.178771833332304e-07,
                "-9.0": 9.524685610195863e-08
            },
            "Qs_in": 142.16406498888853,
            "Qs_out": 434.7291248653836,
            "D50": 0.0008335766022395971,
            "D84": 0.0018226769604915657
        }
    },
    "sed_masses": {
        "upstream": {
            "1.0": 0.020814650383410425,
            "0.0": 0.00011470053344265867,
            "-1.0": 0.0009176042675412693,
            "-2.0": 0.012234723567216917,
            "-2.5": 0.06921004800257564,
            "-3.0": 0.30929381177924387,
            "-3.5": 1.7994612480669667,
            "-4.0": 7.282107467207513,
            "-4.5": 33.442295194844554,
            "-5.0": 131.04661351740322,
            "-5.5": 487.23873793813266,
            "-6.0": 1524.45047158677,
            "-6.5": 3929.0931827331,
            "-7.0": 9974.57665564203,
            "-7.5": 17485.31511623215,
            "-8.0": 26876.833560861807,
            "-8.5": 33201.68784716458,
            "-9.0": 41052.91999749777
        },
        "downstream": {
            "1.0": 5.85966747751501,
            "0.0": 44.95699073410158,
            "-1.0": 0.037884778381890125,
            "-2.0": 0.02395151522055604,
            "-2.5": 0.10447419543744822,
            "-3.0": 0.3543464557182061,
            "-3.5": 5.897160986479775,
            "-4.0": 12.19125668385558,
            "-4.5": 304.17843294591376,
            "-5.0": 569.8666922455675,
            "-5.5": 1734.496535470011,
            "-6.0": 4474.216908024608,
            "-6.5": 6069.007224534553,
            "-7.0": 15407.060858418265,
            "-7.5": 27008.395787106147,