{
    "timestep": "2005-06-01 20:00",
    "deposit_mass": 12150000,
    "reaches": {
        "upstream": {
            "flow_scale": 0.658,
            "elevation": 1579.967412867729,
            "length": 170,
            "bankfull_width": 10.5,
            "lwd_factor": null,
            "gsd": {
                "1.0": 0.7197333436662106,
                "0.0": 0.19814779415676642,
                "-1.0": 0.0434117563332954,
                "-2.0": 0.012059766616375292,
                "-2.5": 0.009556298266981038,
                "-3.0": 0.0060324109368153946,
                "-3.5": 0.005185200934367635,
                "-4.0": 0.002960737297714778,
                "-4.5": 0.0017911943644343873,
                "-5.0": 0.0008080173916845005,
                "-5.5": 0.00027261990105888163,
                "-6.0": 3.821603070882172e-05,
                "-6.5": 8.97557573212945e-07,
                "-7.0": 8.056000152070015e-07,
                "-7.5": 4.992906846660758e-07,
                "-8.0": 2.713395549612006e-07,
                "-8.5": 1.1850868390906875e-07,
                "-9.0": 5.180707493292617e-08
            },
            "Qs_in": 0.7542649802003727,
            "Qs_out": 0.0,
            "D50": 0.0007071067811865476,
            "D84": 0.001031733277050514
        },
        "deposit_upstream": {
            "flow_scale": 0.659,
            "elevation": 1580.787887388701,
            "length": 118,
            "width": 3.691126682002786,
            "bankfull_width": 10.5,
            "lwd_factor": 1,
            "gsd_bed": {
                "1.0": 0.0,
                "0.0": 0.0,
                "-1.0": 0.0,
                "-2.0": 0.0,
                "-2.5": 0.0,
                "-3.0": 0.0,
                "-3.5": 0.0,
                "-4.0": 0.0,
                "-4.5": 0.0,
                "-5.0": 0.028997212478499595,
                "-5.5": 0.028356390103284328,
                "-6.0": 0.03492481944924272,
                "-6.5": 0.032361529948380985,
                "-7.0": 0.3282704908526183,
                "-7.5": 0.3282704908526206,
                "-8.0": 0.21881906631535353,
                "-8.5": 0.0,
                "-9.0": 0.0
            },
            "gsd_wall": {
                "1.0": 0.0,
                "0.0": 0.0,
                "-1.0": 0.0,
                "-2.0": 0.0,
                "-2.5": 0.11478385249002414,
                "-3.0": 0.11382013343063556,
                "-3.5": 0.09878379527253679,
                "-4.0": 0.1001181091049433,
                "-4.5": 0.06863694903300974,
                "-5.0": 0.10270345100498361,
                "-5.5": 0.04996174294221477,
                "-6.0": 0.14874874600296767,
                "-6.5": 0.12803615168716737,
                "-7.0": 0.010445391484205153,
                "-7.5": 0.010445391487435606,
                "-8.0": 0.053516286059876524,
                "-8.5": 0.0,
                "-9.0": 0.0
            },
            "Qs_in": 0.0,
            "Qs_out_bed": 0.0,
            "Qs_out_wall": 0.0,
            "D50": 0.17570610115027038,
            "D84": 0.26355915172540556
        },
        "deposit_downstream": {
            "flow_scale": 0.66,
            "elevation": 1576.1440797760565,
            "length": 120,
            "width": 5.022857752805487,
            "bankfull_width": 12,
            "lwd_factor": null,
            "gsd_bed": {
                "1.0": 0.0,
                "0.0": 0.009859503992641109,
                "-1.0": 1.1073369551714531e-06,
                "-2.0": 1.58890314612124e-06,
                "-2.5": 0.0,
                "-3.0": 0.0,
                "-3.5": 0.0,
                "-4.0": 0.0,
                "-4.5": 1.207521612139308e-06,
                "-5.0": 0.00026154671392066405,
                "-5.5": 0.0007855414584329606,
                "-6.0": 0.0016257195817495282,
                "-6.5": 0.2581151573412651,
                "-7.0": 0.2388221302042514,
                "-7.5": 0.2943477409894721,
                "-8.0": 0.1961787559565537,
                "-8.5": 0.0,
                "-9.0": 0.0
            },
            "gsd_wall": {
                "1.0": 0.0,
                "0.0": 0.862582225621391,
                "-1.0": 0.00013518197978002055,
                "-2.0": 0.002223372166096325,
                "-2.5": 0.011906526376251508,
                "-3.0": 0.008181161478845443,
                "-3.5": 0.004679827514023953,
                "-4.0": 0.0028615789654320247,
                "-4.5": 0.014495869608700258,
                "-5.0": 0.010885375260114783,
                "-5.5": 0.01602552878793662,
                "-6.0": 0.01381990475138977,
                "-6.5": 0.005247231366775868,
                "-7.0": 0.023740119194841248,
                "-7.5": 0.009869014342471862,
                "-8.0": 0.013347082585949403,
                "-8.5": 0.0,
                "-9.0": 0.0
            },
            "Qs_in": 0.0,
            "Qs_out_bed": 3.6117133476254436e-05,
            "Qs_out_wall": 0.0,
            "D50": 0.13544462237115806,
            "D84": 0.25602051665985404
        },
        "downstream": {
            "flow_scale": 0.689,
            "elevation": 1570.8241859656541,
            "length": 145,
            "bankfull_width": 12,
            "lwd_factor": null,
            "gsd": {
                "1.0": 0.0,
                "0.0": 0.0,
                "-1.0": 0.0,
                "-2.0": 2.115744654239979e-05,
                "-2.5": 0.0,
                "-3.0": 3.589974346198815e-05,
                "-3.5": 3.1966406743922e-05,
                "-4.0": 9.487370591376596e-06,
                "-4.5": 0.0003710281065510356,
                "-5.0": 0.0,
                "-5.5": 0.02452010004060877,
                "-6.0": 0.4077288027462117,
                "-6.5": 0.5227530137505614,
                "-7.0": 0.03675434655564402,
                "-7.5": 0.004125193757265907,
                "-8.0": 0.002241836814908446,
                "-8.5": 0.0009791315921915194,
                "-9.0": 0.00042803566871760435
            },
            "Qs_in": 3.6117133476254436e-05,
            "Qs_out": 8.472209775052829e-05,
            "D50": 0.0851296660006332,
            "D84": 0.12769449900094978
        }
    },
    "sed_masses": {
        "upstream": {
            "1.0": 283.4309633650429,
            "0.0": 702.5891035795825,
            "-1.0": 1489.5399408732958,
            "-2.0": 4503.353872907441,
            "-2.5": 11870.838329148555,
            "-3.0": 23432.825384546915,
            "-3.5": 59336.571120318586,
            "-4.0": 96524.15303036425,
            "-4.5": 165299.51458366998,
            "-5.0": 211388.4050529716,
            "-5.5": 202631.13226922753,
            "-6.0": 81289.53818449599,
            "-6.5": 6071.9365273929325,
            "-7.0": 15414.497321375402,
            "-7.5": 27021.43181887421,
            "-8.0": 41534.88345759674,
            "-8.5": 51309.17792844602,
            "-9.0": 63442.30408797598
        },
        "downstream": {
            "1.0": 1.338057627638769,
            "0.0": 5.079299386472898,
            "-1.0": 0.8677023010674645,
            "-2.0": 0.8637203792317004,
            "-2.5": 0.8784318822238345,
            "-3.0": 0.8812706766065058,
            "-3.5": 2.219508380409424,
            "-4.0": 1.8631757653938585,
            "-4.5": 19.622393994932438,
            "-5.0": 503.98527462053505,
            "-5.5": 8308.12044055734,
            "-6.0": 108523.07044431119,
            "-6.5": 435868.76567860704,
            "-7.0": 86677.86497941325,
            "-7.5": 27519.922979810857,
            "-8.0": 42301.11865982174,
            "-8.5": 52255.72923792883,
            "-9.0": 64612.68721309307
        },
        "deposit_upstream": {
            "1.0": 0.0,
            "0.0": 0.0,
            "-1.0": 0.0,
            "-2.0": 0.0,
            "-2.5": 0.0,
            "-3.0": 0.0,