{
    "timestep": "2007-04-27 07:00",
    "deposit_mass": 12150000,
    "reaches": {
        "upstream": {
            "flow_scale": 0.658,
            "elevation": 1580.039843177049,
            "length": 170,
            "bankfull_width": 10.5,
            "lwd_factor": null,
            "gsd": {
                "1.0": 0.7128159051316518,
                "0.0": 0.19374468982281096,
                "-1.0": 0.044404788680363634,
                "-2.0": 0.014782302879972772,
                "-2.5": 0.012768654913041409,
                "-3.0": 0.008132257895815063,
                "-3.5": 0.006763127551019295,
                "-4.0": 0.0036550962231223874,
                "-4.5": 0.0019709320090278396,
                "-5.0": 0.0007403661214752139,
                "-5.5": 0.00020174336033196904,
                "-6.0": 1.873594863200215e-05,
                "-6.5": 4.7505641735197125e-07,
                "-7.0": 4.263854135540058e-07,
                "-7.5": 2.642629854100791e-07,
                "-8.0": 1.436137365587851e-07,
                "-8.5": 6.272389926075826e-08,
                "-9.0": 2.7420283829839718e-08
            },
            "Qs_in": 0.043083016253167045,
            "Qs_out": 0.0,
            "D50": 0.0007071067811865476,
            "D84": 0.001035765042420002
        },
        "deposit_upstream": {
            "flow_scale": 0.659,
            "elevation": 1580.7878817996018,
            "length": 118,
            "width": 3.6911469999600746,
            "bankfull_width": 10.5,
            "lwd_factor": 1,
            "gsd_bed": {
                "1.0": 0.0,
                "0.0": 0.0,
                "-1.0": 0.0,
                "-2.0": 0.0,
                "-2.5": 0.0,
                "-3.0": 0.0,
                "-3.5": 0.0,
                "-4.0": 0.0,
                "-4.5": 0.0,
                "-5.0": 0.00032954470623274993,
                "-5.5": 0.02949425120783138,
                "-6.0": 0.036249917685602685,
                "-6.5": 0.033613560035740786,
                "-7.0": 0.33762804376652467,
                "-7.5": 0.3376280437665271,
                "-8.0": 0.2250566388315406,
                "-8.5": 0.0,
                "-9.0": 0.0
            },
            "gsd_wall": {
                "1.0": 0.0,
                "0.0": 0.0,
                "-1.0": 0.0,
                "-2.0": 0.0,
                "-2.5": 0.07383364745722619,
                "-3.0": 0.07321374411947326,
                "-3.5": 0.06354175919712378,
                "-4.0": 0.06440004418200668,
                "-4.5": 0.044150080237839014,
                "-5.0": 0.14359410981107198,
                "-5.5": 0.10976925521886928,
                "-6.0": 0.12424421648316682,
                "-6.5": 0.11299039233538594,
                "-7.0": 0.060119322550953556,
                "-7.5": 0.060119322553031616,
                "-8.0": 0.07002410585385194,
                "-8.5": 0.0,
                "-9.0": 0.0
            },
            "Qs_in": 0.0,
            "Qs_out_bed": 0.0,
            "Qs_out_wall": 0.0,
            "D50": 0.17634563940801334,
            "D84": 0.26451845911202
        },
        "deposit_downstream": {
            "flow_scale": 0.66,
            "elevation": 1576.1560600564928,
            "length": 120,
            "width": 5.104051267685231,
            "bankfull_width": 12,
            "lwd_factor": null,
            "gsd_bed": {
                "1.0": 0.0,
                "0.0": 0.004738939197631837,
                "-1.0": 8.53916263556909e-07,
                "-2.0": 1.2252731486592514e-06,
                "-2.5": 0.0,
                "-3.0": 0.0,
                "-3.5": 0.0,
                "-4.0": 0.0,
                "-4.5": 0.0015823945102353461,
                "-5.0": 0.0050249977888236225,
                "-5.5": 0.016206284756888168,
                "-6.0": 0.033667101715990744,
                "-6.5": 0.23420541257496505,
                "-7.0": 0.23039922840397534,
                "-7.5": 0.28448980842172517,
                "-8.0": 0.18968375344035246,
                "-8.5": 0.0,
                "-9.0": 0.0
            },
            "gsd_wall": {
                "1.0": 0.0,
                "0.0": 0.6358428327868798,
                "-1.0": 0.0006907753431743955,
                "-2.0": 0.007733874241735035,
                "-2.5": 0.039559456861178496,
                "-3.0": 0.02718192480069177,
                "-3.5": 0.015548735946030897,
                "-4.0": 0.009507601634650992,
                "-4.5": 0.02441814836690996,
                "-5.0": 0.013259500660426747,
                "-5.5": 0.06961429434670863,
                "-6.0": 0.04090279897626842,
                "-6.5": 0.03817033261115,
                "-7.0": 0.06460663771420237,
                "-7.5": 0.009121669324042476,
                "-8.0": 0.0038414163859500625,
                "-8.5": 0.0,
                "-9.0": 0.0
            },
            "Qs_in": 0.0,
            "Qs_out_bed": 7.216593273535614e-05,
            "Qs_out_wall": 0.0,
            "D50": 0.13237925285925314,
            "D84": 0.2554324515692724
        },
        "downstream": {
            "flow_scale": 0.689,
            "elevation": 1570.826729734475,
            "length": 145,
            "bankfull_width": 12,
            "lwd_factor": null,
            "gsd": {
                "1.0": 0.0,
                "0.0": 0.0011821921692945778,
                "-1.0": 0.0,
                "-2.0": 3.631343353808607e-05,
                "-2.5": 0.00019128488756846505,
                "-3.0": 0.0002618128723062255,
                "-3.5": 0.00023312748114194564,
                "-4.0": 6.919034805337763e-05,
                "-4.5": 0.0002597057310670142,
                "-5.0": 0.003936911672982773,
                "-5.5": 0.013775100005835842,
                "-6.0": 0.37850660543230547,
                "-6.5": 0.5588349274392519,
                "-7.0": 0.03525517940240065,
                "-7.5": 0.0039572246901580805,
                "-8.0": 0.0021505540144957664,
                "-8.5": 0.0009392634478585341,
                "-9.0": 0.00041060697174143574
            },
            "Qs_in": 7.216593273535614e-05,
            "Qs_out": 0.0,
            "D50": 0.08477454185486538,
            "D84": 0.12716181278229804
        }
    },
    "sed_masses": {
        "upstream": {
            "1.0": 512.8653445146542,
            "0.0": 1231.3702565235083,
            "-1.0": 2488.8558738069655,
            "-2.0": 7063.741875826182,
            "-2.5": 18084.78313541812,
            "-3.0": 34810.047994847715,
            "-3.5": 86412.94111688253,
            "-4.0": 137811.35673118776,
            "-4.5": 227450.1228668592,
            "-5.0": 275129.9525151031,
            "-5.5": 248950.56476362658,
            "-6.0": 91420.41435501017,
            "-6.5": 6729.42129017842,
            "-7.0": 17083.61837840225,
            "-7.5": 29947.381325988827,
            "-8.0": 46032.38649871734,
            "-8.5": 56865.0664867026,
            "-9.0": 70311.9984705949
        },
        "downstream": {
            "1.0": 1.2389566351487504,
            "0.0": 4.703436025246773,
            "-1.0": 0.8034373864289206,
            "-2.0": 0.8000260273517814,
            "-2.5": 0.8167196799110811,
            "-3.0": 0.8296514986236868,
            "-3.5": 2.089503829975633,
            "-4.0": 1.754042891692128,
            "-4.5": 18.621781252832715,
            "-5.0": 479.12956060974966,
            "-5.5": 7901.770915586846,
            "-6.0": 114101.47005217099,
            "-6.5": 458234.9838406834,
            "-7.0": 90307.5286962777,
            "-7.5": 28672.06778889589,
            "-8.0": 44072.090704989176,
            "-8.5": 54443.45945907081,
            "-9.0": 67317.7519121555
        },
        "deposit_upstream": {
            "1.0": 0.0,
            "0.0": 0.0,
            "-1.0": 0.0,
            "-2.0": 0.0,
            "-2.5": 0.0,