{
    "timestep": "2002-05-12 17:00",
    "deposit_mass": 12150000,
    "reaches": {
        "upstream": {
            "flow_scale": 0.658,
            "elevation": 1579.5940241976969,
            "length": 170,
            "bankfull_width": 10.5,
            "lwd_factor": null,
            "gsd": {
                "1.0": 0.8313396392858473,
                "0.0": 0.15527049445733154,
                "-1.0": 0.012488854675187283,
                "-2.0": 0.0005674887484314078,
                "-2.5": 3.3935982214335185e-06,
                "-3.0": 5.36188518986496e-06,
                "-3.5": 1.102919421965894e-05,
                "-4.0": 1.5780231729665873e-05,
                "-4.5": 2.5621666571823062e-05,
                "-5.0": 3.549703739619462e-05,
                "-5.5": 4.666197554471091e-05,
                "-6.0": 5.161662894800383e-05,
                "-6.5": 4.703527134906861e-05,
                "-7.0": 4.221636187463298e-05,
                "-7.5": 2.616464228725242e-05,
                "-8.0": 1.4219176547806446e-05,
                "-8.5": 6.210284745223345e-06,
                "-9.0": 2.714878577146816e-06
            },
            "Qs_in": 0.02622444467584081,
            "Qs_out": 0.0,
            "D50": 0.0007071067811865476,
            "D84": 0.0010508898606522567
        },
        "deposit_upstream": {
            "flow_scale": 0.659,
            "elevation": 1580.8826678194393,
            "length": 118,
            "width": 2.580504940009841,
            "bankfull_width": 10.5,
            "lwd_factor": 1,
            "gsd_bed": {
                "1.0": 0.0,
                "0.0": 0.0,
                "-1.0": 0.0,
                "-2.0": 0.0,
                "-2.5": 0.0,
                "-3.0": 0.0,
                "-3.5": 0.0,
                "-4.0": 0.0,
                "-4.5": 0.0006694932494484521,
                "-5.0": 0.007141261327449973,
                "-5.5": 0.042261079080196974,
                "-6.0": 0.3433530684840678,
                "-6.5": 0.36387486752342557,
                "-7.0": 0.09100703067704952,
                "-7.5": 0.09100703067704956,
                "-8.0": 0.06068616898131207,
                "-8.5": 0.0,
                "-9.0": 0.0
            },
            "gsd_wall": {
                "1.0": 0.0,
                "0.0": 0.9999566701723205,
                "-1.0": 0.0,
                "-2.0": 4.520629273467046e-08,
                "-2.5": 4.06205860607326e-08,
                "-3.0": 4.027953780227949e-08,
                "-3.5": 3.495836365679233e-08,
                "-4.0": 3.543056082290509e-08,
                "-4.5": 9.428001279212746e-07,
                "-5.0": 1.0130178653163621e-05,
                "-5.5": 1.0125015135976576e-05,
                "-6.0": 8.206935196370316e-06,
                "-6.5": 8.237405112522456e-06,
                "-7.0": 2.0591603773531834e-06,
                "-7.5": 2.059160377353633e-06,
                "-8.0": 1.3726773578213671e-06,
                "-8.5": 0.0,
                "-9.0": 0.0
            },
            "Qs_in": 0.0,
            "Qs_out_bed": 0.0,
            "Qs_out_wall": 0.0,
            "D50": 0.08875983309008739,
            "D84": 0.1339893187152416
        },
        "deposit_downstream": {
            "flow_scale": 0.66,
            "elevation": 1576.463216922253,
            "length": 120,
            "width": 2.7351775105130827,
            "bankfull_width": 12,
            "lwd_factor": null,
            "gsd_bed": {
                "1.0": 0.0,
                "0.0": 0.9924629181218485,
                "-1.0": 5.756095418353182e-09,
                "-2.0": 0.0,
                "-2.5": 0.0,
                "-3.0": 0.0,
                "-3.5": 0.0,
                "-4.0": 0.0,
                "-4.5": 7.876769345547395e-06,
                "-5.0": 1.0689895860327723e-05,
                "-5.5": 8.383128858888665e-05,
                "-6.0": 0.0004951610882421437,
                "-6.5": 0.0035707178109308482,
                "-7.0": 0.0012612418201054943,
                "-7.5": 0.0012646453451307241,
                "-8.0": 0.0008429121038523688,
                "-8.5": 0.0,
                "-9.0": 0.0
            },
            "gsd_wall": {
                "1.0": 0.0,
                "0.0": 0.999949910837673,
                "-1.0": 2.004755190436558e-07,
                "-2.0": 1.85459947192788e-07,
                "-2.5": 2.9455106193864775e-07,
                "-3.0": 2.023906658697667e-07,
                "-3.5": 1.1577248648227745e-07,
                "-4.0": 7.079152193124032e-08,
                "-4.5": 2.2349744963664366e-06,
                "-5.0": 1.0649823854841331e-05,
                "-5.5": 1.0465161491434876e-05,
                "-6.0": 8.718278445188637e-06,
                "-6.5": 9.323331194327474e-06,
                "-7.0": 2.9072826424508443e-06,
                "-7.5": 2.7235565086546665e-06,
                "-8.0": 1.9973124912300508e-06,
                "-8.5": 0.0,
                "-9.0": 0.0
            },
            "Qs_in": 0.0,
            "Qs_out_bed": 5.492557421876236,
            "Qs_out_wall": 0.07809445792115659,
            "D50": 0.0006843447667569222,
            "D84": 0.0010265171501353833
        },
        "downstream": {
            "flow_scale": 0.689,
            "elevation": 1570.5811423284035,
            "length": 145,
            "bankfull_width": 12,
            "lwd_factor": null,
            "gsd": {
                "1.0": 0.0,
                "0.0": 0.9305810579585834,
                "-1.0": 0.0,
                "-2.0": 0.0,
                "-2.5": 0.0,
                "-3.0": 0.0,
                "-3.5": 0.0,
                "-4.0": 0.0,
                "-4.5": 4.839399551881557e-05,
                "-5.0": 0.006059545716229516,
                "-5.5": 0.028428815101273527,
                "-6.0": 0.021254501669574696,
                "-6.5": 0.01335995971135332,
                "-7.0": 0.00012796490934549655,
                "-7.5": 7.416082814277522e-05,
                "-8.0": 4.0302706863583415e-05,
                "-8.5": 1.7602375551398023e-05,
                "-9.0": 7.695027563452685e-06
            },
            "Qs_in": 5.570651879797392,
            "Qs_out": 0.0,
            "D50": 0.06271241677083753,
            "D84": 0.09406862515625627
        }
    },
    "sed_masses": {
        "upstream": {
            "1.0": 0.013928841160448555,
            "0.0": 7.675581774915883e-05,
            "-1.0": 0.0006140465419932706,
            "-2.0": 0.008187287226576937,
            "-2.5": 0.04631429053947648,
            "-3.0": 0.20697462108786516,
            "-3.5": 1.2041715540263873,
            "-4.0": 4.873073357258596,
            "-4.5": 22.379065188675014,
            "-5.0": 87.69436097535471,
            "-5.5": 326.0526053979144,
            "-6.0": 1020.1386083633994,
            "-6.5": 2629.2882099287804,
            "-7.0": 6674.831972670967,
            "-7.5": 11700.901644185218,
            "-8.0": 17985.560106425313,
            "-8.5": 22218.054483900363,
            "-9.0": 27471.97725086446
        },
        "downstream": {
            "1.0": 82.47398428462216,
            "0.0": 267.13544698698263,
            "-1.0": 53.48264445723261,
            "-2.0": 53.1724127589157,
            "-2.5": 53.63816739345175,
            "-3.0": 53.646355961391016,
            "-3.5": 132.67501078746756,
            "-4.0": 65.75589612639986,
            "-4.5": 620.1149821583421,
            "-5.0": 2046.3314533494565,
            "-5.5": 13400.149231571455,
            "-6.0": 28482.669824486384,
            "-6.5": 50644.47966074618,
            "-7.0": 17517.664924220906,
            "-7.5": 29062.09697766591,
            "-8.0": 44671.60804401148,
            "-8.5": 55184.0596307431,
            "-9.0": 68233.4824538601
        },
        "deposit_upstream": {
            "1.0": 0.0,
            "0.0": 191706.87428932567,