{
    "timestep": "2008-07-31 11:00",
    "deposit_mass": 12150000,
    "reaches": {
        "upstream": {
            "flow_scale": 0.658,
            "elevation": 1580.2679044687911,
            "length": 170,
            "bankfull_width": 10.5,
            "lwd_factor": null,
            "gsd": {
                "1.0": 0.6654264425207617,
                "0.0": 0.21199683543655143,
                "-1.0": 0.05805589324417575,
                "-2.0": 0.02158220387709023,
                "-2.5": 0.018631146679480886,
                "-3.0": 0.011192103933268506,
                "-3.5": 0.00788078426955123,
                "-4.0": 0.0031826626786235716,
                "-4.5": 0.001355883601945605,
                "-5.0": 0.0005065659785448572,
                "-5.5": 0.0001647012622226537,
                "-6.0": 2.458122039036997e-05,
                "-6.5": 6.629492694882219e-08,
                "-7.0": 5.950280600601362e-08,
                "-7.5": 3.6878346809193324e-08,
                "-8.0": 2.0041539965047924e-08,
                "-8.5": 8.753226285450566e-09,
                "-9.0": 3.8265470100330445e-09
            },
            "Qs_in": 0.0018731746197029194,
            "Qs_out": 0.0,
            "D50": 0.0007071067811865476,
            "D84": 0.0010290920853150117
        },
        "deposit_upstream": {
            "flow_scale": 0.659,
            "elevation": 1580.7878817996018,
            "length": 118,
            "width": 3.6911469999600746,
            "bankfull_width": 10.5,
            "lwd_factor": 1,
            "gsd_bed": {
                "1.0": 0.0,
                "0.0": 0.0,
                "-1.0": 0.0,
                "-2.0": 0.0,
                "-2.5": 0.0,
                "-3.0": 0.0,
                "-3.5": 0.0,
                "-4.0": 0.0,
                "-4.5": 0.0,
                "-5.0": 0.00032954470623274993,
                "-5.5": 0.02949425120783138,
                "-6.0": 0.036249917685602685,
                "-6.5": 0.033613560035740786,
                "-7.0": 0.33762804376652467,
                "-7.5": 0.3376280437665271,
                "-8.0": 0.2250566388315406,
                "-8.5": 0.0,
                "-9.0": 0.0
            },
            "gsd_wall": {
                "1.0": 0.0,
                "0.0": 0.0,
                "-1.0": 0.0,
                "-2.0": 0.0,
                "-2.5": 0.07383364745722619,
                "-3.0": 0.07321374411947326,
                "-3.5": 0.06354175919712378,
                "-4.0": 0.06440004418200668,
                "-4.5": 0.044150080237839014,
                "-5.0": 0.14359410981107198,
                "-5.5": 0.10976925521886928,
                "-6.0": 0.12424421648316682,
                "-6.5": 0.11299039233538594,
                "-7.0": 0.060119322550953556,
                "-7.5": 0.060119322553031616,
                "-8.0": 0.07002410585385194,
                "-8.5": 0.0,
                "-9.0": 0.0
            },
            "Qs_in": 0.0,
            "Qs_out_bed": 0.0,
            "Qs_out_wall": 0.0,
            "D50": 0.17634563940801334,
            "D84": 0.26451845911202
        },
        "deposit_downstream": {
            "flow_scale": 0.66,
            "elevation": 1576.1681932177712,
            "length": 120,
            "width": 5.189660343522808,
            "bankfull_width": 12,
            "lwd_factor": null,
            "gsd_bed": {
                "1.0": 0.0,
                "0.0": 0.07105493953500296,
                "-1.0": 7.420116795114155e-07,
                "-2.0": 1.0647027415894848e-06,
                "-2.5": 0.0,
                "-3.0": 0.0,
                "-3.5": 0.0,
                "-4.0": 0.0,
                "-4.5": 0.00021277602304853796,
                "-5.0": 0.002029981760625757,
                "-5.5": 0.0078042705996647374,
                "-6.0": 0.015661888494719955,
                "-6.5": 0.10732377959993773,
                "-7.0": 0.2601140946766832,
                "-7.5": 0.3221141593474328,
                "-8.0": 0.2136823032484633,
                "-8.5": 0.0,
                "-9.0": 0.0
            },
            "gsd_wall": {
                "1.0": 0.0,
                "0.0": 0.8499812213253255,
                "-1.0": 0.000327426483906187,
                "-2.0": 0.002821008118900342,
                "-2.5": 0.013794454429016547,
                "-3.0": 0.009478386527699336,
                "-3.5": 0.005421872453633709,
                "-4.0": 0.003315317951373138,
                "-4.5": 0.020823241697831747,
                "-5.0": 0.009470912650183032,
                "-5.5": 0.0019182918186169337,
                "-6.0": 0.0030874800232260986,
                "-6.5": 0.01849001738931562,
                "-7.0": 0.027831712218970604,
                "-7.5": 0.010097365019434423,
                "-8.0": 0.02314129189256687,
                "-8.5": 0.0,
                "-9.0": 0.0
            },
            "Qs_in": 0.0,
            "Qs_out_bed": 7.07684319917427e-05,
            "Qs_out_wall": 0.0,
            "D50": 0.1729625638721815,
            "D84": 0.25944384580827223
        },
        "downstream": {
            "flow_scale": 0.689,
            "elevation": 1570.827782493903,
            "length": 145,
            "bankfull_width": 12,
            "lwd_factor": null,
            "gsd": {
                "1.0": 0.0,
                "0.0": 0.008705279035592525,
                "-1.0": 1.2541878204981869e-05,
                "-2.0": 5.9633766603668915e-05,
                "-2.5": 5.706456415027895e-05,
                "-3.0": 2.0742448215162602e-05,
                "-3.5": 0.000301283298826499,
                "-4.0": 0.0001404906553319815,
                "-4.5": 0.00034196473707560297,
                "-5.0": 0.0031561830183750874,
                "-5.5": 0.018220056603182024,
                "-6.0": 0.31163585508589764,
                "-6.5": 0.6108405655995852,
                "-7.0": 0.03838767810835634,
                "-7.5": 0.00430903632874399,
                "-8.0": 0.002341746072300557,
                "-8.5": 0.0010227673776396248,
                "-9.0": 0.0004471114219189627
            },
            "Qs_in": 7.07684319917427e-05,
            "Qs_out": 0.0,
            "D50": 0.08416069765871342,
            "D84": 0.1262410464880701
        }
    },
    "sed_masses": {
        "upstream": {
            "1.0": 798.9103461263913,
            "0.0": 1949.6340235463183,
            "-1.0": 4028.187518917472,
            "-2.0": 11597.342370051945,
            "-2.5": 29531.588361535738,
            "-3.0": 55844.18137203058,
            "-3.5": 134900.57272868854,
            "-4.0": 209402.41133169408,
            "-4.5": 343141.0647522873,
            "-5.0": 421810.87508561125,
            "-5.5": 391723.072275074,
            "-6.0": 154133.09468816954,
            "-6.5": 6916.332141811209,
            "-7.0": 17558.118862528117,
            "-7.5": 30779.175072649057,
            "-8.0": 47310.94407330727,
            "-8.5": 58444.50363989394,
            "-9.0": 72264.92650815465
        },
        "downstream": {
            "1.0": 1.0324375158304009,
            "0.0": 3.919899217395213,
            "-1.0": 0.6695233076218681,
            "-2.0": 0.6680929089779823,
            "-2.5": 0.6874445702716738,
            "-3.0": 0.7067668797191694,
            "-3.5": 1.8380687254763024,
            "-4.0": 1.5878896345226376,
            "-4.5": 16.6900638935545,
            "-5.0": 435.6962751092795,
            "-5.5": 7114.0413237183075,
            "-6.0": 111183.08620322622,
            "-6.5": 458756.5469474089,
            "-7.0": 89239.67367113267,
            "-7.5": 28332.96422004771,
            "-8.0": 43550.851589809274,
            "-8.5": 53799.55851900109,
            "-9.0": 66521.58715388559
        },
        "deposit_upstream": {
            "1.0": 0.0,
            "0.0": 0.0,
            "-1.0": 0.0,
            "-2.0": 0.0,