{
    "timestep": "2012-05-21 03:00",
    "deposit_mass": 12150000,
    "reaches": {
        "upstream": {
            "flow_scale": 0.658,
            "elevation": 1580.9832677757179,
            "length": 170,
            "bankfull_width": 10.5,
            "lwd_factor": null,
            "gsd": {
                "1.0": 9.462295851887451e-18,
                "0.0": 0.0,
                "-1.0": 0.014435257668248174,
                "-2.0": 0.0711736367419905,
                "-2.5": 0.16945824877778973,
                "-3.0": 0.3006350104850145,
                "-3.5": 0.2950613373478375,
                "-4.0": 0.10904063861474651,
                "-4.5": 0.034647460077798314,
                "-5.0": 0.004883829693576466,
                "-5.5": 0.0006640250254215864,
                "-6.0": 5.374832615183886e-07,
                "-6.5": 6.138834365998834e-09,
                "-7.0": 5.5098917397565076e-09,
                "-7.5": 3.4148927100902622e-09,
                "-8.0": 1.8558236647572194e-09,
                "-8.5": 8.105387366362107e-10,
                "-9.0": 3.5433387393932703e-10
            },
            "Qs_in": 18.995774064899013,
            "Qs_out": 5.969472878846664,
            "D50": 0.007955788860301462,
            "D84": 0.011933683290452192
        },
        "deposit_upstream": {
            "flow_scale": 0.659,
            "elevation": 1580.730777660673,
            "length": 118,
            "width": 4.396412781906245,
            "bankfull_width": 10.5,
            "lwd_factor": 1,
            "gsd_bed": {
                "1.0": 0.7465283333418781,
                "0.0": 0.2481809618822721,
                "-1.0": 5.516094480536548e-18,
                "-2.0": 1.379023620134137e-18,
                "-2.5": 2.4336105483202103e-19,
                "-3.0": 8.604112607421669e-20,
                "-3.5": 0.0,
                "-4.0": 0.0,
                "-4.5": 0.0,
                "-5.0": 0.0,
                "-5.5": 0.0,
                "-6.0": 0.00013213612139301634,
                "-6.5": 0.0030104191220523906,
                "-7.0": 0.0008056031484729275,
                "-7.5": 0.0008056031484729293,
                "-8.0": 0.0005369432354586409,
                "-8.5": 0.0,
                "-9.0": 0.0
            },
            "gsd_wall": {
                "1.0": 0.0,
                "0.0": 0.0,
                "-1.0": 0.0,
                "-2.0": 0.0003539943432824055,
                "-2.5": 0.005013437288930316,
                "-3.0": 0.0020362566869215966,
                "-3.5": 0.000502541727459517,
                "-4.0": 0.0005093297677090406,
                "-4.5": 0.00034917600441890516,
                "-5.0": 0.21299577251341062,
                "-5.5": 0.21539697433565613,
                "-6.0": 0.1933362242352386,
                "-6.5": 0.2145128644008237,
                "-7.0": 0.058034598506432486,
                "-7.5": 0.05803459850645393,
                "-8.0": 0.03892423168326277,
                "-8.5": 0.0,
                "-9.0": 0.0
            },
            "Qs_in": 5.969472878846664,
            "Qs_out_bed": 8.83687200166751,
            "Qs_out_wall": 0.0,
            "D50": 0.0015397363634015806,
            "D84": 0.005696489443997151
        },
        "deposit_downstream": {
            "flow_scale": 0.66,
            "elevation": 1576.2078692017728,
            "length": 120,
            "width": 5.857137847154653,
            "bankfull_width": 12,
            "lwd_factor": null,
            "gsd_bed": {
                "1.0": 0.0008481689982650274,
                "0.0": 0.00034291042497177845,
                "-1.0": 0.00011606817423236728,
                "-2.0": 3.889200259186671e-05,
                "-2.5": 3.118073809229856e-05,
                "-3.0": 7.545039275806238e-06,
                "-3.5": 0.0,
                "-4.0": 0.0,
                "-4.5": 0.0,
                "-5.0": 0.0016613578964860566,
                "-5.5": 0.0035674093910045114,
                "-6.0": 0.010143653265185022,
                "-6.5": 0.044328425092541056,
                "-7.0": 0.2979850041824618,
                "-7.5": 0.38455810840675725,
                "-8.0": 0.25637127638813517,
                "-8.5": 0.0,
                "-9.0": 0.0
            },
            "gsd_wall": {
                "1.0": 0.0,
                "0.0": 0.0,
                "-1.0": 0.0,
                "-2.0": 0.0,
                "-2.5": 0.18608160936148077,
                "-3.0": 0.00016604333766051768,
                "-3.5": 9.498091219851112e-05,
                "-4.0": 5.807807652105151e-05,
                "-4.5": 0.00019012279920201542,
                "-5.0": 0.02119530182033477,
                "-5.5": 0.021914607225706872,
                "-6.0": 0.02029701842792496,
                "-6.5": 0.04639979550357417,
                "-7.0": 0.22329547021556873,
                "-7.5": 0.2881048859978005,
                "-8.0": 0.1922020863220273,
                "-8.5": 0.0,
                "-9.0": 0.0
            },
            "Qs_in": 8.83687200166751,
            "Qs_out_bed": 19.716830793119307,
            "Qs_out_wall": 0.0,
            "D50": 0.0007071067811865476,
            "D84": 0.0017216377281732266
        },
        "downstream": {
            "flow_scale": 0.689,
            "elevation": 1570.8885101272133,
            "length": 145,
            "bankfull_width": 12,
            "lwd_factor": null,
            "gsd": {
                "1.0": 0.0,
                "0.0": 0.0,
                "-1.0": 0.0,
                "-2.0": 8.075746696918114e-18,
                "-2.5": 3.7117699141481784e-17,
                "-3.0": 0.05720924909561428,
                "-3.5": 5.184769359693851e-05,
                "-4.0": 6.121469851257456e-05,
                "-4.5": 9.80293888243988e-05,
                "-5.0": 0.0028178726823378563,
                "-5.5": 0.023097764961792513,
                "-6.0": 0.26193328842496544,
                "-6.5": 0.6115090916326611,
                "-7.0": 0.03656101742959602,
                "-7.5": 0.0035343022009003194,
                "-8.0": 0.0019207167602817554,
                "-8.5": 0.0008388810671397653,
                "-9.0": 0.00036672396377694834
            },
            "Qs_in": 19.716830793119307,
            "Qs_out": 18.384059318162826,
            "D50": 0.0007071067811865476,
            "D84": 0.0010054435605615954
        }
    },
    "sed_masses": {
        "upstream": {
            "1.0": 1336.0797127815927,
            "0.0": 3410.8634924446146,
            "-1.0": 7572.393392553776,
            "-2.0": 24451.902967521626,
            "-2.5": 66948.20208494856,
            "-3.0": 134698.94202695656,
            "-3.5": 330808.09508677904,
            "-4.0": 507706.2448018234,
            "-4.5": 798003.4488589781,
            "-5.0": 895486.5682788977,
            "-5.5": 705687.0267264097,
            "-6.0": 214820.83757303713,
            "-6.5": 6939.726754996274,
            "-7.0": 17617.50950349557,
            "-7.5": 30883.28616509169,
            "-8.0": 47470.97416054445,
            "-8.5": 58642.193185076874,
            "-9.0": 72509.36387290833
        },
        "downstream": {
            "1.0": 0.1518291614983637,
            "0.0": 0.4755331154934838,
            "-1.0": 1.4664906777832385,
            "-2.0": 3.395430779547982,
            "-2.5": 7.915857739153952,
            "-3.0": 6.356332943669307,
            "-3.5": 0.09975687007656188,
            "-4.0": 0.33313025783826083,
            "-4.5": 1.5088972066009516,
            "-5.0": 122.01000307146671,
            "-5.5": 2864.3162350831026,
            "-6.0": 91228.18511123193,
            "-6.5": 602401.7874580589,
            "-7.0": 101870.06890595188,
            "-7.5": 27853.322115684976,
            "-8.0": 42813.58944028293,
            "-8.5": 52888.79841421899,
            "-9.0": 65395.45881093373
        },