{
    "timestep": "2002-04-21 21:00",
    "deposit_mass": 12150000,
    "reaches": {
        "upstream": {
            "flow_scale": 0.658,
            "elevation": 1579.5940116609913,
            "length": 170,
            "bankfull_width": 10.5,
            "lwd_factor": null,
            "gsd": {
                "1.0": 0.821348114858607,
                "0.0": 0.15778425400401377,
                "-1.0": 0.0186126978642929,
                "-2.0": 0.0014202361956541932,
                "-2.5": 8.493051255923066e-06,
                "-3.0": 1.341902098435845e-05,
                "-3.5": 2.7602416581749976e-05,
                "-4.0": 3.949268834004229e-05,
                "-4.5": 6.412253698221914e-05,
                "-5.0": 8.883731613695532e-05,
                "-5.5": 0.00011677945476894223,
                "-6.0": 0.00012917930960258984,
                "-6.5": 0.0001177136904070938,
                "-7.0": 0.00010565355762368296,
                "-7.5": 6.548142518316681e-05,
                "-8.0": 3.558588476231766e-05,
                "-8.5": 1.5542283798339228e-05,
                "-9.0": 6.794441004738457e-06
            },
            "Qs_in": 0.01248783079801944,
            "Qs_out": 0.0,
            "D50": 0.0007071067811865476,
            "D84": 0.001049922174896864
        },
        "deposit_upstream": {
            "flow_scale": 0.659,
            "elevation": 1580.9092310748265,
            "length": 118,
            "width": 2.2631347172936764,
            "bankfull_width": 10.5,
            "lwd_factor": 1,
            "gsd_bed": {
                "1.0": 0.8887301377329705,
                "0.0": 0.11109126721662131,
                "-1.0": 0.0,
                "-2.0": 0.0,
                "-2.5": 0.0,
                "-3.0": 0.0,
                "-3.5": 0.0,
                "-4.0": 0.0,
                "-4.5": 9.589036667416954e-06,
                "-5.0": 3.390236426288492e-06,
                "-5.5": 9.665548224015287e-06,
                "-6.0": 5.123373555082374e-05,
                "-6.5": 6.283976701505124e-05,
                "-7.0": 1.5705563815744604e-05,
                "-7.5": 1.5705563815744597e-05,
                "-8.0": 1.046559889319274e-05,
                "-8.5": 0.0,
                "-9.0": 0.0
            },
            "gsd_wall": {
                "1.0": 0.10206206955577742,
                "0.0": 0.8978940412519548,
                "-1.0": 1.3217289231728688e-07,
                "-2.0": 1.856891201122517e-07,
                "-2.5": 1.668528965277563e-07,
                "-3.0": 1.6545200857174382e-07,
                "-3.5": 1.4359478283463372e-07,
                "-4.0": 1.4553437732448954e-07,
                "-4.5": 8.225397490112082e-06,
                "-5.0": 8.29635870960728e-06,
                "-5.5": 8.19368784358236e-06,
                "-6.0": 6.649981805968112e-06,
                "-6.5": 6.74623013251674e-06,
                "-7.0": 1.7887599117006477e-06,
                "-7.5": 1.7887599117017887e-06,
                "-8.0": 1.2607203848594554e-06,
                "-8.5": 0.0,
                "-9.0": 0.0
            },
            "Qs_in": 0.0,
            "Qs_out_bed": 12.151791704259375,
            "Qs_out_wall": 0.0,
            "D50": 0.0007071067811865476,
            "D84": 0.0014142135623730952
        },
        "deposit_downstream": {
            "flow_scale": 0.66,
            "elevation": 1576.5486541987896,
            "length": 120,
            "width": 1.4970293433637951,
            "bankfull_width": 12,
            "lwd_factor": null,
            "gsd_bed": {
                "1.0": 0.4361411748278785,
                "0.0": 0.5457087197797177,
                "-1.0": 0.0015143961517309784,
                "-2.0": 0.0,
                "-2.5": 0.0024731859231200285,
                "-3.0": 0.00022125917801269867,
                "-3.5": 0.0013029707149631812,
                "-4.0": 0.0002655110136151429,
                "-4.5": 0.00039826652042273294,
                "-5.0": 0.00024584353112513745,
                "-5.5": 0.00024584353112513995,
                "-6.0": 0.0002015916955226144,
                "-6.5": 0.0014868957691620648,
                "-7.0": 0.00366635904356673,
                "-7.5": 0.0036775753961021977,
                "-8.0": 0.002450406923935339,
                "-8.5": 0.0,
                "-9.0": 0.0
            },
            "gsd_wall": {
                "1.0": 0.4434725967957722,
                "0.0": 0.5548801628264269,
                "-1.0": 0.001540827645402659,
                "-2.0": 3.2124076798590354e-08,
                "-2.5": 4.6011905789466216e-05,
                "-3.0": 4.218887951151304e-06,
                "-3.5": 2.4175681696257872e-05,
                "-4.0": 5.013671049752007e-06,
                "-4.5": 7.483466763131815e-06,
                "-5.0": 4.584222995295598e-06,
                "-5.5": 4.5943312289346056e-06,
                "-6.0": 3.688619559884637e-06,
                "-6.5": 3.824176053740773e-06,
                "-7.0": 1.0377453080557503e-06,
                "-7.5": 1.0296960101898743e-06,
                "-8.0": 7.182039152861737e-07,
                "-8.5": 0.0,
                "-9.0": 0.0
            },
            "Qs_in": 12.151791704259375,
            "Qs_out_bed": 116.4021811002161,
            "Qs_out_wall": 9.2948577544868,
            "D50": 0.0007405876328199425,
            "D84": 0.0011108814492299137
        },
        "downstream": {
            "flow_scale": 0.689,
            "elevation": 1570.5263073454175,
            "length": 145,
            "bankfull_width": 12,
            "lwd_factor": null,
            "gsd": {
                "1.0": 0.7908783848044708,
                "0.0": 0.20787633008262033,
                "-1.0": 1.9816599449831292e-19,
                "-2.0": 0.0,
                "-2.5": 0.0,
                "-3.0": 0.0,
                "-3.5": 0.0,
                "-4.0": 0.0,
                "-4.5": 1.0271739549612849e-05,
                "-5.0": 0.00027313122659984265,
                "-5.5": 0.00041986694493797576,
                "-6.0": 0.00030214829341609635,
                "-6.5": 0.0002141866984667623,
                "-7.0": 1.3598005858099236e-05,
                "-7.5": 6.411135131462229e-06,
                "-8.0": 3.4841318029606673e-06,
                "-8.5": 1.5217091168062098e-06,
                "-9.0": 6.652280292049012e-07
            },
            "Qs_in": 125.6970388547029,
            "Qs_out": 7.528254195662003,
            "D50": 0.0016094114068290963,
            "D84": 0.06385230703136884
        }
    },
    "sed_masses": {
        "upstream": {
            "1.0": 0.013928841160448555,
            "0.0": 7.675581774915883e-05,
            "-1.0": 0.0006140465419932706,
            "-2.0": 0.008187287226576937,
            "-2.5": 0.04631429053947648,
            "-3.0": 0.20697462108786516,
            "-3.5": 1.2041715540263873,
            "-4.0": 4.873073357258596,
            "-4.5": 22.379065188675014,
            "-5.0": 87.69436097535471,
            "-5.5": 326.0526053979144,
            "-6.0": 1020.1386083633994,
            "-6.5": 2629.2882099287804,
            "-7.0": 6674.831972670967,
            "-7.5": 11700.901644185218,
            "-8.0": 17985.560106425313,
            "-8.5": 22218.054483900363,
            "-9.0": 27471.97725086446
        },
        "downstream": {
            "1.0": 44.071641402029606,
            "0.0": 113.17066885984403,
            "-1.0": 64.26235312915617,
            "-2.0": 65.01791824017398,
            "-2.5": 65.58743154936964,
            "-3.0": 65.59744432880082,
            "-3.5": 72.98441001038624,
            "-4.0": 80.40469213875905,
            "-4.5": 341.1552452593682,
            "-5.0": 1477.4487686795314,
            "-5.5": 5928.617887388333,
            "-6.0": 12485.262929094835,
            "-6.5": 20047.826753426394,
            "-7.0": 17454.035202255036,