{
    "timestep": "2002-04-05 04:00",
    "deposit_mass": 12150000,
    "reaches": {
        "upstream": {
            "flow_scale": 0.658,
            "elevation": 1579.5940000009107,
            "length": 170,
            "bankfull_width": 10.5,
            "lwd_factor": null,
            "gsd": {
                "1.0": 0.7309908198014694,
                "0.0": 0.0008120623270231344,
                "-1.0": 0.0008120623270231344,
                "-2.0": 0.001353437211705224,
                "-2.5": 0.0027068744234104484,
                "-3.0": 0.004276861588988508,
                "-3.5": 0.008797341876083957,
                "-4.0": 0.012586966068858585,
                "-4.5": 0.02043690189674888,
                "-5.0": 0.02831390646887329,
                "-5.5": 0.037219523321893676,
                "-6.0": 0.041171559980072936,
                "-6.5": 0.037517279508468816,
                "-7.0": 0.03367351782722597,
                "-7.5": 0.02087000180449456,
                "-8.0": 0.01134180383408978,
                "-8.5": 0.004953580194841121,
                "-9.0": 0.0021654995387283588
            },
            "Qs_in": 0.0006243915399009732,
            "Qs_out": 0.0,
            "D50": 0.0007071067811865476,
            "D84": 0.09028791557478348
        },
        "deposit_upstream": {
            "flow_scale": 0.659,
            "elevation": 1581.098477933204,
            "length": 118,
            "width": 1.0005149389738475,
            "bankfull_width": 10.5,
            "lwd_factor": 1,
            "gsd_bed": {
                "1.0": 0.8743974636060101,
                "0.0": 0.10929968295075126,
                "-1.0": 0.013662460368843908,
                "-2.0": 0.0017078075461054885,
                "-2.5": 0.0006038011484063739,
                "-3.0": 0.00021347594326318606,
                "-3.5": 7.547514355079674e-05,
                "-4.0": 2.6684492907898258e-05,
                "-4.5": 9.434392943849593e-06,
                "-5.0": 0.0,
                "-5.5": 1.1792991179811991e-06,
                "-6.0": 9.506655370968479e-07,
                "-6.5": 9.506655370968481e-07,
                "-7.0": 2.3766638427421198e-07,
                "-7.5": 2.3766638427421204e-07,
                "-8.0": 1.5844425618280796e-07,
                "-8.5": 0.0,
                "-9.0": 0.0
            },
            "gsd_wall": {
                "1.0": 0.0,
                "0.0": 0.0,
                "-1.0": 0.0,
                "-2.0": 0.0,
                "-2.5": 0.0,
                "-3.0": 0.3285987083485312,
                "-3.5": 0.3285987083485313,
                "-4.0": 0.08276653721543968,
                "-4.5": 0.08276653721543971,
                "-5.0": 0.0427189048855322,
                "-5.5": 0.042718904885532205,
                "-6.0": 0.03443688716287252,
                "-6.5": 0.03443688716287253,
                "-7.0": 0.00860922179071813,
                "-7.5": 0.008609221790718132,
                "-8.0": 0.005739481193812086,
                "-8.5": 0.0,
                "-9.0": 0.0
            },
            "Qs_in": 0.0,
            "Qs_out_bed": 149.25051396529713,
            "Qs_out_wall": 0.0,
            "D50": 0.0007499282284762614,
            "D84": 0.001124892342714392
        },
        "deposit_downstream": {
            "flow_scale": 0.66,
            "elevation": 1576.669623974196,
            "length": 120,
            "width": 1.001158307038836,
            "bankfull_width": 12,
            "lwd_factor": null,
            "gsd_bed": {
                "1.0": 0.4849127993909731,
                "0.0": 0.5116559202312826,
                "-1.0": 0.003100616335727726,
                "-2.0": 0.00011972079804058228,
                "-2.5": 0.00011989658546350479,
                "-3.0": 3.151634899546434e-05,
                "-3.5": 3.161578122931038e-05,
                "-4.0": 7.966507132332044e-06,
                "-4.5": 8.027069459151599e-06,
                "-5.0": 4.324345064813453e-06,
                "-5.5": 1.1895568013780218e-08,
                "-6.0": 1.2364654116875233e-07,
                "-6.5": 4.4766387136334805e-06,
                "-7.0": 1.119159678408371e-06,
                "-7.5": 1.1191596784083701e-06,
                "-8.0": 7.461064522722468e-07,
                "-8.5": 0.0,
                "-9.0": 0.0
            },
            "gsd_wall": {
                "1.0": 0.0,
                "0.0": 0.0,
                "-1.0": 0.0,
                "-2.0": 0.004742544578637659,
                "-2.5": 0.0634291503063568,
                "-3.0": 0.30619757746339205,
                "-3.5": 0.30619757746339193,
                "-4.0": 0.07712420209370122,
                "-4.5": 0.07712420209370124,
                "-5.0": 0.0398066847358546,
                "-5.5": 0.03980668473585462,
                "-6.0": 0.032089266198416205,
                "-6.5": 0.032089266198416205,
                "-7.0": 0.008022316549604051,
                "-7.5": 0.008022316549604051,
                "-8.0": 0.005348211033069366,
                "-8.5": 0.0,
                "-9.0": 0.0
            },
            "Qs_in": 149.25051396529713,
            "Qs_out_bed": 0.8610359335234405,
            "Qs_out_wall": 0.0,
            "D50": 0.0864788637133914,
            "D84": 0.18066517070878518
        },
        "downstream": {
            "flow_scale": 0.689,
            "elevation": 1570.5046221059406,
            "length": 145,
            "bankfull_width": 12,
            "lwd_factor": null,
            "gsd": {
                "1.0": 0.9269273358366558,
                "0.0": 0.06705560114775155,
                "-1.0": 0.0020770243606387778,
                "-2.0": 2.463175331541965e-07,
                "-2.5": 2.3481166692280076e-07,
                "-3.0": 2.8157476866238187e-07,
                "-3.5": 2.6802193408285694e-06,
                "-4.0": 1.9589837563280467e-06,
                "-4.5": 0.0006573870577068923,
                "-5.0": 0.0009500164336916556,
                "-5.5": 0.0009764881480727516,
                "-6.0": 0.0008618384909895952,
                "-6.5": 0.00016596242266833403,
                "-7.0": 0.00014895905757533008,
                "-7.5": 9.232108793454941e-05,
                "-8.0": 5.017190122513126e-05,
                "-8.5": 2.1912787408589547e-05,
                "-9.0": 9.579360615776851e-06
            },
            "Qs_in": 0.8610359335234405,
            "Qs_out": 0.0,
            "D50": 0.04491041253586166,
            "D84": 0.06736561880379249
        }
    },
    "sed_masses": {
        "upstream": {
            "1.0": 2.393497379417267e-05,
            "0.0": 0.00019147979035338136,
            "-1.0": 0.001531838322827051,
            "-2.0": 0.020424510971027345,
            "-2.5": 0.1155384816802598,
            "-3.0": 0.5163316373475714,
            "-3.5": 3.0040005236867553,
            "-4.0": 12.156668929955474,
            "-4.5": 55.82819434790154,
            "-5.0": 218.76775399111276,
            "-5.5": 813.3909110290293,
            "-6.0": 2544.900602833518,
            "-6.5": 6559.18430653809,
            "-7.0": 16651.44694240576,
            "-7.5": 29189.78990095739,
            "-8.0": 44867.88597342774,
            "-8.5": 55426.52712710976,
            "-9.0": 68533.2864510591
        },
        "downstream": {
            "1.0": 5.959496852159247,
            "0.0": 45.72290932728008,
            "-1.0": 0.03853020984176598,
            "-2.0": 0.024359569908885218,
            "-2.5": 0.10625409056579828,
            "-3.0": 0.36038334863363003,
            "-3.5": 5.9976291266456965,
            "-4.0": 12.398955420267976,
            "-4.5": 309.36062849843887,
            "-5.0": 579.5753379555422,
            "-5.5": 1764.0466260038168,
            "-6.0": 4550.442782217077,
            "-6.5": 6172.403056851232,
            "-7.0": 15669.546273589616,