{
    "timestep": "2002-06-02 13:00",
    "deposit_mass": 12150000,
    "reaches": {
        "upstream": {
            "flow_scale": 0.658,
            "elevation": 1579.6095177307714,
            "length": 170,
            "bankfull_width": 10.5,
            "lwd_factor": null,
            "gsd": {
                "1.0": 0.6731880071303302,
                "0.0": 0.2076244084090081,
                "-1.0": 0.05492949199353259,
                "-2.0": 0.020775605450789523,
                "-2.5": 0.018393880464884813,
                "-3.0": 0.011532326734610465,
                "-3.5": 0.008589688925098525,
                "-4.0": 0.003603182853076712,
                "-4.5": 0.0011959564806920814,
                "-5.0": 0.00012187342925086347,
                "-5.5": 8.979786072323891e-06,
                "-6.0": 9.933276084367004e-06,
                "-6.5": 9.051624360902482e-06,
                "-7.0": 8.124257362887936e-06,
                "-7.5": 5.035210954008519e-06,
                "-8.0": 2.736385719493606e-06,
                "-8.5": 1.1951278918074706e-06,
                "-9.0": 5.224602805715718e-07
            },
            "Qs_in": 387.11063476960584,
            "Qs_out": 0.0,
            "D50": 0.0007071067811865476,
            "D84": 0.001031066491430354
        },
        "deposit_upstream": {
            "flow_scale": 0.659,
            "elevation": 1580.7887222464608,
            "length": 118,
            "width": 3.6782162247198835,
            "bankfull_width": 10.5,
            "lwd_factor": 1,
            "gsd_bed": {
                "1.0": 0.0,
                "0.0": 0.0,
                "-1.0": 0.0,
                "-2.0": 0.0,
                "-2.5": 0.0,
                "-3.0": 0.0,
                "-3.5": 0.0,
                "-4.0": 0.0,
                "-4.5": 0.0,
                "-5.0": 0.008066589588353783,
                "-5.5": 0.007947963270878055,
                "-6.0": 0.07231048045245833,
                "-6.5": 0.2827206871948339,
                "-7.0": 0.23583595298502344,
                "-7.5": 0.2358359529850233,
                "-8.0": 0.15728237352342903,
                "-8.5": 0.0,
                "-9.0": 0.0
            },
            "gsd_wall": {
                "1.0": 0.0,
                "0.0": 0.0,
                "-1.0": 0.0,
                "-2.0": 0.0,
                "-2.5": 0.06186986607438481,
                "-3.0": 0.061350410002435275,
                "-3.5": 0.05324564432407834,
                "-4.0": 0.05396485540056111,
                "-4.5": 0.036996134493706395,
                "-5.0": 0.14149345826589424,
                "-5.5": 0.1806270303619291,
                "-6.0": 0.0974978828958218,
                "-6.5": 0.1375131137765662,
                "-7.0": 0.07543021845490125,
                "-7.5": 0.07543021845662921,
                "-8.0": 0.024581167493092283,
                "-8.5": 0.0,
                "-9.0": 0.0
            },
            "Qs_in": 0.0,
            "Qs_out_bed": 0.0,
            "Qs_out_wall": 0.0,
            "D50": 0.13068033414542896,
            "D84": 0.19602050121814343
        },
        "deposit_downstream": {
            "flow_scale": 0.66,
            "elevation": 1576.133474824842,
            "length": 120,
            "width": 3.9614059851538634,
            "bankfull_width": 12,
            "lwd_factor": null,
            "gsd_bed": {
                "1.0": 0.0,
                "0.0": 0.4388496338477516,
                "-1.0": 8.550984799823787e-07,
                "-2.0": 1.2269694953665915e-06,
                "-2.5": 0.0,
                "-3.0": 0.0,
                "-3.5": 0.0,
                "-4.0": 0.0,
                "-4.5": 0.000885567724083504,
                "-5.0": 0.002346752904063682,
                "-5.5": 0.002391031260744153,
                "-6.0": 0.0038079386745184583,
                "-6.5": 0.002036804407300575,
                "-7.0": 0.08259376368389064,
                "-7.5": 0.2802600085168471,
                "-8.0": 0.1868264169128248,
                "-8.5": 0.0,
                "-9.0": 0.0
            },
            "gsd_wall": {
                "1.0": 0.0,
                "0.0": 0.9999555528587833,
                "-1.0": 4.084063397066472e-09,
                "-2.0": 5.766967594486363e-09,
                "-2.5": 8.593372108427979e-08,
                "-3.0": 5.904641088863848e-08,
                "-3.5": 3.3776013222026055e-08,
                "-4.0": 2.0653053703938073e-08,
                "-4.5": 1.6984061970489192e-06,
                "-5.0": 8.437975896021592e-06,
                "-5.5": 8.413247204151513e-06,
                "-6.0": 6.928531277601847e-06,
                "-6.5": 7.5742519731967215e-06,
                "-7.0": 3.820204504583156e-06,
                "-7.5": 4.3882516041547124e-06,
                "-8.0": 2.977012330141005e-06,
                "-8.5": 0.0,
                "-9.0": 0.0
            },
            "Qs_in": 0.0,
            "Qs_out_bed": 393.2419680813241,
            "Qs_out_wall": 8.76471537006596,
            "D50": 0.0006833335752635421,
            "D84": 0.0010250003628953133
        },
        "downstream": {
            "flow_scale": 0.689,
            "elevation": 1570.7735231047457,
            "length": 145,
            "bankfull_width": 12,
            "lwd_factor": null,
            "gsd": {
                "1.0": 0.0,
                "0.0": 0.0,
                "-1.0": 8.19541501419187e-08,
                "-2.0": 7.412868322402209e-08,
                "-2.5": 0.0,
                "-3.0": 0.0,
                "-3.5": 0.0,
                "-4.0": 0.0,
                "-4.5": 0.0,
                "-5.0": 0.0010150411533277482,
                "-5.5": 0.002327482899350274,
                "-6.0": 0.42934700989904584,
                "-6.5": 0.5260558525478584,
                "-7.0": 0.04118369194515873,
                "-7.5": 3.755002012399567e-05,
                "-8.0": 2.0406560871535902e-05,
                "-8.5": 8.912650690909488e-06,
                "-9.0": 3.896240739195399e-06
            },
            "Qs_in": 402.0066834513901,
            "Qs_out": 26.74152261660117,
            "D50": 0.0006867730790369132,
            "D84": 0.0010301596185553698
        }
    },
    "sed_masses": {
        "upstream": {
            "1.0": 0.010520177412984626,
            "0.0": 5.797214649074663e-05,
            "-1.0": 0.00046377717192597304,
            "-2.0": 0.006183695625679639,
            "-2.5": 0.03498026487769335,
            "-3.0": 0.15632382541718148,
            "-3.5": 0.9094868868200263,
            "-4.0": 3.6805356364045223,
            "-4.5": 16.90246398890141,
            "-5.0": 66.2338111944797,
            "-5.5": 246.26106473896115,
            "-6.0": 770.4904537422835,
            "-6.5": 1985.8492260549813,
            "-7.0": 5041.368175965286,
            "-7.5": 8837.458893439487,
            "-8.0": 13584.136757102604,
            "-8.5": 16780.85579765943,
            "-9.0": 20749.0394380565
        },
        "downstream": {
            "1.0": 81.43431684465295,
            "0.0": 263.7679362658379,
            "-1.0": 52.808445974416145,
            "-2.0": 52.50214993274156,
            "-2.5": 52.96200439899596,
            "-3.0": 52.97008974180866,
            "-3.5": 131.0025089675329,
            "-4.0": 64.92697698563559,
            "-4.5": 658.1640632577687,
            "-5.0": 2716.1842845769133,
            "-5.5": 21115.389229268796,
            "-6.0": 110979.02072226116,
            "-6.5": 276924.0168817074,
            "-7.0": 63007.24669661244,
            "-7.5": 30057.14565355803,
            "-8.0": 46201.10622400606,
            "-8.5": 57073.49057951877,
            "-9.0": 70569.70879084466
        },
        "deposit_upstream": {
            "1.0": 0.0,
            "0.0": 0.0,
            "-1.0": 0.0,
            "-2.0": 0.0,
            "-2.5": 0.0,
            "-3.0": 0.0,