{
    "timestep": "2002-04-03 02:00",
    "deposit_mass": 12150000,
    "reaches": {
        "upstream": {
            "flow_scale": 0.658,
            "elevation": 1579.594,
            "length": 170,
            "bankfull_width": 10.5,
            "lwd_factor": null,
            "gsd": {
                "1.0": 0.003,
                "0.0": 0.003,
                "-1.0": 0.003,
                "-2.0": 0.005,
                "-2.5": 0.01,
                "-3.0": 0.0158,
                "-3.5": 0.0325,
                "-4.0": 0.0465,
                "-4.5": 0.0755,
                "-5.0": 0.1046,
                "-5.5": 0.1375,
                "-6.0": 0.1521,
                "-6.5": 0.1386,
                "-7.0": 0.1244,
                "-7.5": 0.0771,
                "-8.0": 0.0419,
                "-8.5": 0.0183,
                "-9.0": 0.008
            },
            "Qs_in": 0.0,
            "Qs_out": 0.0,
            "D50": 0.06366919953246893,
            "D84": 0.12967643171939253
        },
        "deposit_upstream": {
            "flow_scale": 0.659,
            "elevation": 1581.0992196430066,
            "length": 118,
            "width": 1.0004980732154525,
            "bankfull_width": 10.5,
            "lwd_factor": 1,
            "gsd_bed": {
                "1.0": 0.8725944545921028,
                "0.0": 0.10907430682401285,
                "-1.0": 0.013634288353001607,
                "-2.0": 0.0017042860441252008,
                "-2.5": 0.0006025561094412624,
                "-3.0": 0.0002130357555156501,
                "-3.5": 7.53195136801578e-05,
                "-4.0": 2.6629469439456263e-05,
                "-4.5": 9.414939210019726e-06,
                "-5.0": 4.0200974147799876e-05,
                "-5.5": 0.0006430848802133287,
                "-6.0": 0.0005184084544160686,
                "-6.5": 0.0005184084544160686,
                "-7.0": 0.00012960211360401715,
                "-7.5": 0.00012960211360401715,
                "-8.0": 8.640140906934474e-05,
                "-8.5": 0.0,
                "-9.0": 0.0
            },
            "gsd_wall": {
                "1.0": 0.0,
                "0.0": 0.0,
                "-1.0": 0.0,
                "-2.0": 0.0,
                "-2.5": 0.5555184680088119,
                "-3.0": 0.14605605729708074,
                "-3.5": 0.14605605729708077,
                "-4.0": 0.03678819725912431,
                "-4.5": 0.03678819725912431,
                "-5.0": 0.018987764288507198,
                "-5.5": 0.018987764288507198,
                "-6.0": 0.015306560363161255,
                "-6.5": 0.015306560363161257,
                "-7.0": 0.0038266400907903137,
                "-7.5": 0.003826640090790314,
                "-8.0": 0.0025510933938602087,
                "-8.5": 0.0,
                "-9.0": 0.0
            },
            "Qs_in": 0.0,
            "Qs_out_bed": 0.7602895549657167,
            "Qs_out_wall": 0.0,
            "D50": 0.0007071067811865476,
            "D84": 0.0014142135623730952
        },
        "deposit_downstream": {
            "flow_scale": 0.66,
            "elevation": 1576.68230131639,
            "length": 120,
            "width": 1.001158307038836,
            "bankfull_width": 12,
            "lwd_factor": null,
            "gsd_bed": {
                "1.0": 4.806196275045723e-15,
                "0.0": 6.007745343807154e-16,
                "-1.0": 0.7345246780195765,
                "-2.0": 0.09181038898855191,
                "-2.5": 0.03246133503243119,
                "-3.0": 0.011476610245311313,
                "-3.5": 2.4440847331143218e-05,
                "-4.0": 0.0004192942147677575,
                "-4.5": 0.0004192953355501532,
                "-5.0": 0.00021641400209471286,
                "-5.5": 0.00011603364773136848,
                "-6.0": 0.002200311158655593,
                "-6.5": 0.07579871910479556,
                "-7.0": 0.018949679776198908,
                "-7.5": 0.01894967977619889,
                "-8.0": 0.012633119850799264,
                "-8.5": 0.0,
                "-9.0": 0.0
            },
            "gsd_wall": {
                "1.0": 0.0,
                "0.0": 0.0,
                "-1.0": 0.0,
                "-2.0": 0.004742544578637659,
                "-2.5": 0.0634291503063568,
                "-3.0": 0.30619757746339205,
                "-3.5": 0.30619757746339193,
                "-4.0": 0.07712420209370122,
                "-4.5": 0.07712420209370124,
                "-5.0": 0.0398066847358546,
                "-5.5": 0.03980668473585462,
                "-6.0": 0.032089266198416205,
                "-6.5": 0.032089266198416205,
                "-7.0": 0.008022316549604051,
                "-7.5": 0.008022316549604051,
                "-8.0": 0.005348211033069366,
                "-8.5": 0.0,
                "-9.0": 0.0
            },
            "Qs_in": 0.7602895549657167,
            "Qs_out_bed": 0.25366432110476334,
            "Qs_out_wall": 0.0,
            "D50": 0.08649508468381582,
            "D84": 0.18067168216992394
        },
        "downstream": {
            "flow_scale": 0.689,
            "elevation": 1570.502658963755,
            "length": 145,
            "bankfull_width": 12,
            "lwd_factor": null,
            "gsd": {
                "1.0": 0.9867279819745477,
                "0.0": 0.0,
                "-1.0": 0.0,
                "-2.0": 0.0,
                "-2.5": 0.0,
                "-3.0": 0.0,
                "-3.5": 0.0,
                "-4.0": 0.0,
                "-4.5": 0.004048560440554167,
                "-5.0": 0.002418599650294775,
                "-5.5": 0.00250964544835063,
                "-6.0": 0.0022158099495209163,
                "-6.5": 0.0007058662542028598,
                "-7.0": 0.0006335480665428264,
                "-7.5": 0.0003926572020132792,
                "-8.0": 0.00021338958189826712,
                "-8.5": 9.31987911393386e-05,
                "-9.0": 4.074264093523e-05
            },
            "Qs_in": 0.25366432110476334,
            "Qs_out": 2.570314415761162,
            "D50": 0.0007128074838409148,
            "D84": 0.001069211225761372
        }
    },
    "sed_masses": {
        "upstream": {
            "1.0": 2.393497379417267e-05,
            "0.0": 0.00019147979035338136,
            "-1.0": 0.001531838322827051,
            "-2.0": 0.020424510971027345,
            "-2.5": 0.1155384816802598,
            "-3.0": 0.5163316373475714,
            "-3.5": 3.0040005236867553,
            "-4.0": 12.156668929955474,
            "-4.5": 55.82819434790154,
            "-5.0": 218.76775399111276,
            "-5.5": 813.3909110290293,
            "-6.0": 2544.900602833518,
            "-6.5": 6559.18430653809,
            "-7.0": 16651.44694240576,
            "-7.5": 29189.78990095739,
            "-8.0": 44867.88597342774,
            "-8.5": 55426.52712710976,
            "-9.0": 68533.2864510591
        },
        "downstream": {
            "1.0": 0.25826832146970957,
            "0.0": 1.3375731006434513,
            "-1.0": 0.04408360633012222,
            "-2.0": 0.027870538329390272,
            "-2.5": 0.12156859562156813,
            "-3.0": 0.4123257499593209,
            "-3.5": 2.3353505095944884,
            "-4.0": 10.405635913901339,
            "-4.5": 214.37220208102877,
            "-5.0": 442.1001609068989,
            "-5.5": 1377.9208595791322,
            "-6.0": 3748.621541470413,
            "-6.5": 6227.032505176009,
            "-7.0": 15808.231103556385,
            "-7.5": 27711.642490566825,
            "-8.0": 42595.81242694615,
            "-8.5": 52619.77251127086,
            "-9.0": 65062.81611753111
        },
        "deposit_upstream": {
            "1.0": 30641.73598687841,
            "0.0": 245159.41223034548,
            "-1.0": 12100.741505165788,
            "-2.0": 3665.065687763733,
            "-2.5": 10373.038260538524,