{
    "timestep": "2012-04-21 20:00",
    "deposit_mass": 2401711,
    "reaches": {
        "upstream": {
            "flow_scale": 0.78,
            "elevation": 1746.1185000009941,
            "length": 50,
            "bankfull_width": 6,
            "lwd_factor": null,
            "gsd": {
                "1.0": 0.2687665599097781,
                "0.0": 0.0036419635426641296,
                "-1.0": 0.005171588230587351,
                "-2.0": 0.006846891460202832,
                "-2.5": 0.012382676042242849,
                "-3.0": 0.023527084481807577,
                "-3.5": 0.03598259980231301,
                "-4.0": 0.048001079493017636,
                "-4.5": 0.07094544981044765,
                "-5.0": 0.09206883835888602,
                "-5.5": 0.105908299820529,
                "-6.0": 0.10496138929953293,
                "-6.5": 0.08726144648211422,
                "-7.0": 0.07160100324869355,
                "-7.5": 0.0366381532391709,
                "-8.0": 0.01704438937965639,
                "-8.5": 0.005608623855698169,
                "-9.0": 0.0036419635426577206
            },
            "Qs_in": 0.0006243915399009732,
            "Qs_out": 0.0,
            "D50": 0.04543415634574092,
            "D84": 0.1276617371510833
        },
        "deposit_upstream": {
            "flow_scale": 0.79,
            "elevation": 1746.299732905869,
            "length": 55,
            "width": 1.0000401479303103,
            "bankfull_width": 6,
            "lwd_factor": null,
            "gsd_bed": {
                "1.0": 0.0009497263547859909,
                "0.0": 0.002064293666598334,
                "-1.0": 0.0033958942457568853,
                "-2.0": 0.0012340278290084497,
                "-2.5": 0.021525260047075945,
                "-3.0": 0.021525183819697633,
                "-3.5": 0.021525183823607557,
                "-4.0": 0.02610976285019505,
                "-4.5": 0.02610976284957921,
                "-5.0": 0.06373666693651701,
                "-5.5": 0.14994972635478598,
                "-6.0": 0.14994972635478598,
                "-6.5": 0.14994972635478598,
                "-7.0": 0.099949726354786,
                "-7.5": 0.099949726354786,
                "-8.0": 0.0635900915569875,
                "-8.5": 0.04854354958058581,
                "-9.0": 0.04994196466567478
            },
            "gsd_wall": {
                "1.0": 0.048912249249468444,
                "0.0": 0.9233598923227597,
                "-1.0": 0.01575732231328563,
                "-2.0": 0.0021371657276023324,
                "-2.5": 0.0021371687013470096,
                "-3.0": 0.0005631309801260939,
                "-3.5": 0.0005631309802295103,
                "-4.0": 0.0008514784077141058,
                "-4.5": 0.000851478407693822,
                "-5.0": 0.0010618024136353813,
                "-5.5": 0.0010618003880635222,
                "-6.0": 0.0009532457158022935,
                "-6.5": 0.0009532457158014396,
                "-7.0": 0.00039520685370423415,
                "-7.5": 0.00039520685370436783,
                "-8.0": 4.647496906223606e-05,
                "-8.5": 0.0,
                "-9.0": 0.0
            },
            "Qs_in": 0.0,
            "Qs_out_bed": 4.250621050765125e-08,
            "Qs_out_wall": 0.011239047718217474,
            "D50": 0.088808599568021,
            "D84": 0.25547069028796093
        },
        "deposit_downstream": {
            "flow_scale": 0.83,
            "elevation": 1744.8011218120362,
            "length": 47,
            "width": 2.299939903922157,
            "bankfull_width": 6,
            "lwd_factor": 1,
            "gsd_bed": {
                "1.0": 0.001,
                "0.0": 0.001,
                "-1.0": 0.001,
                "-2.0": 0.0017438100900959161,
                "-2.5": 0.007815174278273482,
                "-3.0": 0.03593034193850215,
                "-3.5": 0.03593033560852955,
                "-4.0": 0.0770207730885492,
                "-4.5": 0.07702075744657769,
                "-5.0": 0.08350271210687686,
                "-5.5": 0.08350269574368846,
                "-6.0": 0.0834987199900216,
                "-6.5": 0.11173931661791758,
                "-7.0": 0.09985907261819349,
                "-7.5": 0.09985907261819349,
                "-8.0": 0.09985907261819349,
                "-8.5": 0.04985907261819349,
                "-9.0": 0.04985907261819349
            },
            "gsd_wall": {
                "1.0": 0.48964426115948567,
                "0.0": 0.4908544802673542,
                "-1.0": 0.009595496042407598,
                "-2.0": 0.001524056111924204,
                "-2.5": 0.0016377288268058228,
                "-3.0": 0.0005156519111443273,
                "-3.5": 0.0005151055762056567,
                "-4.0": 0.0007415558186528784,
                "-4.5": 0.0007409066142897115,
                "-5.0": 0.0009046561865150595,
                "-5.5": 0.0009039628365449435,
                "-6.0": 0.0008195704393578179,
                "-6.5": 0.0008185762594642851,
                "-7.0": 0.0003824271364806961,
                "-7.5": 0.00036183920750684344,
                "-8.0": 3.972560586029451e-05,
                "-8.5": 0.0,
                "-9.0": 0.0
            },
            "Qs_in": 0.011239090224427982,
            "Qs_out_bed": 0.01125008703600805,
            "Qs_out_wall": 0.0,
            "D50": 0.08883202616234849,
            "D84": 0.255552296790784
        },
        "downstream": {
            "flow_scale": 0.835,
            "elevation": 1741.6267630249542,
            "length": 65,
            "bankfull_width": 6.5,
            "lwd_factor": null,
            "gsd": {
                "1.0": 0.040863491629665884,
                "0.0": 0.04396757847924497,
                "-1.0": 0.005819618734560772,
                "-2.0": 0.005288846899000188,
                "-2.5": 0.007853397430837468,
                "-3.0": 0.007853398502876727,
                "-3.5": 0.007853401749192624,
                "-4.0": 0.007853403863071401,
                "-4.5": 0.037228258825764235,
                "-5.0": 0.11644416150978575,
                "-5.5": 0.11644581967673837,
                "-6.0": 0.11644666035579188,
                "-6.5": 0.09652334599575219,
                "-7.0": 0.09652184436903109,
                "-7.5": 0.09651936291638001,
                "-8.0": 0.09651740906230645,
                "-8.5": 0.05,
                "-9.0": 0.05
            },
            "Qs_in": 0.01125008703600805,
            "Qs_out": 0.01196488433682362,
            "D50": 0.022494120495687213,
            "D84": 0.1808162223763311
        }
    }
}