{
    "timestep": "2012-05-12 16:00",
    "deposit_mass": 2401711,
    "reaches": {
        "upstream": {
            "flow_scale": 0.78,
            "elevation": 1746.2015136541163,
            "length": 50,
            "bankfull_width": 6,
            "lwd_factor": null,
            "gsd": {
                "1.0": 0.8594148765177474,
                "0.0": 0.09258512348225219,
                "-1.0": 0.003,
                "-2.0": 0.003,
                "-2.5": 0.003,
                "-3.0": 0.003,
                "-3.5": 0.003,
                "-4.0": 0.003,
                "-4.5": 0.003,
                "-5.0": 0.003,
                "-5.5": 0.003,
                "-6.0": 0.003,
                "-6.5": 0.003,
                "-7.0": 0.003,
                "-7.5": 0.003,
                "-8.0": 0.003,
                "-8.5": 0.003,
                "-9.0": 0.003
            },
            "Qs_in": 0.07804894248762148,
            "Qs_out": 0.0,
            "D50": 0.0007071067811865476,
            "D84": 0.0014142135623730952
        },
        "deposit_upstream": {
            "flow_scale": 0.79,
            "elevation": 1746.0702299777022,
            "length": 55,
            "width": 1.5532620361572065,
            "bankfull_width": 6,
            "lwd_factor": null,
            "gsd_bed": {
                "1.0": 0.001,
                "0.0": 0.001,
                "-1.0": 0.0010200355530178493,
                "-2.0": 0.0011975742872675328,
                "-2.5": 0.001690211304534916,
                "-3.0": 0.0016901521790705293,
                "-3.5": 0.0016901552201959262,
                "-4.0": 0.0016901707782065846,
                "-4.5": 0.01734107308002205,
                "-5.0": 0.14987146846280242,
                "-5.5": 0.14987146846280242,
                "-6.0": 0.14987146846280242,
                "-6.5": 0.14987146846280242,
                "-7.0": 0.09987146846280244,
                "-7.5": 0.09987146846280244,
                "-8.0": 0.09987146846280244,
                "-8.5": 0.0362901741790482,
                "-9.0": 0.03629017417901932
            },
            "gsd_wall": {
                "1.0": 0.5134574454656582,
                "0.0": 0.4668166786849477,
                "-1.0": 0.009596161932730862,
                "-2.0": 0.0014442284104610535,
                "-2.5": 0.001488609293103735,
                "-3.0": 0.0004946008516878947,
                "-3.5": 0.0005450657967353208,
                "-4.0": 0.0008037175959340903,
                "-4.5": 0.0008035388642861121,
                "-5.0": 0.000979275472161587,
                "-5.5": 0.0009778796708005,
                "-6.0": 0.0008861492410883209,
                "-6.5": 0.0008847144263825856,
                "-7.0": 0.00040448724393130726,
                "-7.5": 0.00037424053800087174,
                "-8.0": 4.320651208988887e-05,
                "-8.5": 0.0,
                "-9.0": 0.0
            },
            "Qs_in": 0.0,
            "Qs_out_bed": 1.2054652580410933e-06,
            "Qs_out_wall": 0.006243915399009732,
            "D50": 0.08909150091739469,
            "D84": 0.2541391292964698
        },
        "deposit_downstream": {
            "flow_scale": 0.83,
            "elevation": 1744.1257144779186,
            "length": 47,
            "width": 6.742483928653319,
            "bankfull_width": 6,
            "lwd_factor": 1,
            "gsd_bed": {
                "1.0": 0.5842229998567234,
                "0.0": 0.0009792440176627421,
                "-1.0": 0.006243079240067571,
                "-2.0": 0.006243080094701187,
                "-2.5": 0.006243081105796438,
                "-3.0": 0.00742858029578416,
                "-3.5": 0.010401781076683535,
                "-4.0": 0.017852504001917013,
                "-4.5": 0.047176195529214614,
                "-5.0": 0.03810079844011945,
                "-5.5": 0.0393166807907172,
                "-6.0": 0.03954978311017487,
                "-6.5": 0.044214099032370224,
                "-7.0": 0.038959312335004666,
                "-7.5": 0.038959554045703775,
                "-8.0": 0.03895788236779411,
                "-8.5": 0.01757567232978262,
                "-9.0": 0.01757567232978206
            },
            "gsd_wall": {
                "1.0": 0.042353280126962545,
                "0.0": 0.042375637552968505,
                "-1.0": 0.01886928932235424,
                "-2.0": 0.022851938818820177,
                "-2.5": 0.026983664971999107,
                "-3.0": 0.02535673334604989,
                "-3.5": 0.026407560357473676,
                "-4.0": 0.027669860961009242,
                "-4.5": 0.028990013959568937,
                "-5.0": 0.03015908264157672,
                "-5.5": 0.03071224603629005,
                "-6.0": 0.03152290713140264,
                "-6.5": 0.03824037843370008,
                "-7.0": 0.2703168546925977,
                "-7.5": 0.31132075850169805,
                "-8.0": 0.02586979314552857,
                "-8.5": 0.0,
                "-9.0": 0.0
            },
            "Qs_in": 0.0062451208642677735,
            "Qs_out_bed": 0.01045629171715297,
            "Qs_out_wall": 0.0,
            "D50": 0.0007071067811865476,
            "D84": 0.0014142135623730952
        },
        "downstream": {
            "flow_scale": 0.835,
            "elevation": 1742.6267237476225,
            "length": 65,
            "bankfull_width": 6.5,
            "lwd_factor": null,
            "gsd": {
                "1.0": 0.003,
                "0.0": 0.003,
                "-1.0": 0.005164933093306931,
                "-2.0": 0.005957739647229726,
                "-2.5": 0.02629867529707782,
                "-3.0": 0.02418811920388253,
                "-3.5": 0.0203627339563206,
                "-4.0": 0.016781177215312942,
                "-4.5": 0.04108128634335964,
                "-5.0": 0.04118610844188193,
                "-5.5": 0.14964021717339307,
                "-6.0": 0.14964021717339307,
                "-6.5": 0.14964021717339307,
                "-7.0": 0.0996402171733931,
                "-7.5": 0.0996402171733931,
                "-8.0": 0.0996402171733931,
                "-8.5": 0.03327668262949055,
                "-9.0": 0.03186124113177903
            },
            "Qs_in": 0.01045629171715297,
            "Qs_out": 0.01047117315479777,
            "D50": 0.08885993444669182,
            "D84": 0.25375957735290233
        }
    }
}