{
    "timestep": "2012-04-05 04:00",
    "deposit_mass": 2401711,
    "reaches": {
        "upstream": {
            "flow_scale": 0.78,
            "elevation": 1746.1185,
            "length": 50,
            "bankfull_width": 6,
            "lwd_factor": null,
            "gsd": {
                "1.0": 0.004955892556255167,
                "0.0": 0.0049558925562573795,
                "-1.0": 0.007037367429886655,
                "-2.0": 0.0093170780057623,
                "-2.5": 0.01685003469050284,
                "-3.0": 0.03201506591237958,
                "-3.5": 0.04896421845604012,
                "-4.0": 0.06531866389166566,
                "-4.5": 0.0965407869957155,
                "-5.0": 0.12528496382227922,
                "-5.5": 0.1441173555359255,
                "-6.0": 0.142828823471325,
                "-6.5": 0.1187431856478945,
                "-7.0": 0.09743284765599737,
                "-7.5": 0.0498562791159411,
                "-8.0": 0.023193577163281357,
                "-8.5": 0.007632074536635127,
                "-9.0": 0.004955892556255615
            },
            "Qs_in": 0.0,
            "Qs_out": 0.0,
            "D50": 0.04543415634568937,
            "D84": 0.12766173715106185
        },
        "deposit_upstream": {
            "flow_scale": 0.79,
            "elevation": 1746.2997329058705,
            "length": 55,
            "width": 1.000019060255739,
            "bankfull_width": 6,
            "lwd_factor": null,
            "gsd_bed": {
                "1.0": 0.0021999963732267417,
                "0.0": 0.002199999983806106,
                "-1.0": 0.0035267584433656004,
                "-2.0": 0.0013728738502848986,
                "-2.5": 0.0213352103845151,
                "-3.0": 0.021335134580621116,
                "-3.5": 0.02133513458137839,
                "-4.0": 0.0259027894856748,
                "-4.5": 0.02590278948555512,
                "-5.0": 0.06339079282991233,
                "-5.5": 0.1500000000002,
                "-6.0": 0.15000000000022484,
                "-6.5": 0.1500000000002,
                "-7.0": 0.10000000000013681,
                "-7.5": 0.10000000000014347,
                "-8.0": 0.06324475863030607,
                "-8.5": 0.04825376137038614,
                "-9.0": 0.05000000000006263
            },
            "gsd_wall": {
                "1.0": 0.4917482797914456,
                "0.0": 0.4917482797863932,
                "-1.0": 0.00937865542999758,
                "-2.0": 0.0012720270968316243,
                "-2.5": 0.0012720288670150701,
                "-3.0": 0.00033517188518706394,
                "-3.5": 0.0003351718851994734,
                "-4.0": 0.0005067943926749417,
                "-4.5": 0.0005067943926725067,
                "-5.0": 0.0006319778687148347,
                "-5.5": 0.0006319766631102261,
                "-6.0": 0.0005673656304600823,
                "-6.5": 0.0005673656304599795,
                "-7.0": 0.00023522454074231393,
                "-7.5": 0.00023522454074233003,
                "-8.0": 2.766159835339053e-05,
                "-8.5": 0.0,
                "-9.0": 0.0
            },
            "Qs_in": 0.0,
            "Qs_out_bed": 0.0,
            "Qs_out_wall": 0.0,
            "D50": 0.0887980433181211,
            "D84": 0.2554611261472423
        },
        "deposit_downstream": {
            "flow_scale": 0.83,
            "elevation": 1744.9792149688558,
            "length": 47,
            "width": 1.2230194439517525,
            "bankfull_width": 6,
            "lwd_factor": 1,
            "gsd_bed": {
                "1.0": 0.001,
                "0.0": 0.001,
                "-1.0": 0.0010423657790251816,
                "-2.0": 0.0013472698811888668,
                "-2.5": 0.007440002902594013,
                "-3.0": 0.06824545509702944,
                "-3.5": 0.06824545509768894,
                "-4.0": 0.06824618319197168,
                "-4.5": 0.06824618322108944,
                "-5.0": 0.0682467141295344,
                "-5.5": 0.06839542297430745,
                "-6.0": 0.09515993135072882,
                "-6.5": 0.08524944221451665,
                "-7.0": 0.0998714750249066,
                "-7.5": 0.0998714750249066,
                "-8.0": 0.0998714750249066,
                "-8.5": 0.04926057454280379,
                "-9.0": 0.049260574542801534
            },
            "gsd_wall": {
                "1.0": 0.49140018358801796,
                "0.0": 0.49140018358817084,
                "-1.0": 0.009400724813664491,
                "-2.0": 0.0012975798669563475,
                "-2.5": 0.0013439535076399064,
                "-3.0": 0.00038164528510835024,
                "-3.5": 0.0003816452851183236,
                "-4.0": 0.0005697456958773187,
                "-4.5": 0.0005697536578077969,
                "-5.0": 0.0007060395817472529,
                "-5.5": 0.0007060395805549056,
                "-6.0": 0.0006349995705160179,
                "-6.5": 0.0006347662424741598,
                "-7.0": 0.0002714064219378009,
                "-7.5": 0.0002688343602073908,
                "-8.0": 3.249895420104536e-05,
                "-8.5": 0.0,
                "-9.0": 0.0
            },
            "Qs_in": 0.0,
            "Qs_out_bed": 3.167563242491499e-07,
            "Qs_out_wall": 0.0,
            "D50": 0.06442633021082027,
            "D84": 0.25547419456633386
        },
        "downstream": {
            "flow_scale": 0.835,
            "elevation": 1741.529058065651,
            "length": 65,
            "bankfull_width": 6.5,
            "lwd_factor": null,
            "gsd": {
                "1.0": 0.18376991036203463,
                "0.0": 0.017290215227506654,
                "-1.0": 0.009383340191696015,
                "-2.0": 0.009147926111029976,
                "-2.5": 0.028852398495116203,
                "-3.0": 0.009147937144262907,
                "-3.5": 0.009147955252444927,
                "-4.0": 0.07236098556587257,
                "-4.5": 0.07236116590909321,
                "-5.0": 0.07236137333960048,
                "-5.5": 0.07387402683663541,
                "-6.0": 0.06955806385751488,
                "-6.5": 0.06955797332944312,
                "-7.0": 0.06955778870921032,
                "-7.5": 0.06955748362249363,
                "-8.0": 0.06955724340234462,
                "-8.5": 0.04725711053303702,
                "-9.0": 0.04725710211066349
            },
            "Qs_in": 3.167563242491499e-07,
            "Qs_out": 0.0,
            "D50": 0.04494617662484942,
            "D84": 0.25444951224106443
        }
    }
}