{
    "timestep": "2012-06-02 12:00",
    "deposit_mass": 2401711,
    "reaches": {
        "upstream": {
            "flow_scale": 0.78,
            "elevation": 1746.2074080440643,
            "length": 50,
            "bankfull_width": 6,
            "lwd_factor": null,
            "gsd": {
                "1.0": 0.7688272863467466,
                "0.0": 0.1539619862850326,
                "-1.0": 0.03221072736821985,
                "-2.0": 0.003,
                "-2.5": 0.003,
                "-3.0": 0.003,
                "-3.5": 0.003,
                "-4.0": 0.003,
                "-4.5": 0.003,
                "-5.0": 0.003,
                "-5.5": 0.003,
                "-6.0": 0.003,
                "-6.5": 0.003,
                "-7.0": 0.003,
                "-7.5": 0.003,
                "-8.0": 0.003,
                "-8.5": 0.003,
                "-9.0": 0.003
            },
            "Qs_in": 0.4970156657611725,
            "Qs_out": 0.0,
            "D50": 0.0007071067811865476,
            "D84": 0.00105940646946073
        },
        "deposit_upstream": {
            "flow_scale": 0.79,
            "elevation": 1746.0363763296045,
            "length": 55,
            "width": 1.7415785838228244,
            "bankfull_width": 6,
            "lwd_factor": null,
            "gsd_bed": {
                "1.0": 0.001,
                "0.0": 0.001,
                "-1.0": 0.001,
                "-2.0": 0.0017070307207680488,
                "-2.5": 0.0024630914089458856,
                "-3.0": 0.0023707965236293652,
                "-3.5": 0.0023709284221380524,
                "-4.0": 0.0025113728109811473,
                "-4.5": 0.015574262762119302,
                "-5.0": 0.1497302001974031,
                "-5.5": 0.1497302001974031,
                "-6.0": 0.1497302001974031,
                "-6.5": 0.1497302001974031,
                "-7.0": 0.09973020019740311,
                "-7.5": 0.09973020019740311,
                "-8.0": 0.09973020019740311,
                "-8.5": 0.035945557984811416,
                "-9.0": 0.035945557984784965
            },
            "gsd_wall": {
                "1.0": 0.189769856723893,
                "0.0": 0.7768965398459347,
                "-1.0": 0.015364548127547076,
                "-2.0": 0.002393751071840524,
                "-2.5": 0.002469620692147541,
                "-3.0": 0.0009279410856625185,
                "-3.5": 0.0010193205569196705,
                "-4.0": 0.0014630426189529541,
                "-4.5": 0.0014638156611496208,
                "-5.0": 0.0017596473660188652,
                "-5.5": 0.0017665094795033395,
                "-6.0": 0.0016063671742074176,
                "-6.5": 0.001607528597398875,
                "-7.0": 0.0007330633848588023,
                "-7.5": 0.0006805461417119679,
                "-8.0": 7.790147225310897e-05,
                "-8.5": 0.0,
                "-9.0": 0.0
            },
            "Qs_in": 0.0,
            "Qs_out_bed": 1.1349299325050425e-05,
            "Qs_out_wall": 0.0024975661596038927,
            "D50": 0.08906547709427984,
            "D84": 0.2541142929249512
        },
        "deposit_downstream": {
            "flow_scale": 0.83,
            "elevation": 1744.1338266661994,
            "length": 47,
            "width": 6.7665880498618565,
            "bankfull_width": 6,
            "lwd_factor": 1,
            "gsd_bed": {
                "1.0": 0.3980006006099296,
                "0.0": 0.001,
                "-1.0": 0.001,
                "-2.0": 0.004523263347681987,
                "-2.5": 0.033462661861904074,
                "-3.0": 0.0336586213730343,
                "-3.5": 0.03790616013153193,
                "-4.0": 0.037940618520595444,
                "-4.5": 0.040126136903224474,
                "-5.0": 0.04015049047934703,
                "-5.5": 0.04019333646257942,
                "-6.0": 0.04033509445827145,
                "-6.5": 0.040632408099434476,
                "-7.0": 0.0629240554615824,
                "-7.5": 0.06292406315834906,
                "-8.0": 0.06292401481455395,
                "-8.5": 0.031149237158990307,
                "-9.0": 0.031149237158990196
            },
            "gsd_wall": {
                "1.0": 0.00010175115616088135,
                "0.0": 0.00012729682660230426,
                "-1.0": 0.014456142201489074,
                "-2.0": 0.022235523860216305,
                "-2.5": 0.026778198344864335,
                "-3.0": 0.02626030506136733,
                "-3.5": 0.02789309117447252,
                "-4.0": 0.029881944921792594,
                "-4.5": 0.030450677484102028,
                "-5.0": 0.032476631284387665,
                "-5.5": 0.03286641692615876,
                "-6.0": 0.03313636962387299,
                "-6.5": 0.04109660685013225,
                "-7.0": 0.30306457541078513,
                "-7.5": 0.34998736315198037,
                "-8.0": 0.029187105721615314,
                "-8.5": 0.0,
                "-9.0": 0.0
            },
            "Qs_in": 0.002508915458928943,
            "Qs_out_bed": 0.0043571987400099306,
            "Qs_out_wall": 0.0,
            "D50": 0.0007071067811865476,
            "D84": 0.0014142135623730952
        },
        "downstream": {
            "flow_scale": 0.835,
            "elevation": 1742.6294342954673,
            "length": 65,
            "bankfull_width": 6.5,
            "lwd_factor": null,
            "gsd": {
                "1.0": 0.003,
                "0.0": 0.003,
                "-1.0": 0.003,
                "-2.0": 0.003,
                "-2.5": 0.003,
                "-3.0": 0.006878282049151993,
                "-3.5": 0.01287503211866919,
                "-4.0": 0.03697356711070159,
                "-4.5": 0.012123549066505783,
                "-5.0": 0.14882593099239505,
                "-5.5": 0.14882593099239505,
                "-6.0": 0.14882593099239505,
                "-6.5": 0.14882593099239505,
                "-7.0": 0.09882593099239506,
                "-7.5": 0.09882593099239506,
                "-8.0": 0.09882593099239506,
                "-8.5": 0.012331662468236663,
                "-9.0": 0.012036390239969339
            },
            "Qs_in": 0.0043571987400099306,
            "Qs_out": 0.018222073121120654,
            "D50": 0.06520123575097761,
            "D84": 0.1815835237759243
        }
    }
}