{
    "timestep": "2017-04-16 00:00",
    "deposit_mass": 2401711,
    "reaches": {
        "upstream": {
            "flow_scale": 0.78,
            "elevation": 1746.6260063324974,
            "length": 50,
            "bankfull_width": 6,
            "lwd_factor": null,
            "gsd": {
                "1.0": 0.9508708062590677,
                "0.0": 0.00288995257318745,
                "-1.0": 0.002889952573194968,
                "-2.0": 0.0028899525731799795,
                "-2.5": 0.002889952571166601,
                "-3.0": 0.0028899525717507096,
                "-3.5": 0.0028899525733831048,
                "-4.0": 0.0028899525733180145,
                "-4.5": 0.0028899525731062884,
                "-5.0": 0.002889952573220027,
                "-5.5": 0.0028899525731753226,
                "-6.0": 0.002889952573183401,
                "-6.5": 0.0028899525731753226,
                "-7.0": 0.0028899525731772777,
                "-7.5": 0.0028899525731802653,
                "-8.0": 0.002889952573181324,
                "-8.5": 0.0028899525731802653,
                "-9.0": 0.0028899525731718367
            },
            "Qs_in": 0.0,
            "Qs_out": 0.0,
            "D50": 0.0007071067811865476,
            "D84": 0.0014142135623730952
        },
        "deposit_upstream": {
            "flow_scale": 0.79,
            "elevation": 1745.8962878500897,
            "length": 55,
            "width": 2.676117799518112,
            "bankfull_width": 6,
            "lwd_factor": null,
            "gsd_bed": {
                "1.0": 0.0009623740787549858,
                "0.0": 0.0012850637066163322,
                "-1.0": 0.0012847844492406535,
                "-2.0": 0.004085832300461394,
                "-2.5": 0.0040929156557705775,
                "-3.0": 0.010121032535231786,
                "-3.5": 0.0544300831598287,
                "-4.0": 0.05557396382070359,
                "-4.5": 0.05643527732221676,
                "-5.0": 0.057113453861457615,
                "-5.5": 0.08374976296366454,
                "-6.0": 0.14996237407929983,
                "-6.5": 0.14996237407888321,
                "-7.0": 0.09964896234148254,
                "-7.5": 0.09964895982074498,
                "-8.0": 0.07503342406851203,
                "-8.5": 0.048270632440988136,
                "-9.0": 0.04833872931614232
            },
            "gsd_wall": {
                "1.0": 7.871154311017163e-07,
                "0.0": 0.9068262201534577,
                "-1.0": 2.2750018279476595e-07,
                "-2.0": 1.466626644898946e-06,
                "-2.5": 0.0019092075111312148,
                "-3.0": 4.19011543365358e-05,
                "-3.5": 0.0015532295432586212,
                "-4.0": 0.006688578388584986,
                "-4.5": 0.00985923107402638,
                "-5.0": 0.012342600944855247,
                "-5.5": 0.012489553826516408,
                "-6.0": 0.01445597295539854,
                "-6.5": 0.015790633672558018,
                "-7.0": 0.008848165312685499,
                "-7.5": 0.008215548002921388,
                "-8.0": 0.0009766762180105043,
                "-8.5": 0.0,
                "-9.0": 0.0
            },
            "Qs_in": 0.0,
            "Qs_out_bed": 0.0,
            "Qs_out_wall": 0.0,
            "D50": 0.08905987953610942,
            "D84": 0.2553658142512595
        },
        "deposit_downstream": {
            "flow_scale": 0.83,
            "elevation": 1744.1036090588739,
            "length": 47,
            "width": 6.901051100777398,
            "bankfull_width": 6,
            "lwd_factor": 1,
            "gsd_bed": {
                "1.0": 0.021587769573803827,
                "0.0": 0.0011787317869402065,
                "-1.0": 0.0011787317869422385,
                "-2.0": 0.005025036860901034,
                "-2.5": 0.008429276453866437,
                "-3.0": 0.053942840805172323,
                "-3.5": 0.03746280209302403,
                "-4.0": 0.06951213778012207,
                "-4.5": 0.07389834938111975,
                "-5.0": 0.07464132117160363,
                "-5.5": 0.07134678969748007,
                "-6.0": 0.04076399700391686,
                "-6.5": 0.14820460616630055,
                "-7.0": 0.09848015477734881,
                "-7.5": 0.09848017474179753,
                "-8.0": 0.09848007716400342,
                "-8.5": 0.04869360137790108,
                "-9.0": 0.04869360137775626
            },
            "gsd_wall": {
                "1.0": 5.269159527553601e-07,
                "0.0": 3.5083136820786555e-05,
                "-1.0": 0.0003173060258754066,
                "-2.0": 0.0001299068078328556,
                "-2.5": 0.01017981238658146,
                "-3.0": 0.010163238634217812,
                "-3.5": 0.010069472523797075,
                "-4.0": 0.010198429946205574,
                "-4.5": 0.00995714267879403,
                "-5.0": 0.01660187739226119,
                "-5.5": 0.019149999171347305,
                "-6.0": 0.018135683036854013,
                "-6.5": 0.032104077348195134,
                "-7.0": 0.3681331889826337,
                "-7.5": 0.4217334100463846,
                "-8.0": 0.052827252289585964,
                "-8.5": 0.01013179633840853,
                "-9.0": 0.0101317963382518
            },
            "Qs_in": 0.0,
            "Qs_out_bed": 0.0,
            "Qs_out_wall": 0.0,
            "D50": 0.0880633897167512,
            "D84": 0.25537411225786794
        },
        "downstream": {
            "flow_scale": 0.835,
            "elevation": 1742.4683559436523,
            "length": 65,
            "bankfull_width": 6.5,
            "lwd_factor": null,
            "gsd": {
                "1.0": 0.002972610036042291,
                "0.0": 0.0037171833073549702,
                "-1.0": 0.0037171833073646483,
                "-2.0": 0.0037171833116287512,
                "-2.5": 0.003717183373276009,
                "-3.0": 0.01062742113202553,
                "-3.5": 0.010627441546769978,
                "-4.0": 0.010627454835916556,
                "-4.5": 0.12231691517179508,
                "-5.0": 0.12343165201315057,
                "-5.5": 0.11855450919429969,
                "-6.0": 0.11590255790154728,
                "-6.5": 0.09786980597616554,
                "-7.0": 0.09785897978202471,
                "-7.5": 0.0978410893917089,
                "-8.0": 0.09782700279928673,
                "-8.5": 0.03933769999767152,
                "-9.0": 0.03933612692197141
            },
            "Qs_in": 0.0,
            "Qs_out": 0.0,
            "D50": 0.06476283669139758,
            "D84": 0.25439641053648226
        }
    }
}