{
    "timestep": "2012-04-03 02:00",
    "deposit_mass": 2401711,
    "reaches": {
        "upstream": {
            "flow_scale": 0.78,
            "elevation": 1746.1185,
            "length": 50,
            "bankfull_width": 6,
            "lwd_factor": null,
            "gsd": {
                "1.0": 0.004955892556252307,
                "0.0": 0.004955892556253421,
                "-1.0": 0.007037367429880445,
                "-2.0": 0.009317078005755642,
                "-2.5": 0.016850034690871697,
                "-3.0": 0.03201506591287041,
                "-3.5": 0.04896421845589347,
                "-4.0": 0.06531866389151773,
                "-4.5": 0.09654078699572652,
                "-5.0": 0.12528496382213325,
                "-5.5": 0.14411735553582963,
                "-6.0": 0.14282882347121714,
                "-6.5": 0.11874318564781573,
                "-7.0": 0.09743284765593072,
                "-7.5": 0.0498562791159053,
                "-8.0": 0.0231935771632644,
                "-8.5": 0.007632074536629642,
                "-9.0": 0.004955892556252524
            },
            "Qs_in": 0.0,
            "Qs_out": 0.0,
            "D50": 0.04543415634568291,
            "D84": 0.12766173715105916
        },
        "deposit_upstream": {
            "flow_scale": 0.79,
            "elevation": 1746.2997329058705,
            "length": 55,
            "width": 1.00001849591027,
            "bankfull_width": 6,
            "lwd_factor": null,
            "gsd_bed": {
                "1.0": 0.002199996373225405,
                "0.0": 0.0021999999838042818,
                "-1.0": 0.003526758443362385,
                "-2.0": 0.001372873850283877,
                "-2.5": 0.02133521038498151,
                "-3.0": 0.021335134580947615,
                "-3.5": 0.021335134581313846,
                "-4.0": 0.025902789485615446,
                "-4.5": 0.025902789485557305,
                "-5.0": 0.06339079282983663,
                "-5.5": 0.15000000000009575,
                "-6.0": 0.15000000000010777,
                "-6.5": 0.15000000000009575,
                "-7.0": 0.10000000000006565,
                "-7.5": 0.10000000000006877,
                "-8.0": 0.06324475863025802,
                "-8.5": 0.048253761370350055,
                "-9.0": 0.05000000000003001
            },
            "gsd_wall": {
                "1.0": 0.49174827979091823,
                "0.0": 0.49174827978687174,
                "-1.0": 0.009378655430005921,
                "-2.0": 0.0012720270968329694,
                "-2.5": 0.0012720288670451682,
                "-3.0": 0.00033517188519279677,
                "-3.5": 0.00033517188519906346,
                "-4.0": 0.0005067943926746924,
                "-4.5": 0.0005067943926734631,
                "-5.0": 0.0006319778687152184,
                "-5.5": 0.000631976663110927,
                "-6.0": 0.0005673656304606598,
                "-6.5": 0.0005673656304606083,
                "-7.0": 0.00023522454074257016,
                "-7.5": 0.00023522454074257813,
                "-8.0": 2.7661598353419392e-05,
                "-8.5": 0.0,
                "-9.0": 0.0
            },
            "Qs_in": 0.0,
            "Qs_out_bed": 0.0,
            "Qs_out_wall": 0.0006243915399009732,
            "D50": 0.08879804331811202,
            "D84": 0.2554611261472365
        },
        "deposit_downstream": {
            "flow_scale": 0.83,
            "elevation": 1744.9789194804737,
            "length": 47,
            "width": 1.1685782189862057,
            "bankfull_width": 6,
            "lwd_factor": 1,
            "gsd_bed": {
                "1.0": 0.48647060812411386,
                "0.0": 0.48647060812411425,
                "-1.0": 0.008073487402094329,
                "-2.0": 0.0012781066853055911,
                "-2.5": 0.0012977799853442341,
                "-3.0": 0.001,
                "-3.5": 0.001,
                "-4.0": 0.001,
                "-4.5": 0.001,
                "-5.0": 0.001,
                "-5.5": 0.001,
                "-6.0": 0.001,
                "-6.5": 0.00116695503358908,
                "-7.0": 0.001,
                "-7.5": 0.0029243745732611733,
                "-8.0": 0.0013519017575901516,
                "-8.5": 0.001483089157293556,
                "-9.0": 0.0014830891572935395
            },
            "gsd_wall": {
                "1.0": 0.49152149831926506,
                "0.0": 0.4915214983193235,
                "-1.0": 0.009397865946380346,
                "-2.0": 0.0012880803481959233,
                "-2.5": 0.0012972288233325505,
                "-3.0": 0.00036688272428740643,
                "-3.5": 0.00036688272429109803,
                "-4.0": 0.0005490861701906912,
                "-4.5": 0.0005490861701899725,
                "-5.0": 0.0006824702812919517,
                "-5.5": 0.0006824702812917643,
                "-6.0": 0.0006125712099362921,
                "-6.5": 0.000612571209936262,
                "-7.0": 0.00026139955253880626,
                "-7.5": 0.00025959216875619587,
                "-8.0": 3.0815750792081035e-05,
                "-8.5": 0.0,
                "-9.0": 0.0
            },
            "Qs_in": 0.0006243915399009732,
            "Qs_out_bed": 137.65226246994226,
            "Qs_out_wall": 0.3755209827376084,
            "D50": 0.0007571052145214827,
            "D84": 0.0011356578217822243
        },
        "downstream": {
            "flow_scale": 0.835,
            "elevation": 1741.5270068374896,
            "length": 65,
            "bankfull_width": 6.5,
            "lwd_factor": null,
            "gsd": {
                "1.0": 0.07677257710381007,
                "0.0": 0.07557926693524798,
                "-1.0": 0.003,
                "-2.0": 0.003,
                "-2.5": 0.003,
                "-3.0": 0.003,
                "-3.5": 0.003,
                "-4.0": 0.09400363219825852,
                "-4.5": 0.09400363219825099,
                "-5.0": 0.09400363219825503,
                "-5.5": 0.09400363219825345,
                "-6.0": 0.09400363219825368,
                "-6.5": 0.0657422418060848,
                "-7.0": 0.09954010290082979,
                "-7.5": 0.049336912565688895,
                "-8.0": 0.04933691256568894,
                "-8.5": 0.049336912565688895,
                "-9.0": 0.04933691256568872
            },
            "Qs_in": 138.02778345267987,
            "Qs_out": 0.4557501051566061,
            "D50": 0.000846583541586688,
            "D84": 0.0639140681390121
        }
    }
}