{
    "timestep": "2015-05-21 16:00",
    "deposit_mass": 2401711,
    "reaches": {
        "upstream": {
            "flow_scale": 0.78,
            "elevation": 1746.6268586394751,
            "length": 50,
            "bankfull_width": 6,
            "lwd_factor": null,
            "gsd": {
                "1.0": 0.8315608019471433,
                "0.0": 0.11098335463725809,
                "-1.0": 0.012455843415598739,
                "-2.0": 0.003,
                "-2.5": 0.003,
                "-3.0": 0.003,
                "-3.5": 0.003,
                "-4.0": 0.003,
                "-4.5": 0.003,
                "-5.0": 0.003,
                "-5.5": 0.003,
                "-6.0": 0.003,
                "-6.5": 0.003,
                "-7.0": 0.003,
                "-7.5": 0.003,
                "-8.0": 0.003,
                "-8.5": 0.003,
                "-9.0": 0.003
            },
            "Qs_in": 0.13923931339791656,
            "Qs_out": 0.0,
            "D50": 0.044839216083010155,
            "D84": 0.2546737217645852
        },
        "deposit_upstream": {
            "flow_scale": 0.79,
            "elevation": 1745.902634519729,
            "length": 55,
            "width": 2.622745621520185,
            "bankfull_width": 6,
            "lwd_factor": null,
            "gsd_bed": {
                "1.0": 0.001,
                "0.0": 0.001,
                "-1.0": 0.001,
                "-2.0": 0.017876149401809722,
                "-2.5": 0.013129471612554506,
                "-3.0": 0.01322064740525685,
                "-3.5": 0.013129927811969248,
                "-4.0": 0.14988913172572021,
                "-4.5": 0.04754063247214209,
                "-5.0": 0.0476895454375707,
                "-5.5": 0.06491740517420592,
                "-6.0": 0.1153688143181874,
                "-6.5": 0.14988913172572021,
                "-7.0": 0.09988913172572021,
                "-7.5": 0.09988913172572021,
                "-8.0": 0.0815953085129491,
                "-8.5": 0.03308643922475342,
                "-9.0": 0.04988913172572021
            },
            "gsd_wall": {
                "1.0": 0.19805242554681435,
                "0.0": 0.7485321016638127,
                "-1.0": 1.1969948756618966e-07,
                "-2.0": 8.061838901815424e-07,
                "-2.5": 0.00187305534549339,
                "-3.0": 2.337838610121004e-05,
                "-3.5": 0.001984934585375725,
                "-4.0": 0.005013800222953483,
                "-4.5": 0.005940384877848093,
                "-5.0": 0.007353106825039984,
                "-5.5": 0.007418787232878293,
                "-6.0": 0.007351527400519988,
                "-6.5": 0.0076847867672447095,
                "-7.0": 0.004283973089075988,
                "-7.5": 0.004023922476483888,
                "-8.0": 0.0004628896969805501,
                "-8.5": 0.0,
                "-9.0": 0.0
            },
            "Qs_in": 0.0,
            "Qs_out_bed": 0.016119624746616025,
            "Qs_out_wall": 0.0,
            "D50": 0.06353237699534366,
            "D84": 0.1819428699554813
        },
        "deposit_downstream": {
            "flow_scale": 0.83,
            "elevation": 1744.1192824529546,
            "length": 47,
            "width": 6.901051100777398,
            "bankfull_width": 6,
            "lwd_factor": 1,
            "gsd_bed": {
                "1.0": 0.8488608210933033,
                "0.0": 0.000984876022140259,
                "-1.0": 0.000984876022140259,
                "-2.0": 0.025215146618691637,
                "-2.5": 0.008623718014759644,
                "-3.0": 0.008623718014760777,
                "-3.5": 0.008623718014763943,
                "-4.0": 0.008623718014763818,
                "-4.5": 0.008623718014763406,
                "-5.0": 0.008623718014763627,
                "-5.5": 0.00862371801476354,
                "-6.0": 0.008623718014763556,
                "-6.5": 0.00862371801476354,
                "-7.0": 0.010029413243686072,
                "-7.5": 0.010440250822882056,
                "-8.0": 0.008623718014763552,
                "-8.5": 0.00862371801476355,
                "-9.0": 0.008623718014763533
            },
            "gsd_wall": {
                "1.0": 5.366624432747498e-07,
                "0.0": 4.2343736241731295e-05,
                "-1.0": 0.0003829749951284266,
                "-2.0": 0.00015676349807265002,
                "-2.5": 0.012290652485380412,
                "-3.0": 0.012270646931487748,
                "-3.5": 0.012157441190989422,
                "-4.0": 0.012313142515468547,
                "-4.5": 0.012021825595119984,
                "-5.0": 0.02004439322630658,
                "-5.5": 0.023120885961067286,
                "-6.0": 0.021896244261563887,
                "-6.5": 0.03876108335809205,
                "-7.0": 0.3556935435005517,
                "-7.5": 0.39998731987685604,
                "-8.0": 0.05439481120971334,
                "-8.5": 0.012232695497795177,
                "-9.0": 0.012232695497721593
            },
            "Qs_in": 0.016119624746616025,
            "Qs_out_bed": 0.015561318115610963,
            "Qs_out_wall": 0.0,
            "D50": 0.0007071067811865476,
            "D84": 0.0014142135623730952
        },
        "downstream": {
            "flow_scale": 0.835,
            "elevation": 1742.5065127209598,
            "length": 65,
            "bankfull_width": 6.5,
            "lwd_factor": null,
            "gsd": {
                "1.0": 0.003,
                "0.0": 0.592662943559091,
                "-1.0": 0.13022921782940258,
                "-2.0": 0.003,
                "-2.5": 0.004880271105488023,
                "-3.0": 0.005253434190227143,
                "-3.5": 0.005359693351964479,
                "-4.0": 0.003,
                "-4.5": 0.003,
                "-5.0": 0.003,
                "-5.5": 0.003,
                "-6.0": 0.05876036168785593,
                "-6.5": 0.03643171823951176,
                "-7.0": 0.0342381876340422,
                "-7.5": 0.03408841555504948,
                "-8.0": 0.03397048753958091,
                "-8.5": 0.02306796583008177,
                "-9.0": 0.023057303477704544
            },
            "Qs_in": 0.015561318115610963,
            "Qs_out": 221.81775225716643,
            "D50": 0.0007321593039918922,
            "D84": 0.0020935136686049778
        }
    }
}