{
    "timestep": "2018-07-11 08:00",
    "deposit_mass": 2401711,
    "reaches": {
        "upstream": {
            "flow_scale": 0.78,
            "elevation": 1746.9096850298263,
            "length": 50,
            "bankfull_width": 6,
            "lwd_factor": null,
            "gsd": {
                "1.0": 0.2129992326415374,
                "0.0": 0.008750409419866672,
                "-1.0": 0.01814363469128057,
                "-2.0": 0.018143639595571245,
                "-2.5": 0.01814365579955579,
                "-3.0": 0.018143688424272802,
                "-3.5": 0.018143724887939132,
                "-4.0": 0.018143760070927308,
                "-4.5": 0.07424740537976272,
                "-5.0": 0.07425775681488457,
                "-5.5": 0.07426453878919942,
                "-6.0": 0.07426407475939506,
                "-6.5": 0.07425540097096286,
                "-7.0": 0.07424772663143527,
                "-7.5": 0.07423059322225327,
                "-8.0": 0.07422099137418856,
                "-8.5": 0.037699886142102484,
                "-9.0": 0.03769988038486473
            },
            "Qs_in": 0.0,
            "Qs_out": 0.0,
            "D50": 0.045024968113887336,
            "D84": 0.18206967225799517
        },
        "deposit_upstream": {
            "flow_scale": 0.79,
            "elevation": 1745.8549687775471,
            "length": 55,
            "width": 2.952968158757705,
            "bankfull_width": 6,
            "lwd_factor": null,
            "gsd_bed": {
                "1.0": 0.0009655926561895709,
                "0.0": 0.0013458797758209263,
                "-1.0": 0.0013458797758210675,
                "-2.0": 0.008017574105560362,
                "-2.5": 0.00801757410489682,
                "-3.0": 0.008017574105089336,
                "-3.5": 0.008017574105627303,
                "-4.0": 0.01631771956425531,
                "-4.5": 0.05902736984309176,
                "-5.0": 0.05904791669362542,
                "-5.5": 0.14470892317310344,
                "-6.0": 0.144731755210681,
                "-6.5": 0.1447414573249019,
                "-7.0": 0.09996094474284434,
                "-7.5": 0.09996093832978233,
                "-8.0": 0.09996070525590804,
                "-8.5": 0.04790731061640881,
                "-9.0": 0.04790731061639229
            },
            "gsd_wall": {
                "1.0": 1.0202416291554943e-09,
                "0.0": 2.6012608226307347e-09,
                "-1.0": 2.825488266786184e-07,
                "-2.0": 9.090310025620215e-06,
                "-2.5": 0.00011298136445759013,
                "-3.0": 0.0002509998027386682,
                "-3.5": 7.236910626148758e-05,
                "-4.0": 0.0003014574643688088,
                "-4.5": 0.05724224481020312,
                "-5.0": 0.10974647996947187,
                "-5.5": 0.12064356335472269,
                "-6.0": 0.16546458496629343,
                "-6.5": 0.18509877224131688,
                "-7.0": 0.17267160848210536,
                "-7.5": 0.1682411793008349,
                "-8.0": 0.020144382656870526,
                "-8.5": 0.0,
                "-9.0": 0.0
            },
            "Qs_in": 0.0,
            "Qs_out_bed": 0.0,
            "Qs_out_wall": 0.0,
            "D50": 0.089689550778827,
            "D84": 0.2553330815539843
        },
        "deposit_downstream": {
            "flow_scale": 0.83,
            "elevation": 1744.068059360293,
            "length": 47,
            "width": 7.179891597151514,
            "bankfull_width": 6,
            "lwd_factor": 1,
            "gsd_bed": {
                "1.0": 0.007056196105680226,
                "0.0": 0.001013654668601926,
                "-1.0": 0.0018566120769799807,
                "-2.0": 0.003438574347749572,
                "-2.5": 0.0034385743474956605,
                "-3.0": 0.008437420553255831,
                "-3.5": 0.11523885914066634,
                "-4.0": 0.13052088177457172,
                "-4.5": 0.10042221431974835,
                "-5.0": 0.12653152087021888,
                "-5.5": 0.06465793509188975,
                "-6.0": 0.06465793509192162,
                "-6.5": 0.06381918578709499,
                "-7.0": 0.07022321247653548,
                "-7.5": 0.07022944243330745,
                "-8.0": 0.07021165330443838,
                "-8.5": 0.04912306380493,
                "-9.0": 0.04912306380491399
            },
            "gsd_wall": {
                "1.0": 2.0775768671980374e-06,
                "0.0": 5.249508141627943e-06,
                "-1.0": 4.230443095193784e-05,
                "-2.0": 1.916776738177262e-05,
                "-2.5": 0.0001333915533497863,
                "-3.0": 0.00013301519559723483,
                "-3.5": 0.00012065631903993369,
                "-4.0": 0.0001376920944631012,
                "-4.5": 0.00010666656102979957,
                "-5.0": 1.7917424585778528e-05,
                "-5.5": 0.0001102221298299147,
                "-6.0": 3.236933590969236e-05,
                "-6.5": 0.00012339387087091777,
                "-7.0": 0.38397144368212743,
                "-7.5": 0.5630792824757335,
                "-8.0": 0.051714313960436555,
                "-8.5": 0.00012541805685321438,
                "-9.0": 0.00012541805683045478
            },
            "Qs_in": 0.0,
            "Qs_out_bed": 0.0,
            "Qs_out_wall": 0.0,
            "D50": 0.04532859691862234,
            "D84": 0.25465540470470927
        },
        "downstream": {
            "flow_scale": 0.835,
            "elevation": 1742.3756215151473,
            "length": 65,
            "bankfull_width": 6.5,
            "lwd_factor": null,
            "gsd": {
                "1.0": 0.004601697330670916,
                "0.0": 0.004650785578628982,
                "-1.0": 0.0038485025674518396,
                "-2.0": 0.011414162128447359,
                "-2.5": 0.012830712161731274,
                "-3.0": 0.01297707650797246,
                "-3.5": 0.012830762995175523,
                "-4.0": 0.01535578417768605,
                "-4.5": 0.015365922558290643,
                "-5.0": 0.07086405443066496,
                "-5.5": 0.14964891314833004,
                "-6.0": 0.1496489154607218,
                "-6.5": 0.1496489134353803,
                "-7.0": 0.09888648446939188,
                "-7.5": 0.09888647764398599,
                "-8.0": 0.09888647226977117,
                "-8.5": 0.04482719045462959,
                "-9.0": 0.044827172681069304
            },
            "Qs_in": 0.0,
            "Qs_out": 0.0,
            "D50": 0.08949554199008453,
            "D84": 0.25498510716694484
        }
    }
}