{
    "timestep": "2012-04-09 08:00",
    "deposit_mass": 2401711,
    "reaches": {
        "upstream": {
            "flow_scale": 0.78,
            "elevation": 1746.1185,
            "length": 50,
            "bankfull_width": 6,
            "lwd_factor": null,
            "gsd": {
                "1.0": 0.004955892556260896,
                "0.0": 0.004955892556265302,
                "-1.0": 0.0070373674298990704,
                "-2.0": 0.009317078005775671,
                "-2.5": 0.016850034689765148,
                "-3.0": 0.03201506591139793,
                "-3.5": 0.048964218456333364,
                "-4.0": 0.06531866389196139,
                "-4.5": 0.09654078699569356,
                "-5.0": 0.12528496382257107,
                "-5.5": 0.144117355536117,
                "-6.0": 0.14282882347154066,
                "-6.5": 0.1187431856480524,
                "-7.0": 0.09743284765613072,
                "-7.5": 0.04985627911601259,
                "-8.0": 0.02319357716331527,
                "-8.5": 0.007632074536646092,
                "-9.0": 0.004955892556261807
            },
            "Qs_in": 0.0,
            "Qs_out": 0.0,
            "D50": 0.045434156345702234,
            "D84": 0.1276617371510671
        },
        "deposit_upstream": {
            "flow_scale": 0.79,
            "elevation": 1746.2997329058705,
            "length": 55,
            "width": 1.000019060255739,
            "bankfull_width": 6,
            "lwd_factor": null,
            "gsd_bed": {
                "1.0": 0.00219999637322941,
                "0.0": 0.00219999998380975,
                "-1.0": 0.003526758443372035,
                "-2.0": 0.0013728738502869456,
                "-2.5": 0.021335210383582305,
                "-3.0": 0.021335134579968166,
                "-3.5": 0.021335134581507473,
                "-4.0": 0.025902789485793564,
                "-4.5": 0.025902789485550737,
                "-5.0": 0.06339079283006385,
                "-5.5": 0.15000000000040803,
                "-6.0": 0.15000000000045943,
                "-6.5": 0.15000000000040803,
                "-7.0": 0.10000000000027948,
                "-7.5": 0.10000000000029281,
                "-8.0": 0.06324475863040205,
                "-8.5": 0.048253761370458184,
                "-9.0": 0.05000000000012779
            },
            "gsd_wall": {
                "1.0": 0.49174827979136587,
                "0.0": 0.4917482797865329,
                "-1.0": 0.009378655430001787,
                "-2.0": 0.0012720270968317735,
                "-2.5": 0.0012720288669577058,
                "-3.0": 0.0003351718851763455,
                "-3.5": 0.0003351718852010407,
                "-4.0": 0.0005067943926765696,
                "-4.5": 0.0005067943926717262,
                "-5.0": 0.0006319778687154762,
                "-5.5": 0.000631976663110233,
                "-6.0": 0.000567365630460192,
                "-6.5": 0.0005673656304599866,
                "-7.0": 0.0002352245407423263,
                "-7.5": 0.00023522454074235863,
                "-8.0": 2.7661598353394523e-05,
                "-8.5": 0.0,
                "-9.0": 0.0
            },
            "Qs_in": 0.0,
            "Qs_out_bed": 0.0,
            "Qs_out_wall": 0.0,
            "D50": 0.08879804331813919,
            "D84": 0.25546112614725347
        },
        "deposit_downstream": {
            "flow_scale": 0.83,
            "elevation": 1744.9792149687619,
            "length": 47,
            "width": 1.2230194439517525,
            "bankfull_width": 6,
            "lwd_factor": 1,
            "gsd_bed": {
                "1.0": 0.0009500058978283677,
                "0.0": 0.0009509227589113898,
                "-1.0": 0.0009509069835133273,
                "-2.0": 0.0009509067183642954,
                "-2.5": 0.0009526584941151927,
                "-3.0": 0.06885401094418882,
                "-3.5": 0.06885401094757175,
                "-4.0": 0.06885483123202905,
                "-4.5": 0.06885483126449128,
                "-5.0": 0.06885542939600524,
                "-5.5": 0.0690224929597325,
                "-6.0": 0.09909046929626164,
                "-6.5": 0.08795675604443023,
                "-7.0": 0.09995000589782838,
                "-7.5": 0.09995000589782838,
                "-8.0": 0.09995000589782838,
                "-8.5": 0.04752587468454203,
                "-9.0": 0.047525874684529935
            },
            "gsd_wall": {
                "1.0": 0.49140018358791143,
                "0.0": 0.49140018358828136,
                "-1.0": 0.009400724813669617,
                "-2.0": 0.00129757986696007,
                "-2.5": 0.0013439535075916334,
                "-3.0": 0.0003816452850987294,
                "-3.5": 0.00038164528512269196,
                "-4.0": 0.0005697456958837468,
                "-4.5": 0.0005697536578115173,
                "-5.0": 0.0007060395817550997,
                "-5.5": 0.0007060395805620351,
                "-6.0": 0.0006349995705228032,
                "-6.5": 0.000634766242480778,
                "-7.0": 0.0002714064219393253,
                "-7.5": 0.00026883436020987237,
                "-8.0": 3.2498954199167474e-05,
                "-8.5": 0.0,
                "-9.0": 0.0
            },
            "Qs_in": 0.0,
            "Qs_out_bed": 3.101527864364116e-08,
            "Qs_out_wall": 0.0,
            "D50": 0.06441875479542138,
            "D84": 0.2552928017129721
        },
        "downstream": {
            "flow_scale": 0.835,
            "elevation": 1741.5290580656651,
            "length": 65,
            "bankfull_width": 6.5,
            "lwd_factor": null,
            "gsd": {
                "1.0": 0.19153203314928194,
                "0.0": 0.020396480477680966,
                "-1.0": 0.009255693812360822,
                "-2.0": 0.009023482189923866,
                "-2.5": 0.02845990454946773,
                "-3.0": 0.009023493072776471,
                "-3.5": 0.009023510934954388,
                "-4.0": 0.07137662204264303,
                "-4.5": 0.0713767999322232,
                "-5.0": 0.07137700454112929,
                "-5.5": 0.07286908063834523,
                "-6.0": 0.06861182991269818,
                "-6.5": 0.06861174061611383,
                "-7.0": 0.06861155850736737,
                "-7.5": 0.0686112575709061,
                "-8.0": 0.06861102061859635,
                "-8.5": 0.046614247870669895,
                "-9.0": 0.04661423956286148
            },
            "Qs_in": 3.101527864364116e-08,
            "Qs_out": 0.0,
            "D50": 0.04484803308377792,
            "D84": 0.25435876562517185
        }
    }
}