{
    "sediment_porosity": 0.21,
    "ang_rep": 0.65,
    "upstream_slope": 0.022,
    "flow_scale": 0.77,
    "bankfull_width": 6,
    "upstream_gsd": {
        "1": 0.005,
        "0": 0.005,
        "-1": 0.0071,
        "-2": 0.0094,
        "-2.5": 0.017,
        "-3": 0.0323,
        "-3.5": 0.0494,
        "-4": 0.0659,
        "-4.5": 0.0974,
        "-5": 0.1264,
        "-5.5": 0.1454,
        "-6": 0.1441,
        "-6.5": 0.1198,
        "-7": 0.0983,
        "-7.5": 0.0503,
        "-8": 0.0234,
        "-8.5": 0.0077,
        "-9": 0.005
            },
    "deposit_gsd": {"1": 0.37273333333333336,
                     "0": 0.37273333333333336,
                     "-1": 0.14023333333333335,
                     "-2": 0.009433333333333334,
                     "-2.5": 0.009433333333333334,
                     "-3": 0.0038833333333333337,
                     "-3.5": 0.0038833333333333337,
                     "-4": 0.010733333333333334,
                     "-4.5": 0.010733333333333334,
                     "-5": 0.013933333333333334,
                     "-5.5": 0.013933333333333334,
                     "-6": 0.012633333333333333,
                     "-6.5": 0.012633333333333333,
                     "-7": 0.005213333333333334,
                     "-7.5": 0.005213333333333334,
                     "-8": 0.00062,
                     "-8.5": 0.0005,
                     "-9": 0.0005
                },
    "downstream_elev": 1739.5275,
    "reaches": {
        "upstream": {
            "gsd": {
                "1": 0.005,
                "0": 0.005,
                "-1": 0.0071,
                "-2": 0.0094,
                "-2.5": 0.017,
                "-3": 0.0323,
                "-3.5": 0.0494,
                "-4": 0.0659,
                "-4.5": 0.0974,
                "-5": 0.1264,
                "-5.5": 0.1454,
                "-6": 0.1441,
                "-6.5": 0.1198,
                "-7": 0.0983,
                "-7.5": 0.0503,
                "-8": 0.0234,
                "-8.5": 0.0077,
                "-9": 0.005
            }
        },
        "deposit_upstream": {
            "pre_elev": 1744.5998,
            "gsd": {
                "1": 0.005,
                "0": 0.005,
                "-1": 0.0071,
                "-2": 0.0094,
                "-2.5": 0.017,
                "-3": 0.0323,
                "-3.5": 0.0494,
                "-4": 0.0659,
                "-4.5": 0.0974,
                "-5": 0.1264,
                "-5.5": 0.1454,
                "-6": 0.1441,
                "-6.5": 0.1198,
                "-7": 0.0983,
                "-7.5": 0.0503,
                "-8": 0.0234,
                "-8.5": 0.0077,
                "-9": 0.005
            }
        },
        "deposit_downstream": {
            "pre_elev": 1742.9293,
            "gsd": {
                "1": 0.005,
                "0": 0.005,
                "-1": 0.005,
                "-2": 0.0054,
                "-2.5": 0.0114,
                "-3": 0.0185,
                "-3.5": 0.04,
                "-4": 0.054,
                "-4.5": 0.0793,
                "-5": 0.1084,
                "-5.5": 0.137,
                "-6": 0.1515,
                "-6.5": 0.1388,
                "-7": 0.1129,
                "-7.5": 0.0701,
                "-8": 0.0364,
                "-8.5": 0.0155,
                "-9": 0.0055
            }
        },
        "downstream": {
            "gsd": {
                "1": 0.005,
                "0": 0.005,
                "-1": 0.005,
                "-2": 0.0054,
                "-2.5": 0.0114,
                "-3": 0.0185,
                "-3.5": 0.04,
                "-4": 0.054,
                "-4.5": 0.0793,
                "-5": 0.1084,
                "-5.5": 0.137,
                "-6": 0.1515,
                "-6.5": 0.1388,
                "-7": 0.1129,
                "-7.5": 0.0701,
                "-8": 0.0364,
                "-8.5": 0.0155,
                "-9": 0.0055
            }
        }
    }
}