{
    "upstream_slope": 0.027,
    "flow_scale": 0.77,
    "upstream_gsd": {
        "1": 0.0016,
        "0": 0.0038,
        "-1": 0.00798,
        "-2": 0.00828,
        "-2.5": 0.0138,
        "-3": 0.0231,
        "-3.5": 0.0405,
        "-4": 0.0729,
        "-4.5": 0.1168,
        "-5": 0.17328,
        "-5.5": 0.2095,
        "-6": 0.1946,
        "-6.5": 0.1096,
        "-7": 0.0239,
        "-7.5": 0.001,
        "-8": 0.0,
        "-8.5": 0.0,
        "-9": 0.0
            },
    "deposit_gsd": {
        "1": 0.0556,
        "0": 0.0556,
        "-1": 0.0572,
        "-2": 0.0312,
        "-2.5": 0.0312,
        "-3": 0.0544,
        "-3.5": 0.0544,
        "-4": 0.0951,
        "-4.5": 0.0951,
        "-5": 0.162,
        "-5.5": 0.162,
        "-6": 0.0463,
        "-6.5": 0.0463,
        "-7": 0.0192,
        "-7.5": 0.0192,
        "-8": 0.0045,
        "-8.5": 0.0,
        "-9": 0.0
            },
    "downstream_slope": 0.039
}