{
    "sediment_porosity": 0.21,
    "ang_rep": 0.45,
    "upstream_slope": 0.0165,
    "flow_scale": 0.658,
    "bankfull_width": 7.5,
    "upstream_gsd": {
        "1": 0.003,
        "0": 0.003,
        "-1": 0.003,
        "-2": 0.005,
        "-2.5": 0.01,
        "-3": 0.0158,
        "-3.5": 0.0325,
        "-4": 0.0465,
        "-4.5": 0.0755,
        "-5": 0.1046,
        "-5.5": 0.1375,
        "-6": 0.1521,
        "-6.5": 0.1386,
        "-7": 0.1244,
        "-7.5": 0.0771,
        "-8": 0.0419,
        "-8.5": 0.0183,
        "-9": 0.008
            },
    "deposit_gsd": {
        "1": 0.34997,
        "0": 0.34997,
        "-1": 0.06907,
        "-2": 0.01477,
        "-2.5": 0.01487,
        "-3": 0.01307,
        "-3.5": 0.01317,
        "-4": 0.01574,
        "-4.5": 0.01574,
        "-5": 0.03326,
        "-5.5": 0.03326,
        "-6": 0.02697,
        "-6.5": 0.02697,
        "-7": 0.00673,
        "-7.5": 0.00673,
        "-8": 0.00447,
        "-8.5": 0.00447,
        "-9": 0.0005
            },
    "downstream_elev": 1567.6,
    "reaches": {
        "upstream": {
            "gsd": {
                "1": 0.003,
                "0": 0.003,
                "-1": 0.003,
                "-2": 0.005,
                "-2.5": 0.01,
                "-3": 0.0158,
                "-3.5": 0.0325,
                "-4": 0.0465,
                "-4.5": 0.0755,
                "-5": 0.1046,
                "-5.5": 0.1375,
                "-6": 0.1521,
                "-6.5": 0.1386,
                "-7": 0.1244,
                "-7.5": 0.0771,
                "-8": 0.0419,
                "-8.5": 0.0183,
                "-9": 0.008
            }
        },
        "deposit_upstream": {
            "pre_elev": 1577.314,
            "gsd": {
                "1": 0.003,
                "0": 0.003,
                "-1": 0.003,
                "-2": 0.005,
                "-2.5": 0.01,
                "-3": 0.0158,
                "-3.5": 0.0325,
                "-4": 0.0465,
                "-4.5": 0.0755,
                "-5": 0.1046,
                "-5.5": 0.1375,
                "-6": 0.1521,
                "-6.5": 0.1386,
                "-7": 0.1244,
                "-7.5": 0.0771,
                "-8": 0.0419,
                "-8.5": 0.0183,
                "-9": 0.008
            }
        },
        "deposit_downstream": {
            "pre_elev": 1575.072,
            "gsd": {
                "1": 0.003,
                "0": 0.003,
                "-1": 0.003,
                "-2": 0.005,
                "-2.5": 0.01,
                "-3": 0.0158,
                "-3.5": 0.0325,
                "-4": 0.0465,
                "-4.5": 0.0755,
                "-5": 0.1046,
                "-5.5": 0.1375,
                "-6": 0.1521,
                "-6.5": 0.1386,
                "-7": 0.1244,
                "-7.5": 0.0771,
                "-8": 0.0419,
                "-8.5": 0.0183,
                "-9": 0.008
            }
        },
        "downstream": {
            "gsd": {
                "1": 0.003,
                "0": 0.003,
                "-1": 0.003,
                "-2": 0.005,
                "-2.5": 0.01,
                "-3": 0.0158,
                "-3.5": 0.0325,
                "-4": 0.0465,
                "-4.5": 0.0755,
                "-5": 0.1046,
                "-5.5": 0.1375,
                "-6": 0.1521,
                "-6.5": 0.1386,
                "-7": 0.1244,
                "-7.5": 0.0771,
                "-8": 0.0419,
                "-8.5": 0.0183,
                "-9": 0.008
            }
        }
    }
}
