{
    "upstream_elev": 1748.3981,
    "upstream_length": 50,
    "upstream_slope": 0.015,
    "flow_scale": 0.77,
    "bankfull_width": 5.5,
    "upstream_gsd": {
        "1": 0.0007,
        "0": 0.0019,
        "-1": 0.0069,
        "-2": 0.0084,
        "-2.5": 0.0133,
        "-3": 0.0224,
        "-3.5": 0.031,
        "-4": 0.0457,
        "-4.5": 0.065,
        "-5": 0.0919,
        "-5.5": 0.1091,
        "-6": 0.1331,
        "-6.5": 0.155,
        "-7": 0.1593,
        "-7.5": 0.112,
        "-8": 0.0397,
        "-8.5": 0.0043,
        "-9": 0.0002
            },
    "deposit_gsd": {
        "1": 0.0556,
        "0": 0.0556,
        "-1": 0.0572,
        "-2": 0.0312,
        "-2.5": 0.0312,
        "-3": 0.0544,
        "-3.5": 0.0544,
        "-4": 0.0951,
        "-4.5": 0.0851,
        "-5": 0.152,
        "-5.5": 0.162,
        "-6": 0.0463,
        "-6.5": 0.0363,
        "-7": 0.0192,
        "-7.5": 0.0192,
        "-8": 0.015,
        "-8.5": 0.01,
        "-9": 0.01
            },
    "downstream_elev": 1740.1876,
    "reaches": {
        "upstream": {
            "gsd": {
                "1": 0.0005,
                "0": 0.0034,
                "-1": 0.0085,
                "-2": 0.0099,
                "-2.5": 0.0177,
                "-3": 0.0261,
                "-3.5": 0.0437,
                "-4": 0.0606,
                "-4.5": 0.07231,
                "-5": 0.1007,
                "-5.5": 0.123,
                "-6": 0.1476,
                "-6.5": 0.1546,
                "-7": 0.1417,
                "-7.5": 0.0747,
                "-8": 0.0138,
                "-8.5": 0.0009,
                "-9": 0.0001
            }
        },
        "deposit_upstream": {
            "pre_elev": 1745.3856,
            "gsd": {
                "1": 0.0005,
                "0": 0.0034,
                "-1": 0.0085,
                "-2": 0.0099,
                "-2.5": 0.0177,
                "-3": 0.0261,
                "-3.5": 0.0437,
                "-4": 0.0606,
                "-4.5": 0.07231,
                "-5": 0.1007,
                "-5.5": 0.123,
                "-6": 0.1476,
                "-6.5": 0.1546,
                "-7": 0.1417,
                "-7.5": 0.0747,
                "-8": 0.0138,
                "-8.5": 0.0009,
                "-9": 0.0001
            }
        },
        "deposit_downstream": {
            "pre_elev": 1743.8686,
            "gsd": {
                "1": 0.0,
                "0": 0.0004,
                "-1": 0.0026,
                "-2": 0.0028,
                "-2.5": 0.0071,
                "-3": 0.0121,
                "-3.5": 0.018,
                "-4": 0.0293,
                "-4.5": 0.0444,
                "-5": 0.0623,
                "-5.5": 0.0801,
                "-6": 0.1071,
                "-6.5": 0.1346,
                "-7": 0.1529,
                "-7.5": 0.1661,
                "-8": 0.1214,
                "-8.5": 0.0516,
                "-9": 0.0072
            }
        },
        "downstream": {
            "gsd": {
                "1": 0.0,
                "0": 0.0004,
                "-1": 0.0026,
                "-2": 0.0028,
                "-2.5": 0.0071,
                "-3": 0.0121,
                "-3.5": 0.018,
                "-4": 0.0293,
                "-4.5": 0.0444,
                "-5": 0.0623,
                "-5.5": 0.0801,
                "-6": 0.1071,
                "-6.5": 0.1346,
                "-7": 0.1529,
                "-7.5": 0.1661,
                "-8": 0.1214,
                "-8.5": 0.0516,
                "-9": 0.0072
            }
        }
    }
}