{
    "sediment_porosity": 0.21,
    "ang_rep": 0.45,
    "upstream_slope": 0.015,
    "flow_scale": 0.95,
    "bankfull_width": 7.5,
    "upstream_gsd": {
        "1": 0.003,
        "0": 0.003,
        "-1": 0.003,
        "-2": 0.005,
        "-2.5": 0.01,
        "-3": 0.0158,
        "-3.5": 0.0325,
        "-4": 0.0465,
        "-4.5": 0.0755,
        "-5": 0.1046,
        "-5.5": 0.1375,
        "-6": 0.1521,
        "-6.5": 0.1386,
        "-7": 0.1244,
        "-7.5": 0.0771,
        "-8": 0.0419,
        "-8.5": 0.0183,
        "-9": 0.008
            },
    "deposit_gsd": {
        "1": 0.49825,
        "0": 0.49825,
        "-1": 0.003075,
        "-2": 0.0001165,
        "-2.5": 0.0001165,
        "-3": 0.00003063,
        "-3.5": 0.00003063,
        "-4": 0.000007715,
        "-4.5": 0.000007715,
        "-5": 0.000003982,
        "-5.5": 0.000003982,
        "-6": 0.00000321,
        "-6.5": 0.00000321,
        "-7": 0.0000008025,
        "-7.5": 0.0000008025,
        "-8": 0.000000535,
        "-8.5": 0.0000002,
        "-9": 0.0000001
            },
    "downstream_elev": 1567.6,
    "reaches": {
        "upstream": {
            "gsd": {
                "1": 0.003,
                "0": 0.003,
                "-1": 0.003,
                "-2": 0.005,
                "-2.5": 0.01,
                "-3": 0.0158,
                "-3.5": 0.0325,
                "-4": 0.0465,
                "-4.5": 0.0755,
                "-5": 0.1046,
                "-5.5": 0.1375,
                "-6": 0.1521,
                "-6.5": 0.1386,
                "-7": 0.1244,
                "-7.5": 0.0771,
                "-8": 0.0419,
                "-8.5": 0.0183,
                "-9": 0.008
            }
        },
        "deposit_upstream": {
            "pre_elev": 1577.314,
            "gsd": {
                "1": 0.003,
                "0": 0.003,
                "-1": 0.003,
                "-2": 0.005,
                "-2.5": 0.01,
                "-3": 0.0158,
                "-3.5": 0.0325,
                "-4": 0.0465,
                "-4.5": 0.0755,
                "-5": 0.1046,
                "-5.5": 0.1375,
                "-6": 0.1521,
                "-6.5": 0.1386,
                "-7": 0.1244,
                "-7.5": 0.0771,
                "-8": 0.0419,
                "-8.5": 0.0183,
                "-9": 0.008
            }
        },
        "deposit_downstream": {
            "pre_elev": 1575.072,
            "gsd": {
                "1": 0.003,
                "0": 0.003,
                "-1": 0.003,
                "-2": 0.005,
                "-2.5": 0.01,
                "-3": 0.0158,
                "-3.5": 0.0325,
                "-4": 0.0465,
                "-4.5": 0.0755,
                "-5": 0.1046,
                "-5.5": 0.1375,
                "-6": 0.1521,
                "-6.5": 0.1386,
                "-7": 0.1244,
                "-7.5": 0.0771,
                "-8": 0.0419,
                "-8.5": 0.0183,
                "-9": 0.008
            }
        },
        "downstream": {
            "gsd": {
                "1": 0.003,
                "0": 0.003,
                "-1": 0.003,
                "-2": 0.005,
                "-2.5": 0.01,
                "-3": 0.0158,
                "-3.5": 0.0325,
                "-4": 0.0465,
                "-4.5": 0.0755,
                "-5": 0.1046,
                "-5.5": 0.1375,
                "-6": 0.1521,
                "-6.5": 0.1386,
                "-7": 0.1244,
                "-7.5": 0.0771,
                "-8": 0.0419,
                "-8.5": 0.0183,
                "-9": 0.008
            }
        }
    }
}
