{
    "sediment_porosity": 0.21,
    "ang_rep": 0.65,
    "upstream_slope": 0.022,
    "flow_scale": 0.77,
    "bankfull_width": 6,
    "upstream_gsd": {
        "1": 0.005,
        "0": 0.005,
        "-1": 0.0071,
        "-2": 0.0094,
        "-2.5": 0.017,
        "-3": 0.0339,
        "-3.5": 0.051,
        "-4": 0.0675,
        "-4.5": 0.099,
        "-5": 0.128,
        "-5.5": 0.147,
        "-6": 0.1456,
        "-6.5": 0.1214,
        "-7": 0.0983,
        "-7.5": 0.0503,
        "-8": 0.0234,
        "-8.5": 0.0,
        "-9": 0.0
            },
    "deposit_gsd": {"1": 0.4871,
                     "0": 0.4871,
                     "-1": 0.00929,
                     "-2": 0.00126,
                     "-2.5": 0.00126,
                     "-3": 0.000332,
                     "-3.5": 0.000332,
                     "-4": 0.000502,
                     "-4.5": 0.000502,
                     "-5": 0.000626,
                     "-5.5": 0.000626,
                     "-6": 0.000562,
                     "-6.5": 0.000562,
                     "-7": 0.000233,
                     "-7.5": 0.000233,
                     "-8": 0.0000274,
                     "-8.5": 0.0,
                     "-9": 0.0
                },
    "downstream_elev": 1739.5275,
    "reaches": {
        "upstream": {
            "gsd": {
                "1": 0.005,
                "0": 0.005,
                "-1": 0.0071,
                "-2": 0.0094,
                "-2.5": 0.017,
                "-3": 0.0339,
                "-3.5": 0.051,
                "-4": 0.0675,
                "-4.5": 0.099,
                "-5": 0.128,
                "-5.5": 0.147,
                "-6": 0.1456,
                "-6.5": 0.1214,
                "-7": 0.0983,
                "-7.5": 0.0503,
                "-8": 0.0234,
                "-8.5": 0.0,
                "-9": 0.0
            }
        },
        "deposit_upstream": {
            "pre_elev": 1744.5998,
            "gsd": {
                "1": 0.005,
                "0": 0.005,
                "-1": 0.0071,
                "-2": 0.0094,
                "-2.5": 0.017,
                "-3": 0.0339,
                "-3.5": 0.051,
                "-4": 0.0675,
                "-4.5": 0.099,
                "-5": 0.128,
                "-5.5": 0.147,
                "-6": 0.1456,
                "-6.5": 0.1214,
                "-7": 0.0983,
                "-7.5": 0.0503,
                "-8": 0.0234,
                "-8.5": 0.0,
                "-9": 0.0
            }
        },
        "deposit_downstream": {
            "pre_elev": 1742.9293,
            "gsd": {
                "1": 0.005,
                "0": 0.005,
                "-1": 0.005,
                "-2": 0.0054,
                "-2.5": 0.0114,
                "-3": 0.0185,
                "-3.5": 0.04,
                "-4": 0.054,
                "-4.5": 0.0793,
                "-5": 0.1084,
                "-5.5": 0.137,
                "-6": 0.1515,
                "-6.5": 0.1388,
                "-7": 0.1129,
                "-7.5": 0.0701,
                "-8": 0.0364,
                "-8.5": 0.0155,
                "-9": 0.0055
            }
        },
        "downstream": {
            "gsd": {
                "1": 0.005,
                "0": 0.005,
                "-1": 0.005,
                "-2": 0.0054,
                "-2.5": 0.0114,
                "-3": 0.0211,
                "-3.5": 0.0426,
                "-4": 0.0566,
                "-4.5": 0.0819,
                "-5": 0.111,
                "-5.5": 0.1396,
                "-6": 0.1541,
                "-6.5": 0.1414,
                "-7": 0.1129,
                "-7.5": 0.0701,
                "-8": 0.0364,
                "-8.5": 0.0,
                "-9": 0.0
            }
        }
    }
}