{
    "timestep": "",
    "deposit_mass": 822761,
    "reaches": {
        "upstream": {
            "flow_scale": 0.78,
            "elevation": 1746.6981,
            "length": 37.5,
            "width": 4.4,
            "height": "",
            "gsd": {
                "1": 0.0016,
                "0": 0.0038,
                "-1": 0.00798,
                "-2": 0.00828,
                "-2.5": 0.0138,
                "-3": 0.0231,
                "-3.5": 0.0405,
                "-4": 0.0729,
                "-4.5": 0.1168,
                "-5": 0.17328,
                "-5.5": 0.2095,
                "-6": 0.1946,
                "-6.5": 0.1096,
                "-7": 0.0239,
                "-7.5": 0.001,
                "-8": 0.0,
                "-8.5": 0.0,
                "-9": 0.0
            },
        "Qs_in": "",
        "Qs_out": ""
    },
        "deposit_upstream": {
            "flow_scale": 0.79,
            "elevation": 1746.6932,
            "length":  41,
            "width": 1.5,
            "height": "",
            "gsd_bed": {
                "1": 0.0556,
                "0": 0.0556,
                "-1": 0.0572,
                "-2": 0.0312,
                "-2.5": 0.0312,
                "-3": 0.0544,
                "-3.5": 0.0544,
                "-4": 0.0951,
                "-4.5": 0.0951,
                "-5": 0.162,
                "-5.5": 0.162,
                "-6": 0.0463,
                "-6.5": 0.0463,
                "-7": 0.0192,
                "-7.5": 0.0192,
                "-8": 0.0045,
                "-8.5": 0.0,
                "-9": 0.0
            },
            "gsd_wall": {
                "1": 0.0556,
                "0": 0.0556,
                "-1": 0.0572,
                "-2": 0.0312,
                "-2.5": 0.0312,
                "-3": 0.0544,
                "-3.5": 0.0544,
                "-4": 0.0951,
                "-4.5": 0.0951,
                "-5": 0.162,
                "-5.5": 0.162,
                "-6": 0.0463,
                "-6.5": 0.0463,
                "-7": 0.0192,
                "-7.5": 0.0192,
                "-8": 0.0045,
                "-8.5": 0.0,
                "-9": 0.0
            },
            "Qs_in": "",
            "Qs_out_bed": "",
            "Qs_out_bank": ""
    },
        "deposit_downstream": {
            "flow_scale": 0.83,
            "elevation": 1746.259,
            "length": 42,
            "width": 1.5,
            "height": "",
            "gsd_bed": {
                "1": 0.0556,
                "0": 0.0556,
                "-1": 0.0572,
                "-2": 0.0312,
                "-2.5": 0.0312,
                "-3": 0.0544,
                "-3.5": 0.0544,
                "-4": 0.0951,
                "-4.5": 0.0951,
                "-5": 0.162,
                "-5.5": 0.162,
                "-6": 0.0463,
                "-6.5": 0.0463,
                "-7": 0.0192,
                "-7.5": 0.0192,
                "-8": 0.0045,
                "-8.5": 0.0,
                "-9": 0.0
            },
            "gsd_wall": {
                "1": 0.0556,
                "0": 0.0556,
                "-1": 0.0572,
                "-2": 0.0312,
                "-2.5": 0.0312,
                "-3": 0.0544,
                "-3.5": 0.0544,
                "-4": 0.0951,
                "-4.5": 0.0951,
                "-5": 0.162,
                "-5.5": 0.162,
                "-6": 0.0463,
                "-6.5": 0.0463,
                "-7": 0.0192,
                "-7.5": 0.0192,
                "-8": 0.0045,
                "-8.5": 0.0,
                "-9": 0.0
            },
            "Qs_in": "",
            "Qs_out_bed": "",
            "Qs_out_bank": ""
    },
        "downstream": {
            "flow_scale": 0.835,
            "elevation": 1742.1376,
            "length": "",
            "width": "",
            "height": "",
            "gsd": {
                "1": 0.0011,
                "0": 0.0017,
                "-1": 0.0051,
                "-2": 0.0032,
                "-2.5": 0.0065,
                "-3": 0.00919,
                "-3.5": 0.0129,
                "-4": 0.0293,
                "-4.5": 0.0496,
                "-5": 0.080,
                "-5.5": 0.1299,
                "-6": 0.1836,
                "-6.5": 0.2116,
                "-7": 0.17839,
                "-7.5": 0.0882,
                "-8": 0.00919,
                "-8.5": 0.0,
                "-9": 0.0
            },
            "Qs_in": "",
            "Qs_out": ""
        }
    }
}