{
    "timestep": "2008-07-31 11:00",
    "deposit_mass": 12150000,
    "reaches": {
        "upstream": {
            "flow_scale": 0.658,
            "elevation": 1580.2424184668698,
            "length": 120,
            "bankfull_width": 10.5,
            "lwd_factor": null,
            "gsd": {
                "1.0": 0.9150000000004168,
                "0.0": 0.005000000000005368,
                "-1.0": 0.005000000000006526,
                "-2.0": 0.005000000000004192,
                "-2.5": 0.00499999999968999,
                "-3.0": 0.004999999999781137,
                "-3.5": 0.0050000000000358855,
                "-4.0": 0.005000000000025717,
                "-4.5": 0.004999999999992695,
                "-5.0": 0.0050000000000104535,
                "-5.5": 0.005000000000003484,
                "-6.0": 0.0050000000000047055,
                "-6.5": 0.005000000000003484,
                "-7.0": 0.00500000000000377,
                "-7.5": 0.005000000000004235,
                "-8.0": 0.005000000000004403,
                "-8.5": 0.005000000000004235,
                "-9.0": 0.005000000000002939
            },
            "Qs_in": 0.0,
            "Qs_out": 0.0,
            "D50": 0.0007071067811865476,
            "D84": 0.0014142135623730952
        },
        "deposit_upstream": {
            "flow_scale": 0.659,
            "elevation": 1580.7088230147308,
            "length": 118,
            "width": 4.082348692981679,
            "bankfull_width": 10.5,
            "lwd_factor": null,
            "gsd_bed": {
                "1.0": 0.09388914958361697,
                "0.0": 0.09388914959168201,
                "-1.0": 0.021284915917477,
                "-2.0": 0.004867655764468106,
                "-2.5": 0.011139256877222729,
                "-3.0": 0.010567666611584266,
                "-3.5": 0.012751069696492706,
                "-4.0": 0.019222159662265204,
                "-4.5": 0.019282895819588475,
                "-5.0": 0.03396754850621168,
                "-5.5": 0.03410055338266132,
                "-6.0": 0.06961754207295165,
                "-6.5": 0.2010428536750868,
                "-7.0": 0.10716895653288805,
                "-7.5": 0.10716895653426663,
                "-8.0": 0.07319920975319072,
                "-8.5": 0.07319920975285121,
                "-9.0": 0.013641250265494769
            },
            "gsd_wall": {
                "1.0": 5.560606372807465e-05,
                "0.0": 5.560606368844052e-05,
                "-1.0": 3.703755141496303e-05,
                "-2.0": 2.376648184720787e-05,
                "-2.5": 3.370604298323316e-05,
                "-3.0": 2.0925756578001245e-05,
                "-3.5": 3.3267097061814707e-05,
                "-4.0": 3.1213215100430056e-05,
                "-4.5": 2.0673672766419265e-05,
                "-5.0": 4.577934626793427e-05,
                "-5.5": 2.161833231489013e-05,
                "-6.0": 9.895156750075323e-06,
                "-6.5": 0.25644304250589955,
                "-7.0": 0.21655748912931952,
                "-7.5": 0.21655748913202258,
                "-8.0": 0.14611811944519,
                "-8.5": 0.1461181194445509,
                "-9.0": 0.0178166455625161
            },
            "Qs_in": 0.0,
            "Qs_out_bed": 0.0,
            "Qs_out_wall": 0.0,
            "D50": 0.08797872909370394,
            "D84": 0.2550662880214876
        },
        "deposit_downstream": {
            "flow_scale": 0.66,
            "elevation": 1576.3208620605944,
            "length": 120,
            "width": 1.9315238396716234,
            "bankfull_width": 12,
            "lwd_factor": null,
            "gsd_bed": {
                "1.0": 0.0004750012505625994,
                "0.0": 0.00047522635185639366,
                "-1.0": 0.00047522635185651905,
                "-2.0": 0.00047522635185626616,
                "-2.5": 0.0004752263518220942,
                "-3.0": 0.0004752263518320067,
                "-3.5": 0.00047522635185971105,
                "-4.0": 0.00047522635185860766,
                "-4.5": 0.00047522635185501423,
                "-5.0": 0.0004752263518569462,
                "-5.5": 0.00047522635185618945,
                "-6.0": 0.0004752263518563227,
                "-6.5": 0.19991811446905391,
                "-7.0": 0.0004752263526547179,
                "-7.5": 0.19414982465271644,
                "-8.0": 0.19991811446842223,
                "-8.5": 0.1999181144684141,
                "-9.0": 0.19991811446780997
            },
            "gsd_wall": {
                "1.0": 0.00030870667419217866,
                "0.0": 0.00030870667421748984,
                "-1.0": 0.0003087066742270894,
                "-2.0": 0.00030870667420790035,
                "-2.5": 0.009102892207586321,
                "-3.0": 0.009457106718478889,
                "-3.5": 0.009176889383754704,
                "-4.0": 0.009758641040598212,
                "-4.5": 0.00965106718413721,
                "-5.0": 0.010621480732292871,
                "-5.5": 0.010621480730071445,
                "-6.0": 0.010870513574574851,
                "-6.5": 0.34463966148358344,
                "-7.0": 0.16018363490782858,
                "-7.5": 0.1650203759124532,
                "-8.0": 0.11433018893942304,
                "-8.5": 0.11433018893897127,
                "-9.0": 0.02100105154940122
            },
            "Qs_in": 0.0,
            "Qs_out_bed": 0.0,
            "Qs_out_wall": 0.0,
            "D50": 0.2565690057903177,
            "D84": 0.5064627812126533
        },
        "downstream": {
            "flow_scale": 0.689,
            "elevation": 1570.8140054873995,
            "length": 145,
            "bankfull_width": 12,
            "lwd_factor": null,
            "gsd": {
                "1.0": 0.009377556300081033,
                "0.0": 0.005605778776822031,
                "-1.0": 0.004999894602558573,
                "-2.0": 0.004999894602555904,
                "-2.5": 0.004999894602198767,
                "-3.0": 0.004999894602302374,
                "-3.5": 0.004999894602591948,
                "-4.0": 0.004999894602580377,
                "-4.5": 0.004999894602542819,
                "-5.0": 0.004999894602563018,
                "-5.5": 0.004999894602555113,
                "-6.0": 0.19906141304138672,
                "-6.5": 0.1990614130412352,
                "-7.0": 0.19906141304126931,
                "-7.5": 0.19906141304132732,
                "-8.0": 0.0479239871139256,
                "-8.5": 0.0479239871132666,
                "-9.0": 0.04792398710823738
            },
            "Qs_in": 0.0,
            "Qs_out": 0.0,
            "D50": 0.12596150326588054,
            "D84": 0.1889422548988208
        }
    }
}