{
    "timestep": "2002-05-12 17:00",
    "deposit_mass": 12150000,
    "reaches": {
        "upstream": {
            "flow_scale": 0.658,
            "elevation": 1579.5940119587335,
            "length": 120,
            "bankfull_width": 10.5,
            "lwd_factor": null,
            "gsd": {
                "1.0": 0.9149999999999993,
                "0.0": 0.005,
                "-1.0": 0.005,
                "-2.0": 0.005,
                "-2.5": 0.005,
                "-3.0": 0.005,
                "-3.5": 0.005,
                "-4.0": 0.005,
                "-4.5": 0.005,
                "-5.0": 0.005,
                "-5.5": 0.005,
                "-6.0": 0.005,
                "-6.5": 0.005,
                "-7.0": 0.005,
                "-7.5": 0.005,
                "-8.0": 0.005,
                "-8.5": 0.005,
                "-9.0": 0.005
            },
            "Qs_in": 0.003746349239405839,
            "Qs_out": 0.0,
            "D50": 0.0007071067811865476,
            "D84": 0.0014142135623730952
        },
        "deposit_upstream": {
            "flow_scale": 0.659,
            "elevation": 1580.8140939996263,
            "length": 118,
            "width": 3.0184712753376655,
            "bankfull_width": 10.5,
            "lwd_factor": null,
            "gsd_bed": {
                "1.0": 0.16270192237849998,
                "0.0": 0.1627019223787729,
                "-1.0": 0.036884951588046375,
                "-2.0": 0.008435234037439565,
                "-2.5": 0.00874398172805332,
                "-3.0": 0.007753464288274021,
                "-3.5": 0.011537116271873952,
                "-4.0": 0.022750965602497616,
                "-4.5": 0.02285621623486395,
                "-5.0": 0.04830347217573826,
                "-5.5": 0.04853395834190265,
                "-6.0": 0.10774666966245679,
                "-6.5": 0.18892970598413852,
                "-7.0": 0.04765261951200832,
                "-7.5": 0.04765261951202753,
                "-8.0": 0.03161386388002563,
                "-8.5": 0.03161386388002095,
                "-9.0": 0.003587452543359656
            },
            "gsd_wall": {
                "1.0": 0.0006604744607430276,
                "0.0": 0.0006604744602167476,
                "-1.0": 0.0004399224680750723,
                "-2.0": 0.00028229213198297583,
                "-2.5": 0.00040035167499112345,
                "-3.0": 0.00024855073257187913,
                "-3.5": 0.00039513798494436445,
                "-4.0": 0.00037074250569361315,
                "-4.5": 0.00024555654473816773,
                "-5.0": 0.0005437552490785426,
                "-5.5": 0.00025677696675654045,
                "-6.0": 0.04193294447140859,
                "-6.5": 0.47942980466526725,
                "-7.0": 0.13676188808316983,
                "-7.5": 0.13676188808321596,
                "-8.0": 0.09357675455491861,
                "-8.5": 0.09357675455490735,
                "-9.0": 0.01345593040732025
            },
            "Qs_in": 0.0,
            "Qs_out_bed": 0.0,
            "Qs_out_wall": 0.0,
            "D50": 0.04500122268957582,
            "D84": 0.1294969905021667
        },
        "deposit_downstream": {
            "flow_scale": 0.66,
            "elevation": 1576.4742650948451,
            "length": 120,
            "width": 1.9315208340237162,
            "bankfull_width": 12,
            "lwd_factor": null,
            "gsd_bed": {
                "1.0": 0.0005,
                "0.0": 0.0005,
                "-1.0": 0.0005702456629853503,
                "-2.0": 0.0005976912038824705,
                "-2.5": 0.0008893663686717148,
                "-3.0": 0.0008809506164564302,
                "-3.5": 0.0008809506165730115,
                "-4.0": 0.032436089198140804,
                "-4.5": 0.08475679466885068,
                "-5.0": 0.0847567946695926,
                "-5.5": 0.08475679471842679,
                "-6.0": 0.19991819000736977,
                "-6.5": 0.08476476318598754,
                "-7.0": 0.08475896817561544,
                "-7.5": 0.08475896817562655,
                "-8.0": 0.08475823829128004,
                "-8.5": 0.08475823829127539,
                "-9.0": 0.08475695614926557
            },
            "gsd_wall": {
                "1.0": 0.0004999994207022733,
                "0.0": 0.0004999994207026682,
                "-1.0": 0.0004999994207028196,
                "-2.0": 0.0004999994207025194,
                "-2.5": 0.015932691125110095,
                "-3.0": 0.016548053681923528,
                "-3.5": 0.016061243287122006,
                "-4.0": 0.017071896995704557,
                "-4.5": 0.016885013286099832,
                "-5.0": 0.018570873620399744,
                "-5.5": 0.018570873620051456,
                "-6.0": 0.019003508342406696,
                "-6.5": 0.2999626683054194,
                "-7.0": 0.15670468016538028,
                "-7.5": 0.15670468016546577,
                "-8.0": 0.10967189622959145,
                "-8.5": 0.10967189622956965,
                "-9.0": 0.02664002726294515
            },
            "Qs_in": 0.0,
            "Qs_out_bed": 1.8195190282460522e-06,
            "Qs_out_wall": 0.0,
            "D50": 0.0916309070117083,
            "D84": 0.359713359794091
        },
        "downstream": {
            "flow_scale": 0.689,
            "elevation": 1570.6803692351052,
            "length": 145,
            "bankfull_width": 12,
            "lwd_factor": null,
            "gsd": {
                "1.0": 0.005567766258286529,
                "0.0": 0.005567766258286557,
                "-1.0": 0.005567766258286567,
                "-2.0": 0.009279609375488562,
                "-2.5": 0.018559218825565094,
                "-3.0": 0.03050547862073846,
                "-3.5": 0.06038779987554224,
                "-4.0": 0.08509360612773292,
                "-4.5": 0.13521242456087615,
                "-5.0": 0.19963458139520013,
                "-5.5": 0.19963458139484327,
                "-6.0": 0.06456871640356658,
                "-6.5": 0.034289674443886496,
                "-7.0": 0.029226202040333535,
                "-7.5": 0.029226202040356714,
                "-8.0": 0.02922620204036471,
                "-8.5": 0.029226202040355753,
                "-9.0": 0.029226202040289504
            },
            "Qs_in": 1.8195190282460522e-06,
            "Qs_out": 0.0024806885778915037,
            "D50": 0.03219160098877978,
            "D84": 0.09087010826214399
        }
    }
}