{
    "timestep": "2002-04-09 09:00",
    "deposit_mass": 12150000,
    "reaches": {
        "upstream": {
            "flow_scale": 0.658,
            "elevation": 1579.594,
            "length": 120,
            "bankfull_width": 10.5,
            "lwd_factor": null,
            "gsd": {
                "1.0": 0.0030096308186222773,
                "0.0": 0.003009630818624956,
                "-1.0": 0.0030096308186259666,
                "-2.0": 0.0050160513643732595,
                "-2.5": 0.010032102727834908,
                "-3.0": 0.015850722310396928,
                "-3.5": 0.03260433386872495,
                "-4.0": 0.04664927768896187,
                "-4.5": 0.07574237560178404,
                "-5.0": 0.10493579454287827,
                "-5.5": 0.1379414125202366,
                "-6.0": 0.1525882825042583,
                "-6.5": 0.1390449438203986,
                "-7.0": 0.12479935794559091,
                "-7.5": 0.07734751203863688,
                "-8.0": 0.042034510433450537,
                "-8.5": 0.018358747993606355,
                "-9.0": 0.008025682182994256
            },
            "Qs_in": 0.0,
            "Qs_out": 0.0,
            "D50": 0.06363388215271626,
            "D84": 0.1296048174279078
        },
        "deposit_upstream": {
            "flow_scale": 0.659,
            "elevation": 1581.003044550161,
            "length": 118,
            "width": 1.774266463599247,
            "bankfull_width": 10.5,
            "lwd_factor": null,
            "gsd_bed": {
                "1.0": 0.31471177626935226,
                "0.0": 0.3147117762692735,
                "-1.0": 0.062106693084585045,
                "-2.0": 0.013277537628739566,
                "-2.5": 0.013370878861533224,
                "-3.0": 0.01175019169938634,
                "-3.5": 0.012099436149044952,
                "-4.0": 0.02184106841859359,
                "-4.5": 0.02184106841859289,
                "-5.0": 0.046152155211828846,
                "-5.5": 0.04615215521182845,
                "-6.0": 0.0428085848361626,
                "-6.5": 0.042838471380495985,
                "-7.0": 0.010680568374017265,
                "-7.5": 0.01068056837401775,
                "-8.0": 0.007093086348767041,
                "-8.5": 0.007093086348766914,
                "-9.0": 0.0007908971150138288
            },
            "gsd_wall": {
                "1.0": 0.3097384762756361,
                "0.0": 0.3097384762759323,
                "-1.0": 0.06115565413426948,
                "-2.0": 0.0131091393907069,
                "-2.5": 0.013190444943208448,
                "-3.0": 0.011588673730299608,
                "-3.5": 0.01174922550040212,
                "-4.0": 0.021170742515930874,
                "-4.5": 0.021170742515711886,
                "-5.0": 0.04476582894820896,
                "-5.5": 0.044765828948111125,
                "-6.0": 0.04160115275785059,
                "-6.5": 0.05199651644061527,
                "-7.0": 0.013001952028510304,
                "-7.5": 0.013001952028511702,
                "-8.0": 0.008639814737138362,
                "-8.5": 0.008639814737138008,
                "-9.0": 0.0009755640918178604
            },
            "Qs_in": 0.0,
            "Qs_out_bed": 339.9747649700946,
            "Qs_out_wall": 0.24477467583460477,
            "D50": 0.0008751671045006403,
            "D84": 0.04511750054396496
        },
        "deposit_downstream": {
            "flow_scale": 0.66,
            "elevation": 1576.3719696098824,
            "length": 120,
            "width": 1.8460536854125003,
            "bankfull_width": 12,
            "lwd_factor": null,
            "gsd_bed": {
                "1.0": 0.18721929967623446,
                "0.0": 0.18373008410133257,
                "-1.0": 0.03512365235131074,
                "-2.0": 0.009631137664266669,
                "-2.5": 0.009586999109545177,
                "-3.0": 0.008467539898934931,
                "-3.5": 0.010434722253227223,
                "-4.0": 0.03961520193328336,
                "-4.5": 0.040385663953857495,
                "-5.0": 0.08555329284520963,
                "-5.5": 0.08555329284521052,
                "-6.0": 0.11030741716255002,
                "-6.5": 0.08995594707140273,
                "-7.0": 0.027669959067625642,
                "-7.5": 0.027669959067626645,
                "-8.0": 0.020564929163167087,
                "-8.5": 0.020564929163166868,
                "-9.0": 0.007965972672048209
            },
            "gsd_wall": {
                "1.0": 0.181993188570076,
                "0.0": 0.17855582283417026,
                "-1.0": 0.03421322854509486,
                "-2.0": 0.007430319809459195,
                "-2.5": 0.007373721321389571,
                "-3.0": 0.006529772091849129,
                "-3.5": 0.008034863285611989,
                "-4.0": 0.0297643245147837,
                "-4.5": 0.030241493587103284,
                "-5.0": 0.06413044474309146,
                "-5.5": 0.06413044474299011,
                "-6.0": 0.08260910580695384,
                "-6.5": 0.16484298214634255,
                "-7.0": 0.041183999270283496,
                "-7.5": 0.04118399927028605,
                "-8.0": 0.027313154422472258,
                "-8.5": 0.027313154422471644,
                "-9.0": 0.0031559806155708153
            },
            "Qs_in": 340.2195396459292,
            "Qs_out_bed": 1111.7778685617602,
            "Qs_out_wall": 0.0025142358759852315,
            "D50": 0.022583384618595374,
            "D84": 0.09052566834646562
        },
        "downstream": {
            "flow_scale": 0.689,
            "elevation": 1570.5831544152275,
            "length": 145,
            "bankfull_width": 12,
            "lwd_factor": null,
            "gsd": {
                "1.0": 0.005,
                "0.0": 0.005,
                "-1.0": 0.005,
                "-2.0": 0.005,
                "-2.5": 0.005,
                "-3.0": 0.027037013110860767,
                "-3.5": 0.05758006296827486,
                "-4.0": 0.12409108313401296,
                "-4.5": 0.12509374113291158,
                "-5.0": 0.19714716897091913,
                "-5.5": 0.19714716897091913,
                "-6.0": 0.16295043372745818,
                "-6.5": 0.01399222782807142,
                "-7.0": 0.01399222855416989,
                "-7.5": 0.013992224786598593,
                "-8.0": 0.013992215605267914,
                "-8.5": 0.013992215605267895,
                "-9.0": 0.013992215605267673
            },
            "Qs_in": 1111.780382797636,
            "Qs_out": 0.7028402158346416,
            "D50": 0.032092889601927986,
            "D84": 0.06435419723798697
        }
    }
}