{
    "timestep": "2005-06-01 20:00",
    "deposit_mass": 12150000,
    "reaches": {
        "upstream": {
            "flow_scale": 0.658,
            "elevation": 1579.9575512881115,
            "length": 120,
            "bankfull_width": 10.5,
            "lwd_factor": null,
            "gsd": {
                "1.0": 0.7539128000191585,
                "0.0": 0.14654752207094124,
                "-1.0": 0.02453967790990133,
                "-2.0": 0.005,
                "-2.5": 0.005,
                "-3.0": 0.005,
                "-3.5": 0.005,
                "-4.0": 0.005,
                "-4.5": 0.005,
                "-5.0": 0.005,
                "-5.5": 0.005,
                "-6.0": 0.005,
                "-6.5": 0.005,
                "-7.0": 0.005,
                "-7.5": 0.005,
                "-8.0": 0.005,
                "-8.5": 0.005,
                "-9.0": 0.005
            },
            "Qs_in": 0.39024471243810666,
            "Qs_out": 0.0,
            "D50": 0.0007071067811865476,
            "D84": 0.0010669088355415599
        },
        "deposit_upstream": {
            "flow_scale": 0.659,
            "elevation": 1580.7088230147308,
            "length": 118,
            "width": 4.082348692981679,
            "bankfull_width": 10.5,
            "lwd_factor": null,
            "gsd_bed": {
                "1.0": 0.09388914957913538,
                "0.0": 0.09388914958303908,
                "-1.0": 0.02128491591515504,
                "-2.0": 0.004867655764100629,
                "-2.5": 0.011139256926743075,
                "-3.0": 0.01056766664470253,
                "-3.5": 0.012751069689717794,
                "-4.0": 0.019222159654859038,
                "-4.5": 0.019282895821324416,
                "-5.0": 0.03396754850059233,
                "-5.5": 0.03410055338043633,
                "-6.0": 0.06961754206716343,
                "-6.5": 0.20104285366199628,
                "-7.0": 0.10716895652547578,
                "-7.5": 0.10716895652612429,
                "-8.0": 0.07319920974743892,
                "-8.5": 0.07319920974727825,
                "-9.0": 0.013641250264717155
            },
            "gsd_wall": {
                "1.0": 5.560606372939298e-05,
                "0.0": 5.56060636872989e-05,
                "-1.0": 3.7037551413573207e-05,
                "-2.0": 2.376648184712233e-05,
                "-2.5": 3.37060431354908e-05,
                "-3.0": 2.092575664508098e-05,
                "-3.5": 3.3267097046515015e-05,
                "-4.0": 3.1213215090645355e-05,
                "-4.5": 2.0673672769760173e-05,
                "-5.0": 4.577934626364385e-05,
                "-5.5": 2.1618332315024083e-05,
                "-6.0": 9.895156749961121e-06,
                "-6.5": 0.25644304250754285,
                "-7.0": 0.21655748912983203,
                "-7.5": 0.21655748913108186,
                "-8.0": 0.146118119444185,
                "-8.5": 0.14611811944389205,
                "-9.0": 0.017816645562772716
            },
            "Qs_in": 0.0,
            "Qs_out_bed": 0.0,
            "Qs_out_wall": 0.0,
            "D50": 0.08797872909292978,
            "D84": 0.2550662880209367
        },
        "deposit_downstream": {
            "flow_scale": 0.66,
            "elevation": 1576.4314503995458,
            "length": 120,
            "width": 1.9315230479068788,
            "bankfull_width": 12,
            "lwd_factor": null,
            "gsd_bed": {
                "1.0": 0.0005,
                "0.0": 0.0005,
                "-1.0": 0.0005,
                "-2.0": 0.0006776041254839201,
                "-2.5": 0.0008012055538009936,
                "-3.0": 0.0012949409342192,
                "-3.5": 0.0012949409345181086,
                "-4.0": 0.0012949409345061774,
                "-4.5": 0.0012949409344674189,
                "-5.0": 0.00129494093448826,
                "-5.5": 0.0012949409344800993,
                "-6.0": 0.0012949409344815458,
                "-6.5": 0.199686154122971,
                "-7.0": 0.0012950345243252137,
                "-7.5": 0.1879174200555262,
                "-8.0": 0.19968601506937841,
                "-8.5": 0.1996860150693576,
                "-9.0": 0.19968596493799592
            },
            "gsd_wall": {
                "1.0": 0.00036902625648887154,
                "0.0": 0.00036902625650279134,
                "-1.0": 0.0003690262565080658,
                "-2.0": 0.00036902625649752054,
                "-2.5": 0.010881547211352352,
                "-3.0": 0.011304973272032306,
                "-3.5": 0.010970002973610934,
                "-4.0": 0.011665425698486285,
                "-4.5": 0.011536832509034133,
                "-5.0": 0.012696859511711756,
                "-5.5": 0.012696859510328796,
                "-6.0": 0.01299455199954425,
                "-6.5": 0.3410620977112758,
                "-7.0": 0.1579880680438124,
                "-7.5": 0.1605417831648283,
                "-8.0": 0.11097711999662352,
                "-8.5": 0.11097711999638535,
                "-9.0": 0.02223065337497659
            },
            "Qs_in": 0.0,
            "Qs_out_bed": 6.1930171016415156e-06,
            "Qs_out_wall": 3.106141213860794e-08,
            "D50": 0.25618932496690694,
            "D84": 0.5064501046535901
        },
        "downstream": {
            "flow_scale": 0.689,
            "elevation": 1570.7910647569959,
            "length": 145,
            "bankfull_width": 12,
            "lwd_factor": null,
            "gsd": {
                "1.0": 0.004981393675173022,
                "0.0": 0.004981393675173022,
                "-1.0": 0.004981393675173022,
                "-2.0": 0.004981393675173022,
                "-2.5": 0.004981393675173022,
                "-3.0": 0.004981393675173022,
                "-3.5": 0.004981393675173022,
                "-4.0": 0.004981393675173022,
                "-4.5": 0.004981393675173022,
                "-5.0": 0.004981393675173022,
                "-5.5": 0.09666796080186205,
                "-6.0": 0.14696681280312113,
                "-6.5": 0.19998139367517304,
                "-7.0": 0.19998139367517304,
                "-7.5": 0.19998139367517304,
                "-8.0": 0.035535702873468134,
                "-8.5": 0.0355357028732066,
                "-9.0": 0.03553570287109283
            },
            "Qs_in": 6.224078513780124e-06,
            "Qs_out": 0.00023849169775815244,
            "D50": 0.12459509052527945,
            "D84": 0.18689263578791915
        }
    }
}