{
    "timestep": "2007-04-27 07:00",
    "deposit_mass": 12150000,
    "reaches": {
        "upstream": {
            "flow_scale": 0.658,
            "elevation": 1580.0291852717905,
            "length": 120,
            "bankfull_width": 10.5,
            "lwd_factor": null,
            "gsd": {
                "1.0": 0.8673355985586634,
                "0.0": 0.05266440144133611,
                "-1.0": 0.005,
                "-2.0": 0.005,
                "-2.5": 0.005,
                "-3.0": 0.005,
                "-3.5": 0.005,
                "-4.0": 0.005,
                "-4.5": 0.005,
                "-5.0": 0.005,
                "-5.5": 0.005,
                "-6.0": 0.005,
                "-6.5": 0.005,
                "-7.0": 0.005,
                "-7.5": 0.005,
                "-8.0": 0.005,
                "-8.5": 0.005,
                "-9.0": 0.005
            },
            "Qs_in": 0.016234180037425282,
            "Qs_out": 0.0,
            "D50": 0.0007071067811865476,
            "D84": 0.0014142135623730952
        },
        "deposit_upstream": {
            "flow_scale": 0.659,
            "elevation": 1580.7088230147308,
            "length": 118,
            "width": 4.082348692981679,
            "bankfull_width": 10.5,
            "lwd_factor": null,
            "gsd_bed": {
                "1.0": 0.09388914958137606,
                "0.0": 0.09388914958736096,
                "-1.0": 0.02128491591631617,
                "-2.0": 0.004867655764284349,
                "-2.5": 0.011139256901983093,
                "-3.0": 0.010567666628143426,
                "-3.5": 0.012751069693105369,
                "-4.0": 0.019222159658562075,
                "-4.5": 0.019282895820456326,
                "-5.0": 0.033967548503401966,
                "-5.5": 0.03410055338154885,
                "-6.0": 0.06961754207005709,
                "-6.5": 0.201042853668542,
                "-7.0": 0.10716895652918153,
                "-7.5": 0.10716895653019559,
                "-8.0": 0.07319920975031458,
                "-8.5": 0.0731992097500647,
                "-9.0": 0.013641250265105865
            },
            "gsd_wall": {
                "1.0": 5.560606372873408e-05,
                "0.0": 5.56060636878692e-05,
                "-1.0": 3.703755141426851e-05,
                "-2.0": 2.376648184716505e-05,
                "-2.5": 3.3706043059362125e-05,
                "-3.0": 2.0925756611541266e-05,
                "-3.5": 3.326709705416508e-05,
                "-4.0": 3.121321509553778e-05,
                "-4.5": 2.067367276808951e-05,
                "-5.0": 4.577934626578916e-05,
                "-5.5": 2.1618332314956913e-05,
                "-6.0": 9.895156750018194e-06,
                "-6.5": 0.2564430425067214,
                "-7.0": 0.21655748912957778,
                "-7.5": 0.21655748913154993,
                "-8.0": 0.1461181194446877,
                "-8.5": 0.14611811944422123,
                "-9.0": 0.01781664556264447
            },
            "Qs_in": 0.0,
            "Qs_out_bed": 0.0,
            "Qs_out_wall": 0.0,
            "D50": 0.08797872909331683,
            "D84": 0.2550662880212122
        },
        "deposit_downstream": {
            "flow_scale": 0.66,
            "elevation": 1576.3877585167618,
            "length": 120,
            "width": 1.9315232211105058,
            "bankfull_width": 12,
            "lwd_factor": null,
            "gsd_bed": {
                "1.0": 0.0005,
                "0.0": 0.0005,
                "-1.0": 0.000514152883353418,
                "-2.0": 0.000514152883353365,
                "-2.5": 0.0005280028368769141,
                "-3.0": 0.0005280028368790596,
                "-3.5": 0.0005280028368850522,
                "-4.0": 0.0005280028368848133,
                "-4.5": 0.000528002836884037,
                "-5.0": 0.000528002836884454,
                "-5.5": 0.0005280028368842901,
                "-6.0": 0.0005280028368843192,
                "-6.5": 0.19982001801621377,
                "-7.0": 0.0005280030609980741,
                "-7.5": 0.19393959641237715,
                "-8.0": 0.19982001801621377,
                "-8.5": 0.19982001801621377,
                "-9.0": 0.19982001801621377
            },
            "gsd_wall": {
                "1.0": 0.0003386669866852327,
                "0.0": 0.00033866698670550506,
                "-1.0": 0.0003386669867131904,
                "-2.0": 0.00033866698669782777,
                "-2.5": 0.009986337642544914,
                "-3.0": 0.010374929044163619,
                "-3.5": 0.010067516298833979,
                "-4.0": 0.01070572757603385,
                "-4.5": 0.010587713564428508,
                "-5.0": 0.01165230678261952,
                "-5.5": 0.011652306780766439,
                "-6.0": 0.011925508528740497,
                "-6.5": 0.34521719625214997,
                "-7.0": 0.15842274633842218,
                "-7.5": 0.1621977196945462,
                "-8.0": 0.11215052794934179,
                "-8.5": 0.11215052794899022,
                "-9.0": 0.0215542676516166
            },
            "Qs_in": 0.0,
            "Qs_out_bed": 7.552682599734504e-07,
            "Qs_out_wall": 1.1862700371019471e-08,
            "D50": 0.2565397931534964,
            "D84": 0.5064574225325549
        },
        "downstream": {
            "flow_scale": 0.689,
            "elevation": 1570.8001058538107,
            "length": 145,
            "bankfull_width": 12,
            "lwd_factor": null,
            "gsd": {
                "1.0": 0.005000018979508042,
                "0.0": 0.005000018979508066,
                "-1.0": 0.0050000000347610925,
                "-2.0": 0.005000000034760484,
                "-2.5": 0.005034885705772395,
                "-3.0": 0.00503488570695027,
                "-3.5": 0.005034885710242475,
                "-4.0": 0.005034885710111094,
                "-4.5": 0.005034885709684197,
                "-5.0": 0.00503488570991373,
                "-5.5": 0.13826240115180463,
                "-6.0": 0.19910589735971287,
                "-6.5": 0.1991058973590871,
                "-7.0": 0.1991058973592296,
                "-7.5": 0.19910589735946843,
                "-8.0": 0.005034885709835663,
                "-8.5": 0.0050348857098334796,
                "-9.0": 0.005034885709816443
            },
            "Qs_in": 7.671309603444699e-07,
            "Qs_out": 0.0006769473040733876,
            "D50": 0.09125571009943415,
            "D84": 0.17957661206322842
        }
    }
}