{
    "timestep": "2002-06-02 13:00",
    "deposit_mass": 12150000,
    "reaches": {
        "upstream": {
            "flow_scale": 0.658,
            "elevation": 1579.610623075064,
            "length": 120,
            "bankfull_width": 10.5,
            "lwd_factor": null,
            "gsd": {
                "1.0": 0.5975427197129872,
                "0.0": 0.2070239309295528,
                "-1.0": 0.05352527138433845,
                "-2.0": 0.03047393751629708,
                "-2.5": 0.027088252070275456,
                "-3.0": 0.01693027289818398,
                "-3.5": 0.012415615488365549,
                "-4.0": 0.005,
                "-4.5": 0.005,
                "-5.0": 0.005,
                "-5.5": 0.005,
                "-6.0": 0.005,
                "-6.5": 0.005,
                "-7.0": 0.005,
                "-7.5": 0.005,
                "-8.0": 0.005,
                "-8.5": 0.005,
                "-9.0": 0.005
            },
            "Qs_in": 291.78267786528255,
            "Qs_out": 0.0,
            "D50": 0.0007071067811865476,
            "D84": 0.00175251007780513
        },
        "deposit_upstream": {
            "flow_scale": 0.659,
            "elevation": 1580.7088230147308,
            "length": 118,
            "width": 4.082348692981679,
            "bankfull_width": 10.5,
            "lwd_factor": null,
            "gsd_bed": {
                "1.0": 0.09388914957532575,
                "0.0": 0.09388914957569168,
                "-1.0": 0.021284915913181292,
                "-2.0": 0.004867655763788236,
                "-2.5": 0.011139256968835939,
                "-3.0": 0.010567666672852975,
                "-3.5": 0.012751069683959095,
                "-4.0": 0.019222159648564083,
                "-4.5": 0.019282895822800412,
                "-5.0": 0.033967548495815854,
                "-5.5": 0.034100553378544035,
                "-6.0": 0.06961754206224302,
                "-6.5": 0.2010428536508697,
                "-7.0": 0.10716895651917602,
                "-7.5": 0.10716895651920351,
                "-8.0": 0.07319920974254945,
                "-8.5": 0.07319920974254286,
                "-9.0": 0.013641250264056123
            },
            "gsd_wall": {
                "1.0": 5.560606373051269e-05,
                "0.0": 5.5606063686327854e-05,
                "-1.0": 3.703755141239178e-05,
                "-2.0": 2.376648184704987e-05,
                "-2.5": 3.3706043264909246e-05,
                "-3.0": 2.0925756702098974e-05,
                "-3.5": 3.326709703351046e-05,
                "-4.0": 3.1213215082328e-05,
                "-4.5": 2.0673672772599834e-05,
                "-5.0": 4.5779346259997105e-05,
                "-5.5": 2.1618332315137924e-05,
                "-6.0": 9.895156749864098e-06,
                "-6.5": 0.2564430425089374,
                "-7.0": 0.21655748913026698,
                "-7.5": 0.21655748913028455,
                "-8.0": 0.14611811944333403,
                "-8.5": 0.14611811944332959,
                "-9.0": 0.017816645562990705
            },
            "Qs_in": 0.0,
            "Qs_out_bed": 0.0,
            "Qs_out_wall": 0.0,
            "D50": 0.0879787290922717,
            "D84": 0.25506628802046866
        },
        "deposit_downstream": {
            "flow_scale": 0.66,
            "elevation": 1576.5933215976893,
            "length": 120,
            "width": 1.931520996698666,
            "bankfull_width": 12,
            "lwd_factor": null,
            "gsd_bed": {
                "1.0": 0.0005,
                "0.0": 0.0005,
                "-1.0": 0.0005,
                "-2.0": 0.0005,
                "-2.5": 0.0005,
                "-3.0": 0.0005,
                "-3.5": 0.0005088142155741319,
                "-4.0": 0.0007122060761573207,
                "-4.5": 0.001152342301554181,
                "-5.0": 0.0026005597035215987,
                "-5.5": 0.002602192960182588,
                "-6.0": 0.007438167289057195,
                "-6.5": 0.19961653337736948,
                "-7.0": 0.08462692608304231,
                "-7.5": 0.17444125564956176,
                "-8.0": 0.174436469788484,
                "-8.5": 0.1744364697884819,
                "-9.0": 0.1744280627670135
            },
            "gsd_wall": {
                "1.0": 0.0004888026467087076,
                "0.0": 0.000488802646708764,
                "-1.0": 0.0004888026467087846,
                "-2.0": 0.0004888026467087422,
                "-2.5": 0.014413416400547835,
                "-3.0": 0.014974275608088417,
                "-3.5": 0.014530582557234266,
                "-4.0": 0.01545172153607971,
                "-4.5": 0.015281390325357079,
                "-5.0": 0.016817932123971573,
                "-5.5": 0.016817932123572136,
                "-6.0": 0.017212247904568535,
                "-6.5": 0.30432525139027766,
                "-7.0": 0.15979802387312705,
                "-7.5": 0.16012787023279063,
                "-8.0": 0.11141411609421449,
                "-8.5": 0.11141411609418266,
                "-9.0": 0.02546591314915302
            },
            "Qs_in": 0.0,
            "Qs_out_bed": 235.578697030927,
            "Qs_out_wall": 9.752873255677145e-06,
            "D50": 0.25124429325574554,
            "D84": 0.505090669185541
        },
        "downstream": {
            "flow_scale": 0.689,
            "elevation": 1570.7762851193936,
            "length": 145,
            "bankfull_width": 12,
            "lwd_factor": null,
            "gsd": {
                "1.0": 0.005,
                "0.0": 0.005,
                "-1.0": 0.005,
                "-2.0": 0.005712621260174841,
                "-2.5": 0.010508921127412321,
                "-3.0": 0.04543965357061318,
                "-3.5": 0.04510771454375898,
                "-4.0": 0.07149087240317516,
                "-4.5": 0.07134541041422386,
                "-5.0": 0.07108420916802655,
                "-5.5": 0.070951011131443,
                "-6.0": 0.07078324682501558,
                "-6.5": 0.19896212035915886,
                "-7.0": 0.08242631950791306,
                "-7.5": 0.06029697492227232,
                "-8.0": 0.06029697492227294,
                "-8.5": 0.06029697492227232,
                "-9.0": 0.060296974922266995
            },
            "Qs_in": 235.57870678380027,
            "Qs_out": 0.0015666879443383614,
            "D50": 0.08680011464761056,
            "D84": 0.25555336063839884
        }
    }
}