{
    "timestep": "2002-04-03 02:00",
    "deposit_mass": 12150000,
    "reaches": {
        "upstream": {
            "flow_scale": 0.658,
            "elevation": 1579.594,
            "length": 120,
            "bankfull_width": 10.5,
            "lwd_factor": null,
            "gsd": {
                "1.0": 0.0030096308186202667,
                "0.0": 0.003009630818620948,
                "-1.0": 0.003009630818621201,
                "-2.0": 0.005016051364367818,
                "-2.5": 0.010032102728504322,
                "-3.0": 0.01585072231114283,
                "-3.5": 0.03260433386846661,
                "-4.0": 0.0466492776886944,
                "-4.5": 0.07574237560189008,
                "-5.0": 0.10493579454262282,
                "-5.5": 0.137941412520108,
                "-6.0": 0.15258828250407525,
                "-6.5": 0.13904494382026863,
                "-7.0": 0.12479935794546737,
                "-7.5": 0.07734751203855211,
                "-8.0": 0.042034510433403005,
                "-8.5": 0.018358747993586277,
                "-9.0": 0.008025682182987767
            },
            "Qs_in": 0.0,
            "Qs_out": 0.0,
            "D50": 0.06363388215270584,
            "D84": 0.1296048174279013
        },
        "deposit_upstream": {
            "flow_scale": 0.659,
            "elevation": 1581.0744940407076,
            "length": 118,
            "width": 1.0001737918414846,
            "bankfull_width": 10.5,
            "lwd_factor": null,
            "gsd_bed": {
                "1.0": 0.34481283493929055,
                "0.0": 0.34481283493928916,
                "-1.0": 0.0680521830707108,
                "-2.0": 0.014552348978636198,
                "-2.5": 0.014650875376603128,
                "-3.0": 0.012877400213327185,
                "-3.5": 0.012975926611281583,
                "-4.0": 0.016862676656972685,
                "-4.5": 0.016862676656971845,
                "-5.0": 0.035632314206537404,
                "-5.5": 0.035632314206537,
                "-6.0": 0.028877841143408776,
                "-6.5": 0.02887784114340611,
                "-7.0": 0.007206076043571637,
                "-7.5": 0.007206076043571893,
                "-8.0": 0.004786205039341273,
                "-8.5": 0.004786205039341213,
                "-9.0": 0.0005353696912014275
            },
            "gsd_wall": {
                "1.0": 0.3499321515240551,
                "0.0": 0.3499321515241327,
                "-1.0": 0.06906253023337387,
                "-2.0": 0.01476840265740203,
                "-2.5": 0.014868391842288305,
                "-3.0": 0.013068586508405098,
                "-3.5": 0.013168575693867918,
                "-4.0": 0.015763346467598503,
                "-4.5": 0.015763346467560984,
                "-5.0": 0.03330933313289387,
                "-5.5": 0.033309333132877136,
                "-6.0": 0.02704505929848153,
                "-6.5": 0.027045059298479144,
                "-7.0": 0.006748730036290984,
                "-7.5": 0.006748730036291217,
                "-8.0": 0.004482440306422309,
                "-8.5": 0.0044824403064222616,
                "-9.0": 0.0005013915331568056
            },
            "Qs_in": 0.0,
            "Qs_out_bed": 124.33244037176206,
            "Qs_out_wall": 1.0429736138353136,
            "D50": 0.0008481238985153316,
            "D84": 0.02263573276863931
        },
        "deposit_downstream": {
            "flow_scale": 0.66,
            "elevation": 1576.4165117386142,
            "length": 120,
            "width": 1.000218044823446,
            "bankfull_width": 12,
            "lwd_factor": null,
            "gsd_bed": {
                "1.0": 0.3306581774312526,
                "0.0": 0.3306581774312419,
                "-1.0": 0.06525862306819331,
                "-2.0": 0.01395497122798956,
                "-2.5": 0.014049453091461744,
                "-3.0": 0.012348779549780035,
                "-3.5": 0.012443261413172728,
                "-4.0": 0.019865875308569057,
                "-4.5": 0.019865875308568207,
                "-5.0": 0.041978336261943694,
                "-5.5": 0.04197833626194332,
                "-6.0": 0.03403955889911645,
                "-6.5": 0.03401701425546987,
                "-7.0": 0.008488487428228296,
                "-7.5": 0.008488487428228574,
                "-8.0": 0.005637970104633308,
                "-8.5": 0.005637970104633239,
                "-9.0": 0.000630645425574128
            },
            "gsd_wall": {
                "1.0": 0.34896327149776896,
                "0.0": 0.34896327149784345,
                "-1.0": 0.06887131229064769,
                "-2.0": 0.014727512415414841,
                "-2.5": 0.014827224753718862,
                "-3.0": 0.013032402658529623,
                "-3.5": 0.013132114997389381,
                "-4.0": 0.01592239052914911,
                "-4.5": 0.01592239052911267,
                "-5.0": 0.03364540717909394,
                "-5.5": 0.03364540717907779,
                "-6.0": 0.027282520493680216,
                "-6.5": 0.027616141050773965,
                "-7.0": 0.006891235790571463,
                "-7.5": 0.006891235790571682,
                "-8.0": 0.004577091230884972,
                "-8.5": 0.004577091230884914,
                "-9.0": 0.0005119788848864085
            },
            "Qs_in": 125.37541398559738,
            "Qs_out_bed": 533.403914678774,
            "Qs_out_wall": 1.293765353381323,
            "D50": 0.0008601393175679947,
            "D84": 0.031921976512780635
        },
        "downstream": {
            "flow_scale": 0.689,
            "elevation": 1570.515805473468,
            "length": 145,
            "bankfull_width": 12,
            "lwd_factor": null,
            "gsd": {
                "1.0": 0.005,
                "0.0": 0.005,
                "-1.0": 0.0245979602836658,
                "-2.0": 0.013794567073613666,
                "-2.5": 0.015457768797517132,
                "-3.0": 0.06598520730212169,
                "-3.5": 0.1635188202717301,
                "-4.0": 0.09368589666286735,
                "-4.5": 0.09507321353643733,
                "-5.0": 0.19040879200064956,
                "-5.5": 0.19040879200064756,
                "-6.0": 0.09440366520481648,
                "-6.5": 0.007448948320116231,
                "-7.0": 0.007486728090707915,
                "-7.5": 0.0072906968392193825,
                "-8.0": 0.006812981205296689,
                "-8.5": 0.006812981205296661,
                "-9.0": 0.006812981205296472
            },
            "Qs_in": 534.6976800321553,
            "Qs_out": 0.09180822714020193,
            "D50": 0.03097690487428372,
            "D84": 0.04646535731142558
        }
    }
}