{
    "timestep": "2002-04-21 21:00",
    "deposit_mass": 12150000,
    "reaches": {
        "upstream": {
            "flow_scale": 0.658,
            "elevation": 1579.5940072406881,
            "length": 120,
            "bankfull_width": 10.5,
            "lwd_factor": null,
            "gsd": {
                "1.0": 0.9149999999999997,
                "0.0": 0.005,
                "-1.0": 0.005,
                "-2.0": 0.005,
                "-2.5": 0.005,
                "-3.0": 0.005,
                "-3.5": 0.005,
                "-4.0": 0.005,
                "-4.5": 0.005,
                "-5.0": 0.005,
                "-5.5": 0.005,
                "-6.0": 0.005,
                "-6.5": 0.005,
                "-7.0": 0.005,
                "-7.5": 0.005,
                "-8.0": 0.005,
                "-8.5": 0.005,
                "-9.0": 0.005
            },
            "Qs_in": 0.0012487830798019464,
            "Qs_out": 0.0,
            "D50": 0.0007071067811865476,
            "D84": 0.0014142135623730952
        },
        "deposit_upstream": {
            "flow_scale": 0.659,
            "elevation": 1580.8289171381455,
            "length": 118,
            "width": 2.8146756704447053,
            "bankfull_width": 10.5,
            "lwd_factor": null,
            "gsd_bed": {
                "1.0": 0.17613165334245884,
                "0.0": 0.1761316533423672,
                "-1.0": 0.04006973759970665,
                "-2.0": 0.009161632803338872,
                "-2.5": 0.009504815003778847,
                "-3.0": 0.008402907260922536,
                "-3.5": 0.012538006886076826,
                "-4.0": 0.024716692997172936,
                "-4.5": 0.0248336821914771,
                "-5.0": 0.05247592187203546,
                "-5.5": 0.05247557660803351,
                "-6.0": 0.10668420189179642,
                "-6.5": 0.16773388503525372,
                "-7.0": 0.04086872647742473,
                "-7.5": 0.04086872647743057,
                "-8.0": 0.027138625975547722,
                "-8.5": 0.027138625975546306,
                "-9.0": 0.0031249282596320102
            },
            "gsd_wall": {
                "1.0": 0.1505365451098675,
                "0.0": 0.15053654510928086,
                "-1.0": 0.029916423200014974,
                "-2.0": 0.0070585723720096505,
                "-2.5": 0.007159658735476072,
                "-3.0": 0.006463772840318682,
                "-3.5": 0.009427482874699711,
                "-4.0": 0.01849574775765744,
                "-4.5": 0.018388559527734754,
                "-5.0": 0.039094481227172476,
                "-5.5": 0.039162701527737334,
                "-6.0": 0.08519414169648691,
                "-6.5": 0.22207961345780675,
                "-7.0": 0.06354207882017165,
                "-7.5": 0.06354207882018145,
                "-8.0": 0.04226223762357258,
                "-8.5": 0.042262237623570245,
                "-9.0": 0.00487712167624097
            },
            "Qs_in": 0.0,
            "Qs_out_bed": 0.0,
            "Qs_out_wall": 0.0,
            "D50": 0.031768560295953215,
            "D84": 0.09116446501182214
        },
        "deposit_downstream": {
            "flow_scale": 0.66,
            "elevation": 1576.3945261736033,
            "length": 120,
            "width": 1.9315208338716507,
            "bankfull_width": 12,
            "lwd_factor": null,
            "gsd_bed": {
                "1.0": 0.0005,
                "0.0": 0.0005,
                "-1.0": 0.0005,
                "-2.0": 0.006256522384062773,
                "-2.5": 0.007906139205136414,
                "-3.0": 0.0068332293294743746,
                "-3.5": 0.010859509436296301,
                "-4.0": 0.022717700546928385,
                "-4.5": 0.022831611046907358,
                "-5.0": 0.04331676492589734,
                "-5.5": 0.004511562926435073,
                "-6.0": 0.0402525140759593,
                "-6.5": 0.19996655864247864,
                "-7.0": 0.13437297505744872,
                "-7.5": 0.13437297505745766,
                "-8.0": 0.12621238041164762,
                "-8.5": 0.12621238041164498,
                "-9.0": 0.11187717654222527
            },
            "gsd_wall": {
                "1.0": 0.0004748947293132952,
                "0.0": 0.0004749218625002111,
                "-1.0": 0.00047492186250026164,
                "-2.0": 0.0004749218625001604,
                "-2.5": 0.016706207110908085,
                "-3.0": 0.017309019050808214,
                "-3.5": 0.016832137385579697,
                "-4.0": 0.017822178324750255,
                "-4.5": 0.017639106198889924,
                "-5.0": 0.019290582598869985,
                "-5.5": 0.01929058259862291,
                "-6.0": 0.01971439352727134,
                "-6.5": 0.300023530670276,
                "-7.0": 0.15460595541144076,
                "-7.5": 0.1546059554114717,
                "-8.0": 0.10853280662348813,
                "-8.5": 0.10853280662348055,
                "-9.0": 0.02719507814732851
            },
            "Qs_in": 0.0,
            "Qs_out_bed": 1.3703597997874523e-07,
            "Qs_out_wall": 0.0,
            "D50": 0.13358384423698597,
            "D84": 0.3633515852453514
        },
        "downstream": {
            "flow_scale": 0.689,
            "elevation": 1570.681973208577,
            "length": 145,
            "bankfull_width": 12,
            "lwd_factor": null,
            "gsd": {
                "1.0": 0.01062971529615007,
                "0.0": 0.011707093053252992,
                "-1.0": 0.03639620793000981,
                "-2.0": 0.011405703144183979,
                "-2.5": 0.01862746905209358,
                "-3.0": 0.018798501118781518,
                "-3.5": 0.02347272905603843,
                "-4.0": 0.08122088078273504,
                "-4.5": 0.18935732909492645,
                "-5.0": 0.19871867606760135,
                "-5.5": 0.1522264020769376,
                "-6.0": 0.04711597620216174,
                "-6.5": 0.03506639819198827,
                "-7.0": 0.033051383786627586,
                "-7.5": 0.03305138378662921,
                "-8.0": 0.03305138378662956,
                "-8.5": 0.033051383786628835,
                "-9.0": 0.03305138378662409
            },
            "Qs_in": 1.3703597997874523e-07,
            "Qs_out": 3.380066596384481e-05,
            "D50": 0.032036597244303223,
            "D84": 0.12773568933399734
        }
    }
}