{
    "timestep": "2002-04-05 04:00",
    "deposit_mass": 12150000,
    "reaches": {
        "upstream": {
            "flow_scale": 0.658,
            "elevation": 1579.594,
            "length": 120,
            "bankfull_width": 10.5,
            "lwd_factor": null,
            "gsd": {
                "1.0": 0.00300963081862094,
                "0.0": 0.003009630818622288,
                "-1.0": 0.003009630818622788,
                "-2.0": 0.005016051364369638,
                "-2.5": 0.010032102728281193,
                "-3.0": 0.015850722310894228,
                "-3.5": 0.03260433386855276,
                "-4.0": 0.046649277688783554,
                "-4.5": 0.07574237560185476,
                "-5.0": 0.10493579454270809,
                "-5.5": 0.13794141252015088,
                "-6.0": 0.1525882825041362,
                "-6.5": 0.13904494382031188,
                "-7.0": 0.12479935794550859,
                "-7.5": 0.07734751203858041,
                "-8.0": 0.04203451043341889,
                "-8.5": 0.018358747993592966,
                "-9.0": 0.008025682182989944
            },
            "Qs_in": 0.0,
            "Qs_out": 0.0,
            "D50": 0.06363388215270928,
            "D84": 0.12960481742790347
        },
        "deposit_upstream": {
            "flow_scale": 0.659,
            "elevation": 1581.0471044478134,
            "length": 118,
            "width": 1.0003368440870049,
            "bankfull_width": 10.5,
            "lwd_factor": null,
            "gsd_bed": {
                "1.0": 0.33513426583915573,
                "0.0": 0.335134265839143,
                "-1.0": 0.06614202286341471,
                "-2.0": 0.014143878350842114,
                "-2.5": 0.014239639206355598,
                "-3.0": 0.01251594380812707,
                "-3.5": 0.012684960024514054,
                "-4.0": 0.01808072034437999,
                "-4.5": 0.01808072034437916,
                "-5.0": 0.0382061473096611,
                "-5.5": 0.03820614730966068,
                "-6.0": 0.03528499937975838,
                "-6.5": 0.03360909213144065,
                "-7.0": 0.008386695960126245,
                "-7.5": 0.008386695960126797,
                "-8.0": 0.005570361209772335,
                "-8.5": 0.005570361209772187,
                "-9.0": 0.0006230829093703729
            },
            "gsd_wall": {
                "1.0": 0.3495228626511557,
                "0.0": 0.3495228626513061,
                "-1.0": 0.06898175307406243,
                "-2.0": 0.014751129186384302,
                "-2.5": 0.014851001421251534,
                "-3.0": 0.01305330118212739,
                "-3.5": 0.013155159210486891,
                "-4.0": 0.01582157953408875,
                "-4.5": 0.015821579534015695,
                "-5.0": 0.03343238470792053,
                "-5.5": 0.03343238470788791,
                "-6.0": 0.027255448822644746,
                "-6.5": 0.02725584485563438,
                "-7.0": 0.006801328731124428,
                "-7.5": 0.006801328731124877,
                "-8.0": 0.0045173758437041574,
                "-8.5": 0.004517375843704054,
                "-9.0": 0.0005052993113762006
            },
            "Qs_in": 0.0,
            "Qs_out_bed": 319.85598161215773,
            "Qs_out_wall": 1.1349759438891842,
            "D50": 0.0008564498989380222,
            "D84": 0.03189804100276085
        },
        "deposit_downstream": {
            "flow_scale": 0.66,
            "elevation": 1576.4201021148635,
            "length": 120,
            "width": 1.4153294737300979,
            "bankfull_width": 12,
            "lwd_factor": null,
            "gsd_bed": {
                "1.0": 0.28748333298753265,
                "0.0": 0.2874833329874705,
                "-1.0": 0.05673034761304451,
                "-2.0": 0.012120638718043355,
                "-2.5": 0.01221188684362059,
                "-3.0": 0.010731527408465516,
                "-3.5": 0.013862877665086594,
                "-4.0": 0.024288914816011486,
                "-4.5": 0.024288914816011097,
                "-5.0": 0.05132470507438553,
                "-5.5": 0.05132470507438536,
                "-6.0": 0.06447695618752107,
                "-6.5": 0.05611918012801535,
                "-7.0": 0.013992881965828303,
                "-7.5": 0.01399288196582893,
                "-8.0": 0.009279370555651478,
                "-8.5": 0.009279370555651322,
                "-9.0": 0.0010081746374460381
            },
            "gsd_wall": {
                "1.0": 0.3169220269510169,
                "0.0": 0.31692202695118865,
                "-1.0": 0.06257508463905607,
                "-2.0": 0.01342109485091998,
                "-2.5": 0.013477443336222767,
                "-3.0": 0.011853983960789774,
                "-3.5": 0.012040591018723217,
                "-4.0": 0.020862586045513342,
                "-4.5": 0.02086258604540713,
                "-5.0": 0.0441019878114391,
                "-5.5": 0.044101987811391886,
                "-6.0": 0.036312551520492654,
                "-6.5": 0.04673014149221428,
                "-7.0": 0.011676256997929494,
                "-7.5": 0.011676256997930182,
                "-8.0": 0.007775800165120973,
                "-8.5": 0.007775800165120789,
                "-9.0": 0.0009117932395224339
            },
            "Qs_in": 320.9909575560469,
            "Qs_out_bed": 1134.5925283454983,
            "Qs_out_wall": 0.7677027832256277,
            "D50": 0.0009040667066701496,
            "D84": 0.06364036771704906
        },
        "downstream": {
            "flow_scale": 0.689,
            "elevation": 1570.529809909213,
            "length": 145,
            "bankfull_width": 12,
            "lwd_factor": null,
            "gsd": {
                "1.0": 0.005,
                "0.0": 0.005,
                "-1.0": 0.005,
                "-2.0": 0.030152459388152166,
                "-2.5": 0.03241440036815914,
                "-3.0": 0.030040582083319608,
                "-3.5": 0.103619121281354,
                "-4.0": 0.13896364982192685,
                "-4.5": 0.1389952012872091,
                "-5.0": 0.18376932741619012,
                "-5.5": 0.1837693274161864,
                "-6.0": 0.07004158146065172,
                "-6.5": 0.01221341339208206,
                "-7.0": 0.012214272609717075,
                "-7.5": 0.0122098143108539,
                "-8.0": 0.012198949721399396,
                "-8.5": 0.012198949721399352,
                "-9.0": 0.012198949721399103
            },
            "Qs_in": 1135.3602311287239,
            "Qs_out": 0.10916372350129572,
            "D50": 0.03106422766077291,
            "D84": 0.046596341491159356
        }
    }
}