{
    "timestep": "2012-04-05 04:00",
    "deposit_mass": 2401711,
    "reaches": {
        "upstream": {
            "flow_scale": 0.78,
            "elevation": 1746.1185,
            "length": 50,
            "bankfull_width": 6,
            "lwd_factor": null,
            "gsd": {
                "1.0": 0.004955892556255179,
                "0.0": 0.004955892556257385,
                "-1.0": 0.00703736742988667,
                "-2.0": 0.009317078005762333,
                "-2.5": 0.016850034690502863,
                "-3.0": 0.03201506591237946,
                "-3.5": 0.04896421845603999,
                "-4.0": 0.06531866389166549,
                "-4.5": 0.09654078699571603,
                "-5.0": 0.1252849638222792,
                "-5.5": 0.14411735553592528,
                "-6.0": 0.14282882347132497,
                "-6.5": 0.11874318564789438,
                "-7.0": 0.09743284765599736,
                "-7.5": 0.04985627911594115,
                "-8.0": 0.023193577163281378,
                "-8.5": 0.007632074536635112,
                "-9.0": 0.0049558925562556335
            },
            "Qs_in": 0.0,
            "Qs_out": 0.0,
            "D50": 0.04543415634568937,
            "D84": 0.12766173715106185
        },
        "deposit_upstream": {
            "flow_scale": 0.79,
            "elevation": 1746.2987085926904,
            "length": 55,
            "width": 1.0000848991282296,
            "bankfull_width": 6,
            "lwd_factor": null,
            "gsd_bed": {
                "1.0": 1.734508077270058e-05,
                "0.0": 1.7366192754109385e-05,
                "-1.0": 3.335699120918962e-07,
                "-2.0": 0.00021948742659875473,
                "-2.5": 0.00021984542253756668,
                "-3.0": 5.7927524034361406e-05,
                "-3.5": 5.792569489398472e-05,
                "-4.0": 8.758644227934871e-05,
                "-4.5": 8.758644227899077e-05,
                "-5.0": 0.00010922134037204895,
                "-5.5": 0.007396077896328904,
                "-6.0": 0.34459741863215043,
                "-6.5": 0.34459741863208776,
                "-7.0": 0.1428669013190032,
                "-7.5": 0.14286690131901272,
                "-8.0": 0.016800657064983,
                "-8.5": 0.0,
                "-9.0": 0.0
            },
            "gsd_wall": {
                "1.0": 0.029616518204380545,
                "0.0": 0.9421651128522496,
                "-1.0": 0.016036003610834466,
                "-2.0": 0.002174958509111438,
                "-2.5": 0.0021749860969625043,
                "-3.0": 0.000573091574762785,
                "-3.5": 0.0005730916090255743,
                "-4.0": 0.0008665421317181117,
                "-4.5": 0.0008665421317139547,
                "-5.0": 0.0010805883953273628,
                "-5.5": 0.001080577391436574,
                "-6.0": 0.0009701353844270415,
                "-6.5": 0.0009701353844268659,
                "-7.0": 0.00040220915404176133,
                "-7.5": 0.00040220915404178735,
                "-8.0": 4.729841553967919e-05,
                "-8.5": 0.0,
                "-9.0": 0.0
            },
            "Qs_in": 0.0,
            "Qs_out_bed": 0.0,
            "Qs_out_wall": 0.0,
            "D50": 0.09063262384498923,
            "D84": 0.13594893576748382
        },
        "deposit_downstream": {
            "flow_scale": 0.83,
            "elevation": 1743.7399821236768,
            "length": 47,
            "width": 1.833600067850339,
            "bankfull_width": 7.5,
            "lwd_factor": 1,
            "gsd_bed": {
                "1.0": 0.4911295953387645,
                "0.0": 0.49112959533878053,
                "-1.0": 0.00936677002698157,
                "-2.0": 0.0013674681395167403,
                "-2.5": 0.0014104275608012682,
                "-3.0": 0.0003783101051356793,
                "-3.5": 0.0003783101051366962,
                "-4.0": 0.0005723799270384258,
                "-4.5": 0.0005723799270382264,
                "-5.0": 0.000714038909806377,
                "-5.5": 0.0007140389098063249,
                "-6.0": 0.0006407826639594371,
                "-6.5": 0.0006407826639594289,
                "-7.0": 0.00042197447783874625,
                "-7.5": 0.0004985914349448956,
                "-8.0": 6.455447049102139e-05,
                "-8.5": 0.0,
                "-9.0": 0.0
            },
            "gsd_wall": {
                "1.0": 0.49103773131836365,
                "0.0": 0.491037731318192,
                "-1.0": 0.009368544409474228,
                "-2.0": 0.0013797975824346703,
                "-2.5": 0.0014252485941405972,
                "-3.0": 0.00038951037310129647,
                "-3.5": 0.0003895103730891411,
                "-4.0": 0.0005836696394914536,
                "-4.5": 0.0005836696394937968,
                "-5.0": 0.0007245685233439058,
                "-5.5": 0.0007245685233445193,
                "-6.0": 0.0006537264449243433,
                "-6.5": 0.0006537264449244356,
                "-7.0": 0.0004456422490240801,
                "-7.5": 0.0005257996731095911,
                "-8.0": 7.655489354846928e-05,
                "-8.5": 0.0,
                "-9.0": 0.0
            },
            "Qs_in": 0.0,
            "Qs_out_bed": 945.9900228695703,
            "Qs_out_wall": 0.10670864923726531,
            "D50": 0.0007533180593266975,
            "D84": 0.0011299770889900461
        },
        "downstream": {
            "flow_scale": 0.835,
            "elevation": 1741.9100400855323,
            "length": 65,
            "bankfull_width": 6,
            "lwd_factor": null,
            "gsd": {
                "1.0": 0.43540594422349094,
                "0.0": 0.43540594422348794,
                "-1.0": 0.008304406517635818,
                "-2.0": 0.001068370662414136,
                "-2.5": 0.0011021973147980412,
                "-3.0": 0.000296207165163178,
                "-3.5": 0.0002962071651640796,
                "-4.0": 0.00044781599047446043,
                "-4.5": 0.017571131407128612,
                "-5.0": 0.0262806424966546,
                "-5.5": 0.02628333842515891,
                "-6.0": 0.023593243712065157,
                "-6.5": 0.02359320694426352,
                "-7.0": 0.0003324582260557314,
                "-7.5": 1.8719347168972997e-05,
                "-8.0": 1.0538172631657332e-07,
                "-8.5": 4.487408675568257e-08,
                "-9.0": 1.5923063042335944e-08
            },
            "Qs_in": 946.0967315188076,
            "Qs_out": 0.0,
            "D50": 0.045726815270757025,
            "D84": 0.08959077994772231
        }
    },
    "dep_masses": {
        "deposit_upstream": {
            "1.0": 23.554426200670374,
            "0.0": 188.7202073033944,
            "-1.0": 29.10159613796279,
            "-2.0": 31.576376718587174,
            "-2.5": 89.5628121741801,
            "-3.0": 66.74830681817753,
            "-3.5": 188.78676014244476,
            "-4.0": 807.3877583622934,
            "-4.5": 2283.6374359399338,
            "-5.0": 8054.57747784535,
            "-5.5": 22736.69519840111,
            "-6.0": 58022.36141290611,
            "-6.5": 164112.0208620904,
            "-7.0": 192444.27344067078,
            "-7.5": 544314.6030016665,
            "-8.0": 181046.28643002163,
            "-8.5": 0,
            "-9.0": 0
        },
        "deposit_downstream": {
            "1.0": 13.451389106629582,
            "0.0": 107.61111285303396,
            "-1.0": 16.41885662272578,
            "-2.0": 19.306998556799062,
            "-2.5": 56.33761011597261,
            "-3.0": 42.80333984026248,
            "-3.5": 121.06612743362622,
            "-4.0": 517.7001955171346,
            "-4.5": 1464.2772754875382,
            "-5.0": 5164.096546544061,
            "-5.5": 14606.270747054337,
            "-6.0": 37090.884182763206,
            "-6.5": 104908.8629033481,