{
    "timestep": "2012-05-12 16:00",
    "deposit_mass": 2401711,
    "reaches": {
        "upstream": {
            "flow_scale": 0.78,
            "elevation": 1746.1163070222033,
            "length": 50,
            "bankfull_width": 6,
            "lwd_factor": null,
            "gsd": {
                "1.0": 0.00031309405714864273,
                "0.0": 5.88790512395652e-05,
                "-1.0": 3.423030018216416e-05,
                "-2.0": 1.592894510630216e-05,
                "-2.5": 5.546955594310095e-05,
                "-3.0": 4.301106841582624e-05,
                "-3.5": 2.8364950221592283e-05,
                "-4.0": 0.02287621938481618,
                "-4.5": 2.2783089529835967e-14,
                "-5.0": 0.7543374047907733,
                "-5.5": 0.20500514665118372,
                "-6.0": 0.005535370941590924,
                "-6.5": 0.004601925321319573,
                "-7.0": 0.003776037221083336,
                "-7.5": 0.001932194020554826,
                "-8.0": 0.0008988735602581918,
                "-8.5": 0.0002957831800849354,
                "-9.0": 0.00019206700005501532
            },
            "Qs_in": 0.07804894248762148,
            "Qs_out": 0.15012555849476344,
            "D50": 0.0007071067811865476,
            "D84": 0.03150951964479991
        },
        "deposit_upstream": {
            "flow_scale": 0.79,
            "elevation": 1745.7555192009656,
            "length": 55,
            "width": 2.9492722493618886,
            "bankfull_width": 6,
            "lwd_factor": null,
            "gsd_bed": {
                "1.0": 0.8656007479368317,
                "0.0": 0.12418727498488186,
                "-1.0": 5.794812857162892e-07,
                "-2.0": 1.4611037350540066e-05,
                "-2.5": 4.535548367426574e-06,
                "-3.0": 2.1236605748005698e-05,
                "-3.5": 1.2275585350209848e-06,
                "-4.0": 7.0302552690901265e-06,
                "-4.5": 7.030255269007841e-06,
                "-5.0": 8.766733391782774e-06,
                "-5.5": 8.748088200109839e-06,
                "-6.0": 0.00010053665008389819,
                "-6.5": 0.0034241731116329485,
                "-7.0": 0.002321403244282738,
                "-7.5": 0.003825025839144809,
                "-8.0": 0.00046707266972537115,
                "-8.5": 0.0,
                "-9.0": 0.0
            },
            "gsd_wall": {
                "1.0": 0.4413988459592351,
                "0.0": 0.520831346920518,
                "-1.0": 0.015079725838936608,
                "-2.0": 0.001726790909447432,
                "-2.5": 0.001845830580244178,
                "-3.0": 0.01004198174599875,
                "-3.5": 0.0005681157558443559,
                "-4.0": 0.0008886150284860981,
                "-4.5": 0.0008886150284799119,
                "-5.0": 0.001099695797018998,
                "-5.5": 0.0010993816618887382,
                "-6.0": 0.000989608964706531,
                "-6.5": 0.0011528806985325903,
                "-7.0": 0.0008406338128038017,
                "-7.5": 0.0013769513013182292,
                "-8.0": 0.00017097999654085478,
                "-8.5": 0.0,
                "-9.0": 0.0
            },
            "Qs_in": 0.15012555849476344,
            "Qs_out_bed": 0.009990264638415548,
            "Qs_out_wall": 0.0,
            "D50": 0.13421546578531834,
            "D84": 0.20132319867797746
        },
        "deposit_downstream": {
            "flow_scale": 0.83,
            "elevation": 1744.1212837704068,
            "length": 47,
            "width": 5.527841939628107,
            "bankfull_width": 7.5,
            "lwd_factor": 1,
            "gsd_bed": {
                "1.0": 0.00013493089746972873,
                "0.0": 1.7262562231634606e-05,
                "-1.0": 3.5896020393053183e-06,
                "-2.0": 1.3066795055237444e-06,
                "-2.5": 1.5529198116174988e-06,
                "-3.0": 0.025880277552628,
                "-3.5": 0.01385412114963006,
                "-4.0": 4.942766401918871e-07,
                "-4.5": 9.168756556885624e-08,
                "-5.0": 0.00012341667144658412,
                "-5.5": 1.806508361578782e-08,
                "-6.0": 0.013673070361077457,
                "-6.5": 0.04889562054080343,
                "-7.0": 0.135200186688149,
                "-7.5": 0.6031351812461383,
                "-8.0": 0.15907887909977994,
                "-8.5": 0.0,
                "-9.0": 0.0
            },
            "gsd_wall": {
                "1.0": 0.0033289132602584387,
                "0.0": 0.002331850668522374,
                "-1.0": 0.0032421810430346455,
                "-2.0": 0.0018133979528192768,
                "-2.5": 0.001850935210323708,
                "-3.0": 0.023836777277380383,
                "-3.5": 0.016004849989242825,
                "-4.0": 0.00048108288339385896,
                "-4.5": 2.878723968817909e-05,
                "-5.0": 7.164369027724284e-05,
                "-5.5": 0.0029946068664528985,
                "-6.0": 0.014851305815905649,
                "-6.5": 0.051099837079802264,
                "-7.0": 0.13452931582508362,
                "-7.5": 0.5882354203607821,
                "-8.0": 0.1552990948370324,
                "-8.5": 0.0,
                "-9.0": 0.0
            },
            "Qs_in": 0.009990264638415548,
            "Qs_out_bed": 0.07098313215774668,
            "Qs_out_wall": 0.0,
            "D50": 0.0007071067811865476,
            "D84": 0.0014142135623730952
        },
        "downstream": {
            "flow_scale": 0.835,
            "elevation": 1742.5103141020359,
            "length": 65,
            "bankfull_width": 6,
            "lwd_factor": null,
            "gsd": {
                "1.0": 0.8539625152739768,
                "0.0": 0.11435759862861153,
                "-1.0": 0.0,
                "-2.0": 1.0370753297894034e-05,
                "-2.5": 1.0659130816146424e-05,
                "-3.0": 0.0,
                "-3.5": 0.0,
                "-4.0": 0.0,
                "-4.5": 0.0,
                "-5.0": 0.00014206318833603044,
                "-5.5": 0.00012560373405986295,
                "-6.0": 0.0005333748109384511,
                "-6.5": 0.013408071763387625,
                "-7.0": 0.01024259774705184,
                "-7.5": 0.007167651887022477,
                "-8.0": 2.5044393781375105e-05,
                "-8.5": 1.066450834096934e-05,
                "-9.0": 3.7841803790511834e-06
            },
            "Qs_in": 0.07098313215774668,
            "Qs_out": 0.0,
            "D50": 0.12715758305736108,
            "D84": 0.1907363745860416
        }
    },
    "dep_masses": {
        "deposit_upstream": {
            "1.0": 4.430203565284714,
            "0.0": 31.47899614036639,
            "-1.0": 7.837052526568992,
            "-2.0": 5.385712230046428,
            "-2.5": 19.609367479292608,
            "-3.0": 324.0230640507253,
            "-3.5": 52.97586097040796,
            "-4.0": 226.87869116562857,
            "-4.5": 641.7098441201823,
            "-5.0": 2263.3431323405784,
            "-5.5": 6388.08589493706,
            "-6.0": 16233.104451388657,
            "-6.5": 54681.04501104112,
            "-7.0": 112516.45938320235,
            "-7.5": 524472.0257582328,
            "-8.0": 181046.28643002163,
            "-8.5": 0.0,
            "-9.0": 0.0
        },
        "deposit_downstream": {
            "1.0": 0.6566657967121118,
            "0.0": 0.672091234473369,
            "-1.0": 0.48418876473339767,
            "-2.0": 0,
            "-2.5": 0,
            "-3.0": 1.1500069164276223,
            "-3.5": 1.7801016140545558,
            "-4.0": 0,
            "-4.5": 0,
            "-5.0": 0,
            "-5.5": 0,
            "-6.0": 335.1864106181829,
            "-6.5": 3433.180203129948,
            "-7.0": 26863.866993740885,
            "-7.5": 339189.6210207536,