{
    "timestep": "2012-06-02 12:00",
    "deposit_mass": 2401711,
    "reaches": {
        "upstream": {
            "flow_scale": 0.78,
            "elevation": 1746.1164150245852,
            "length": 50,
            "bankfull_width": 6,
            "lwd_factor": null,
            "gsd": {
                "1.0": 0.6735822743237683,
                "0.0": 0.15018826189673076,
                "-1.0": 1.9699394845918012e-06,
                "-2.0": 1.6983097886366513e-05,
                "-2.5": 1.0972852446281058e-05,
                "-3.0": 7.17403927804518e-06,
                "-3.5": 5.906615540984718e-05,
                "-4.0": 0.0001818668786237579,
                "-4.5": 9.21683861759117e-15,
                "-5.0": 0.1352156221382874,
                "-5.5": 0.03745421736732547,
                "-6.0": 0.0010541179399897456,
                "-6.5": 0.0008763589813364698,
                "-7.0": 0.0007190825364390956,
                "-7.5": 0.00036795372922590684,
                "-8.0": 0.00017117529351665908,
                "-8.5": 5.6326912823846935e-05,
                "-9.0": 3.6575917418024335e-05
            },
            "Qs_in": 0.4970156657611725,
            "Qs_out": 0.5537493476122385,
            "D50": 0.02961977544978943,
            "D84": 0.04806767829490327
        },
        "deposit_upstream": {
            "flow_scale": 0.79,
            "elevation": 1745.7566221945326,
            "length": 55,
            "width": 2.9689222059735063,
            "bankfull_width": 6,
            "lwd_factor": null,
            "gsd_bed": {
                "1.0": 0.0,
                "0.0": 0.0,
                "-1.0": 0.9532611387581799,
                "-2.0": 1.0435037620723702e-06,
                "-2.5": 6.596768052424621e-07,
                "-3.0": 4.421081866875657e-06,
                "-3.5": 0.0,
                "-4.0": 1.753301924731081e-05,
                "-4.5": 4.002492142840124e-05,
                "-5.0": 0.00012423314265234853,
                "-5.5": 0.00048030187880489586,
                "-6.0": 0.0011926465565752175,
                "-6.5": 0.005130031977867331,
                "-7.0": 0.013957476529104722,
                "-7.5": 0.022984206804642086,
                "-8.0": 0.0028062821490637524,
                "-8.5": 0.0,
                "-9.0": 0.0
            },
            "gsd_wall": {
                "1.0": 0.43002075859320343,
                "0.0": 0.5137343012725275,
                "-1.0": 0.02752260591137071,
                "-2.0": 0.0037798915845514546,
                "-2.5": 0.002369934025955483,
                "-3.0": 0.01212682121383736,
                "-3.5": 0.000555299091644557,
                "-4.0": 0.0007453457678534457,
                "-4.5": 0.001050662034300269,
                "-5.0": 0.0013139262987141645,
                "-5.5": 0.001310925309672662,
                "-6.0": 0.0011807673522128532,
                "-6.5": 0.001374638542013556,
                "-7.0": 0.0010215525630453684,
                "-7.5": 0.0016837822370036242,
                "-8.0": 0.0002087882020931759,
                "-8.5": 0.0,
                "-9.0": 0.0
            },
            "Qs_in": 0.5537493476122385,
            "Qs_out_bed": 0.4790863805246366,
            "Qs_out_wall": 0.0,
            "D50": 0.0007071067811865476,
            "D84": 0.0010314746498023245
        },
        "deposit_downstream": {
            "flow_scale": 0.83,
            "elevation": 1744.0965461512662,
            "length": 47,
            "width": 5.6918361025163,
            "bankfull_width": 7.5,
            "lwd_factor": 1,
            "gsd_bed": {
                "1.0": 0.8158125155471468,
                "0.0": 0.18274658339981986,
                "-1.0": 1.7589532612796195e-07,
                "-2.0": 1.0148864588910015e-07,
                "-2.5": 6.171022464347287e-08,
                "-3.0": 1.2852984200341615e-07,
                "-3.5": 6.490131687591773e-07,
                "-4.0": 9.781773540508182e-07,
                "-4.5": 2.285653132403469e-09,
                "-5.0": 3.792032401790206e-09,
                "-5.5": 2.921228952625871e-08,
                "-6.0": 3.585825539970562e-06,
                "-6.5": 1.4185037051384322e-05,
                "-7.0": 3.1171313036208354e-05,
                "-7.5": 0.000616781754960623,
                "-8.0": 0.0007730470179086215,
                "-8.5": 0.0,
                "-9.0": 0.0
            },
            "gsd_wall": {
                "1.0": 0.12314866916860408,
                "0.0": 9.065601892935058e-05,
                "-1.0": 0.2076644956151005,
                "-2.0": 0.11108243587141485,
                "-2.5": 0.17599822821407074,
                "-3.0": 0.13133298620800446,
                "-3.5": 0.12757800702882288,
                "-4.0": 0.04152736166222441,
                "-4.5": 0.000110960412962039,
                "-5.0": 5.293016007176605e-05,
                "-5.5": 0.0002874668238846297,
                "-6.0": 0.0010450955976281666,
                "-6.5": 0.005042196358398873,
                "-7.0": 0.010526017367934742,
                "-7.5": 0.04951242901494816,
                "-8.0": 0.015000064477000015,
                "-8.5": 0.0,
                "-9.0": 0.0
            },
            "Qs_in": 0.4790863805246366,
            "Qs_out_bed": 0.7390168566681398,
            "Qs_out_wall": 0.005301653514331194,
            "D50": 0.0013740339950389152,
            "D84": 0.0020610509925583728
        },
        "downstream": {
            "flow_scale": 0.835,
            "elevation": 1742.507009110913,
            "length": 65,
            "bankfull_width": 6,
            "lwd_factor": null,
            "gsd": {
                "1.0": 0.0,
                "0.0": 0.0,
                "-1.0": 0.5200081831584157,
                "-2.0": 8.680911530623563e-07,
                "-2.5": 1.9121415968337905e-05,
                "-3.0": 4.6524962162943725e-06,
                "-3.5": 3.5344350727767035e-06,
                "-4.0": 0.00015642364313797348,
                "-4.5": 0.0001896778331758463,
                "-5.0": 0.0003347224137505598,
                "-5.5": 0.0006949292903414537,
                "-6.0": 0.0033903643987508456,
                "-6.5": 0.05528353735589259,
                "-7.0": 0.2127769873798264,
                "-7.5": 0.20580930050627136,
                "-8.0": 0.0008419545642122954,
                "-8.5": 0.00035852460838707063,
                "-9.0": 0.00012721840942757476
            },
            "Qs_in": 0.744318510182471,
            "Qs_out": 0.5552777109549956,
            "D50": 0.0007071067811865476,
            "D84": 0.0010248988225911003
        }
    },
    "dep_masses": {
        "deposit_upstream": {
            "1.0": 2.008410511339773,
            "0.0": 18.972049347826733,
            "-1.0": 7.913941437495427,
            "-2.0": 1.061748370556414,
            "-2.5": 1.8984702317612132,
            "-3.0": 326.9776038833357,
            "-3.5": 0.0,
            "-4.0": 73.16961060093074,
            "-4.5": 637.2708237137986,
            "-5.0": 2247.6116710829424,
            "-5.5": 6346.537050038417,
            "-6.0": 16134.327465603625,
            "-6.5": 53556.39512344563,
            "-7.0": 112516.45938320235,
            "-7.5": 524472.0257582328,
            "-8.0": 181046.28643002163,
            "-8.5": 0.0,
            "-9.0": 0.0
        },
        "deposit_downstream": {
            "1.0": 0.7560129245555847,
            "0.0": 2.6831518141629784,
            "-1.0": 5.2329428961595195,
            "-2.0": 0.8549847631234897,
            "-2.5": 1.4704255421049148,
            "-3.0": 78.25989911180083,
            "-3.5": 159.32657019042887,
            "-4.0": 170.12696907048166,
            "-4.5": 0.6173840344200274,
            "-5.0": 1.3426841965609917,
            "-5.5": 8.05848658431291,
            "-6.0": 270.90728663615363,