{
    "timestep": "2017-04-16 00:00",
    "deposit_mass": 2401711,
    "reaches": {
        "upstream": {
            "flow_scale": 0.78,
            "elevation": 1746.1820042296658,
            "length": 50,
            "bankfull_width": 6,
            "lwd_factor": null,
            "gsd": {
                "1.0": 2.2013888744830968e-07,
                "0.0": 0.0003477317771933798,
                "-1.0": 0.000420253385260196,
                "-2.0": 0.00011947714040608236,
                "-2.5": 8.431635676915037e-05,
                "-3.0": 0.00036980048066830246,
                "-3.5": 0.0004578082325392359,
                "-4.0": 0.0028259981326586017,
                "-4.5": 0.0026206299006290273,
                "-5.0": 0.08449302738205774,
                "-5.5": 0.8970122239521918,
                "-6.0": 0.00361326513756195,
                "-6.5": 0.0030039497812198637,
                "-7.0": 0.002464843601793841,
                "-7.5": 0.0012612577128269602,
                "-8.0": 0.0005867481208788825,
                "-8.5": 0.00019307523635718693,
                "-9.0": 0.00012537353010019453
            },
            "Qs_in": 0.0,
            "Qs_out": 0.0,
            "D50": 0.04104849534971817,
            "D84": 0.06157274302457724
        },
        "deposit_upstream": {
            "flow_scale": 0.79,
            "elevation": 1745.7240070836178,
            "length": 55,
            "width": 3.126647257856487,
            "bankfull_width": 6,
            "lwd_factor": null,
            "gsd_bed": {
                "1.0": 6.514608552192099e-06,
                "0.0": 0.00013445584137352786,
                "-1.0": 0.00013354775267846852,
                "-2.0": 0.0005060016918239698,
                "-2.5": 0.0002896731609611041,
                "-3.0": 0.00014244062060449303,
                "-3.5": 0.00022130214173115697,
                "-4.0": 0.000988349623806971,
                "-4.5": 0.0007471947180794968,
                "-5.0": 0.0017295742020859907,
                "-5.5": 0.006506821386961308,
                "-6.0": 0.024063484582755982,
                "-6.5": 0.061314763681069376,
                "-7.0": 0.3075200341471069,
                "-7.5": 0.5309053091558981,
                "-8.0": 0.06479053268451108,
                "-8.5": 0.0,
                "-9.0": 0.0
            },
            "gsd_wall": {
                "1.0": 0.48026910889502017,
                "0.0": 0.16254300788103865,
                "-1.0": 0.019680417664850344,
                "-2.0": 0.1713956604287459,
                "-2.5": 0.08923613481605823,
                "-3.0": 0.04574293915656539,
                "-3.5": 0.006995698863066733,
                "-4.0": 0.008104490975613056,
                "-4.5": 0.005638574452303482,
                "-5.0": 0.0034207358624844257,
                "-5.5": 0.0012030624082239115,
                "-6.0": 0.001082211540641903,
                "-6.5": 0.0012939463449432634,
                "-7.0": 0.0011562482477454116,
                "-7.5": 0.001992714483029539,
                "-8.0": 0.00024504797966962957,
                "-8.5": 0.0,
                "-9.0": 0.0
            },
            "Qs_in": 0.0,
            "Qs_out_bed": 0.0,
            "Qs_out_wall": 0.0,
            "D50": 0.1688196615135699,
            "D84": 0.25322949227035485
        },
        "deposit_downstream": {
            "flow_scale": 0.83,
            "elevation": 1743.8260514856815,
            "length": 47,
            "width": 7.113950245508635,
            "bankfull_width": 7.5,
            "lwd_factor": 1,
            "gsd_bed": {
                "1.0": 0.43008149750984587,
                "0.0": 2.306361489611278e-05,
                "-1.0": 1.9391662444817656e-06,
                "-2.0": 7.785133223616222e-07,
                "-2.5": 0.00020275925505690407,
                "-3.0": 0.00013741355144103888,
                "-3.5": 0.00011971477181476942,
                "-4.0": 4.1269226191367215e-06,
                "-4.5": 3.6623293644524914e-07,
                "-5.0": 1.162501187483501e-06,
                "-5.5": 0.0,
                "-6.0": 0.00018279301156296014,
                "-6.5": 0.0,
                "-7.0": 0.018842870908763132,
                "-7.5": 1.8038026917358322e-05,
                "-8.0": 0.5503834760133921,
                "-8.5": 0.0,
                "-9.0": 0.0
            },
            "gsd_wall": {
                "1.0": 0.5709790125983967,
                "0.0": 0.1184682028609589,
                "-1.0": 0.20766082799950397,
                "-2.0": 0.04431697736237145,
                "-2.5": 0.03300862935921184,
                "-3.0": 0.021909911718348454,
                "-3.5": 0.0024140273422351938,
                "-4.0": 0.0007429704533866182,
                "-4.5": 1.5419367956136954e-05,
                "-5.0": 6.0560950167780904e-06,
                "-5.5": 1.5281445152726165e-06,
                "-6.0": 5.40968186973894e-06,
                "-6.5": 4.886019969164144e-06,
                "-7.0": 4.819770873809681e-05,
                "-7.5": 8.528852826947654e-08,
                "-8.0": 0.00041785799899345664,
                "-8.5": 0.0,
                "-9.0": 0.0
            },
            "Qs_in": 0.0,
            "Qs_out_bed": 0.0,
            "Qs_out_wall": 0.0,
            "D50": 0.23072034920744802,
            "D84": 0.3460805238111722
        },
        "downstream": {
            "flow_scale": 0.835,
            "elevation": 1742.1061419978446,
            "length": 65,
            "bankfull_width": 6,
            "lwd_factor": null,
            "gsd": {
                "1.0": 2.1017602965374536e-07,
                "0.0": 0.00024227716701427686,
                "-1.0": 4.138183256996957e-05,
                "-2.0": 1.8853870645966354e-05,
                "-2.5": 0.006603189457633821,
                "-3.0": 0.0025373486714778556,
                "-3.5": 0.0004222715961883284,
                "-4.0": 3.629648091695274e-05,
                "-4.5": 0.0001474434171566837,
                "-5.0": 0.0013311966306142706,
                "-5.5": 1.1548836923767135e-05,
                "-6.0": 0.011004555958415626,
                "-6.5": 0.2386554686387748,
                "-7.0": 0.3463875441148288,
                "-7.5": 0.31168959928705636,
                "-8.0": 0.08006401286534738,
                "-8.5": 0.0005954959750158694,
                "-9.0": 0.0002113050233896248
            },
            "Qs_in": 0.0,
            "Qs_out": 0.0,
            "D50": 0.12922176282690975,
            "D84": 0.19383264424036464
        }
    },
    "dep_masses": {
        "deposit_upstream": {
            "1.0": 5.510373913717709,
            "0.0": 14.912442755308266,
            "-1.0": 14.4445786770439,
            "-2.0": 314.03537390121636,
            "-2.5": 708.9572493815665,
            "-3.0": 986.0311608513423,
            "-3.5": 91.56833828472213,
            "-4.0": 1196.4596838380687,
            "-4.5": 2872.4613192389297,
            "-5.0": 4933.434681089693,
            "-5.5": 4871.674669828717,
            "-6.0": 12493.927682046395,
            "-6.5": 42006.742168299184,
            "-7.0": 107406.74817097878,
            "-7.5": 524472.0257582328,
            "-8.0": 181046.28643002163,
            "-8.5": 0,
            "-9.0": 0
        },
        "deposit_downstream": {
            "1.0": 4.595599502916781,
            "0.0": 9.473110267445804,
            "-1.0": 22.100075357947766,
            "-2.0": 70.97979614860998,
            "-2.5": 157.65284632505052,
            "-3.0": 302.20085351594014,
            "-3.5": 6.344756244494807,
            "-4.0": 0.6381975760560353,
            "-4.5": 0.16018845667708104,
            "-5.0": 0.4180443817952511,
            "-5.5": 0.0,
            "-6.0": 15.242605352165604,
            "-6.5": 0.0,
            "-7.0": 1783.5498099416081,
            "-7.5": 0.0,