{
    "timestep": "2015-05-21 16:00",
    "deposit_mass": 2401711,
    "reaches": {
        "upstream": {
            "flow_scale": 0.78,
            "elevation": 1746.1820064849753,
            "length": 50,
            "bankfull_width": 6,
            "lwd_factor": null,
            "gsd": {
                "1.0": 2.470207759425569e-05,
                "0.0": 0.00034209799812328544,
                "-1.0": 0.00013461926480328902,
                "-2.0": 0.0012751688919224531,
                "-2.5": 0.01366235715845053,
                "-3.0": 0.0030202438512509605,
                "-3.5": 0.0013028890832605998,
                "-4.0": 0.001893017326704606,
                "-4.5": 0.002444226206349026,
                "-5.0": 0.08304259454489539,
                "-5.5": 0.881802426408315,
                "-6.0": 0.0035513156505634666,
                "-6.5": 0.0029524470155118843,
                "-7.0": 0.0024225838199096296,
                "-7.5": 0.0012396334297222317,
                "-8.0": 0.000576688315219112,
                "-8.5": 0.0001897649584266613,
                "-9.0": 0.00012322399897766504
            },
            "Qs_in": 0.13923931339791656,
            "Qs_out": 0.2704396236796478,
            "D50": 0.0007071067811865476,
            "D84": 0.04405355689614798
        },
        "deposit_upstream": {
            "flow_scale": 0.79,
            "elevation": 1745.7239421049107,
            "length": 55,
            "width": 3.1262956426270354,
            "bankfull_width": 6,
            "lwd_factor": null,
            "gsd_bed": {
                "1.0": 0.8504632903309042,
                "0.0": 0.13110582085038688,
                "-1.0": 0.011946853040637596,
                "-2.0": 2.050973642251284e-06,
                "-2.5": 2.1076193174708766e-05,
                "-3.0": 2.4729200589153076e-05,
                "-3.5": 4.055284306535321e-06,
                "-4.0": 8.697652447554366e-06,
                "-4.5": 1.596593132281039e-05,
                "-5.0": 1.6939963790044732e-05,
                "-5.5": 3.245136903865496e-05,
                "-6.0": 0.00014710650122858133,
                "-6.5": 0.0003867970396489595,
                "-7.0": 0.001982967460660997,
                "-7.5": 0.0034234124981023495,
                "-8.0": 0.0004177857101187379,
                "-8.5": 0.0,
                "-9.0": 0.0
            },
            "gsd_wall": {
                "1.0": 0.05211859121698032,
                "0.0": 0.2919969795074146,
                "-1.0": 0.06540631220585932,
                "-2.0": 0.2987237678918882,
                "-2.5": 0.15672077832280346,
                "-3.0": 0.08034032854291663,
                "-3.5": 0.012299336500482093,
                "-4.0": 0.01423691931560877,
                "-4.5": 0.009902703812643202,
                "-5.0": 0.0060076341825501525,
                "-5.5": 0.0021128876214821755,
                "-6.0": 0.0019006219968267946,
                "-6.5": 0.0022724967482569843,
                "-7.0": 0.002030632256410821,
                "-7.5": 0.003499647047672829,
                "-8.0": 0.0004303628302037445,
                "-8.5": 0.0,
                "-9.0": 0.0
            },
            "Qs_in": 0.2704396236796478,
            "Qs_out_bed": 0.0012487830798019464,
            "Qs_out_wall": 0.0,
            "D50": 0.16876829114086414,
            "D84": 0.25315243671129617
        },
        "deposit_downstream": {
            "flow_scale": 0.83,
            "elevation": 1743.8260172546597,
            "length": 47,
            "width": 7.113766156029575,
            "bankfull_width": 7.5,
            "lwd_factor": 1,
            "gsd_bed": {
                "1.0": 0.0027715478963303277,
                "0.0": 0.001040591505642088,
                "-1.0": 0.0012845933237319728,
                "-2.0": 0.024150820044439258,
                "-2.5": 0.00578565697515605,
                "-3.0": 0.007994296156725445,
                "-3.5": 0.00017576593592613874,
                "-4.0": 0.0004379525048986699,
                "-4.5": 9.67839303978086e-07,
                "-5.0": 1.1434361770418874e-06,
                "-5.5": 0.0,
                "-6.0": 0.00029009282407888476,
                "-6.5": 0.0,
                "-7.0": 0.031474003539540586,
                "-7.5": 3.037820494681412e-05,
                "-8.0": 0.9245621898131028,
                "-8.5": 0.0,
                "-9.0": 0.0
            },
            "gsd_wall": {
                "1.0": 0.47666367610017785,
                "0.0": 0.1157808446418264,
                "-1.0": 0.27538333543643034,
                "-2.0": 0.0569290211263296,
                "-2.5": 0.042399954412687076,
                "-3.0": 0.02814288497098178,
                "-3.5": 0.0031033745993204196,
                "-4.0": 0.0009551807193305006,
                "-4.5": 1.982302042427668e-05,
                "-5.0": 7.785367791386369e-06,
                "-5.5": 1.9646331548732994e-06,
                "-6.0": 6.952380559549932e-06,
                "-6.5": 6.2816289499167895e-06,
                "-7.0": 6.192821602777787e-05,
                "-7.5": 1.096497541253522e-07,
                "-8.0": 0.0005368830962540334,
                "-8.5": 0.0,
                "-9.0": 0.0
            },
            "Qs_in": 0.0012487830798019464,
            "Qs_out_bed": 0.11831573223990444,
            "Qs_out_wall": 0.0,
            "D50": 0.0007071067811865476,
            "D84": 0.0014142135623730952
        },
        "downstream": {
            "flow_scale": 0.835,
            "elevation": 1742.1061170619091,
            "length": 65,
            "bankfull_width": 6,
            "lwd_factor": null,
            "gsd": {
                "1.0": 0.8106760591099753,
                "0.0": 0.13807991440460388,
                "-1.0": 0.011097127025708852,
                "-2.0": 9.558615051555902e-06,
                "-2.5": 4.178784251913501e-06,
                "-3.0": 1.1254910391682653e-05,
                "-3.5": 1.1556260777024565e-05,
                "-4.0": 3.985590549361633e-06,
                "-4.5": 3.517907414708187e-05,
                "-5.0": 2.8326368433847158e-05,
                "-5.5": 3.7473411736059026e-07,
                "-6.0": 0.00044644187112128725,
                "-6.5": 0.009682392977480705,
                "-7.0": 0.014024482655400263,
                "-7.5": 0.012609697408642984,
                "-8.0": 0.0032468337862617703,
                "-8.5": 2.4088788467575844e-05,
                "-9.0": 8.547634617482859e-06
            },
            "Qs_in": 0.11831573223990444,
            "Qs_out": 0.0024975661596038927,
            "D50": 0.12944569575894133,
            "D84": 0.194168543638412
        }
    },
    "dep_masses": {
        "deposit_upstream": {
            "1.0": 0.8595054319164002,
            "0.0": 6.076948389893502,
            "-1.0": 9.44304331006007,
            "-2.0": 324.5257717825627,
            "-2.5": 708.428190962083,
            "-3.0": 985.7404043137728,
            "-3.5": 91.20423926958406,
            "-4.0": 1196.4901569201247,
            "-4.5": 2872.6185598115258,
            "-5.0": 4933.611153497546,
            "-5.5": 4871.674669828717,
            "-6.0": 12493.927682046395,
            "-6.5": 42006.742168299184,
            "-7.0": 107406.74817097878,
            "-7.5": 524472.0257582328,
            "-8.0": 181046.28643002163,
            "-8.5": 0.0,
            "-9.0": 0.0
        },
        "deposit_downstream": {
            "1.0": 0.6933741903450088,
            "0.0": 2.0826464335248964,
            "-1.0": 20.56794574773683,
            "-2.0": 68.26266004778675,
            "-2.5": 156.27785295625736,
            "-3.0": 302.04262680965905,
            "-3.5": 5.729828800547515,
            "-4.0": 0.6428105368203286,
            "-4.5": 0.16189956695969038,
            "-5.0": 0.4187231730392753,
            "-5.5": 0,