{
    "timestep": "2018-07-11 08:00",
    "deposit_mass": 2401711,
    "reaches": {
        "upstream": {
            "flow_scale": 0.78,
            "elevation": 1746.1762062749908,
            "length": 50,
            "bankfull_width": 6,
            "lwd_factor": null,
            "gsd": {
                "1.0": 9.633607205346191e-08,
                "0.0": 5.310164690695301e-06,
                "-1.0": 0.0001167085208943912,
                "-2.0": 0.00018017564208870702,
                "-2.5": 0.00012831907567657677,
                "-3.0": 0.00019843978830963918,
                "-3.5": 0.00035991127290523853,
                "-4.0": 0.03341318240942874,
                "-4.5": 0.0007766925961596658,
                "-5.0": 0.033400664511540785,
                "-5.5": 0.8780997271013786,
                "-6.0": 0.043093142056567994,
                "-6.5": 0.004023875654544579,
                "-7.0": 0.00330172768649382,
                "-7.5": 0.0016894903624699573,
                "-8.0": 0.0007859656954634208,
                "-8.5": 0.0002586297373959948,
                "-9.0": 0.0001679413879190348
            },
            "Qs_in": 0.0,
            "Qs_out": 0.0,
            "D50": 0.04113086998870436,
            "D84": 0.06169630498305653
        },
        "deposit_upstream": {
            "flow_scale": 0.79,
            "elevation": 1745.6981180281539,
            "length": 55,
            "width": 3.334335568138567,
            "bankfull_width": 6,
            "lwd_factor": null,
            "gsd_bed": {
                "1.0": 5.768294382100896e-06,
                "0.0": 1.5767097705435858e-05,
                "-1.0": 4.252544201460814e-05,
                "-2.0": 0.004669138635217954,
                "-2.5": 0.007939995808550563,
                "-3.0": 0.0029899679316886044,
                "-3.5": 0.0013052558540319228,
                "-4.0": 0.0006794411238484779,
                "-4.5": 0.0004457697053883229,
                "-5.0": 0.004822311487451713,
                "-5.5": 0.006202776967114327,
                "-6.0": 0.01821417786144205,
                "-6.5": 0.01878065158891235,
                "-7.0": 0.28987619828387823,
                "-7.5": 0.5739888501302057,
                "-8.0": 0.07002140378816765,
                "-8.5": 0.0,
                "-9.0": 0.0
            },
            "gsd_wall": {
                "1.0": 0.08182012337625072,
                "0.0": 0.043793180441347626,
                "-1.0": 0.2778612921753467,
                "-2.0": 0.18600787097445307,
                "-2.5": 0.16286250808737213,
                "-3.0": 0.12724243983552888,
                "-3.5": 0.05049041262580379,
                "-4.0": 0.029969764690021335,
                "-4.5": 0.022706316786767006,
                "-5.0": 0.00847396023114647,
                "-5.5": 0.002022556929416175,
                "-6.0": 0.0008959579856623955,
                "-6.5": 0.0011127087991965696,
                "-7.0": 0.001466993814284157,
                "-7.5": 0.002915633413010093,
                "-8.0": 0.0003582798343928705,
                "-8.5": 0.0,
                "-9.0": 0.0
            },
            "Qs_in": 0.0,
            "Qs_out_bed": 0.0,
            "Qs_out_wall": 0.0,
            "D50": 0.16864897324443145,
            "D84": 0.25297345986664715
        },
        "deposit_downstream": {
            "flow_scale": 0.83,
            "elevation": 1743.539864135592,
            "length": 47,
            "width": 7.512542125638298,
            "bankfull_width": 7.5,
            "lwd_factor": 1,
            "gsd_bed": {
                "1.0": 0.001860016960468052,
                "0.0": 0.0024290402005021972,
                "-1.0": 0.02213877939909871,
                "-2.0": 0.004575324514417741,
                "-2.5": 0.005428509673823148,
                "-3.0": 0.004675025357664519,
                "-3.5": 0.0022973121044149564,
                "-4.0": 0.0013534983120970004,
                "-4.5": 0.0064078705412226,
                "-5.0": 0.008089683203186983,
                "-5.5": 0.0,
                "-6.0": 0.0,
                "-6.5": 0.0,
                "-7.0": 0.0,
                "-7.5": 0.0,
                "-8.0": 0.5965699617821512,
                "-8.5": 0.2540339122972742,
                "-9.0": 0.09014106565367891
            },
            "gsd_wall": {
                "1.0": 0.03181015115928071,
                "0.0": 0.006103883847805599,
                "-1.0": 0.07291502480386094,
                "-2.0": 0.6829386645449086,
                "-2.5": 0.11787095536518595,
                "-3.0": 0.05726060849779464,
                "-3.5": 0.020591493374746885,
                "-4.0": 0.004901345637272166,
                "-4.5": 0.004259575854907732,
                "-5.0": 0.0009805073591871926,
                "-5.5": 0.0002578271076913561,
                "-6.0": 3.323668979359088e-05,
                "-6.5": 3.47719210321993e-05,
                "-7.0": 2.1022588731234258e-05,
                "-7.5": 1.1508082124415769e-05,
                "-8.0": 5.9756660389279475e-06,
                "-8.5": 2.5445830660263393e-06,
                "-9.0": 9.029165718138415e-07
            },
            "Qs_in": 0.0,
            "Qs_out_bed": 0.0,
            "Qs_out_wall": 0.0,
            "D50": 0.2445176429121288,
            "D84": 0.3896757263070572
        },
        "downstream": {
            "flow_scale": 0.835,
            "elevation": 1742.0389289723764,
            "length": 65,
            "bankfull_width": 6,
            "lwd_factor": null,
            "gsd": {
                "1.0": 3.33821642655728e-09,
                "0.0": 0.0069127100350719044,
                "-1.0": 0.0036756123962880596,
                "-2.0": 0.001769385429837829,
                "-2.5": 0.001856080291484388,
                "-3.0": 0.007358217093375376,
                "-3.5": 0.025053060091983416,
                "-4.0": 0.0015649714908817379,
                "-4.5": 0.00146343148978421,
                "-5.0": 0.0011671440763404658,
                "-5.5": 0.005533258240456601,
                "-6.0": 4.858742033660168e-06,
                "-6.5": 0.05457770759985118,
                "-7.0": 0.49289160238572,
                "-7.5": 0.3595376130379098,
                "-8.0": 0.03571982554393756,
                "-8.5": 0.0006750019100396119,
                "-9.0": 0.00023951680678774604
            },
            "Qs_in": 0.0,
            "Qs_out": 0.0,
            "D50": 0.1249238263067673,
            "D84": 0.1879809629501805
        }
    },
    "dep_masses": {
        "deposit_upstream": {
            "1.0": 2.485013946478788,
            "0.0": 3.313866405419526,
            "-1.0": 71.502637353075,
            "-2.0": 384.42724888676275,
            "-2.5": 1140.3130682427827,
            "-3.0": 2581.8979954606775,
            "-3.5": 3187.962418694276,
            "-4.0": 4693.6896063251925,
            "-4.5": 8709.998511357928,
            "-5.0": 8358.260104542509,
            "-5.5": 5578.5736086281695,
            "-6.0": 7045.753635793982,
            "-6.5": 24562.526129540016,
            "-7.0": 93594.87059797106,
            "-7.5": 524472.0257582328,
            "-8.0": 181046.28643002163,
            "-8.5": 0,
            "-9.0": 0
        },
        "deposit_downstream": {
            "1.0": 7.301415350695378,
            "0.0": 10.313719908743094,
            "-1.0": 39.517488901663015,
            "-2.0": 65.33493061570019,
            "-2.5": 219.25378298554307,
            "-3.0": 534.0615513417907,
            "-3.5": 742.2366760099366,
            "-4.0": 13.320575440265312,
            "-4.5": 182.60534284860853,
            "-5.0": 165.79171601356663,
            "-5.5": 0,
            "-6.0": 0,
            "-6.5": 0,
            "-7.0": 0,
            "-7.5": 0,
            "-8.0": 0,
            "-8.5": 0,
            "-9.0": 0
        }
    },