{
    "timestep": "2012-04-21 20:00",
    "deposit_mass": 2401711,
    "reaches": {
        "upstream": {
            "flow_scale": 0.78,
            "elevation": 1746.1185000009941,
            "length": 50,
            "bankfull_width": 6,
            "lwd_factor": null,
            "gsd": {
                "1.0": 0.7393276412510694,
                "0.0": 0.001298298429878595,
                "-1.0": 0.001843583770429154,
                "-2.0": 0.002440801048169739,
                "-2.5": 0.0044142146605836855,
                "-3.0": 0.008387007855660262,
                "-3.5": 0.012827188487482731,
                "-4.0": 0.017111573306051165,
                "-4.5": 0.025290853413803733,
                "-5.0": 0.032820984307451624,
                "-5.5": 0.03775451834081872,
                "-6.0": 0.03741696074908461,
                "-6.5": 0.03110723037984912,
                "-7.0": 0.025524547131383836,
                "-7.5": 0.013060882204568133,
                "-8.0": 0.0060760366518277245,
                "-8.5": 0.00199937958201141,
                "-9.0": 0.0012982984298763258
            },
            "Qs_in": 0.0006243915399009732,
            "Qs_out": 0.0,
            "D50": 0.04543415634574089,
            "D84": 0.1276617371510833
        },
        "deposit_upstream": {
            "flow_scale": 0.79,
            "elevation": 1746.2987085926904,
            "length": 55,
            "width": 1.0003453548351122,
            "bankfull_width": 6,
            "lwd_factor": null,
            "gsd_bed": {
                "1.0": 1.7345080772683197e-05,
                "0.0": 1.7366192754122924e-05,
                "-1.0": 3.335699120923818e-07,
                "-2.0": 0.00021948742659877725,
                "-2.5": 0.00021984542249783108,
                "-3.0": 5.7927524026930894e-05,
                "-3.5": 5.792569489504745e-05,
                "-4.0": 8.758644228044393e-05,
                "-4.5": 8.75864422784204e-05,
                "-5.0": 0.00010922134037245368,
                "-5.5": 0.007396077896326681,
                "-6.0": 0.3445974186322941,
                "-6.5": 0.3445974186319872,
                "-7.0": 0.14286690131898433,
                "-7.5": 0.14286690131903207,
                "-8.0": 0.016800657064986863,
                "-8.5": 0.0,
                "-9.0": 0.0
            },
            "gsd_wall": {
                "1.0": 0.2901756740796131,
                "0.0": 0.6882105977256715,
                "-1.0": 0.012282702238224098,
                "-2.0": 0.0016658993347832927,
                "-2.5": 0.0016659204652679919,
                "-3.0": 0.0004389568210359602,
                "-3.5": 0.0004389568473437438,
                "-4.0": 0.0006637239077257398,
                "-4.5": 0.0006637239077099299,
                "-5.0": 0.0008276716458799587,
                "-5.5": 0.0008276632174977716,
                "-6.0": 0.0007430706768873031,
                "-6.5": 0.0007430706768866407,
                "-7.0": 0.0003080702272502187,
                "-7.5": 0.0003080702272503214,
                "-8.0": 3.622800097278901e-05,
                "-8.5": 0.0,
                "-9.0": 0.0
            },
            "Qs_in": 0.0,
            "Qs_out_bed": 0.0,
            "Qs_out_wall": 0.14413302117475538,
            "D50": 0.09063262384499259,
            "D84": 0.13594893576748884
        },
        "deposit_downstream": {
            "flow_scale": 0.83,
            "elevation": 1744.4656968941886,
            "length": 47,
            "width": 3.570714473404252,
            "bankfull_width": 7.5,
            "lwd_factor": 1,
            "gsd_bed": {
                "1.0": 0.11526474192377105,
                "0.0": 0.13631735878286744,
                "-1.0": 0.0,
                "-2.0": 0.0,
                "-2.5": 0.0,
                "-3.0": 0.0,
                "-3.5": 0.0,
                "-4.0": 0.0,
                "-4.5": 0.0,
                "-5.0": 0.0,
                "-5.5": 0.0,
                "-6.0": 0.0,
                "-6.5": 0.134627113433919,
                "-7.0": 0.12075109631047809,
                "-7.5": 0.4355979219679884,
                "-8.0": 0.05744176758097601,
                "-8.5": 0.0,
                "-9.0": 0.0
            },
            "gsd_wall": {
                "1.0": 0.1867958381527254,
                "0.0": 0.20682495157084557,
                "-1.0": 0.0001338863822040733,
                "-2.0": 7.401558572051488e-05,
                "-2.5": 7.466333698892926e-05,
                "-3.0": 8.521978984917142e-08,
                "-3.5": 8.521431382871724e-08,
                "-4.0": 4.066903196806021e-05,
                "-4.5": 4.066903303656835e-05,
                "-5.0": 0.00012231254839612882,
                "-5.5": 0.00012231254867687758,
                "-6.0": 0.00011012961027062835,
                "-6.5": 0.1832568016603223,
                "-7.0": 0.15828271683021752,
                "-7.5": 0.23348572635788511,
                "-8.0": 0.030635136916638706,
                "-8.5": 0.0,
                "-9.0": 0.0
            },
            "Qs_in": 0.14413302117475538,
            "Qs_out_bed": 0.14429820485527758,
            "Qs_out_wall": 0.0,
            "D50": 0.1656737775980504,
            "D84": 0.24851066639707559
        },
        "downstream": {
            "flow_scale": 0.835,
            "elevation": 1742.08083549869,
            "length": 65,
            "bankfull_width": 6,
            "lwd_factor": null,
            "gsd": {
                "1.0": 0.2226887115664199,
                "0.0": 0.4159862752851447,
                "-1.0": 7.199978739212399e-07,
                "-2.0": 3.8535574009750835e-06,
                "-2.5": 3.7995445772485165e-06,
                "-3.0": 1.0026117900981884e-06,
                "-3.5": 1.0083644441839266e-06,
                "-4.0": 1.6219507588274597e-06,
                "-4.5": 3.084201629669709e-06,
                "-5.0": 0.0007623264431712525,
                "-5.5": 0.14004563046746782,
                "-6.0": 0.10743816050580579,
                "-6.5": 0.07466120427944667,
                "-7.0": 0.03821203067309555,
                "-7.5": 0.00017795168614727537,
                "-8.0": 8.002206962999199e-06,
                "-8.5": 3.407533184793464e-06,
                "-9.0": 1.2091246784746772e-06
            },
            "Qs_in": 0.14429820485527758,
            "Qs_out": 0.016234180037425258,
            "D50": 0.06508065214141018,
            "D84": 0.09762097821211528
        }
    },
    "dep_masses": {
        "deposit_upstream": {
            "1.0": 22.52011468361236,
            "0.0": 180.2584531546555,
            "-1.0": 29.10159613796279,
            "-2.0": 31.576376718587174,
            "-2.5": 89.5628121741801,
            "-3.0": 66.74830681817753,
            "-3.5": 188.78676014244476,
            "-4.0": 807.3877583622934,
            "-4.5": 2283.6374359399338,
            "-5.0": 8054.57747784535,
            "-5.5": 22736.69519840111,
            "-6.0": 58022.36141290611,
            "-6.5": 164112.0208620904,
            "-7.0": 192444.27344067078,
            "-7.5": 544314.6030016665,
            "-8.0": 181046.28643002163,
            "-8.5": 0,
            "-9.0": 0
        },
        "deposit_downstream": {
            "1.0": 0.011791258544220827,
            "0.0": 0.10429724135312926,
            "-1.0": 0,
            "-2.0": 0,
            "-2.5": 0,
            "-3.0": 0,
            "-3.5": 0,
            "-4.0": 0,
            "-4.5": 0,
            "-5.0": 0,
            "-5.5": 0,
            "-6.0": 0,
            "-6.5": 65096.477721698626,
            "-7.0": 164099.00202908067,
            "-7.5": 682965.4274070758,
            "-8.0": 252594.96140738425,
            "-8.5": 0,
            "-9.0": 0
        }
    },
    "sed_masses": {
        "upstream": {
            "1.0": 0.0006329555266162754,