{
    "timestep": "2018-07-11 08:00",
    "deposit_mass": 2401711,
    "reaches": {
        "upstream": {
            "flow_scale": 0.78,
            "elevation": 1746.1762062749908,
            "length": 50,
            "bankfull_width": 6,
            "lwd_factor": null,
            "gsd": {
                "1.0": 9.63360715933995e-08,
                "0.0": 5.310164689908639e-06,
                "-1.0": 0.00011670852088732871,
                "-2.0": 0.00018017564207882555,
                "-2.5": 0.00012831907566906138,
                "-3.0": 0.00019843978829624383,
                "-3.5": 0.0003599112728981509,
                "-4.0": 0.03341318240944988,
                "-4.5": 0.0007766925961603989,
                "-5.0": 0.03340066451155632,
                "-5.5": 0.8780997271013835,
                "-6.0": 0.04309314205657129,
                "-6.5": 0.004023875654544865,
                "-7.0": 0.0033017276864940478,
                "-7.5": 0.0016894903624700328,
                "-8.0": 0.0007859656954634707,
                "-8.5": 0.00025862973739601173,
                "-9.0": 0.00016794138791904523
            },
            "Qs_in": 0.0,
            "Qs_out": 0.0,
            "D50": 0.04113086998870446,
            "D84": 0.061696304983056685
        },
        "deposit_upstream": {
            "flow_scale": 0.79,
            "elevation": 1745.698118028154,
            "length": 55,
            "width": 3.3343355681385547,
            "bankfull_width": 6,
            "lwd_factor": null,
            "gsd_bed": {
                "1.0": 5.768294355543696e-06,
                "0.0": 1.5767097687730233e-05,
                "-1.0": 4.252544196686931e-05,
                "-2.0": 0.004669138635259534,
                "-2.5": 0.007939995808313168,
                "-3.0": 0.0029899679317562954,
                "-3.5": 0.0013052558540614819,
                "-4.0": 0.0006794411238638593,
                "-4.5": 0.0004457697053984439,
                "-5.0": 0.004822311487456001,
                "-5.5": 0.006202776967116942,
                "-6.0": 0.018214177861444712,
                "-6.5": 0.018780651588915415,
                "-7.0": 0.2898761982839237,
                "-7.5": 0.5739888501303021,
                "-8.0": 0.07002140378817805,
                "-8.5": 0.0,
                "-9.0": 0.0
            },
            "gsd_wall": {
                "1.0": 0.08182012337657052,
                "0.0": 0.043793180441677224,
                "-1.0": 0.2778612921764224,
                "-2.0": 0.1860078709733723,
                "-2.5": 0.162862508087121,
                "-3.0": 0.12724243983532393,
                "-3.5": 0.050490412625723395,
                "-4.0": 0.02996976468997207,
                "-4.5": 0.022706316786732985,
                "-5.0": 0.008473960231134794,
                "-5.5": 0.00202255692941309,
                "-6.0": 0.0008959579856611655,
                "-6.5": 0.001112708799195024,
                "-7.0": 0.0014669938142819912,
                "-7.5": 0.002915633413005711,
                "-8.0": 0.00035827983439233726,
                "-8.5": 0.0,
                "-9.0": 0.0
            },
            "Qs_in": 0.0,
            "Qs_out_bed": 0.0,
            "Qs_out_wall": 0.0,
            "D50": 0.1686489732444326,
            "D84": 0.2529734598666489
        },
        "deposit_downstream": {
            "flow_scale": 0.83,
            "elevation": 1743.539864135592,
            "length": 47,
            "width": 7.512542125638298,
            "bankfull_width": 7.5,
            "lwd_factor": 1,
            "gsd_bed": {
                "1.0": 0.0018600167536896176,
                "0.0": 0.002429040182744128,
                "-1.0": 0.022138779399170517,
                "-2.0": 0.004575324514433738,
                "-2.5": 0.005428509673840855,
                "-3.0": 0.004675025357679133,
                "-3.5": 0.002297312104422344,
                "-4.0": 0.0013534983124205337,
                "-4.5": 0.006407870542758097,
                "-5.0": 0.008089683205107154,
                "-5.5": 0.0,
                "-6.0": 0.0,
                "-6.5": 0.0,
                "-7.0": 0.0,
                "-7.5": 0.0,
                "-8.0": 0.5965699619220596,
                "-8.5": 0.2540339123568543,
                "-9.0": 0.09014106567482008
            },
            "gsd_wall": {
                "1.0": 0.031810151162838744,
                "0.0": 0.006103883847706779,
                "-1.0": 0.07291502480356962,
                "-2.0": 0.6829386645424883,
                "-2.5": 0.11787095536475041,
                "-3.0": 0.05726060849758597,
                "-3.5": 0.020591493374679717,
                "-4.0": 0.004901345637255123,
                "-4.5": 0.004259575854893365,
                "-5.0": 0.000980507359183743,
                "-5.5": 0.0002578271076904518,
                "-6.0": 3.3236689793476616e-05,
                "-6.5": 3.47719210320785e-05,
                "-7.0": 2.1022588731163676e-05,
                "-7.5": 1.1508082124377323e-05,
                "-8.0": 5.975666038907943e-06,
                "-8.5": 2.544583066017816e-06,
                "-9.0": 9.02916571810827e-07
            },
            "Qs_in": 0.0,
            "Qs_out_bed": 0.0,
            "Qs_out_wall": 0.0,
            "D50": 0.24451764291697797,
            "D84": 0.38967572632192854
        },
        "downstream": {
            "flow_scale": 0.835,
            "elevation": 1742.0389289723767,
            "length": 65,
            "bankfull_width": 6,
            "lwd_factor": null,
            "gsd": {
                "1.0": 3.3382140851444817e-09,
                "0.0": 0.006912710035656177,
                "-1.0": 0.003675612396410039,
                "-2.0": 0.0017693854298104642,
                "-2.5": 0.001856080291475614,
                "-3.0": 0.007358217093370947,
                "-3.5": 0.025053060091938462,
                "-4.0": 0.0015649714908825552,
                "-4.5": 0.0014634314897862763,
                "-5.0": 0.0011671440763399471,
                "-5.5": 0.005533258240454738,
                "-6.0": 4.8587420336558645e-06,
                "-6.5": 0.05457770759980451,
                "-7.0": 0.4928916023853933,
                "-7.5": 0.3595376130376831,
                "-8.0": 0.0357198255439195,
                "-8.5": 0.0006750019100391166,
                "-9.0": 0.00023951680678757317
            },
            "Qs_in": 0.0,
            "Qs_out": 0.0,
            "D50": 0.12492382630675729,
            "D84": 0.18798096295016906
        }
    },
    "dep_masses": {
        "deposit_upstream": {
            "1.0": 2.4850139464787917,
            "0.0": 3.3138664054195295,
            "-1.0": 71.5026373531001,
            "-2.0": 384.4272488867173,
            "-2.5": 1140.3130682429041,
            "-3.0": 2581.8979954605625,
            "-3.5": 3187.962418694132,
            "-4.0": 4693.689606324977,
            "-4.5": 8709.99851135807,
            "-5.0": 8358.260104542775,
            "-5.5": 5578.573608628083,
            "-6.0": 7045.753635794042,
            "-6.5": 24562.52612954017,
            "-7.0": 93594.87059797095,
            "-7.5": 524472.0257582332,
            "-8.0": 181046.28643002163,
            "-8.5": 0,
            "-9.0": 0
        },
        "deposit_downstream": {
            "1.0": 7.301415350676293,
            "0.0": 10.313719908747462,
            "-1.0": 39.51748890166566,
            "-2.0": 65.33493061572146,
            "-2.5": 219.25378298556177,
            "-3.0": 534.061551341762,
            "-3.5": 742.236676009959,
            "-4.0": 13.320575440266518,
            "-4.5": 182.60534284864545,
            "-5.0": 165.79171601356632,
            "-5.5": 0,
            "-6.0": 0,
            "-6.5": 0,
            "-7.0": 0,
            "-7.5": 0,
            "-8.0": 0,
            "-8.5": 0,
            "-9.0": 0
        }
    },