{
    "timestep": "2012-04-03 02:00",
    "deposit_mass": 2401711,
    "reaches": {
        "upstream": {
            "flow_scale": 0.78,
            "elevation": 1746.1185,
            "length": 50,
            "bankfull_width": 6,
            "lwd_factor": null,
            "gsd": {
                "1.0": 0.0049558925562522985,
                "0.0": 0.004955892556253422,
                "-1.0": 0.007037367429880463,
                "-2.0": 0.009317078005755628,
                "-2.5": 0.016850034690871676,
                "-3.0": 0.032015065912870344,
                "-3.5": 0.04896421845589339,
                "-4.0": 0.06531866389151766,
                "-4.5": 0.0965407869957267,
                "-5.0": 0.12528496382213328,
                "-5.5": 0.14411735553582963,
                "-6.0": 0.14282882347121711,
                "-6.5": 0.11874318564781561,
                "-7.0": 0.09743284765593076,
                "-7.5": 0.049856279115905275,
                "-8.0": 0.023193577163264388,
                "-8.5": 0.007632074536629639,
                "-9.0": 0.00495589255625253
            },
            "Qs_in": 0.0,
            "Qs_out": 0.0,
            "D50": 0.04543415634568291,
            "D84": 0.12766173715105908
        },
        "deposit_upstream": {
            "flow_scale": 0.79,
            "elevation": 1746.2987085926904,
            "length": 55,
            "width": 1.0000795891728422,
            "bankfull_width": 6,
            "lwd_factor": null,
            "gsd_bed": {
                "1.0": 1.734508070921099e-05,
                "0.0": 1.7366192690538563e-05,
                "-1.0": 3.335699108708005e-07,
                "-2.0": 0.00021948742659878037,
                "-2.5": 0.00021984542254256136,
                "-3.0": 5.792752403529758e-05,
                "-3.5": 5.792569489385928e-05,
                "-4.0": 8.758644227922308e-05,
                "-4.5": 8.758644227907302e-05,
                "-5.0": 0.00010922134037201233,
                "-5.5": 0.00739607789633013,
                "-6.0": 0.3445974186321762,
                "-6.5": 0.3445974186321454,
                "-7.0": 0.14286690131902363,
                "-7.5": 0.1428669013190285,
                "-8.0": 0.016800657064984674,
                "-8.5": 0.0,
                "-9.0": 0.0
            },
            "gsd_wall": {
                "1.0": 0.029616518205566506,
                "0.0": 0.942165112850839,
                "-1.0": 0.016036003610929165,
                "-2.0": 0.0021749585091246503,
                "-2.5": 0.0021749860970248836,
                "-3.0": 0.0005730915747754612,
                "-3.5": 0.0005730916090277471,
                "-4.0": 0.0008665421317220326,
                "-4.5": 0.0008665421317199369,
                "-5.0": 0.001080588395333439,
                "-5.5": 0.00108057739144319,
                "-6.0": 0.0009701353844328968,
                "-6.5": 0.0009701353844328095,
                "-7.0": 0.0004022091540442151,
                "-7.5": 0.0004022091540442299,
                "-8.0": 4.729841553996579e-05,
                "-8.5": 0.0,
                "-9.0": 0.0
            },
            "Qs_in": 0.0,
            "Qs_out_bed": 0.0,
            "Qs_out_wall": 0.004995132319207764,
            "D50": 0.09063262384499107,
            "D84": 0.1359489357674866
        },
        "deposit_downstream": {
            "flow_scale": 0.83,
            "elevation": 1743.7622241932622,
            "length": 47,
            "width": 1.5943090243006945,
            "bankfull_width": 7.5,
            "lwd_factor": 1,
            "gsd_bed": {
                "1.0": 0.49150974059238134,
                "0.0": 0.49150974059239533,
                "-1.0": 0.009374032971008042,
                "-2.0": 0.0012909582829994737,
                "-2.5": 0.0013297933534841442,
                "-3.0": 0.00035716860172138224,
                "-3.5": 0.0003571686017222302,
                "-4.0": 0.0005399685827662314,
                "-4.5": 0.000539968582766065,
                "-5.0": 0.0006734102185636636,
                "-5.5": 0.00067341021856362,
                "-6.0": 0.0006045894062108238,
                "-6.5": 0.0006045894062108168,
                "-7.0": 0.0002729688448840678,
                "-7.5": 0.0003206867469414519,
                "-8.0": 4.180499738164764e-05,
                "-8.5": 0.0,
                "-9.0": 0.0
            },
            "gsd_wall": {
                "1.0": 0.49143121719599303,
                "0.0": 0.49143121719597826,
                "-1.0": 0.009373483820101412,
                "-2.0": 0.001306135582406727,
                "-2.5": 0.0013493872216828568,
                "-3.0": 0.0003621306158939964,
                "-3.5": 0.0003621306158935342,
                "-4.0": 0.0005479659280134572,
                "-4.5": 0.0005479659280135395,
                "-5.0": 0.000682349301404077,
                "-5.5": 0.0006823493014040978,
                "-6.0": 0.0006125826906238928,
                "-6.5": 0.0006125826906238951,
                "-7.0": 0.0002986781879545136,
                "-7.5": 0.0003522831828969361,
                "-8.0": 4.754054111578536e-05,
                "-8.5": 0.0,
                "-9.0": 0.0
            },
            "Qs_in": 0.004995132319207764,
            "Qs_out_bed": 2609.87564689444,
            "Qs_out_wall": 0.3437699692410591,
            "D50": 0.0007531343403224065,
            "D84": 0.0011297015104836097
        },
        "downstream": {
            "flow_scale": 0.835,
            "elevation": 1741.8254940700808,
            "length": 65,
            "bankfull_width": 6,
            "lwd_factor": null,
            "gsd": {
                "1.0": 0.47427576327294546,
                "0.0": 0.47540289124785295,
                "-1.0": 0.009045474496552824,
                "-2.0": 0.0010844624086697764,
                "-2.5": 0.0011172397668522318,
                "-3.0": 0.0002998761908768503,
                "-3.5": 0.00029987619087766857,
                "-4.0": 0.00045341255109095704,
                "-4.5": 0.004749533400024053,
                "-5.0": 0.008549938389245426,
                "-5.5": 0.0085561885020183,
                "-6.0": 0.00767544506809492,
                "-6.5": 0.0076753598273711235,
                "-7.0": 0.0007707553798520957,
                "-7.5": 4.3398046452265835e-05,
                "-8.0": 2.4431199510455243e-07,
                "-8.5": 1.0403395395935474e-07,
                "-9.0": 3.691527398557401e-08
            },
            "Qs_in": 2610.2194168636806,
            "Qs_out": 0.0,
            "D50": 0.046164091360552814,
            "D84": 0.08996189626320901
        }
    },
    "dep_masses": {
        "deposit_upstream": {
            "1.0": 23.554426200670434,
            "0.0": 188.86007100833186,
            "-1.0": 29.10159613796279,
            "-2.0": 31.576376718587174,
            "-2.5": 89.5628121741801,
            "-3.0": 66.74830681817753,
            "-3.5": 188.78676014244476,
            "-4.0": 807.3877583622934,
            "-4.5": 2283.6374359399338,
            "-5.0": 8054.57747784535,
            "-5.5": 22736.69519840111,
            "-6.0": 58022.36141290611,
            "-6.5": 164112.0208620904,
            "-7.0": 192444.27344067078,
            "-7.5": 544314.6030016665,
            "-8.0": 181046.28643002163,
            "-8.5": 0,
            "-9.0": 0
        },
        "deposit_downstream": {
            "1.0": 20.201849737952315,
            "0.0": 161.6147979036163,
            "-1.0": 24.658701167148664,
            "-2.0": 27.48365770012646,
            "-2.5": 80.18887006689118,
            "-3.0": 60.91602361318784,
            "-3.5": 172.29653351904844,
            "-4.0": 736.8148588718225,
            "-4.5": 2084.0271327493647,
            "-5.0": 7349.978215594442,
            "-5.5": 20788.87775128149,
            "-6.0": 52790.07008540327,