{
    "timestep": "2012-04-05 04:00",
    "deposit_mass": 2401711,
    "reaches": {
        "upstream": {
            "flow_scale": 0.78,
            "elevation": 1746.1185,
            "length": 50,
            "bankfull_width": 6,
            "lwd_factor": null,
            "gsd": {
                "1.0": 0.004955892556255157,
                "0.0": 0.004955892556257377,
                "-1.0": 0.007037367429886666,
                "-2.0": 0.009317078005762293,
                "-2.5": 0.016850034690502846,
                "-3.0": 0.03201506591237952,
                "-3.5": 0.048964218456040036,
                "-4.0": 0.06531866389166556,
                "-4.5": 0.09654078699571568,
                "-5.0": 0.12528496382227947,
                "-5.5": 0.14411735553592545,
                "-6.0": 0.14282882347132497,
                "-6.5": 0.1187431856478943,
                "-7.0": 0.0974328476559975,
                "-7.5": 0.04985627911594106,
                "-8.0": 0.023193577163281336,
                "-8.5": 0.007632074536635117,
                "-9.0": 0.004955892556255621
            },
            "Qs_in": 0.0,
            "Qs_out": 0.0,
            "D50": 0.04543415634568934,
            "D84": 0.12766173715106185
        },
        "deposit_upstream": {
            "flow_scale": 0.79,
            "elevation": 1746.2987085926904,
            "length": 55,
            "width": 1.0000848991282296,
            "bankfull_width": 6,
            "lwd_factor": null,
            "gsd_bed": {
                "1.0": 1.73450807092088e-05,
                "0.0": 1.736619269054026e-05,
                "-1.0": 3.3356991087086166e-07,
                "-2.0": 0.00021948742659878351,
                "-2.5": 0.00021984542253759466,
                "-3.0": 5.7927524034368744e-05,
                "-3.5": 5.7925694893992065e-05,
                "-4.0": 8.758644227936e-05,
                "-4.5": 8.758644227900179e-05,
                "-5.0": 0.00010922134037206279,
                "-5.5": 0.0073960778963298515,
                "-6.0": 0.344597418632194,
                "-6.5": 0.34459741863213283,
                "-7.0": 0.1428669013190214,
                "-7.5": 0.14286690131903082,
                "-8.0": 0.016800657064985146,
                "-8.5": 0.0,
                "-9.0": 0.0
            },
            "gsd_wall": {
                "1.0": 0.02961651820554957,
                "0.0": 0.9421651128509217,
                "-1.0": 0.016036003610924915,
                "-2.0": 0.002174958509123711,
                "-2.5": 0.0021749860969747766,
                "-3.0": 0.0005730915747660162,
                "-3.5": 0.0005730916090288068,
                "-4.0": 0.0008665421317229994,
                "-4.5": 0.0008665421317188445,
                "-5.0": 0.001080588395333456,
                "-5.5": 0.0010805773914426668,
                "-6.0": 0.0009701353844325126,
                "-6.5": 0.0009701353844323394,
                "-7.0": 0.0004022091540440282,
                "-7.5": 0.0004022091540440567,
                "-8.0": 4.7298415539946e-05,
                "-8.5": 0.0,
                "-9.0": 0.0
            },
            "Qs_in": 0.0,
            "Qs_out_bed": 0.0,
            "Qs_out_wall": 0.0,
            "D50": 0.0906326238449914,
            "D84": 0.1359489357674871
        },
        "deposit_downstream": {
            "flow_scale": 0.83,
            "elevation": 1743.7399821236768,
            "length": 47,
            "width": 1.833600067850339,
            "bankfull_width": 7.5,
            "lwd_factor": 1,
            "gsd_bed": {
                "1.0": 0.4911295953387645,
                "0.0": 0.4911295953387806,
                "-1.0": 0.009366770026981568,
                "-2.0": 0.00136746813951674,
                "-2.5": 0.0014104275608012675,
                "-3.0": 0.0003783101051356794,
                "-3.5": 0.0003783101051366961,
                "-4.0": 0.0005723799270384258,
                "-4.5": 0.000572379927038226,
                "-5.0": 0.0007140389098063766,
                "-5.5": 0.0007140389098063247,
                "-6.0": 0.0006407826639594371,
                "-6.5": 0.000640782663959429,
                "-7.0": 0.0004219744778387462,
                "-7.5": 0.0004985914349448955,
                "-8.0": 6.455447049102139e-05,
                "-8.5": 0.0,
                "-9.0": 0.0
            },
            "gsd_wall": {
                "1.0": 0.4910377313183627,
                "0.0": 0.49103773131819306,
                "-1.0": 0.009368544409474235,
                "-2.0": 0.001379797582434668,
                "-2.5": 0.001425248594140591,
                "-3.0": 0.00038951037310129484,
                "-3.5": 0.0003895103730891405,
                "-4.0": 0.0005836696394914525,
                "-4.5": 0.000583669639493796,
                "-5.0": 0.0007245685233439044,
                "-5.5": 0.0007245685233445178,
                "-6.0": 0.0006537264449243412,
                "-6.5": 0.0006537264449244353,
                "-7.0": 0.0004456422490240794,
                "-7.5": 0.0005257996731095913,
                "-8.0": 7.65548935484692e-05,
                "-8.5": 0.0,
                "-9.0": 0.0
            },
            "Qs_in": 0.0,
            "Qs_out_bed": 945.9900228695702,
            "Qs_out_wall": 0.10670864923726547,
            "D50": 0.0007533180593266975,
            "D84": 0.0011299770889900461
        },
        "downstream": {
            "flow_scale": 0.835,
            "elevation": 1741.9100400855323,
            "length": 65,
            "bankfull_width": 6,
            "lwd_factor": null,
            "gsd": {
                "1.0": 0.4354059442234909,
                "0.0": 0.435405944223488,
                "-1.0": 0.008304406517635818,
                "-2.0": 0.0010683706624141356,
                "-2.5": 0.0011021973147980406,
                "-3.0": 0.0002962071651631781,
                "-3.5": 0.0002962071651640794,
                "-4.0": 0.00044781599047446054,
                "-4.5": 0.017571131407128612,
                "-5.0": 0.026280642496654592,
                "-5.5": 0.026283338425158898,
                "-6.0": 0.023593243712065146,
                "-6.5": 0.023593206944263534,
                "-7.0": 0.0003324582260557312,
                "-7.5": 1.871934716897297e-05,
                "-8.0": 1.0538172631657303e-07,
                "-8.5": 4.487408675568239e-08,
                "-9.0": 1.5923063042335908e-08
            },
            "Qs_in": 946.0967315188075,
            "Qs_out": 0.0,
            "D50": 0.04572681527075705,
            "D84": 0.08959077994772231
        }
    },
    "dep_masses": {
        "deposit_upstream": {
            "1.0": 23.554426200670434,
            "0.0": 188.720207303394,
            "-1.0": 29.10159613796279,
            "-2.0": 31.576376718587174,
            "-2.5": 89.5628121741801,
            "-3.0": 66.74830681817753,
            "-3.5": 188.78676014244476,
            "-4.0": 807.3877583622934,
            "-4.5": 2283.6374359399338,
            "-5.0": 8054.57747784535,
            "-5.5": 22736.69519840111,
            "-6.0": 58022.36141290611,
            "-6.5": 164112.0208620904,
            "-7.0": 192444.27344067078,
            "-7.5": 544314.6030016665,
            "-8.0": 181046.28643002163,
            "-8.5": 0,
            "-9.0": 0
        },
        "deposit_downstream": {
            "1.0": 13.451389106629582,
            "0.0": 107.61111285303397,
            "-1.0": 16.418856622725784,
            "-2.0": 19.30699855679906,
            "-2.5": 56.3376101159726,
            "-3.0": 42.803339840262474,
            "-3.5": 121.06612743362622,
            "-4.0": 517.7001955171346,
            "-4.5": 1464.277275487538,
            "-5.0": 5164.096546544061,
            "-5.5": 14606.270747054337,
            "-6.0": 37090.8841827632,
            "-6.5": 104908.8629033481,