{
    "timestep": "2012-04-21 20:00",
    "deposit_mass": 2401711,
    "reaches": {
        "upstream": {
            "flow_scale": 0.78,
            "elevation": 1746.1185000009941,
            "length": 50,
            "bankfull_width": 6,
            "lwd_factor": null,
            "gsd": {
                "1.0": 0.739327641251069,
                "0.0": 0.0012982984298785976,
                "-1.0": 0.001843583770429156,
                "-2.0": 0.0024408010481697445,
                "-2.5": 0.004414214660583715,
                "-3.0": 0.0083870078556602,
                "-3.5": 0.012827188487482776,
                "-4.0": 0.017111573306051123,
                "-4.5": 0.02529085341380377,
                "-5.0": 0.03282098430745189,
                "-5.5": 0.037754518340818846,
                "-6.0": 0.03741696074908471,
                "-6.5": 0.03110723037984911,
                "-7.0": 0.025524547131383822,
                "-7.5": 0.013060882204568086,
                "-8.0": 0.006076036651827722,
                "-8.5": 0.0019993795820114134,
                "-9.0": 0.0012982984298763238
            },
            "Qs_in": 0.0006243915399009732,
            "Qs_out": 0.0,
            "D50": 0.04543415634574092,
            "D84": 0.12766173715108337
        },
        "deposit_upstream": {
            "flow_scale": 0.79,
            "elevation": 1746.2987085926904,
            "length": 55,
            "width": 1.0003453548351127,
            "bankfull_width": 6,
            "lwd_factor": null,
            "gsd_bed": {
                "1.0": 1.7345080709191538e-05,
                "0.0": 1.7366192690553867e-05,
                "-1.0": 3.3356991087134833e-07,
                "-2.0": 0.0002194874265988066,
                "-2.5": 0.00021984542249786092,
                "-3.0": 5.792752402693822e-05,
                "-3.5": 5.792569489505493e-05,
                "-4.0": 8.75864422804554e-05,
                "-4.5": 8.758644227843225e-05,
                "-5.0": 0.00010922134037246755,
                "-5.5": 0.007396077896327657,
                "-6.0": 0.3445974186323395,
                "-6.5": 0.34459741863203075,
                "-7.0": 0.14286690131900254,
                "-7.5": 0.1428669013190499,
                "-8.0": 0.016800657064989087,
                "-8.5": 0.0,
                "-9.0": 0.0
            },
            "gsd_wall": {
                "1.0": 0.2901756740798327,
                "0.0": 0.6882105977254063,
                "-1.0": 0.012282702238249897,
                "-2.0": 0.0016658993347868135,
                "-2.5": 0.0016659204652715142,
                "-3.0": 0.0004389568210368851,
                "-3.5": 0.00043895684734467045,
                "-4.0": 0.0006637239077271342,
                "-4.5": 0.0006637239077113288,
                "-5.0": 0.0008276716458816986,
                "-5.5": 0.0008276632174995089,
                "-6.0": 0.0007430706768888649,
                "-6.5": 0.000743070676888206,
                "-7.0": 0.0003080702272508642,
                "-7.5": 0.00030807022725096893,
                "-8.0": 3.6228000972865464e-05,
                "-8.5": 0.0,
                "-9.0": 0.0
            },
            "Qs_in": 0.0,
            "Qs_out_bed": 0.0,
            "Qs_out_wall": 0.14413302117473384,
            "D50": 0.09063262384499492,
            "D84": 0.13594893576749237
        },
        "deposit_downstream": {
            "flow_scale": 0.83,
            "elevation": 1744.4656968941886,
            "length": 47,
            "width": 3.570714473404252,
            "bankfull_width": 7.5,
            "lwd_factor": 1,
            "gsd_bed": {
                "1.0": 0.115264741923771,
                "0.0": 0.13631735878286735,
                "-1.0": 0.0,
                "-2.0": 0.0,
                "-2.5": 0.0,
                "-3.0": 0.0,
                "-3.5": 0.0,
                "-4.0": 0.0,
                "-4.5": 0.0,
                "-5.0": 0.0,
                "-5.5": 0.0,
                "-6.0": 0.0,
                "-6.5": 0.1346271134339191,
                "-7.0": 0.1207510963104782,
                "-7.5": 0.4355979219679882,
                "-8.0": 0.057441767580975994,
                "-8.5": 0.0,
                "-9.0": 0.0
            },
            "gsd_wall": {
                "1.0": 0.18679583815353487,
                "0.0": 0.20682495157055508,
                "-1.0": 0.00013388638220005112,
                "-2.0": 7.401558571954832e-05,
                "-2.5": 7.466333698824587e-05,
                "-3.0": 8.521978950398997e-08,
                "-3.5": 8.521431348473477e-08,
                "-4.0": 4.0669031967727964e-05,
                "-4.5": 4.066903303632155e-05,
                "-5.0": 0.00012231254839606574,
                "-5.5": 0.00012231254867651372,
                "-6.0": 0.0001101296102705267,
                "-6.5": 0.18325680166016547,
                "-7.0": 0.1582827168300855,
                "-7.5": 0.23348572635768836,
                "-8.0": 0.030635136916612866,
                "-8.5": 0.0,
                "-9.0": 0.0
            },
            "Qs_in": 0.14413302117473384,
            "Qs_out_bed": 0.14429820485525605,
            "Qs_out_wall": 0.0,
            "D50": 0.1656737775980506,
            "D84": 0.2485106663970759
        },
        "downstream": {
            "flow_scale": 0.835,
            "elevation": 1742.08083549869,
            "length": 65,
            "bankfull_width": 6,
            "lwd_factor": null,
            "gsd": {
                "1.0": 0.22268871156595055,
                "0.0": 0.41598627528539134,
                "-1.0": 7.199978737826536e-07,
                "-2.0": 3.853557400993608e-06,
                "-2.5": 3.7995445772548993e-06,
                "-3.0": 1.0026117900998719e-06,
                "-3.5": 1.0083644441856198e-06,
                "-4.0": 1.6219507588301838e-06,
                "-4.5": 3.084201629657057e-06,
                "-5.0": 0.0007623264431717963,
                "-5.5": 0.14004563046755356,
                "-6.0": 0.10743816050587236,
                "-6.5": 0.07466120427949258,
                "-7.0": 0.03821203067311928,
                "-7.5": 0.0001779516861473883,
                "-8.0": 8.002206963004273e-06,
                "-8.5": 3.4075331847956266e-06,
                "-9.0": 1.20912467847544e-06
            },
            "Qs_in": 0.14429820485525605,
            "Qs_out": 0.016234180037425258,
            "D50": 0.06508065214141102,
            "D84": 0.09762097821211654
        }
    },
    "dep_masses": {
        "deposit_upstream": {
            "1.0": 22.52011468361218,
            "0.0": 180.25845315465511,
            "-1.0": 29.10159613796279,
            "-2.0": 31.576376718587174,
            "-2.5": 89.5628121741801,
            "-3.0": 66.74830681817753,
            "-3.5": 188.78676014244476,
            "-4.0": 807.3877583622934,
            "-4.5": 2283.6374359399338,
            "-5.0": 8054.57747784535,
            "-5.5": 22736.69519840111,
            "-6.0": 58022.36141290611,
            "-6.5": 164112.0208620904,
            "-7.0": 192444.27344067078,
            "-7.5": 544314.6030016665,
            "-8.0": 181046.28643002163,
            "-8.5": 0,
            "-9.0": 0
        },
        "deposit_downstream": {
            "1.0": 0.011791258544242015,
            "0.0": 0.10429724135312926,
            "-1.0": 0,
            "-2.0": 0,
            "-2.5": 0,
            "-3.0": 0,
            "-3.5": 0,
            "-4.0": 0,
            "-4.5": 0,
            "-5.0": 0,
            "-5.5": 0,
            "-6.0": 0,
            "-6.5": 65096.47772169862,
            "-7.0": 164099.00202908064,
            "-7.5": 682965.4274070758,
            "-8.0": 252594.96140738425,
            "-8.5": 0,
            "-9.0": 0
        }
    },
    "sed_masses": {
        "upstream": {
            "1.0": 0.0006329555266162754,