{
    "timestep": "2012-05-12 16:00",
    "deposit_mass": 2401711,
    "reaches": {
        "upstream": {
            "flow_scale": 0.78,
            "elevation": 1746.1163070222033,
            "length": 50,
            "bankfull_width": 6,
            "lwd_factor": null,
            "gsd": {
                "1.0": 0.00031309405714864084,
                "0.0": 5.8879051239564935e-05,
                "-1.0": 3.4230300183105284e-05,
                "-2.0": 1.5928945106495026e-05,
                "-2.5": 5.546955594313429e-05,
                "-3.0": 4.301106841598087e-05,
                "-3.5": 2.836495022169404e-05,
                "-4.0": 0.022876219384816175,
                "-4.5": 2.278308952983618e-14,
                "-5.0": 0.7543374047907719,
                "-5.5": 0.20500514665118375,
                "-6.0": 0.005535370941590895,
                "-6.5": 0.00460192532131957,
                "-7.0": 0.0037760372210832957,
                "-7.5": 0.001932194020554818,
                "-8.0": 0.0008988735602581879,
                "-8.5": 0.00029578318008493105,
                "-9.0": 0.00019206700005501445
            },
            "Qs_in": 0.07804894248762148,
            "Qs_out": 0.1501255584947634,
            "D50": 0.0007071067811865476,
            "D84": 0.03150951964479991
        },
        "deposit_upstream": {
            "flow_scale": 0.79,
            "elevation": 1745.7555192009656,
            "length": 55,
            "width": 2.949272249361892,
            "bankfull_width": 6,
            "lwd_factor": null,
            "gsd_bed": {
                "1.0": 0.8656007479368317,
                "0.0": 0.12418727498488197,
                "-1.0": 5.794812857193086e-07,
                "-2.0": 1.4611037350501975e-05,
                "-2.5": 4.535548367421546e-06,
                "-3.0": 2.1236605747985075e-05,
                "-3.5": 1.2275585350197932e-06,
                "-4.0": 7.030255269088108e-06,
                "-4.5": 7.0302552690058146e-06,
                "-5.0": 8.7667333917803e-06,
                "-5.5": 8.748088200107396e-06,
                "-6.0": 0.00010053665008389626,
                "-6.5": 0.0034241731116329472,
                "-7.0": 0.002321403244282737,
                "-7.5": 0.003825025839144814,
                "-8.0": 0.00046707266972537115,
                "-8.5": 0.0,
                "-9.0": 0.0
            },
            "gsd_wall": {
                "1.0": 0.4413988459598685,
                "0.0": 0.5208313469203254,
                "-1.0": 0.01507972583895019,
                "-2.0": 0.0017267909094128753,
                "-2.5": 0.001845830580207311,
                "-3.0": 0.010041981745797145,
                "-3.5": 0.0005681157558329866,
                "-4.0": 0.0008886150284683483,
                "-4.5": 0.0008886150284622066,
                "-5.0": 0.0010996957969971104,
                "-5.5": 0.0010993816618668334,
                "-6.0": 0.0009896089646867924,
                "-6.5": 0.0011528806985095618,
                "-7.0": 0.000840633812786929,
                "-7.5": 0.0013769513012903793,
                "-8.0": 0.00017097999653739365,
                "-8.5": 0.0,
                "-9.0": 0.0
            },
            "Qs_in": 0.1501255584947634,
            "Qs_out_bed": 0.009990264638415548,
            "Qs_out_wall": 0.0,
            "D50": 0.1342154657853175,
            "D84": 0.20132319867797624
        },
        "deposit_downstream": {
            "flow_scale": 0.83,
            "elevation": 1744.1212837704068,
            "length": 47,
            "width": 5.527841939628107,
            "bankfull_width": 7.5,
            "lwd_factor": 1,
            "gsd_bed": {
                "1.0": 0.0001349308974758843,
                "0.0": 1.7262562232422133e-05,
                "-1.0": 3.58960203937623e-06,
                "-2.0": 1.3066795055237213e-06,
                "-2.5": 1.5529198116174802e-06,
                "-3.0": 0.02588027755262773,
                "-3.5": 0.013854121149629901,
                "-4.0": 4.942766401918798e-07,
                "-4.5": 9.168756556885469e-08,
                "-5.0": 0.00012341667144658304,
                "-5.5": 1.806508361578751e-08,
                "-6.0": 0.013673070361077339,
                "-6.5": 0.04889562054080332,
                "-7.0": 0.135200186688148,
                "-7.5": 0.6031351812461342,
                "-8.0": 0.15907887909977877,
                "-8.5": 0.0,
                "-9.0": 0.0
            },
            "gsd_wall": {
                "1.0": 0.003328912569469212,
                "0.0": 0.002331852599466432,
                "-1.0": 0.0032421810385717333,
                "-2.0": 0.0018133979509912706,
                "-2.5": 0.0018509352080430203,
                "-3.0": 0.02383677724787112,
                "-3.5": 0.016004849969291107,
                "-4.0": 0.0004810828827310109,
                "-4.5": 2.878723961833595e-05,
                "-5.0": 7.164369010852415e-05,
                "-5.5": 0.002994606862655994,
                "-6.0": 0.014851305797232638,
                "-6.5": 0.0510998370160066,
                "-7.0": 0.13452931565730505,
                "-7.5": 0.5882354196272493,
                "-8.0": 0.15529909464338865,
                "-8.5": 0.0,
                "-9.0": 0.0
            },
            "Qs_in": 0.009990264638415548,
            "Qs_out_bed": 0.07098313215774728,
            "Qs_out_wall": 0.0,
            "D50": 0.0007071067811865476,
            "D84": 0.0014142135623730952
        },
        "downstream": {
            "flow_scale": 0.835,
            "elevation": 1742.5103141020359,
            "length": 65,
            "bankfull_width": 6,
            "lwd_factor": null,
            "gsd": {
                "1.0": 0.8539625152739767,
                "0.0": 0.11435759862861195,
                "-1.0": 0.0,
                "-2.0": 1.0370753297885652e-05,
                "-2.5": 1.0659130816137903e-05,
                "-3.0": 0.0,
                "-3.5": 0.0,
                "-4.0": 0.0,
                "-4.5": 0.0,
                "-5.0": 0.0001420631883360348,
                "-5.5": 0.00012560373405986474,
                "-6.0": 0.0005333748109384482,
                "-6.5": 0.013408071763386814,
                "-7.0": 0.010242597747052195,
                "-7.5": 0.007167651887022477,
                "-8.0": 2.5044393781376145e-05,
                "-8.5": 1.0664508340969809e-05,
                "-9.0": 3.7841803790513567e-06
            },
            "Qs_in": 0.07098313215774728,
            "Qs_out": 0.0,
            "D50": 0.12715758305736052,
            "D84": 0.19073637458604076
        }
    },
    "dep_masses": {
        "deposit_upstream": {
            "1.0": 4.430203565276719,
            "0.0": 31.47899614023596,
            "-1.0": 7.837052526547731,
            "-2.0": 5.385712230046478,
            "-2.5": 19.60936747929285,
            "-3.0": 324.0230640507277,
            "-3.5": 52.97586097040851,
            "-4.0": 226.87869116563135,
            "-4.5": 641.709844120191,
            "-5.0": 2263.3431323406116,
            "-5.5": 6388.085894937149,
            "-6.0": 16233.104451388865,
            "-6.5": 54681.04501104171,
            "-7.0": 112516.45938320305,
            "-7.5": 524472.0257582332,
            "-8.0": 181046.28643002163,
            "-8.5": 0.0,
            "-9.0": 0.0
        },
        "deposit_downstream": {
            "1.0": 0.6566657967121126,
            "0.0": 0.6720912344733703,
            "-1.0": 0.48418876473339884,
            "-2.0": 0,
            "-2.5": 0,
            "-3.0": 1.1500069164276165,
            "-3.5": 1.7801016140545372,
            "-4.0": 0,
            "-4.5": 0,
            "-5.0": 0,
            "-5.5": 0,
            "-6.0": 335.18641061816726,
            "-6.5": 3433.1802031299244,
            "-7.0": 26863.866993740856,
            "-7.5": 339189.62102075346,