{
    "timestep": "2016-04-13 00:00",
    "deposit_mass": 822761,
    "reaches": {
        "upstream": {
            "flow_scale": 0.78,
            "elevation": 1746.9788938533852,
            "length": 37.5,
            "bankfull_width": 5.5,
            "gsd": {
                "1.0": 0.00877802873659023,
                "0.0": 0.008695060996484679,
                "-1.0": 0.008486956040441253,
                "-2.0": 0.008223563027412253,
                "-2.5": 0.0040403854845414335,
                "-3.0": 0.008849840317456791,
                "-3.5": 0.015022390026338725,
                "-4.0": 0.026889513968615983,
                "-4.5": 0.04792993619437913,
                "-5.0": 0.07154776505076262,
                "-5.5": 0.12235926290558684,
                "-6.0": 0.16879632565659092,
                "-6.5": 0.21173773727969714,
                "-7.0": 0.18229212687459007,
                "-7.5": 0.10129369722653962,
                "-8.0": 0.005057410213972257,
                "-8.5": 0.0,
                "-9.0": 0.0
            },
            "Qs_in": 40.94893241564414,
            "Qs_out": 43.76260602725719
        },
        "deposit_upstream": {
            "flow_scale": 0.79,
            "elevation": 1745.9388640097297,
            "length": 41,
            "width": 2.141755633061963,
            "bankfull_width": 5.5,
            "gsd_bed": {
                "1.0": 0.0122298415706282,
                "0.0": 0.011333886709486065,
                "-1.0": 0.010329381356083038,
                "-2.0": 0.009408392044212548,
                "-2.5": 0.0044857964954886365,
                "-3.0": 0.009520723620624826,
                "-3.5": 0.015798398784991376,
                "-4.0": 0.027471572670689514,
                "-4.5": 0.047469388949281446,
                "-5.0": 0.06823507969078112,
                "-5.5": 0.1153954724400931,
                "-6.0": 0.16812872660336264,
                "-6.5": 0.21673139195934094,
                "-7.0": 0.18113178618557363,
                "-7.5": 0.09767642412844614,
                "-8.0": 0.00465373679091681,
                "-8.5": 0.0,
                "-9.0": 0.0
            },
            "gsd_wall": {
                "1.0": 6.344131029991697e-38,
                "0.0": 3.291539981117333e-18,
                "-1.0": 2.4897001456792737e-08,
                "-2.0": 0.00034343987713366704,
                "-2.5": 0.003148631325037804,
                "-3.0": 0.01897488817549516,
                "-3.5": 0.038087572682129506,
                "-4.0": 0.0985661706489701,
                "-4.5": 0.12295649860727634,
                "-5.0": 0.23727069652868027,
                "-5.5": 0.25456629232411376,
                "-6.0": 0.07570264974678913,
                "-6.5": 0.07741830181530969,
                "-7.0": 0.03251301649131787,
                "-7.5": 0.03274598360503127,
                "-8.0": 0.007705833275713947,
                "-8.5": 0.0,
                "-9.0": 0.0
            },
            "Qs_in": 43.76260602725719,
            "Qs_out_bed": 43.24700250072155,
            "Qs_out_wall": 1.021138562734113e-06
        },
        "deposit_downstream": {
            "flow_scale": 0.83,
            "elevation": 1744.6477802334616,
            "length": 42,
            "width": 4.588199556912991,
            "bankfull_width": 5.5,
            "gsd_bed": {
                "1.0": 0.004520801255943859,
                "0.0": 0.00505556509283617,
                "-1.0": 0.0058273072242140105,
                "-2.0": 0.006548281030709344,
                "-2.5": 0.003376726855126954,
                "-3.0": 0.007753541286938945,
                "-3.5": 0.013775691163594199,
                "-4.0": 0.025556047651925304,
                "-4.5": 0.046504354019681955,
                "-5.0": 0.0699872804157047,
                "-5.5": 0.12680955077333306,
                "-6.0": 0.18340201290159558,
                "-6.5": 0.2138243814887235,
                "-7.0": 0.1692225844707886,
                "-7.5": 0.09726662642970735,
                "-8.0": 0.020569247939176295,
                "-8.5": 0.0,
                "-9.0": 0.0
            },
            "gsd_wall": {
                "1.0": 0.055124849507183916,
                "0.0": 0.0559221160513339,
                "-1.0": 0.05779555111694355,
                "-2.0": 0.031570916286982297,
                "-2.5": 0.03158030881690849,
                "-3.0": 0.05507234935918946,
                "-3.5": 0.05507756979135253,
                "-4.0": 0.09628965358814835,
                "-4.5": 0.09629256193297844,
                "-5.0": 0.16403429018871266,
                "-5.5": 0.16403586888640775,
                "-6.0": 0.046882111048429286,
                "-6.5": 0.04688225481938579,
                "-7.0": 0.019441487056907153,
                "-7.5": 0.019441506054296398,
                "-8.0": 0.0045566054948400405,
                "-8.5": 0.0,
                "-9.0": 0.0
            },
            "Qs_in": 43.247003521860115,
            "Qs_out_bed": 85.72068598864816,
            "Qs_out_wall": 2.408516476307083e-07
        },
        "downstream": {
            "flow_scale": 0.835,
            "elevation": 1742.6131512783936,
            "length": 50,
            "bankfull_width": 5.5,
            "gsd": {
                "1.0": 0.004520860133174861,
                "0.0": 0.005199375592423637,
                "-1.0": 0.005968901042468437,
                "-2.0": 0.006429430076228783,
                "-2.5": 0.003326879776475239,
                "-3.0": 0.007653945170134561,
                "-3.5": 0.013550407928040692,
                "-4.0": 0.025160279390097656,
                "-4.5": 0.04596998828421646,
                "-5.0": 0.07122242787274506,
                "-5.5": 0.1307818222563393,
                "-6.0": 0.17732434136833802,
                "-6.5": 0.20041074755712868,
                "-7.0": 0.15906742565818302,
                "-7.5": 0.09320978987408453,
                "-8.0": 0.05020337801992111,
                "-8.5": 0.0,
                "-9.0": 0.0
            },
            "Qs_in": 85.7206862294998,
            "Qs_out": 43.00853152526945
        }
    }
}