{
    "timestep": "2013-04-04 00:00",
    "deposit_mass": 822761,
    "reaches": {
        "upstream": {
            "flow_scale": 0.78,
            "elevation": 1747.0121360209107,
            "length": 37.5,
            "bankfull_width": 5.5,
            "gsd": {
                "1.0": 0.009994722923518924,
                "0.0": 0.00998467499442612,
                "-1.0": 0.009966542514005625,
                "-2.0": 0.009959548835170473,
                "-2.5": 0.004981778103502459,
                "-3.0": 0.011071716779149074,
                "-3.5": 0.01913708696030776,
                "-4.0": 0.03462036921192739,
                "-4.5": 0.06201540708835384,
                "-5.0": 0.09283386528911954,
                "-5.5": 0.15389848099362893,
                "-6.0": 0.19395351623788742,
                "-6.5": 0.2030717775245907,
                "-7.0": 0.13538016738931238,
                "-7.5": 0.048154972042579305,
                "-8.0": 0.0009753731125201934,
                "-8.5": 0.0,
                "-9.0": 0.0
            },
            "Qs_in": 0.9280372959992195,
            "Qs_out": 0.91411927576894
        },
        "deposit_upstream": {
            "flow_scale": 0.79,
            "elevation": 1745.9858709263908,
            "length": 41,
            "width": 2.127985942015765,
            "bankfull_width": 5.5,
            "gsd_bed": {
                "1.0": 0.013552256181904452,
                "0.0": 0.013420244378473258,
                "-1.0": 0.01334830508271797,
                "-2.0": 0.013190557915441381,
                "-2.5": 0.006529951786740066,
                "-3.0": 0.01413560341647115,
                "-3.5": 0.023513347302418424,
                "-4.0": 0.040855503874738,
                "-4.5": 0.07036804690796182,
                "-5.0": 0.10142415805138749,
                "-5.5": 0.15918381395653602,
                "-6.0": 0.18592869207632773,
                "-6.5": 0.183198223026212,
                "-7.0": 0.11396931327841923,
                "-7.5": 0.04182891675062058,
                "-8.0": 0.0055530660136304056,
                "-8.5": 0.0,
                "-9.0": 0.0
            },
            "gsd_wall": {
                "1.0": 0.008486258895642909,
                "0.0": 0.03226993208292156,
                "-1.0": 0.05178735204719332,
                "-2.0": 0.03254278972483125,
                "-2.5": 0.033492991647948035,
                "-3.0": 0.05935409784059852,
                "-3.5": 0.059900536073013946,
                "-4.0": 0.10525885646832944,
                "-4.5": 0.10556660623002263,
                "-5.0": 0.18012613861888463,
                "-5.5": 0.18029376888542675,
                "-6.0": 0.05155546754164081,
                "-6.5": 0.051570750403702445,
                "-7.0": 0.02138928902277747,
                "-7.5": 0.02139130915116225,
                "-8.0": 0.005013855365904117,
                "-8.5": 0.0,
                "-9.0": 0.0
            },
            "Qs_in": 0.91411927576894,
            "Qs_out_bed": 0.9524956435968184,
            "Qs_out_wall": 1.5731370613772064e-09
        },
        "deposit_downstream": {
            "flow_scale": 0.83,
            "elevation": 1744.766113480682,
            "length": 42,
            "width": 4.09876271351581,
            "bankfull_width": 5.5,
            "gsd_bed": {
                "1.0": 0.011111962417495605,
                "0.0": 0.01098580081363915,
                "-1.0": 0.01090513943112824,
                "-2.0": 0.010732352419677169,
                "-2.5": 0.005260913098801087,
                "-3.0": 0.011266278229311106,
                "-3.5": 0.018479049059311015,
                "-4.0": 0.03174372965682045,
                "-4.5": 0.05472850200019223,
                "-5.0": 0.08093232598760501,
                "-5.5": 0.13204055342586332,
                "-6.0": 0.16051902685857045,
                "-6.5": 0.178714753056976,
                "-7.0": 0.12256840682210556,
                "-7.5": 0.10449719490944305,
                "-8.0": 0.05551401181306062,
                "-8.5": 0.0,
                "-9.0": 0.0
            },
            "gsd_wall": {
                "1.0": 0.05607254985942866,
                "0.0": 0.05616821356944162,
                "-1.0": 0.05781599273125937,
                "-2.0": 0.03154146207257258,
                "-2.5": 0.031542575569952325,
                "-3.0": 0.05499840724369758,
                "-3.5": 0.0549990259306966,
                "-4.0": 0.09614780476182798,
                "-4.5": 0.09614814940032683,
                "-5.0": 0.16378582249142645,
                "-5.5": 0.1637860095612065,
                "-6.0": 0.046810476122540585,
                "-6.5": 0.04681049315864097,
                "-7.0": 0.0194116987750385,
                "-7.5": 0.019411701026125477,
                "-8.0": 0.0045496177258180235,
                "-8.5": 0.0,
                "-9.0": 0.0
            },
            "Qs_in": 0.9524956451699554,
            "Qs_out_bed": 0.05363275186201932,
            "Qs_out_wall": 1.318324559444546e-12
        },
        "downstream": {
            "flow_scale": 0.835,
            "elevation": 1742.767519299952,
            "length": 50,
            "bankfull_width": 5.5,
            "gsd": {
                "1.0": 0.010507728446232224,
                "0.0": 0.0100934125414071,
                "-1.0": 0.010163287981213045,
                "-2.0": 0.010227673417919827,
                "-2.5": 0.0050419393795940294,
                "-3.0": 0.010852770605459796,
                "-3.5": 0.01785854461059413,
                "-4.0": 0.031043791375285953,
                "-4.5": 0.05421133072733277,
                "-5.0": 0.08241844101176694,
                "-5.5": 0.13716265084022197,
                "-6.0": 0.16345391392229072,
                "-6.5": 0.1816761187031532,
                "-7.0": 0.11527330820402822,
                "-7.5": 0.1111989699210366,
                "-8.0": 0.04881611831246337,
                "-8.5": 0.0,
                "-9.0": 0.0
            },
            "Qs_in": 0.05363275186333765,
            "Qs_out": 0.10957323294207516
        }
    }
}