{
    "timestep": "2017-04-16 00:00",
    "deposit_mass": 822761,
    "reaches": {
        "upstream": {
            "flow_scale": 0.78,
            "elevation": 1746.9705919268256,
            "length": 37.5,
            "bankfull_width": 5.5,
            "gsd": {
                "1.0": 0.008500360233162032,
                "0.0": 0.008192490436727652,
                "-1.0": 0.007784459065064641,
                "-2.0": 0.007819591323885985,
                "-2.5": 0.003950940920042073,
                "-3.0": 0.0087776703485164,
                "-3.5": 0.015033964447347118,
                "-4.0": 0.027086484626316177,
                "-4.5": 0.04940976833677667,
                "-5.0": 0.07572325423227638,
                "-5.5": 0.1279179830040842,
                "-6.0": 0.16902509440960942,
                "-6.5": 0.20502465147143525,
                "-7.0": 0.178146381053991,
                "-7.5": 0.10229008055647856,
                "-8.0": 0.005316825534286537,
                "-8.5": 0.0,
                "-9.0": 0.0
            },
            "Qs_in": 5.588006236309065,
            "Qs_out": 5.702497637319501
        },
        "deposit_upstream": {
            "flow_scale": 0.79,
            "elevation": 1745.937833944374,
            "length": 41,
            "width": 2.1417588380441592,
            "bankfull_width": 5.5,
            "gsd_bed": {
                "1.0": 0.010667244230238076,
                "0.0": 0.009619255486089775,
                "-1.0": 0.008591057067568481,
                "-2.0": 0.008685322681229544,
                "-2.5": 0.004418667372633536,
                "-3.0": 0.009657480061846455,
                "-3.5": 0.015837141251720713,
                "-4.0": 0.02733182619973439,
                "-4.5": 0.04871187429821956,
                "-5.0": 0.07392344936912315,
                "-5.5": 0.12252765118290831,
                "-6.0": 0.16452015857128843,
                "-6.5": 0.20907106415186294,
                "-7.0": 0.18136141162725444,
                "-7.5": 0.1002339433587442,
                "-8.0": 0.004842453089537957,
                "-8.5": 0.0,
                "-9.0": 0.0
            },
            "gsd_wall": {
                "1.0": 5.936563960250656e-38,
                "0.0": 3.2228666943008742e-18,
                "-1.0": 2.473197136966929e-08,
                "-2.0": 0.00034273586914206045,
                "-2.5": 0.003145121297075627,
                "-3.0": 0.01896375832858896,
                "-3.5": 0.03807659340870422,
                "-4.0": 0.09855435833306356,
                "-4.5": 0.12295345438175981,
                "-5.0": 0.2372775579821455,
                "-5.5": 0.2545813675032799,
                "-6.0": 0.07570842765391876,
                "-6.5": 0.07742495816941873,
                "-7.0": 0.03251598913689781,
                "-7.5": 0.0327490782978762,
                "-8.0": 0.007706574906157575,
                "-8.5": 0.0,
                "-9.0": 0.0
            },
            "Qs_in": 5.702497637319501,
            "Qs_out_bed": 5.958563541688265,
            "Qs_out_wall": 4.682296540825057e-09
        },
        "deposit_downstream": {
            "flow_scale": 0.83,
            "elevation": 1744.6543647563435,
            "length": 42,
            "width": 4.588199740989464,
            "bankfull_width": 5.5,
            "gsd_bed": {
                "1.0": 0.005260907529425881,
                "0.0": 0.005858735901745205,
                "-1.0": 0.006593873448830487,
                "-2.0": 0.00700422674408748,
                "-2.5": 0.0035104124924521026,
                "-3.0": 0.00783384115304244,
                "-3.5": 0.013848512360334178,
                "-4.0": 0.02610175621836136,
                "-4.5": 0.0487244221803629,
                "-5.0": 0.07333983746765785,
                "-5.5": 0.12440563256695025,
                "-6.0": 0.17739849818807013,
                "-6.5": 0.21550876020019893,
                "-7.0": 0.1707609568339273,
                "-7.5": 0.09529635206014546,
                "-8.0": 0.01855327465440821,
                "-8.5": 0.0,
                "-9.0": 0.0
            },
            "gsd_wall": {
                "1.0": 0.055119862935084946,
                "0.0": 0.055920812344573544,
                "-1.0": 0.05779544036048288,
                "-2.0": 0.03157107103375354,
                "-2.5": 0.03158050746260672,
                "-3.0": 0.055072738942614344,
                "-3.5": 0.055077983781903796,
                "-4.0": 0.09629040139923971,
                "-4.5": 0.09629332334279837,
                "-5.0": 0.164035600304458,
                "-5.5": 0.16403718638403564,
                "-6.0": 0.04688248878344242,
                "-6.5": 0.04688263322666687,
                "-7.0": 0.01944164413478862,
                "-7.5": 0.01944166322100969,
                "-8.0": 0.004556642342540967,
                "-8.5": 0.0,
                "-9.0": 0.0
            },
            "Qs_in": 5.958563546370561,
            "Qs_out_bed": 11.937728678747304,
            "Qs_out_wall": 1.5258216225231782e-09
        },
        "downstream": {
            "flow_scale": 0.835,
            "elevation": 1742.6131458285538,
            "length": 50,
            "bankfull_width": 5.5,
            "gsd": {
                "1.0": 0.005578231899379358,
                "0.0": 0.006477196273296505,
                "-1.0": 0.007652441972389208,
                "-2.0": 0.007296706496831905,
                "-2.5": 0.0035418465284403015,
                "-3.0": 0.008045076366535436,
                "-3.5": 0.014629156393610267,
                "-4.0": 0.02706311043744846,
                "-4.5": 0.04738581286080493,
                "-5.0": 0.06901648793424998,
                "-5.5": 0.12248618678359297,
                "-6.0": 0.17493094569893525,
                "-6.5": 0.20273661601218243,
                "-7.0": 0.16069070931931906,
                "-7.5": 0.09384913512310972,
                "-8.0": 0.04862033989987432,
                "-8.5": 0.0,
                "-9.0": 0.0
            },
            "Qs_in": 11.937728680273125,
            "Qs_out": 5.274048203694763
        }
    }
}