{
    "timestep": "2019-04-22 00:00",
    "deposit_mass": 822761,
    "reaches": {
        "upstream": {
            "flow_scale": 0.78,
            "elevation": 1746.9606718681566,
            "length": 37.5,
            "bankfull_width": 5.5,
            "gsd": {
                "1.0": 0.008214547476162739,
                "0.0": 0.008385533297693652,
                "-1.0": 0.008409821683441284,
                "-2.0": 0.008240436552938449,
                "-2.5": 0.004057052609418558,
                "-3.0": 0.008909183012004216,
                "-3.5": 0.015377422381347232,
                "-4.0": 0.028238221794900285,
                "-4.5": 0.0519553568090878,
                "-5.0": 0.07974349630051683,
                "-5.5": 0.1340292874606237,
                "-6.0": 0.17253185415212677,
                "-6.5": 0.20100255244461163,
                "-7.0": 0.17103958848206563,
                "-7.5": 0.09472758221631705,
                "-8.0": 0.005138063326743998,
                "-8.5": 0.0,
                "-9.0": 0.0
            },
            "Qs_in": 122.37054526263613,
            "Qs_out": 126.03568589297257
        },
        "deposit_upstream": {
            "flow_scale": 0.79,
            "elevation": 1745.9245117694306,
            "length": 41,
            "width": 2.150696180497715,
            "bankfull_width": 5.5,
            "gsd_bed": {
                "1.0": 0.011329253012378875,
                "0.0": 0.010597619511511499,
                "-1.0": 0.009555279556141072,
                "-2.0": 0.008284855722073117,
                "-2.5": 0.0038692192104989973,
                "-3.0": 0.008244223923663967,
                "-3.5": 0.014215051906335388,
                "-4.0": 0.02668537333657447,
                "-4.5": 0.05063151207625281,
                "-5.0": 0.07958969657607264,
                "-5.5": 0.13361357598259394,
                "-6.0": 0.17200957998407848,
                "-6.5": 0.20451065214893166,
                "-7.0": 0.17267420762413738,
                "-7.5": 0.08962315131010815,
                "-8.0": 0.004566748118647579,
                "-8.5": 0.0,
                "-9.0": 0.0
            },
            "gsd_wall": {
                "1.0": 1.475332704884453e-78,
                "0.0": 3.4134623103250116e-36,
                "-1.0": 2.2142397967719188e-15,
                "-2.0": 1.3398392507521915e-06,
                "-2.5": 0.00014613276946034601,
                "-3.0": 0.003708419316694672,
                "-3.5": 0.01670727905327311,
                "-4.0": 0.06813949908115208,
                "-4.5": 0.10983246171591309,
                "-5.0": 0.24490065597550476,
                "-5.5": 0.285073466814222,
                "-6.0": 0.08876643521832302,
                "-6.5": 0.09316625063637779,
                "-7.0": 0.0397042867599608,
                "-7.5": 0.040320971089620516,
                "-8.0": 0.009532801730244976,
                "-8.5": 0.0,
                "-9.0": 0.0
            },
            "Qs_in": 126.03568589297257,
            "Qs_out_bed": 131.56420655851701,
            "Qs_out_wall": 1.999320392196543e-05
        },
        "deposit_downstream": {
            "flow_scale": 0.83,
            "elevation": 1744.5799635294486,
            "length": 42,
            "width": 4.770454051251857,
            "bankfull_width": 5.5,
            "gsd_bed": {
                "1.0": 0.0037930683242426012,
                "0.0": 0.0040067734063832265,
                "-1.0": 0.004229440463238371,
                "-2.0": 0.00467968903690939,
                "-2.5": 0.0025928136781634024,
                "-3.0": 0.00654873547547706,
                "-3.5": 0.012742734454732067,
                "-4.0": 0.025268161216261947,
                "-4.5": 0.04814331505140934,
                "-5.0": 0.07461426869422669,
                "-5.5": 0.13014141224773249,
                "-6.0": 0.1821684021600733,
                "-6.5": 0.21936633883017972,
                "-7.0": 0.17530065874197906,
                "-7.5": 0.09696038572495425,
                "-8.0": 0.009443802494037054,
                "-8.5": 0.0,
                "-9.0": 0.0
            },
            "gsd_wall": {
                "1.0": 0.05321561301002146,
                "0.0": 0.05541481786120287,
                "-1.0": 0.05775017421718977,
                "-2.0": 0.03162994559806181,
                "-2.5": 0.03165645897218309,
                "-3.0": 0.05522198967217187,
                "-3.5": 0.0552367352531742,
                "-4.0": 0.09657730269377146,
                "-4.5": 0.09658551921950549,
                "-5.0": 0.16453843883411257,
                "-5.5": 0.16454289918142467,
                "-6.0": 0.04702748647065157,
                "-6.5": 0.04702789268039431,
                "-7.0": 0.01950194259212003,
                "-7.5": 0.019501996267518154,
                "-8.0": 0.004570787476496568,
                "-8.5": 0.0,
                "-9.0": 0.0
            },
            "Qs_in": 131.56422655172094,
            "Qs_out_bed": 90.43567822001074,
            "Qs_out_wall": 7.678826723906785e-07
        },
        "downstream": {
            "flow_scale": 0.835,
            "elevation": 1742.5515556868038,
            "length": 50,
            "bankfull_width": 5.5,
            "gsd": {
                "1.0": 0.0037019370908235013,
                "0.0": 0.0038988280393144376,
                "-1.0": 0.004266593696055629,
                "-2.0": 0.005027485483829376,
                "-2.5": 0.0028184266051704656,
                "-3.0": 0.00693188785901677,
                "-3.5": 0.013015800935216017,
                "-4.0": 0.02511316734292627,
                "-4.5": 0.046889652332438636,
                "-5.0": 0.0731662257916679,
                "-5.5": 0.13258999800655286,
                "-6.0": 0.18134102450069095,
                "-6.5": 0.20519293875621805,
                "-7.0": 0.16582024331613107,
                "-7.5": 0.1095645159801077,
                "-8.0": 0.020661274263840252,
                "-8.5": 0.0,
                "-9.0": 0.0
            },
            "Qs_in": 90.43567898789341,
            "Qs_out": 102.43395204063067
        }
    }
}