{
    "timestep": "2004-05-22 04:00",
    "deposit_mass": 12150000,
    "reaches": {
        "upstream": {
            "flow_scale": 0.658,
            "elevation": 1580.1031189963762,
            "length": 120,
            "bankfull_width": 10.5,
            "lwd_factor": null,
            "gsd": {
                "1.0": 0.7551811749318712,
                "0.0": 0.1454283736477341,
                "-1.0": 0.024390451420394612,
                "-2.0": 0.005,
                "-2.5": 0.005,
                "-3.0": 0.005,
                "-3.5": 0.005,
                "-4.0": 0.005,
                "-4.5": 0.005,
                "-5.0": 0.005,
                "-5.5": 0.005,
                "-6.0": 0.005,
                "-6.5": 0.005,
                "-7.0": 0.005,
                "-7.5": 0.005,
                "-8.0": 0.005,
                "-8.5": 0.005,
                "-9.0": 0.005
            },
            "Qs_in": 0.3908691039780076,
            "Qs_out": 0.0,
            "D50": 0.0007071067811865476,
            "D84": 0.0010661785889381605
        },
        "deposit_upstream": {
            "flow_scale": 0.659,
            "elevation": 1580.3459035049798,
            "length": 118,
            "width": 1.6743165609300383,
            "bankfull_width": 10.5,
            "lwd_factor": null,
            "gsd_bed": {
                "1.0": 0.027282057952005858,
                "0.0": 0.027282057952696965,
                "-1.0": 0.005231653645943917,
                "-2.0": 0.0005000000000007456,
                "-2.5": 0.0012138242226593997,
                "-3.0": 0.0024475029632783276,
                "-3.5": 0.006160903289070443,
                "-4.0": 0.014935108272559705,
                "-4.5": 0.030867505389855967,
                "-5.0": 0.08661334965721204,
                "-5.5": 0.14699324976288689,
                "-6.0": 0.1999979072983926,
                "-6.5": 0.199997907297458,
                "-7.0": 0.06947062937824867,
                "-7.5": 0.06947062937850458,
                "-8.0": 0.049131885852383456,
                "-8.5": 0.049131885852319424,
                "-9.0": 0.013271941834523005
            },
            "gsd_wall": {
                "1.0": 6.376744914282947e-05,
                "0.0": 6.376745405555048e-05,
                "-1.0": 0.0001492372771724646,
                "-2.0": 0.0032043249000565815,
                "-2.5": 0.00857430477656458,
                "-3.0": 0.01273739540599031,
                "-3.5": 0.021998553339588594,
                "-4.0": 0.032664204985173216,
                "-4.5": 0.04503946197921612,
                "-5.0": 0.11206799306947422,
                "-5.5": 0.15913751781247668,
                "-6.0": 0.17746865988420377,
                "-6.5": 0.2304797679995754,
                "-7.0": 0.05771908943038916,
                "-7.5": 0.05771908943074865,
                "-8.0": 0.03820333694628437,
                "-8.5": 0.0382033369461979,
                "-9.0": 0.004506190913689482
            },
            "Qs_in": 0.0,
            "Qs_out_bed": 0.0,
            "Qs_out_wall": 0.0,
            "D50": 0.06468141620151131,
            "D84": 0.18053746281408697
        },
        "deposit_downstream": {
            "flow_scale": 0.66,
            "elevation": 1578.8161258950595,
            "length": 120,
            "width": 4.614135232400317,
            "bankfull_width": 12,
            "lwd_factor": null,
            "gsd_bed": {
                "1.0": 0.0005,
                "0.0": 0.0005,
                "-1.0": 0.0005,
                "-2.0": 0.0009869641155482393,
                "-2.5": 0.0010139120340623576,
                "-3.0": 0.0010139120341797808,
                "-3.5": 0.0010139120345079374,
                "-4.0": 0.0010139120344948302,
                "-4.5": 0.0010139120344522796,
                "-5.0": 0.00101391203447516,
                "-5.5": 0.0010139120344661954,
                "-6.0": 0.0009904183969378381,
                "-6.5": 0.1997300405547407,
                "-7.0": 0.18949115657753055,
                "-7.5": 0.1997300405547407,
                "-8.0": 0.1997300405547407,
                "-8.5": 0.1997300405547407,
                "-9.0": 0.0010139144503820946
            },
            "gsd_wall": {
                "1.0": 2.423093029471697e-09,
                "0.0": 2.4230930295024167e-09,
                "-1.0": 2.4230930295140692e-09,
                "-2.0": 2.4230930294907527e-09,
                "-2.5": 2.577524539845744e-09,
                "-3.0": 2.57307541733913e-09,
                "-3.5": 2.573075426276388e-09,
                "-4.0": 2.573075425919844e-09,
                "-4.5": 2.5775245502382808e-09,
                "-5.0": 2.562000490484689e-09,
                "-5.5": 2.562000481571676e-09,
                "-6.0": 0.047330369529617576,
                "-6.5": 0.16498736976224565,
                "-7.0": 0.20407048261459584,
                "-7.5": 0.24170997912788797,
                "-8.0": 0.16034150297563068,
                "-8.5": 0.1603415029755252,
                "-9.0": 0.021218765323848705
            },
            "Qs_in": 0.0,
            "Qs_out_bed": 0.00010539305614413002,
            "Qs_out_wall": 0.0,
            "D50": 0.18128399790876898,
            "D84": 0.3581864513546782
        },
        "downstream": {
            "flow_scale": 0.689,
            "elevation": 1572.7715079335621,
            "length": 145,
            "bankfull_width": 12,
            "lwd_factor": null,
            "gsd": {
                "1.0": 0.005,
                "0.0": 0.005,
                "-1.0": 0.005,
                "-2.0": 0.005,
                "-2.5": 0.005,
                "-3.0": 0.006085079056114936,
                "-3.5": 0.012188446066240788,
                "-4.0": 0.014763971318632562,
                "-4.5": 0.014020572400824943,
                "-5.0": 0.1976164723532483,
                "-5.5": 0.1976164723532483,
                "-6.0": 0.1976164723532483,
                "-6.5": 0.1976164723532483,
                "-7.0": 0.08139375209949062,
                "-7.5": 0.014020572411697036,
                "-8.0": 0.0140205724118518,
                "-8.5": 0.014020572411697036,
                "-9.0": 0.014020572410457195
            },
            "Qs_in": 0.00010539305614413002,
            "Qs_out": 175.37815872460524,
            "D50": 0.06279459790394441,
            "D84": 0.09419189685591661
        }
    }
}