{
    "timestep": "2001-05-12 17:00",
    "deposit_mass": 12150000,
    "reaches": {
        "upstream": {
            "flow_scale": 0.658,
            "elevation": 1579.5940145108264,
            "length": 120,
            "bankfull_width": 10.5,
            "lwd_factor": null,
            "gsd": {
                "1.0": 0.7890385022275507,
                "0.0": 0.12575788016343997,
                "-1.0": 0.010203617609008557,
                "-2.0": 0.005,
                "-2.5": 0.005,
                "-3.0": 0.005,
                "-3.5": 0.005,
                "-4.0": 0.005,
                "-4.5": 0.005,
                "-5.0": 0.005,
                "-5.5": 0.005,
                "-6.0": 0.005,
                "-6.5": 0.005,
                "-7.0": 0.005,
                "-7.5": 0.005,
                "-8.0": 0.005,
                "-8.5": 0.005,
                "-9.0": 0.005
            },
            "Qs_in": 0.17045889039296508,
            "Qs_out": 0.0,
            "D50": 0.0007071067811865476,
            "D84": 0.0010814183370729954
        },
        "deposit_upstream": {
            "flow_scale": 0.659,
            "elevation": 1580.4632313585141,
            "length": 118,
            "width": 1.0001377973501353,
            "bankfull_width": 10.5,
            "lwd_factor": null,
            "gsd_bed": {
                "1.0": 0.15353516648727109,
                "0.0": 0.15353516648562218,
                "-1.0": 0.030301665711686528,
                "-2.0": 0.010857564396006695,
                "-2.5": 0.020569516433089154,
                "-3.0": 0.02356095762324266,
                "-3.5": 0.030560520368820947,
                "-4.0": 0.03798430924355566,
                "-4.5": 0.04611324167111378,
                "-5.0": 0.10735135171506302,
                "-5.5": 0.11994413774218822,
                "-6.0": 0.09325302271272627,
                "-6.5": 0.09325302271256025,
                "-7.0": 0.023270034959428504,
                "-7.5": 0.023270034959444155,
                "-8.0": 0.015455729014671788,
                "-8.5": 0.015455729014667926,
                "-9.0": 0.0017288287488410208
            },
            "gsd_wall": {
                "1.0": 0.34766963301098697,
                "0.0": 0.34766963301249765,
                "-1.0": 0.06861600009204384,
                "-2.0": 0.01469618385890667,
                "-2.5": 0.014929681615069936,
                "-3.0": 0.013195055964071643,
                "-3.5": 0.013367987996995503,
                "-4.0": 0.01599345225137342,
                "-4.5": 0.016110093302542722,
                "-5.0": 0.0341718489032583,
                "-5.5": 0.03425663090925128,
                "-6.0": 0.027841786325746947,
                "-6.5": 0.027841786325699096,
                "-7.0": 0.006947542527698572,
                "-7.5": 0.0069475425277029995,
                "-8.0": 0.004614489613497798,
                "-8.5": 0.004614489613496719,
                "-9.0": 0.0005161621491597672
            },
            "Qs_in": 0.0,
            "Qs_out_bed": 9.990706636931044,
            "Qs_out_wall": 0.0059117561932153905,
            "D50": 0.022721451711155055,
            "D84": 0.08990621561146513
        },
        "deposit_downstream": {
            "flow_scale": 0.66,
            "elevation": 1579.1144739432054,
            "length": 120,
            "width": 2.1843024089905847,
            "bankfull_width": 12,
            "lwd_factor": null,
            "gsd_bed": {
                "1.0": 0.0005,
                "0.0": 0.0005,
                "-1.0": 0.0005,
                "-2.0": 0.0005,
                "-2.5": 0.0011211751514118762,
                "-3.0": 0.0005,
                "-3.5": 0.0032087010865946555,
                "-4.0": 0.003982116756598898,
                "-4.5": 0.009974912064993298,
                "-5.0": 0.1816434983914499,
                "-5.5": 0.18088075334952317,
                "-6.0": 0.08848982544587447,
                "-6.5": 0.0886383287002524,
                "-7.0": 0.08798189045673911,
                "-7.5": 0.08798189045674111,
                "-8.0": 0.0879085690482854,
                "-8.5": 0.08790856904828473,
                "-9.0": 0.08777977004325097
            },
            "gsd_wall": {
                "1.0": 0.0005,
                "0.0": 0.0005,
                "-1.0": 0.0005,
                "-2.0": 0.001746465299171951,
                "-2.5": 0.004907539715169989,
                "-3.0": 0.005715878169048715,
                "-3.5": 0.009619523948738636,
                "-4.0": 0.01629128973338489,
                "-4.5": 0.0189478935205076,
                "-5.0": 0.04987974700642885,
                "-5.5": 0.04987974700553389,
                "-6.0": 0.2834969190180651,
                "-6.5": 0.2999329834169159,
                "-7.0": 0.07906793356865205,
                "-7.5": 0.07906793356870277,
                "-8.0": 0.04972307301484595,
                "-8.5": 0.049723073014833676,
                "-9.0": 0.0005
            },
            "Qs_in": 9.99661839312426,
            "Qs_out_bed": 7.76296176122521,
            "Qs_out_wall": 4.022717530590803e-06,
            "D50": 0.06544452219502031,
            "D84": 0.25803238579658944
        },
        "downstream": {
            "flow_scale": 0.689,
            "elevation": 1572.8820571827607,
            "length": 145,
            "bankfull_width": 12,
            "lwd_factor": null,
            "gsd": {
                "1.0": 0.005,
                "0.0": 0.005,
                "-1.0": 0.005,
                "-2.0": 0.005434041269446528,
                "-2.5": 0.017856566914439265,
                "-3.0": 0.02521226184135104,
                "-3.5": 0.048770860558112084,
                "-4.0": 0.06894485379342202,
                "-4.5": 0.19903496577948165,
                "-5.0": 0.19672712728439035,
                "-5.5": 0.19672712728438838,
                "-6.0": 0.032327456516051026,
                "-6.5": 0.03232745647338383,
                "-7.0": 0.03232745647318742,
                "-7.5": 0.032327456470930785,
                "-8.0": 0.032327456456168406,
                "-8.5": 0.032327456443098895,
                "-9.0": 0.032327456442148336
            },
            "Qs_in": 7.76296578394274,
            "Qs_out": 0.009338374725178124,
            "D50": 0.03246136055771653,
            "D84": 0.12771014884014
        }
    }
}