{
    "timestep": "2001-04-21 21:00",
    "deposit_mass": 12150000,
    "reaches": {
        "upstream": {
            "flow_scale": 0.658,
            "elevation": 1579.594,
            "length": 120,
            "bankfull_width": 10.5,
            "lwd_factor": null,
            "gsd": {
                "1.0": 0.0030096308186263092,
                "0.0": 0.0030096308186329844,
                "-1.0": 0.003009630818635514,
                "-2.0": 0.005016051364384179,
                "-2.5": 0.010032102726496055,
                "-3.0": 0.015850722308905114,
                "-3.5": 0.03260433386924189,
                "-4.0": 0.04664927768949702,
                "-4.5": 0.07574237560157226,
                "-5.0": 0.10493579454338903,
                "-5.5": 0.137941412520493,
                "-6.0": 0.152588282504624,
                "-6.5": 0.13904494382065818,
                "-7.0": 0.12479935794583825,
                "-7.5": 0.07734751203880647,
                "-8.0": 0.04203451043354571,
                "-8.5": 0.018358747993646604,
                "-9.0": 0.008025682183007296
            },
            "Qs_in": 0.0,
            "Qs_out": 0.0,
            "D50": 0.06363388215273713,
            "D84": 0.12960481742792096
        },
        "deposit_upstream": {
            "flow_scale": 0.659,
            "elevation": 1580.497899581341,
            "length": 118,
            "width": 1.0000389496211697,
            "bankfull_width": 10.5,
            "lwd_factor": null,
            "gsd_bed": {
                "1.0": 0.3089514526674367,
                "0.0": 0.30895145266726814,
                "-1.0": 0.060974588781106356,
                "-2.0": 0.013038868919897424,
                "-2.5": 0.017894471080012717,
                "-3.0": 0.01691995283935602,
                "-3.5": 0.017049409249761893,
                "-4.0": 0.02037643899705767,
                "-4.5": 0.024725282968655168,
                "-5.0": 0.048980101853186624,
                "-5.5": 0.048980101852940716,
                "-6.0": 0.03971717820129237,
                "-6.5": 0.039717178201257024,
                "-7.0": 0.009910886514442522,
                "-7.5": 0.00991088651444584,
                "-8.0": 0.006582713628466359,
                "-8.5": 0.0065827136284655405,
                "-9.0": 0.0007363214349507017
            },
            "gsd_wall": {
                "1.0": 0.3500066127246313,
                "0.0": 0.35000661272540584,
                "-1.0": 0.0690772258792581,
                "-2.0": 0.014771545189444533,
                "-2.5": 0.014878174119074508,
                "-3.0": 0.013077598128330111,
                "-3.5": 0.01317765626485741,
                "-4.0": 0.01574915031187095,
                "-4.5": 0.015755035100798922,
                "-5.0": 0.033292570847242874,
                "-5.5": 0.03329257084707594,
                "-6.0": 0.0269964111769824,
                "-6.5": 0.02699641117695825,
                "-7.0": 0.006736590553243132,
                "-7.5": 0.006736590553245362,
                "-8.0": 0.004474377380833684,
                "-8.5": 0.004474377380833142,
                "-9.0": 0.0005004896399137485
            },
            "Qs_in": 0.0,
            "Qs_out_bed": 2.318578155290184,
            "Qs_out_wall": 0.055256716232913804,
            "D50": 0.0008807768137743819,
            "D84": 0.04505151124333231
        },
        "deposit_downstream": {
            "flow_scale": 0.66,
            "elevation": 1579.1033992675905,
            "length": 120,
            "width": 2.1843021855664193,
            "bankfull_width": 12,
            "lwd_factor": null,
            "gsd_bed": {
                "1.0": 0.0005,
                "0.0": 0.3441507375815528,
                "-1.0": 0.07464780770211515,
                "-2.0": 0.016359441939700587,
                "-2.5": 0.0182395763160686,
                "-3.0": 0.04299520845583033,
                "-3.5": 0.04332617127971986,
                "-4.0": 0.05181264354033151,
                "-4.5": 0.06290578436597861,
                "-5.0": 0.0005,
                "-5.5": 0.0025009897869328534,
                "-6.0": 0.08092622040754198,
                "-6.5": 0.08092622040754095,
                "-7.0": 0.04616080898454467,
                "-7.5": 0.04616080898455326,
                "-8.0": 0.03551690679842374,
                "-8.5": 0.03551690679842144,
                "-9.0": 0.016853766650743885
            },
            "gsd_wall": {
                "1.0": 0.00048634820697996,
                "0.0": 0.002601927357837225,
                "-1.0": 0.05161338885314059,
                "-2.0": 0.011067480714060544,
                "-2.5": 0.011120859262016947,
                "-3.0": 0.011773698512209472,
                "-3.5": 0.01492640412942483,
                "-4.0": 0.02031472947052185,
                "-4.5": 0.022460285230770614,
                "-5.0": 0.04744181116597189,
                "-5.5": 0.04744181116547239,
                "-6.0": 0.23492702689351538,
                "-6.5": 0.2829521068414272,
                "-7.0": 0.07065703396602245,
                "-7.5": 0.07065703396604037,
                "-8.0": 0.04707745408290016,
                "-8.5": 0.04707745408289563,
                "-9.0": 0.005403146098792626
            },
            "Qs_in": 2.3738348715230977,
            "Qs_out_bed": 0.0007474194074295916,
            "Qs_out_wall": 0.0,
            "D50": 0.06386243935064222,
            "D84": 0.2551192143580608
        },
        "downstream": {
            "flow_scale": 0.689,
            "elevation": 1572.8864856639996,
            "length": 145,
            "bankfull_width": 12,
            "lwd_factor": null,
            "gsd": {
                "1.0": 0.005,
                "0.0": 0.005,
                "-1.0": 0.005,
                "-2.0": 0.005,
                "-2.5": 0.008590336200895802,
                "-3.0": 0.014519626509236366,
                "-3.5": 0.03330238266641058,
                "-4.0": 0.19950599278749784,
                "-4.5": 0.19950599278749784,
                "-5.0": 0.19950599278749784,
                "-5.5": 0.19950599278749784,
                "-6.0": 0.017937669068596732,
                "-6.5": 0.017937669067751644,
                "-7.0": 0.017937669067745927,
                "-7.5": 0.017937669067697736,
                "-8.0": 0.017937669067401713,
                "-8.5": 0.01793766906714142,
                "-9.0": 0.017937669067130818
            },
            "Qs_in": 0.0007474194074295916,
            "Qs_out": 0.16822350909653863,
            "D50": 0.031321287264536375,
            "D84": 0.04698193089680456
        }
    }
}