{
    "timestep": "2012-04-05 04:00",
    "deposit_mass": 2401711,
    "reaches": {
        "upstream": {
            "flow_scale": 0.78,
            "elevation": 1746.1185000594903,
            "length": 50,
            "bankfull_width": 6,
            "lwd_factor": null,
            "gsd": {
                "1.0": 0.9390553772822752,
                "0.0": 0.0003035393102785371,
                "-1.0": 0.00043102582059552277,
                "-2.0": 0.0005706539033236499,
                "-2.5": 0.001032033654947026,
                "-3.0": 0.0020579965236884813,
                "-3.5": 0.003096100964841079,
                "-4.0": 0.0040977806887602525,
                "-4.5": 0.006010078343515034,
                "-5.0": 0.007770606343130554,
                "-5.5": 0.008924055722188991,
                "-6.0": 0.008839064715311002,
                "-6.5": 0.007369934453562882,
                "-7.0": 0.005967582840076041,
                "-7.5": 0.0030536054614020832,
                "-8.0": 0.001420563972103554,
                "-8.5": 0.0,
                "-9.0": 0.0
            },
            "Qs_in": 0.0,
            "Qs_out": 0.0,
            "D50": 0.0007071067811865476,
            "D84": 0.0014142135623730952
        },
        "deposit_upstream": {
            "flow_scale": 0.79,
            "elevation": 1746.2998555457152,
            "length": 55,
            "width": 1.0000085977437505,
            "bankfull_width": 6,
            "lwd_factor": null,
            "gsd_bed": {
                "1.0": 0.0,
                "0.0": 0.0,
                "-1.0": 0.0,
                "-2.0": 0.0,
                "-2.5": 0.0,
                "-3.0": 0.0,
                "-3.5": 0.0012090877377195798,
                "-4.0": 0.0,
                "-4.5": 0.007613071898998721,
                "-5.0": 0.020222998068312608,
                "-5.5": 0.2709359593815864,
                "-6.0": 0.24323643637771805,
                "-6.5": 0.24323643637771805,
                "-7.0": 0.10084357593595783,
                "-7.5": 0.10084357593595786,
                "-8.0": 0.011858858286031091,
                "-8.5": 0.0,
                "-9.0": 0.0
            },
            "gsd_wall": {
                "1.0": 0.0,
                "0.0": 0.0,
                "-1.0": 0.0,
                "-2.0": 0.0,
                "-2.5": 0.0,
                "-3.0": 0.07316965663155112,
                "-3.5": 0.07316965663155113,
                "-4.0": 0.11063604707541763,
                "-4.5": 0.11063604707541763,
                "-5.0": 0.13796447304623796,
                "-5.5": 0.13796447304623796,
                "-6.0": 0.1238594789967823,
                "-6.5": 0.12385947899678229,
                "-7.0": 0.051350993961299427,
                "-7.5": 0.051350993961299427,
                "-8.0": 0.006038700577423194,
                "-8.5": 0.0,
                "-9.0": 0.0
            },
            "Qs_in": 0.0,
            "Qs_out_bed": 0.0,
            "Qs_out_wall": 0.0,
            "D50": 0.06690967150082328,
            "D84": 0.13035088184262034
        },
        "deposit_downstream": {
            "flow_scale": 0.83,
            "elevation": 1744.393031425414,
            "length": 47,
            "width": 1.0938976710863422,
            "bankfull_width": 7.5,
            "lwd_factor": 1,
            "gsd_bed": {
                "1.0": 0.45549479833571316,
                "0.0": 0.4554947983357112,
                "-1.0": 0.008654035504906456,
                "-2.0": 0.0014626538881532094,
                "-2.5": 0.0014626538881538705,
                "-3.0": 0.0003656634720384197,
                "-3.5": 0.00036566347203828564,
                "-4.0": 0.0004875512960510546,
                "-4.5": 0.0004875512960510778,
                "-5.0": 0.0007313269440765982,
                "-5.5": 0.0007313269440766054,
                "-6.0": 0.0006094391200638367,
                "-6.5": 0.002193980832229816,
                "-7.0": 0.008126077473800928,
                "-7.5": 0.05622778134991443,
                "-8.0": 0.007104697847020848,
                "-8.5": 0.0,
                "-9.0": 0.0
            },
            "gsd_wall": {
                "1.0": 0.4915135689342461,
                "0.0": 0.49151356893424736,
                "-1.0": 0.009394638000477733,
                "-2.0": 0.0012733539469323393,
                "-2.5": 0.0013057441794121663,
                "-3.0": 0.00037396431939894757,
                "-3.5": 0.0003904613736261734,
                "-4.0": 0.0005645746610933501,
                "-4.5": 0.0005645746610904517,
                "-5.0": 0.0006479914828985362,
                "-5.5": 0.0006486530543286181,
                "-6.0": 0.0006180959815039268,
                "-6.5": 0.0006208745871806262,
                "-7.0": 0.0002473272957754317,
                "-7.5": 0.00027752134094060987,
                "-8.0": 4.508724684760671e-05,
                "-8.5": 0.0,
                "-9.0": 0.0
            },
            "Qs_in": 0.0,
            "Qs_out_bed": 15.596740343002354,
            "Qs_out_wall": 0.0014321047894052803,
            "D50": 0.0007686268573361795,
            "D84": 0.0011529402860042692
        },
        "downstream": {
            "flow_scale": 0.835,
            "elevation": 1741.6682590563473,
            "length": 65,
            "bankfull_width": 6,
            "lwd_factor": null,
            "gsd": {
                "1.0": 0.308353860305539,
                "0.0": 0.3091877857613144,
                "-1.0": 0.005979118700565671,
                "-2.0": 0.0016497628936345513,
                "-2.5": 0.0016936259393450631,
                "-3.0": 0.000755196150146229,
                "-3.5": 0.0014752404849305279,
                "-4.0": 0.0027081731155431904,
                "-4.5": 0.010628507859358457,
                "-5.0": 0.07596089666878014,
                "-5.5": 0.0777099300673444,
                "-6.0": 0.07273100462136435,
                "-6.5": 0.07052097392972055,
                "-7.0": 0.03322620206740429,
                "-7.5": 0.0240694734018843,
                "-8.0": 0.003350248033125006,
                "-8.5": 0.0,
                "-9.0": 0.0
            },
            "Qs_in": 15.59817244779176,
            "Qs_out": 0.0,
            "D50": 0.06348084612089107,
            "D84": 0.12847093921488437
        }
    },
    "sed_masses": {
        "upstream": {
            "1.0": 0.0075127901015453035,
            "0.0": 9.398331921818895e-05,
            "-1.0": 0.0010676505063186266,
            "-2.0": 0.011308072968332496,
            "-2.5": 0.05784351333064826,
            "-3.0": 0.3262499350012525,
            "-3.5": 1.3882443199355585,
            "-4.0": 5.196901619488978,
            "-4.5": 21.558617674293384,
            "-5.0": 78.83892234602538,
            "-5.5": 256.0902463128183,
            "-6.0": 717.434193348831,
            "-6.5": 1691.9377361837355,
            "-7.0": 3874.933033307146,
            "-7.5": 5608.202183198808,
            "-8.0": 7379.323131587975,
            "-8.5": 0.0,
            "-9.0": 0.0
        },
        "downstream": {
            "1.0": 8.264971845954155e-05,
            "0.0": 0.001126629141050993,
            "-1.0": 0.0005392203665862006,
            "-2.0": 0.0032061117251128753,
            "-2.5": 0.018753383561588143,
            "-3.0": 0.09692759563821969,
            "-3.5": 0.8561253697895749,
            "-4.0": 4.764548160774806,
            "-4.5": 40.55762429611663,
            "-5.0": 880.0639858301436,
            "-5.5": 2547.1586300688405,
            "-6.0": 6713.997606680986,
            "-6.5": 18668.321856745388,
            "-7.0": 25206.0289331733,
            "-7.5": 51839.8044909448,
            "-8.0": 20408.89926350774,
            "-8.5": 0.0,
            "-9.0": 0.0
        },
        "deposit_upstream": {
            "1.0": 23.857755746415855,