{
    "timestep": "2018-07-11 08:00",
    "deposit_mass": 2401711,
    "reaches": {
        "upstream": {
            "flow_scale": 0.78,
            "elevation": 1746.484489868872,
            "length": 50,
            "bankfull_width": 6,
            "lwd_factor": null,
            "gsd": {
                "1.0": 0.0,
                "0.0": 0.0,
                "-1.0": 0.0,
                "-2.0": 0.0,
                "-2.5": 0.0,
                "-3.0": 0.0,
                "-3.5": 0.0,
                "-4.0": 0.0,
                "-4.5": 0.008233875777538424,
                "-5.0": 0.08432937228039035,
                "-5.5": 0.49852903501113155,
                "-6.0": 0.4064848501053052,
                "-6.5": 0.0010025086320110778,
                "-7.0": 0.0008117512234488386,
                "-7.5": 0.00041537219267015756,
                "-8.0": 0.00019323477750460657,
                "-8.5": 0.0,
                "-9.0": 0.0
            },
            "Qs_in": 0.0006243915399009732,
            "Qs_out": 0.0012487830798019464,
            "D50": 0.044192496547708106,
            "D84": 0.06628874482156215
        },
        "deposit_upstream": {
            "flow_scale": 0.79,
            "elevation": 1745.9004985759354,
            "length": 55,
            "width": 2.838604690019193,
            "bankfull_width": 6,
            "lwd_factor": null,
            "gsd_bed": {
                "1.0": 0.6071674439202098,
                "0.0": 0.1735999249776957,
                "-1.0": 0.08413058294410071,
                "-2.0": 0.027080155666964357,
                "-2.5": 0.02647921183088663,
                "-3.0": 0.027544385854201207,
                "-3.5": 0.02038542938521914,
                "-4.0": 0.012014378753099372,
                "-4.5": 0.007317802854600502,
                "-5.0": 0.005498745536292373,
                "-5.5": 0.0007230298955513519,
                "-6.0": 0.00120586536374048,
                "-6.5": 0.0029195607478473048,
                "-7.0": 0.0017959424757088942,
                "-7.5": 0.0018944056568431817,
                "-8.0": 0.00024313413703871135,
                "-8.5": 0.0,
                "-9.0": 0.0
            },
            "gsd_wall": {
                "1.0": 0.0,
                "0.0": 0.0,
                "-1.0": 0.0,
                "-2.0": 0.0,
                "-2.5": 0.0,
                "-3.0": 0.0,
                "-3.5": 0.0,
                "-4.0": 0.13160125670633316,
                "-4.5": 0.13500494754957118,
                "-5.0": 0.0762082613434129,
                "-5.5": 0.05661058070893055,
                "-6.0": 0.10785011154057561,
                "-6.5": 0.21605958139337314,
                "-7.0": 0.12719119308296578,
                "-7.5": 0.13207834603056828,
                "-8.0": 0.01739572164426943,
                "-8.5": 0.0,
                "-9.0": 0.0
            },
            "Qs_in": 0.0012487830798019464,
            "Qs_out_bed": 0.0,
            "Qs_out_wall": 0.0,
            "D50": 0.06378497426482117,
            "D84": 0.1305468857120435
        },
        "deposit_downstream": {
            "flow_scale": 0.83,
            "elevation": 1744.1485616991918,
            "length": 47,
            "width": 6.600629455686608,
            "bankfull_width": 7.5,
            "lwd_factor": 1,
            "gsd_bed": {
                "1.0": 0.0,
                "0.0": 0.0,
                "-1.0": 0.0,
                "-2.0": 0.028147364726836162,
                "-2.5": 0.027522738135229863,
                "-3.0": 0.028629889885039127,
                "-3.5": 0.0,
                "-4.0": 0.0,
                "-4.5": 0.5749007349649199,
                "-5.0": 0.039754221018234774,
                "-5.5": 0.08352437513613915,
                "-6.0": 0.013999753179496305,
                "-6.5": 0.00894381542045403,
                "-7.0": 0.014981149070664296,
                "-7.5": 0.0898893587402153,
                "-8.0": 0.08970659972277116,
                "-8.5": 0.0,
                "-9.0": 0.0
            },
            "gsd_wall": {
                "1.0": 0.0,
                "0.0": 0.0,
                "-1.0": 0.0,
                "-2.0": 0.07505054849789088,
                "-2.5": 0.05944775502269169,
                "-3.0": 0.056076106751221495,
                "-3.5": 0.34800057115111693,
                "-4.0": 0.18125847545777274,
                "-4.5": 0.09713554092240197,
                "-5.0": 0.03451920552061505,
                "-5.5": 0.049639383624551815,
                "-6.0": 0.004895301691018241,
                "-6.5": 0.005200344766408151,
                "-7.0": 0.007476413522741577,
                "-7.5": 0.04375576109707209,
                "-8.0": 0.03754459197449747,
                "-8.5": 0.0,
                "-9.0": 0.0
            },
            "Qs_in": 0.0,
            "Qs_out_bed": 0.005336574023512027,
            "Qs_out_wall": 0.0,
            "D50": 0.0007071067811865476,
            "D84": 0.02227909520062652
        },
        "downstream": {
            "flow_scale": 0.835,
            "elevation": 1742.7120362370933,
            "length": 65,
            "bankfull_width": 6,
            "lwd_factor": null,
            "gsd": {
                "1.0": 0.0,
                "0.0": 0.0,
                "-1.0": 0.0,
                "-2.0": 0.0,
                "-2.5": 0.0,
                "-3.0": 0.0,
                "-3.5": 0.0,
                "-4.0": 0.0,
                "-4.5": 0.0,
                "-5.0": 0.02047216554090406,
                "-5.5": 0.005616338169967272,
                "-6.0": 0.044450823333995325,
                "-6.5": 0.010837953152385768,
                "-7.0": 0.11674539212324654,
                "-7.5": 0.7749506004278971,
                "-8.0": 0.026926727251603944,
                "-8.5": 0.0,
                "-9.0": 0.0
            },
            "Qs_in": 0.005336574023512027,
            "Qs_out": 24.067358703364103,
            "D50": 0.0007071067811865476,
            "D84": 0.0158967668644483
        }
    },
    "sed_masses": {
        "upstream": {
            "1.0": 10.039120435497365,
            "0.0": 27.537351165963255,
            "-1.0": 106.46811265464358,
            "-2.0": 293.5557012974234,
            "-2.5": 844.5372303287211,
            "-3.0": 2150.8221616097344,
            "-3.5": 4081.4904658256733,
            "-4.0": 6592.896454627319,
            "-4.5": 11264.788881861545,
            "-5.0": 25113.79967050041,
            "-5.5": 117490.370771795,
            "-6.0": 54020.54620040434,
            "-6.5": 2387.822551707552,
            "-7.0": 5468.671976166954,
            "-7.5": 7914.82532790047,
            "-8.0": 10414.398717583454,
            "-8.5": 0.0,
            "-9.0": 0.0
        },
        "downstream": {
            "1.0": 0.09525962331737797,
            "0.0": 0.17786605371815462,
            "-1.0": 0.5033486205112402,
            "-2.0": 1.3527941798301337,
            "-2.5": 3.0689268816694035,
            "-3.0": 11.320020837091612,
            "-3.5": 18.393717458628537,
            "-4.0": 18.066654439169138,
            "-4.5": 37.20435788410513,
            "-5.0": 99.90858519760472,
            "-5.5": 77.52493549926956,
            "-6.0": 1735.4534417628004,
            "-6.5": 1196.8105817783521,
            "-7.0": 36463.88118355247,
            "-7.5": 684608.2952432251,
            "-8.0": 67281.66073589487,
            "-8.5": 0.0,
            "-9.0": 0.0
        },
        "deposit_upstream": {
            "1.0": 5.145059486830466,
            "0.0": 12.380481348160634,
            "-1.0": 47.99896604025115,
            "-2.0": 123.6001869224638,
            "-2.5": 341.8361735797012,
            "-3.0": 1005.752339716997,
            "-3.5": 2094.6375116348026,
            "-4.0": 3491.687158295909,
            "-4.5": 6015.3334314786325,
            "-5.0": 7954.0167299778595,