{
    "timestep": "2015-05-21 16:00",
    "deposit_mass": 2401711,
    "reaches": {
        "upstream": {
            "flow_scale": 0.78,
            "elevation": 1746.3965928570638,
            "length": 50,
            "bankfull_width": 6,
            "lwd_factor": null,
            "gsd": {
                "1.0": 3.868560131638024e-16,
                "0.0": 0.0,
                "-1.0": 0.0,
                "-2.0": 0.0,
                "-2.5": 0.017405484586195504,
                "-3.0": 0.03481096917238643,
                "-3.5": 0.0,
                "-4.0": 0.009521048392853775,
                "-4.5": 0.005726060814483009,
                "-5.0": 0.2865200357489806,
                "-5.5": 0.6259373993228853,
                "-6.0": 0.017640826060847214,
                "-6.5": 0.0010088430621201245,
                "-7.0": 0.0008168803377793107,
                "-7.5": 0.0004179967547334612,
                "-8.0": 0.00019445574673485132,
                "-8.5": 0.0,
                "-9.0": 0.0
            },
            "Qs_in": 0.43207894561147164,
            "Qs_out": 0.8716505897017549,
            "D50": 0.0007071067811865476,
            "D84": 0.03198460672566107
        },
        "deposit_upstream": {
            "flow_scale": 0.79,
            "elevation": 1745.8971604349158,
            "length": 55,
            "width": 2.691279121771431,
            "bankfull_width": 6,
            "lwd_factor": null,
            "gsd_bed": {
                "1.0": 0.8024443144814034,
                "0.0": 0.16670498082536125,
                "-1.0": 0.028255081495823894,
                "-2.0": 0.0,
                "-2.5": 1.3976530800964502e-06,
                "-3.0": 1.2690472804429091e-06,
                "-3.5": 8.970279316608862e-07,
                "-4.0": 5.942534098914006e-06,
                "-4.5": 2.047262812459732e-05,
                "-5.0": 8.75107925176688e-06,
                "-5.5": 5.862393529531331e-06,
                "-6.0": 0.0005073546867118272,
                "-6.5": 0.00092738528703404,
                "-7.0": 0.0005144810649131585,
                "-7.5": 0.0005333566664215329,
                "-8.0": 6.84531290338471e-05,
                "-8.5": 0.0,
                "-9.0": 0.0
            },
            "gsd_wall": {
                "1.0": 0.0,
                "0.0": 0.0,
                "-1.0": 0.0,
                "-2.0": 0.0,
                "-2.5": 0.0,
                "-3.0": 0.0,
                "-3.5": 0.0,
                "-4.0": 0.17117230302471348,
                "-4.5": 0.11073155115355834,
                "-5.0": 0.08616195591493354,
                "-5.5": 0.0945474208583355,
                "-6.0": 0.11837895575348086,
                "-6.5": 0.19193333930236794,
                "-7.0": 0.10535821326214494,
                "-7.5": 0.10758122391392182,
                "-8.0": 0.014135036816543751,
                "-8.5": 0.0,
                "-9.0": 0.0
            },
            "Qs_in": 0.8716505897017549,
            "Qs_out_bed": 0.0,
            "Qs_out_wall": 0.0,
            "D50": 0.09175613282465486,
            "D84": 0.17996219550758522
        },
        "deposit_downstream": {
            "flow_scale": 0.83,
            "elevation": 1744.1620556322505,
            "length": 47,
            "width": 6.5004871979173595,
            "bankfull_width": 7.5,
            "lwd_factor": 1,
            "gsd_bed": {
                "1.0": 0.0,
                "0.0": 0.0,
                "-1.0": 0.0,
                "-2.0": 0.0,
                "-2.5": 0.0,
                "-3.0": 0.002951125069372185,
                "-3.5": 0.010912383348307363,
                "-4.0": 0.20067755566664164,
                "-4.5": 0.3321515327420843,
                "-5.0": 0.14197905461534358,
                "-5.5": 0.0951125075159059,
                "-6.0": 0.001200523357873834,
                "-6.5": 0.007465171991084208,
                "-7.0": 0.017760160868009373,
                "-7.5": 0.11064848224599894,
                "-8.0": 0.07914150257937867,
                "-8.5": 0.0,
                "-9.0": 0.0
            },
            "gsd_wall": {
                "1.0": 0.0,
                "0.0": 0.0,
                "-1.0": 0.0,
                "-2.0": 0.36714241260890057,
                "-2.5": 0.12574767968510606,
                "-3.0": 0.15945414426897245,
                "-3.5": 0.13656649389221837,
                "-4.0": 0.08423680495513369,
                "-4.5": 0.059459747296266414,
                "-5.0": 0.025437000597658146,
                "-5.5": 0.003864554467766474,
                "-6.0": 0.0009165204034323813,
                "-6.5": 0.0013642254102037852,
                "-7.0": 0.0034269953310840607,
                "-7.5": 0.0188328400484092,
                "-8.0": 0.01355058103484867,
                "-8.5": 0.0,
                "-9.0": 0.0
            },
            "Qs_in": 0.0,
            "Qs_out_bed": 0.9846654584238304,
            "Qs_out_wall": 0.0,
            "D50": 0.0007071067811865476,
            "D84": 0.0010429582301688608
        },
        "downstream": {
            "flow_scale": 0.835,
            "elevation": 1742.721331094491,
            "length": 65,
            "bankfull_width": 6,
            "lwd_factor": null,
            "gsd": {
                "1.0": 0.0,
                "0.0": 0.0,
                "-1.0": 2.8238682091249757e-16,
                "-2.0": 0.0,
                "-2.5": 0.0,
                "-3.0": 0.0,
                "-3.5": 0.0,
                "-4.0": 0.0050345204422046945,
                "-4.5": 0.009842220693568026,
                "-5.0": 0.008221781421489608,
                "-5.5": 0.012785995044102699,
                "-6.0": 0.026982753506048653,
                "-6.5": 0.015747246762520088,
                "-7.0": 0.20523580715413273,
                "-7.5": 0.6911980785511835,
                "-8.0": 0.02495159642474965,
                "-8.5": 0.0,
                "-9.0": 0.0
            },
            "Qs_in": 0.9846654584238304,
            "Qs_out": 2.5303401094527005,
            "D50": 0.0007071067811865476,
            "D84": 0.0010423711540621186
        }
    },
    "sed_masses": {
        "upstream": {
            "1.0": 15.482479276449565,
            "0.0": 42.53722057769708,
            "-1.0": 144.37376694734363,
            "-2.0": 379.2084961153712,
            "-2.5": 1094.5986243943414,
            "-3.0": 2691.784933561145,
            "-3.5": 4960.790354700544,
            "-4.0": 7913.119433873685,
            "-4.5": 13460.583851643049,
            "-5.0": 29123.10213080553,
            "-5.5": 87424.18473633003,
            "-6.0": 10186.236828256753,
            "-6.5": 2232.873692509507,
            "-7.0": 5113.8028576767965,
            "-7.5": 7401.222189998549,
            "-8.0": 9738.595065687656,
            "-8.5": 0.0,
            "-9.0": 0.0
        },
        "downstream": {
            "1.0": 0.8434292462294087,
            "0.0": 1.5459802462517682,
            "-1.0": 2.4991035805346575,
            "-2.0": 0.8152845184252377,
            "-2.5": 1.0005806675195255,
            "-3.0": 1.504863865263148,
            "-3.5": 2.4241099623527096,
            "-4.0": 3.4859085474172735,
            "-4.5": 17.1152102630989,
            "-5.0": 40.43896722154052,
            "-5.5": 177.87448432842308,
            "-6.0": 1061.720937242154,
            "-6.5": 1752.5634182175688,
            "-7.0": 64605.16447396339,
            "-7.5": 615405.847373522,
            "-8.0": 62835.11686431169,
            "-8.5": 0.0,
            "-9.0": 0.0
        },
        "deposit_upstream": {
            "1.0": 9.78835729778551,
            "0.0": 34.41514787714122,
            "-1.0": 19.595058362953075,
            "-2.0": 17.382232292795912,
            "-2.5": 146.995262670176,
            "-3.0": 377.50851240706146,
            "-3.5": 754.7444115552752,