{
    "timestep": "2017-04-16 00:00",
    "deposit_mass": 2401711,
    "reaches": {
        "upstream": {
            "flow_scale": 0.78,
            "elevation": 1746.3915637493067,
            "length": 50,
            "bankfull_width": 6,
            "lwd_factor": null,
            "gsd": {
                "1.0": 0.0,
                "0.0": 0.0,
                "-1.0": 0.0,
                "-2.0": 0.0,
                "-2.5": 0.0,
                "-3.0": 0.0,
                "-3.5": 0.0,
                "-4.0": 0.0023964534209596714,
                "-4.5": 0.04491995095261343,
                "-5.0": 0.3839342289433071,
                "-5.5": 0.5465696995338529,
                "-6.0": 0.018995919489979793,
                "-6.5": 0.0013173379885393275,
                "-7.0": 0.001066674829270313,
                "-7.5": 0.000545816316503526,
                "-8.0": 0.0002539185249738081,
                "-8.5": 0.0,
                "-9.0": 0.0
            },
            "Qs_in": 0.0,
            "Qs_out": 0.0,
            "D50": 0.042238098511509434,
            "D84": 0.06335714776726416
        },
        "deposit_upstream": {
            "flow_scale": 0.79,
            "elevation": 1745.8892615781622,
            "length": 55,
            "width": 2.721966116044335,
            "bankfull_width": 6,
            "lwd_factor": null,
            "gsd_bed": {
                "1.0": 0.0,
                "0.0": 0.0,
                "-1.0": 0.0,
                "-2.0": 0.0,
                "-2.5": 0.0,
                "-3.0": 0.0,
                "-3.5": 0.19018625162334807,
                "-4.0": 0.1279303119704853,
                "-4.5": 0.12469152045189477,
                "-5.0": 0.07069125571425255,
                "-5.5": 0.052669681888297494,
                "-6.0": 0.08650059571940916,
                "-6.5": 0.157617052681135,
                "-7.0": 0.08743731960896975,
                "-7.5": 0.09064186077392127,
                "-8.0": 0.011634149568286466,
                "-8.5": 0.0,
                "-9.0": 0.0
            },
            "gsd_wall": {
                "1.0": 0.0,
                "0.0": 0.0,
                "-1.0": 0.0,
                "-2.0": 0.0,
                "-2.5": 0.0,
                "-3.0": 0.29860387334962285,
                "-3.5": 0.20444605047656378,
                "-4.0": 0.13100852624646603,
                "-4.5": 0.08656681638103447,
                "-5.0": 0.03991586032688921,
                "-5.5": 0.029157652184432174,
                "-6.0": 0.04432111629047475,
                "-6.5": 0.0752787036835313,
                "-7.0": 0.04197364872680554,
                "-7.5": 0.04318950440455822,
                "-8.0": 0.005538247929621779,
                "-8.5": 0.0,
                "-9.0": 0.0
            },
            "Qs_in": 0.0,
            "Qs_out_bed": 0.0,
            "Qs_out_wall": 0.0,
            "D50": 0.032626954285858364,
            "D84": 0.1286685843876498
        },
        "deposit_downstream": {
            "flow_scale": 0.83,
            "elevation": 1744.1626045204182,
            "length": 47,
            "width": 6.505644079475635,
            "bankfull_width": 7.5,
            "lwd_factor": 1,
            "gsd_bed": {
                "1.0": 0.0,
                "0.0": 0.0,
                "-1.0": 0.0,
                "-2.0": 0.042969164665684574,
                "-2.5": 0.023138030064404076,
                "-3.0": 0.025218483812022685,
                "-3.5": 0.02993682130804504,
                "-4.0": 0.029601136635365236,
                "-4.5": 0.10778661829951532,
                "-5.0": 0.08926037555928049,
                "-5.5": 0.03431590357945848,
                "-6.0": 0.013466703767693221,
                "-6.5": 0.020964491373265972,
                "-7.0": 0.04993421153784079,
                "-7.5": 0.3109778943686922,
                "-8.0": 0.222430165028732,
                "-8.5": 0.0,
                "-9.0": 0.0
            },
            "gsd_wall": {
                "1.0": 0.0,
                "0.0": 0.0,
                "-1.0": 0.0,
                "-2.0": 0.29906662851618016,
                "-2.5": 0.11526071226004092,
                "-3.0": 0.14292762718497332,
                "-3.5": 0.13691020800716733,
                "-4.0": 0.10694670210846027,
                "-4.5": 0.06929569838828531,
                "-5.0": 0.030063705320918923,
                "-5.5": 0.006930036552958242,
                "-6.0": 0.003036241048268765,
                "-6.5": 0.004598107982973844,
                "-7.0": 0.0074339200065290335,
                "-7.5": 0.04513259613006152,
                "-8.0": 0.03239781649318242,
                "-8.5": 0.0,
                "-9.0": 0.0
            },
            "Qs_in": 0.0,
            "Qs_out_bed": 0.0,
            "Qs_out_wall": 0.0,
            "D50": 0.16927512507056802,
            "D84": 0.2565278683564875
        },
        "downstream": {
            "flow_scale": 0.835,
            "elevation": 1742.7225260699406,
            "length": 65,
            "bankfull_width": 6,
            "lwd_factor": null,
            "gsd": {
                "1.0": 0.0,
                "0.0": 0.0,
                "-1.0": 0.0,
                "-2.0": 0.0,
                "-2.5": 0.0,
                "-3.0": 0.0,
                "-3.5": 0.0,
                "-4.0": 0.0,
                "-4.5": 0.03439313300653811,
                "-5.0": 0.02544447003515028,
                "-5.5": 0.024752980945408162,
                "-6.0": 0.03283594796065525,
                "-6.5": 0.014830452249699245,
                "-7.0": 0.19328711131727697,
                "-7.5": 0.6509569738524102,
                "-8.0": 0.02349893063286172,
                "-8.5": 0.0,
                "-9.0": 0.0
            },
            "Qs_in": 0.0,
            "Qs_out": 0.0,
            "D50": 0.16578571089637778,
            "D84": 0.24867856634456667
        }
    },
    "sed_masses": {
        "upstream": {
            "1.0": 14.05040669966523,
            "0.0": 38.59407105539242,
            "-1.0": 130.98865152271264,
            "-2.0": 344.05148942483993,
            "-2.5": 993.1166914854068,
            "-3.0": 2442.4392533547416,
            "-3.5": 4501.133489271152,
            "-4.0": 7188.021574868833,
            "-4.5": 12311.71225043702,
            "-5.0": 30164.368460017973,
            "-5.5": 97416.60105895021,
            "-6.0": 10859.039795719564,
            "-6.5": 2319.1946319317617,
            "-7.0": 5311.49799295279,
            "-7.5": 7687.346951312521,
            "-8.0": 10115.080613232587,
            "-8.5": 0.0,
            "-9.0": 0.0
        },
        "downstream": {
            "1.0": 0.12319951635553641,
            "0.0": 0.33240181329640195,
            "-1.0": 0.25889580597081996,
            "-2.0": 0.11549749620228626,
            "-2.5": 0.6808693359228184,
            "-3.0": 2.584870412252832,
            "-3.5": 6.3024347477316205,
            "-4.0": 20.114459722928377,
            "-4.5": 68.27644954367759,
            "-5.0": 142.8817215803609,
            "-5.5": 393.1477239148716,
            "-6.0": 1475.104576471122,
            "-6.5": 1884.3980236421746,
            "-7.0": 69465.01506669066,
            "-7.5": 661699.0577767169,
            "-8.0": 67561.81762304397,
            "-8.5": 0.0,
            "-9.0": 0.0
        },
        "deposit_upstream": {
            "1.0": 6.253920263008246,
            "0.0": 19.13962235026844,
            "-1.0": 12.954203559199724,
            "-2.0": 10.519093970422484,
            "-2.5": 72.8285457925286,
            "-3.0": 191.26798390888192,
            "-3.5": 371.87878669416057,
            "-4.0": 707.5232873897198,
            "-4.5": 1476.2512606646808,
            "-5.0": 2125.5111063979725,
            "-5.5": 4479.229880610178,
            "-6.0": 20806.869735439268,
            "-6.5": 107234.8245520599,