{
    "timestep": "2012-06-02 12:00",
    "deposit_mass": 2401711,
    "reaches": {
        "upstream": {
            "flow_scale": 0.78,
            "elevation": 1746.2423758279494,
            "length": 50,
            "bankfull_width": 6,
            "lwd_factor": null,
            "gsd": {
                "1.0": 0.6721362674579549,
                "0.0": 0.17002656568106295,
                "-1.0": 0.0,
                "-2.0": 0.0,
                "-2.5": 0.0,
                "-3.0": 0.0,
                "-3.5": 0.0,
                "-4.0": 0.006119734061119028,
                "-4.5": 0.03864423174570255,
                "-5.0": 0.09458137397979578,
                "-5.5": 0.017620282377049656,
                "-6.0": 0.0002890590157837782,
                "-6.5": 0.00024101486618235347,
                "-7.0": 0.00019515454156281167,
                "-7.5": 9.986036053519254e-05,
                "-8.0": 4.645591325096435e-05,
                "-8.5": 0.0,
                "-9.0": 0.0
            },
            "Qs_in": 1.7564134017414306,
            "Qs_out": 5.40492634097839,
            "D50": 0.02246199376458171,
            "D84": 0.03369299064687256
        },
        "deposit_upstream": {
            "flow_scale": 0.79,
            "elevation": 1745.9210259759682,
            "length": 55,
            "width": 2.51930193677968,
            "bankfull_width": 6,
            "lwd_factor": null,
            "gsd_bed": {
                "1.0": 0.0,
                "0.0": 0.0,
                "-1.0": 0.0,
                "-2.0": 0.0,
                "-2.5": 1.1618769300193185e-16,
                "-3.0": 0.0,
                "-3.5": 0.0,
                "-4.0": 0.0,
                "-4.5": 0.0,
                "-5.0": 0.0,
                "-5.5": 0.02799679039668785,
                "-6.0": 0.02473013571965555,
                "-6.5": 0.41972723108494964,
                "-7.0": 0.24526953800006615,
                "-7.5": 0.2501637813686109,
                "-8.0": 0.0321125234300298,
                "-8.5": 0.0,
                "-9.0": 0.0
            },
            "gsd_wall": {
                "1.0": 0.0,
                "0.0": 0.0,
                "-1.0": 0.0,
                "-2.0": 0.0,
                "-2.5": 0.0,
                "-3.0": 0.023124603248665495,
                "-3.5": 0.19257714546247112,
                "-4.0": 0.1362504032496592,
                "-4.5": 0.09090225967217282,
                "-5.0": 0.09259862815034847,
                "-5.5": 0.0928246850122864,
                "-6.0": 0.09783481228980091,
                "-6.5": 0.1307541491253256,
                "-7.0": 0.06659204196775534,
                "-7.5": 0.06769245139750876,
                "-8.0": 0.00884882042400571,
                "-8.5": 0.0,
                "-9.0": 0.0
            },
            "Qs_in": 5.40492634097839,
            "Qs_out_bed": 12.221538238127499,
            "Qs_out_wall": 0.0,
            "D50": 0.0007071067811865476,
            "D84": 0.001013904664954412
        },
        "deposit_downstream": {
            "flow_scale": 0.83,
            "elevation": 1743.9289640623524,
            "length": 47,
            "width": 3.609281308873263,
            "bankfull_width": 7.5,
            "lwd_factor": 1,
            "gsd_bed": {
                "1.0": 0.6859061012248193,
                "0.0": 0.246846933317036,
                "-1.0": 0.05729971328709481,
                "-2.0": 0.0058122812704834645,
                "-2.5": 0.0025755161883487462,
                "-3.0": 0.00026553959568077805,
                "-3.5": 0.00014813459605627396,
                "-4.0": 0.0001527492665142134,
                "-4.5": 0.00011129142924618385,
                "-5.0": 0.0001327899782430888,
                "-5.5": 0.00011361064285087695,
                "-6.0": 0.00010321454804941186,
                "-6.5": 0.00010631265800004737,
                "-7.0": 6.948093203930189e-05,
                "-7.5": 0.00029895671230502016,
                "-8.0": 5.737435323269745e-05,
                "-8.5": 0.0,
                "-9.0": 0.0
            },
            "gsd_wall": {
                "1.0": 0.5351863997986253,
                "0.0": 0.43869946189639253,
                "-1.0": 0.011942378633474028,
                "-2.0": 0.0024716835069793805,
                "-2.5": 0.0023062866806225863,
                "-3.0": 0.0009369976586646139,
                "-3.5": 0.0005062178917953494,
                "-4.0": 0.0008508809432940865,
                "-4.5": 0.0005418694909253124,
                "-5.0": 0.0009368917667617082,
                "-5.5": 0.0012455282971255267,
                "-6.0": 0.0011788587317433498,
                "-6.5": 0.0005657025746387056,
                "-7.0": 0.001062289495980675,
                "-7.5": 0.0007212891064630777,
                "-8.0": 0.0008472635265136263,
                "-8.5": 0.0,
                "-9.0": 0.0
            },
            "Qs_in": 12.221538238127499,
            "Qs_out_bed": 0.31968846842929743,
            "Qs_out_wall": 0.0,
            "D50": 0.16559189510104527,
            "D84": 0.24838784265156794
        },
        "downstream": {
            "flow_scale": 0.835,
            "elevation": 1742.5578554485376,
            "length": 65,
            "bankfull_width": 6,
            "lwd_factor": null,
            "gsd": {
                "1.0": 0.0,
                "0.0": 0.0,
                "-1.0": 0.0,
                "-2.0": 0.0,
                "-2.5": 0.0,
                "-3.0": 0.0,
                "-3.5": 0.0,
                "-4.0": 0.0,
                "-4.5": 0.0,
                "-5.0": 0.0,
                "-5.5": 0.0,
                "-6.0": 0.024390111366616493,
                "-6.5": 0.37804615629406185,
                "-7.0": 0.340340144919772,
                "-7.5": 0.24575007481817743,
                "-8.0": 0.011473512601372231,
                "-8.5": 0.0,
                "-9.0": 0.0
            },
            "Qs_in": 0.31968846842929743,
            "Qs_out": 59.69742239785117,
            "D50": 0.0007071067811865476,
            "D84": 0.06397889490056119
        }
    },
    "sed_masses": {
        "upstream": {
            "1.0": 29.118740838563006,
            "0.0": 80.23082049130846,
            "-1.0": 272.5354229928899,
            "-2.0": 716.578322608733,
            "-2.5": 1664.1795574885955,
            "-3.0": 3935.526750274102,
            "-3.5": 7080.455614570064,
            "-4.0": 11046.760048859353,
            "-4.5": 17418.389375237955,
            "-5.0": 17365.719564870775,
            "-5.5": 9336.8124040658,
            "-6.0": 895.3598654502546,
            "-6.5": 2111.5429928820035,
            "-7.0": 4835.927185371423,
            "-7.5": 6999.051897328811,
            "-8.0": 9209.4157589169,
            "-8.5": 0.0,
            "-9.0": 0.0
        },
        "downstream": {
            "1.0": 0.2156887566523921,
            "0.0": 0.7065453302934459,
            "-1.0": 1.3654795243119489,
            "-2.0": 0.9656625909623568,
            "-2.5": 8.498215786819255,
            "-3.0": 34.55343830446467,
            "-3.5": 79.49171889658514,
            "-4.0": 90.55316483535199,
            "-4.5": 20.39546236501905,
            "-5.0": 80.10122991406683,
            "-5.5": 329.38111207993074,
            "-6.0": 3478.0736796891715,
            "-6.5": 63347.36212408359,
            "-7.0": 164774.68822822423,
            "-7.5": 341684.2157760321,
            "-8.0": 45120.369613566654,
            "-8.5": 0.0,
            "-9.0": 0.0
        },
        "deposit_upstream": {
            "1.0": 14.767580557305987,
            "0.0": 92.89330204860714,
            "-1.0": 32.92701573379774,
            "-2.0": 44.49199535554068,
            "-2.5": 107.36666684207292,
            "-3.0": 181.77426798154755,
            "-3.5": 360.96758960088965,
            "-4.0": 685.5517294982294,