{
    "timestep": "2012-04-03 02:00",
    "deposit_mass": 2401711,
    "reaches": {
        "upstream": {
            "flow_scale": 0.78,
            "elevation": 1746.1185000594903,
            "length": 50,
            "bankfull_width": 6,
            "lwd_factor": null,
            "gsd": {
                "1.0": 0.9390553772822752,
                "0.0": 0.0003035393102785371,
                "-1.0": 0.00043102582059552277,
                "-2.0": 0.0005706539033236499,
                "-2.5": 0.001032033654947026,
                "-3.0": 0.0020579965236884813,
                "-3.5": 0.003096100964841079,
                "-4.0": 0.0040977806887602525,
                "-4.5": 0.006010078343515034,
                "-5.0": 0.007770606343130554,
                "-5.5": 0.008924055722188991,
                "-6.0": 0.008839064715311002,
                "-6.5": 0.007369934453562882,
                "-7.0": 0.005967582840076041,
                "-7.5": 0.0030536054614020832,
                "-8.0": 0.001420563972103554,
                "-8.5": 0.0,
                "-9.0": 0.0
            },
            "Qs_in": 0.0,
            "Qs_out": 0.0,
            "D50": 0.0007071067811865476,
            "D84": 0.0014142135623730952
        },
        "deposit_upstream": {
            "flow_scale": 0.79,
            "elevation": 1746.2998555457152,
            "length": 55,
            "width": 1.0000085977437505,
            "bankfull_width": 6,
            "lwd_factor": null,
            "gsd_bed": {
                "1.0": 0.0,
                "0.0": 0.0,
                "-1.0": 0.0,
                "-2.0": 0.0,
                "-2.5": 0.0,
                "-3.0": 0.0,
                "-3.5": 0.0012090877377195798,
                "-4.0": 0.0,
                "-4.5": 0.007613071898998721,
                "-5.0": 0.020222998068312608,
                "-5.5": 0.2709359593815864,
                "-6.0": 0.24323643637771805,
                "-6.5": 0.24323643637771805,
                "-7.0": 0.10084357593595783,
                "-7.5": 0.10084357593595786,
                "-8.0": 0.011858858286031091,
                "-8.5": 0.0,
                "-9.0": 0.0
            },
            "gsd_wall": {
                "1.0": 0.0,
                "0.0": 0.0,
                "-1.0": 0.0,
                "-2.0": 0.0,
                "-2.5": 0.0,
                "-3.0": 0.07316965663155112,
                "-3.5": 0.07316965663155113,
                "-4.0": 0.11063604707541763,
                "-4.5": 0.11063604707541763,
                "-5.0": 0.13796447304623796,
                "-5.5": 0.13796447304623796,
                "-6.0": 0.1238594789967823,
                "-6.5": 0.12385947899678229,
                "-7.0": 0.051350993961299427,
                "-7.5": 0.051350993961299427,
                "-8.0": 0.006038700577423194,
                "-8.5": 0.0,
                "-9.0": 0.0
            },
            "Qs_in": 0.0,
            "Qs_out_bed": 0.0,
            "Qs_out_wall": 0.0,
            "D50": 0.06690967150082328,
            "D84": 0.13035088184262034
        },
        "deposit_downstream": {
            "flow_scale": 0.83,
            "elevation": 1744.4916440422146,
            "length": 47,
            "width": 1.0754744961727656,
            "bankfull_width": 7.5,
            "lwd_factor": 1,
            "gsd_bed": {
                "1.0": 0.0,
                "0.0": 0.0,
                "-1.0": 0.0,
                "-2.0": 0.03616974220147236,
                "-2.5": 0.03616974220148872,
                "-3.0": 0.010638159471024698,
                "-3.5": 0.008510527576816638,
                "-4.0": 0.014893423259429332,
                "-4.5": 0.014893423259430041,
                "-5.0": 0.017021055153633897,
                "-5.5": 0.01702105515363407,
                "-6.0": 0.01702105515363404,
                "-6.5": 0.01702105515363407,
                "-7.0": 0.03556091999946863,
                "-7.5": 0.5163820532248802,
                "-8.0": 0.2586977881914532,
                "-8.5": 0.0,
                "-9.0": 0.0
            },
            "gsd_wall": {
                "1.0": 0.4915026003502621,
                "0.0": 0.4915026003502621,
                "-1.0": 0.009373966654185854,
                "-2.0": 0.0013054823841451542,
                "-2.5": 0.0013229970207518673,
                "-3.0": 0.0003659814404387654,
                "-3.5": 0.00038248590909792406,
                "-4.0": 0.000511110552325786,
                "-4.5": 0.0005111105523238776,
                "-5.0": 0.0006920157724662773,
                "-5.5": 0.000692015772465734,
                "-6.0": 0.0005935316138835386,
                "-6.5": 0.0005945726789485528,
                "-7.0": 0.0003066023418255878,
                "-7.5": 0.0002410767464121036,
                "-8.0": 0.00010184986020477072,
                "-8.5": 0.0,
                "-9.0": 0.0
            },
            "Qs_in": 0.0,
            "Qs_out_bed": 52.35920420463068,
            "Qs_out_wall": 0.011894435739342955,
            "D50": 0.0007556640912343894,
            "D84": 0.0011334961368515842
        },
        "downstream": {
            "flow_scale": 0.835,
            "elevation": 1741.640826957555,
            "length": 65,
            "bankfull_width": 6,
            "lwd_factor": null,
            "gsd": {
                "1.0": 0.41045610748624656,
                "0.0": 0.41045610748624656,
                "-1.0": 0.007828243150374104,
                "-2.0": 0.0011171280258104723,
                "-2.5": 0.001117128025810616,
                "-3.0": 0.0002862649738179371,
                "-3.5": 0.0003014782275769341,
                "-4.0": 0.00045475333848473765,
                "-4.5": 0.0004547533384847448,
                "-5.0": 0.036376995721773005,
                "-5.5": 0.03668473866091178,
                "-6.0": 0.03339411411520008,
                "-6.5": 0.033180577416526774,
                "-7.0": 0.0143873007544044,
                "-7.5": 0.012916074732341859,
                "-8.0": 0.0005882345459893819,
                "-8.5": 0.0,
                "-9.0": 0.0
            },
            "Qs_in": 52.37109864037002,
            "Qs_out": 0.0,
            "D50": 0.06371382555911974,
            "D84": 0.12871062232123343
        }
    },
    "sed_masses": {
        "upstream": {
            "1.0": 0.0075127901015453035,
            "0.0": 9.398331921818895e-05,
            "-1.0": 0.0010676505063186266,
            "-2.0": 0.011308072968332496,
            "-2.5": 0.05784351333064826,
            "-3.0": 0.3262499350012525,
            "-3.5": 1.3882443199355585,
            "-4.0": 5.196901619488978,
            "-4.5": 21.558617674293384,
            "-5.0": 78.83892234602538,
            "-5.5": 256.0902463128183,
            "-6.0": 717.434193348831,
            "-6.5": 1691.9377361837355,
            "-7.0": 3874.933033307146,
            "-7.5": 5608.202183198808,
            "-8.0": 7379.323131587975,
            "-8.5": 0.0,
            "-9.0": 0.0
        },
        "downstream": {
            "1.0": 0.0001554936424230301,
            "0.0": 0.002119591839719382,
            "-1.0": 0.00101446611593981,
            "-2.0": 0.006031841359472084,
            "-2.5": 0.035281813079314564,
            "-3.0": 0.18235542937113844,
            "-3.5": 1.5988330962373165,
            "-4.0": 8.65450540946669,
            "-4.5": 33.23791263979051,
            "-5.0": 653.1403942178678,
            "-5.5": 1908.2160418932062,
            "-6.0": 5105.157164276319,
            "-6.5": 14101.706299645772,
            "-7.0": 20306.68243383198,
            "-7.5": 45362.014908623154,
            "-8.0": 21007.92061731679,
            "-8.5": 0.0,
            "-9.0": 0.0
        },
        "deposit_upstream": {
            "1.0": 23.857755746415855,
            "0.0": 190.86204597132684,
            "-1.0": 29.12105780453502,