{
    "timestep": "2012-04-21 20:00",
    "deposit_mass": 2401711,
    "reaches": {
        "upstream": {
            "flow_scale": 0.78,
            "elevation": 1746.1185006543383,
            "length": 50,
            "bankfull_width": 6,
            "lwd_factor": null,
            "gsd": {
                "1.0": 0.9949905967273274,
                "0.0": 2.494971248467231e-05,
                "-1.0": 3.542859172823468e-05,
                "-2.0": 4.690545947118396e-05,
                "-2.5": 8.482902244788585e-05,
                "-3.0": 0.0001691590506460783,
                "-3.5": 0.0002544870673436576,
                "-4.0": 0.00033682111854307624,
                "-4.5": 0.0004940043071965118,
                "-5.0": 0.0006387126396076115,
                "-5.5": 0.0007335215470493662,
                "-6.0": 0.0007265356275536579,
                "-6.5": 0.0006057790191278438,
                "-7.0": 0.0004905113474486574,
                "-7.5": 0.0002509941075958035,
                "-8.0": 0.0001167646544282664,
                "-8.5": 0.0,
                "-9.0": 0.0
            },
            "Qs_in": 0.007492698478811678,
            "Qs_out": 0.0,
            "D50": 0.0007071067811865476,
            "D84": 0.0014142135623730952
        },
        "deposit_upstream": {
            "flow_scale": 0.79,
            "elevation": 1746.2981037943134,
            "length": 55,
            "width": 1.0000085977437505,
            "bankfull_width": 6,
            "lwd_factor": null,
            "gsd_bed": {
                "1.0": 0.0,
                "0.0": 0.0,
                "-1.0": 0.0,
                "-2.0": 0.0,
                "-2.5": 0.0,
                "-3.0": 0.0,
                "-3.5": 0.0,
                "-4.0": 0.0,
                "-4.5": 0.0,
                "-5.0": 0.0,
                "-5.5": 0.0,
                "-6.0": 0.0,
                "-6.5": 0.5324995262459731,
                "-7.0": 0.22076937653970055,
                "-7.5": 0.22076937653970066,
                "-8.0": 0.02596172067462573,
                "-8.5": 0.0,
                "-9.0": 0.0
            },
            "gsd_wall": {
                "1.0": 0.0,
                "0.0": 0.0,
                "-1.0": 0.0,
                "-2.0": 0.0,
                "-2.5": 0.0,
                "-3.0": 0.07316965663155112,
                "-3.5": 0.07316965663155113,
                "-4.0": 0.11063604707541763,
                "-4.5": 0.11063604707541763,
                "-5.0": 0.13796447304623796,
                "-5.5": 0.13796447304623796,
                "-6.0": 0.1238594789967823,
                "-6.5": 0.12385947899678229,
                "-7.0": 0.051350993961299427,
                "-7.5": 0.051350993961299427,
                "-8.0": 0.006038700577423194,
                "-8.5": 0.0,
                "-9.0": 0.0
            },
            "Qs_in": 0.0,
            "Qs_out_bed": 0.0,
            "Qs_out_wall": 0.0,
            "D50": 0.08952863597966254,
            "D84": 0.18040768486576136
        },
        "deposit_downstream": {
            "flow_scale": 0.83,
            "elevation": 1743.7711066714198,
            "length": 47,
            "width": 1.2908067647447152,
            "bankfull_width": 7.5,
            "lwd_factor": 1,
            "gsd_bed": {
                "1.0": 0.0,
                "0.0": 0.0,
                "-1.0": 0.0,
                "-2.0": 0.14095847344852153,
                "-2.5": 0.14095847344858528,
                "-3.0": 0.0368414191967845,
                "-3.5": 0.03844322003141321,
                "-4.0": 0.056063029212478424,
                "-4.5": 0.0560630292124811,
                "-5.0": 0.06887743588961787,
                "-5.5": 0.06887743588961856,
                "-6.0": 0.062470232551049276,
                "-6.5": 0.06407203338569167,
                "-7.0": 0.03552752441272417,
                "-7.5": 0.17498962340533436,
                "-8.0": 0.05585806991570007,
                "-8.5": 0.0,
                "-9.0": 0.0
            },
            "gsd_wall": {
                "1.0": 0.4916012091402424,
                "0.0": 0.4916012091402424,
                "-1.0": 0.009375908410411714,
                "-2.0": 0.001285233018346706,
                "-2.5": 0.0012983301406280499,
                "-3.0": 0.0003508562227861553,
                "-3.5": 0.00034078396515328785,
                "-4.0": 0.0005093869614654859,
                "-4.5": 0.0005424385142318661,
                "-5.0": 0.0006656588212193459,
                "-5.5": 0.0006653906246358815,
                "-6.0": 0.0005899471074396592,
                "-6.5": 0.0005754992485934251,
                "-7.0": 0.00026161694741058287,
                "-7.5": 0.0002770854331526603,
                "-8.0": 5.944630404034729e-05,
                "-8.5": 0.0,
                "-9.0": 0.0
            },
            "Qs_in": 0.0,
            "Qs_out_bed": 59.44352647134436,
            "Qs_out_wall": 0.06004574521925513,
            "D50": 0.0008102931941039858,
            "D84": 0.022612023885135144
        },
        "downstream": {
            "flow_scale": 0.835,
            "elevation": 1741.8917466065916,
            "length": 65,
            "bankfull_width": 6,
            "lwd_factor": null,
            "gsd": {
                "1.0": 0.0,
                "0.0": 0.0,
                "-1.0": 0.0,
                "-2.0": 0.0,
                "-2.5": 0.0,
                "-3.0": 0.0,
                "-3.5": 0.0,
                "-4.0": 0.0,
                "-4.5": 0.0,
                "-5.0": 0.01684381130971232,
                "-5.5": 0.2891605719030608,
                "-6.0": 0.263801300342518,
                "-6.5": 0.25806487904837844,
                "-7.0": 0.1006876634346169,
                "-7.5": 0.0681986787401048,
                "-8.0": 0.0032430952216088143,
                "-8.5": 0.0,
                "-9.0": 0.0
            },
            "Qs_in": 59.50357221656362,
            "Qs_out": 4.41949309149216,
            "D50": 0.0007631293957630026,
            "D84": 0.001144694093644504
        }
    },
    "sed_masses": {
        "upstream": {
            "1.0": 0.006638693979615158,
            "0.0": 8.304857277321043e-05,
            "-1.0": 0.000943431786703671,
            "-2.0": 0.009992404276072689,
            "-2.5": 0.05111355149253773,
            "-3.0": 0.288291493582012,
            "-3.5": 1.2267252358209062,
            "-4.0": 4.592253880067448,
            "-4.5": 19.050321309218774,
            "-5.0": 69.66619219539359,
            "-5.5": 226.29472585496234,
            "-6.0": 633.9623489780816,
            "-6.5": 1495.084610546527,
            "-7.0": 3424.0933464035934,
            "-7.5": 4955.700554233299,
            "-8.0": 6520.755589488838,
            "-8.5": 0.0,
            "-9.0": 0.0
        },
        "downstream": {
            "1.0": 0.019926087816475972,
            "0.0": 0.030284778827366174,
            "-1.0": 0.008438148779911312,
            "-2.0": 0.022355442756209987,
            "-2.5": 0.0346468608977095,
            "-3.0": 0.01891087977262169,
            "-3.5": 0.22803691611005167,
            "-4.0": 1.2197918920220956,
            "-4.5": 24.509320536648087,
            "-5.0": 1064.9567625198208,
            "-5.5": 7081.006622030176,
            "-6.0": 18161.790032193505,
            "-6.5": 50411.671953355726,
            "-7.0": 53777.7760410097,
            "-7.5": 81949.2684546383,
            "-8.0": 20960.23844393089,
            "-8.5": 0.0,
            "-9.0": 0.0
        },
        "deposit_upstream": {
            "1.0": 23.822216389941445,
            "0.0": 190.57773111953156,
            "-1.0": 29.077678047225586,
            "-2.0": 31.5503761804127,
            "-2.5": 89.23793978462544,
            "-3.0": 66.50618978982232,
            "-3.5": 188.1090377483572,
            "-4.0": 804.4845126383327,