{
    "timestep": "2012-05-12 16:00",
    "deposit_mass": 2401711,
    "reaches": {
        "upstream": {
            "flow_scale": 0.78,
            "elevation": 1746.2638659431414,
            "length": 50,
            "bankfull_width": 6,
            "lwd_factor": null,
            "gsd": {
                "1.0": 0.46732101319591346,
                "0.0": 0.09272242325315704,
                "-1.0": 0.0,
                "-2.0": 0.0,
                "-2.5": 0.0,
                "-3.0": 0.0,
                "-3.5": 0.0,
                "-4.0": 0.03696103382790385,
                "-4.5": 0.2759033333607436,
                "-5.0": 0.107443320153194,
                "-5.5": 0.019648876209088142,
                "-6.0": 1.9701739529098608e-23,
                "-6.5": 1.642713721725781e-23,
                "-7.0": 1.3301380465044545e-23,
                "-7.5": 6.80630149940744e-24,
                "-8.0": 3.166350995748107e-24,
                "-8.5": 0.0,
                "-9.0": 0.0
            },
            "Qs_in": 0.3633958762223649,
            "Qs_out": 0.3196884684292963,
            "D50": 0.021494563174007112,
            "D84": 0.034036994943653955
        },
        "deposit_upstream": {
            "flow_scale": 0.79,
            "elevation": 1745.946939450624,
            "length": 55,
            "width": 2.3819927845004467,
            "bankfull_width": 6,
            "lwd_factor": null,
            "gsd_bed": {
                "1.0": 0.4506096726608813,
                "0.0": 0.38496005659018573,
                "-1.0": 0.01179772806379106,
                "-2.0": 0.0020017929210323043,
                "-2.5": 0.0017309123520040193,
                "-3.0": 0.0009125157268077537,
                "-3.5": 0.0007316518872473702,
                "-4.0": 0.0005848688831254285,
                "-4.5": 0.00038406320447092963,
                "-5.0": 0.00047252848242652315,
                "-5.5": 0.00047465594796334057,
                "-6.0": 0.0004990113143814334,
                "-6.5": 0.0720668991243196,
                "-7.0": 0.03383194276834161,
                "-7.5": 0.034511659020281193,
                "-8.0": 0.0044300410527401265,
                "-8.5": 0.0,
                "-9.0": 0.0
            },
            "gsd_wall": {
                "1.0": 0.0,
                "0.0": 0.0,
                "-1.0": 0.0,
                "-2.0": 0.0,
                "-2.5": 0.0,
                "-3.0": 0.17042422554253447,
                "-3.5": 0.13664741664376603,
                "-4.0": 0.10936262855534028,
                "-4.5": 0.0720129980665951,
                "-5.0": 0.08821717465349106,
                "-5.5": 0.08857268090432445,
                "-6.0": 0.0934582716483024,
                "-6.5": 0.11992288474957284,
                "-7.0": 0.05632244853777272,
                "-7.5": 0.057501568788206205,
                "-8.0": 0.007557701910094374,
                "-8.5": 0.0,
                "-9.0": 0.0
            },
            "Qs_in": 0.3196884684292963,
            "Qs_out_bed": 178.44974487672238,
            "Qs_out_wall": 0.0,
            "D50": 0.0007071067811865476,
            "D84": 0.0009878310915510259
        },
        "deposit_downstream": {
            "flow_scale": 0.83,
            "elevation": 1743.7392592119004,
            "length": 47,
            "width": 2.4172352233866645,
            "bankfull_width": 7.5,
            "lwd_factor": 1,
            "gsd_bed": {
                "1.0": 0.7005787559924128,
                "0.0": 0.275812545821293,
                "-1.0": 0.02072446368193544,
                "-2.0": 0.0008272981376095039,
                "-2.5": 0.00014495958123033814,
                "-3.0": 8.89194663517639e-05,
                "-3.5": 4.5093071134790824e-05,
                "-4.0": 0.00029482026635951523,
                "-4.5": 0.00020120069250830118,
                "-5.0": 0.0002546426696176956,
                "-5.5": 0.00025551513249936814,
                "-6.0": 0.0002543577828041264,
                "-6.5": 7.987252389018344e-05,
                "-7.0": 3.53402204582087e-05,
                "-7.5": 0.00033841204823679527,
                "-8.0": 6.380291165803789e-05,
                "-8.5": 0.0,
                "-9.0": 0.0
            },
            "gsd_wall": {
                "1.0": 0.507475146829958,
                "0.0": 0.46773860257375527,
                "-1.0": 0.0108487379855639,
                "-2.0": 0.002676340764320689,
                "-2.5": 0.002149413807642494,
                "-3.0": 0.001203154839784118,
                "-3.5": 0.0010874570086036946,
                "-4.0": 0.0007719565422395239,
                "-4.5": 0.0005396159350845039,
                "-5.0": 0.0006923591855386494,
                "-5.5": 0.0010149643677788156,
                "-6.0": 0.0009318892527999915,
                "-6.5": 0.0007928232476463811,
                "-7.0": 0.0006689896918916876,
                "-7.5": 0.0006965648016274028,
                "-8.0": 0.0007119831657648935,
                "-8.5": 0.0,
                "-9.0": 0.0
            },
            "Qs_in": 178.44974487672238,
            "Qs_out_bed": 1.8527844746701538,
            "Qs_out_wall": 0.0012487830798019464,
            "D50": 0.09061234302859525,
            "D84": 0.1783304597502413
        },
        "downstream": {
            "flow_scale": 0.835,
            "elevation": 1742.3319324389038,
            "length": 65,
            "bankfull_width": 6,
            "lwd_factor": null,
            "gsd": {
                "1.0": 0.14255240473998093,
                "0.0": 0.0,
                "-1.0": 0.0,
                "-2.0": 0.0,
                "-2.5": 0.025276671960174867,
                "-3.0": 0.013635824306348215,
                "-3.5": 0.010275502971927536,
                "-4.0": 0.0,
                "-4.5": 0.0031473031272339805,
                "-5.0": 0.004742072646317776,
                "-5.5": 0.009040397450094243,
                "-6.0": 0.24394649637031196,
                "-6.5": 0.22806258358423095,
                "-7.0": 0.18609039325076648,
                "-7.5": 0.12482325339232289,
                "-8.0": 0.00840709620029024,
                "-8.5": 0.0,
                "-9.0": 0.0
            },
            "Qs_in": 1.8540332577499559,
            "Qs_out": 0.0,
            "D50": 0.09295390560749817,
            "D84": 0.18003464315188528
        }
    },
    "sed_masses": {
        "upstream": {
            "1.0": 35.818306773840895,
            "0.0": 98.69012389673313,
            "-1.0": 335.2396809195119,
            "-2.0": 881.3466661179855,
            "-2.5": 2045.9169813243916,
            "-3.0": 4830.10695974271,
            "-3.5": 8692.927098460632,
            "-4.0": 13573.24463973573,
            "-4.5": 21246.855341733994,
            "-5.0": 18451.32476611268,
            "-5.5": 9954.729133812216,
            "-6.0": 1037.8341975875069,
            "-6.5": 2447.5427280707972,
            "-7.0": 5605.4451441127385,
            "-7.5": 8112.777543457069,
            "-8.0": 10674.866032328639,
            "-8.5": 0.0,
            "-9.0": 0.0
        },
        "downstream": {
            "1.0": 0.42444687972053846,
            "0.0": 1.2357128959335115,
            "-1.0": 0.950040530240833,
            "-2.0": 0.31557194721992576,
            "-2.5": 1.1521198581053549,
            "-3.0": 1.5003560205551196,
            "-3.5": 2.381558401180368,
            "-4.0": 7.6202336802544846,
            "-4.5": 13.967138864829698,
            "-5.0": 64.3111469730856,
            "-5.5": 240.90455607744968,
            "-6.0": 22105.004172539502,
            "-6.5": 59079.686164993596,
            "-7.0": 138486.3076575059,
            "-7.5": 266835.24749804725,
            "-8.0": 50981.98012039521,
            "-8.5": 0.0,
            "-9.0": 0.0
        },
        "deposit_upstream": {
            "1.0": 14.952165547434854,