{
    "timestep": "2012-04-09 08:00",
    "deposit_mass": 2401711,
    "reaches": {
        "upstream": {
            "flow_scale": 0.78,
            "elevation": 1746.1185000594903,
            "length": 50,
            "bankfull_width": 6,
            "lwd_factor": null,
            "gsd": {
                "1.0": 0.9390553772822752,
                "0.0": 0.0003035393102785371,
                "-1.0": 0.00043102582059552277,
                "-2.0": 0.0005706539033236499,
                "-2.5": 0.001032033654947026,
                "-3.0": 0.0020579965236884813,
                "-3.5": 0.003096100964841079,
                "-4.0": 0.0040977806887602525,
                "-4.5": 0.006010078343515034,
                "-5.0": 0.007770606343130554,
                "-5.5": 0.008924055722188991,
                "-6.0": 0.008839064715311002,
                "-6.5": 0.007369934453562882,
                "-7.0": 0.005967582840076041,
                "-7.5": 0.0030536054614020832,
                "-8.0": 0.001420563972103554,
                "-8.5": 0.0,
                "-9.0": 0.0
            },
            "Qs_in": 0.0,
            "Qs_out": 0.0,
            "D50": 0.0007071067811865476,
            "D84": 0.0014142135623730952
        },
        "deposit_upstream": {
            "flow_scale": 0.79,
            "elevation": 1746.2998555457152,
            "length": 55,
            "width": 1.0000085977437505,
            "bankfull_width": 6,
            "lwd_factor": null,
            "gsd_bed": {
                "1.0": 0.0,
                "0.0": 0.0,
                "-1.0": 0.0,
                "-2.0": 0.0,
                "-2.5": 0.0,
                "-3.0": 0.0,
                "-3.5": 0.0012090877377195798,
                "-4.0": 0.0,
                "-4.5": 0.007613071898998721,
                "-5.0": 0.020222998068312608,
                "-5.5": 0.2709359593815864,
                "-6.0": 0.24323643637771805,
                "-6.5": 0.24323643637771805,
                "-7.0": 0.10084357593595783,
                "-7.5": 0.10084357593595786,
                "-8.0": 0.011858858286031091,
                "-8.5": 0.0,
                "-9.0": 0.0
            },
            "gsd_wall": {
                "1.0": 0.0,
                "0.0": 0.0,
                "-1.0": 0.0,
                "-2.0": 0.0,
                "-2.5": 0.0,
                "-3.0": 0.07316965663155112,
                "-3.5": 0.07316965663155113,
                "-4.0": 0.11063604707541763,
                "-4.5": 0.11063604707541763,
                "-5.0": 0.13796447304623796,
                "-5.5": 0.13796447304623796,
                "-6.0": 0.1238594789967823,
                "-6.5": 0.12385947899678229,
                "-7.0": 0.051350993961299427,
                "-7.5": 0.051350993961299427,
                "-8.0": 0.006038700577423194,
                "-8.5": 0.0,
                "-9.0": 0.0
            },
            "Qs_in": 0.0,
            "Qs_out_bed": 0.0,
            "Qs_out_wall": 0.0,
            "D50": 0.06690967150082328,
            "D84": 0.13035088184262034
        },
        "deposit_downstream": {
            "flow_scale": 0.83,
            "elevation": 1744.2976901039265,
            "length": 47,
            "width": 1.1133607340298894,
            "bankfull_width": 7.5,
            "lwd_factor": 1,
            "gsd_bed": {
                "1.0": 0.4902250992874579,
                "0.0": 0.4902250992874579,
                "-1.0": 0.009346180876550942,
                "-2.0": 0.0013065698225069558,
                "-2.5": 0.0013116007510839097,
                "-3.0": 0.00034380356507109994,
                "-3.5": 0.0003438195700909932,
                "-4.0": 0.00052468830911404,
                "-4.5": 0.000524740132131301,
                "-5.0": 0.0006495382694195021,
                "-5.5": 0.0006495891247791858,
                "-6.0": 0.0005853865556673163,
                "-6.5": 0.000585703691683699,
                "-7.0": 0.0015637178170609491,
                "-7.5": 0.0016106308161358911,
                "-8.0": 0.00020383212378827573,
                "-8.5": 0.0,
                "-9.0": 0.0
            },
            "gsd_wall": {
                "1.0": 0.4911257487848194,
                "0.0": 0.4911257487848195,
                "-1.0": 0.009484754751151195,
                "-2.0": 0.0014075899182896048,
                "-2.5": 0.0013224981553095153,
                "-3.0": 0.00042526633783714426,
                "-3.5": 0.0004645575076235947,
                "-4.0": 0.000531849937479357,
                "-4.5": 0.0005337871415523363,
                "-5.0": 0.0006990971193725506,
                "-5.5": 0.0007035873902124022,
                "-6.0": 0.000669298574580638,
                "-6.5": 0.0006908526480743029,
                "-7.0": 0.00039985064269371616,
                "-7.5": 0.000347356191080153,
                "-8.0": 6.815611510464023e-05,
                "-8.5": 0.0,
                "-9.0": 0.0
            },
            "Qs_in": 0.0,
            "Qs_out_bed": 906.4918184347371,
            "Qs_out_wall": 0.00560059899437167,
            "D50": 0.0007530499163026116,
            "D84": 0.0011295748744539174
        },
        "downstream": {
            "flow_scale": 0.835,
            "elevation": 1741.6985183536815,
            "length": 65,
            "bankfull_width": 6,
            "lwd_factor": null,
            "gsd": {
                "1.0": 0.4885714953087151,
                "0.0": 0.4885714953087151,
                "-1.0": 0.00937309532802542,
                "-2.0": 0.0012609321669162811,
                "-2.5": 0.0012608044627412827,
                "-3.0": 0.0003343507167914936,
                "-3.5": 0.0003449355885351193,
                "-4.0": 0.000528476956483825,
                "-4.5": 0.0008425098677722684,
                "-5.0": 0.002081077218598725,
                "-5.5": 0.002104606175900631,
                "-6.0": 0.001922737473299091,
                "-6.5": 0.0019007864308592422,
                "-7.0": 0.0005183953063736921,
                "-7.5": 0.0003373461413847789,
                "-8.0": 4.695554888802227e-05,
                "-8.5": 0.0,
                "-9.0": 0.0
            },
            "Qs_in": 906.4974190337315,
            "Qs_out": 0.0,
            "D50": 0.06269337355711878,
            "D84": 0.09404006033567816
        }
    },
    "sed_masses": {
        "upstream": {
            "1.0": 0.0075127901015453035,
            "0.0": 9.398331921818895e-05,
            "-1.0": 0.0010676505063186266,
            "-2.0": 0.011308072968332496,
            "-2.5": 0.05784351333064826,
            "-3.0": 0.3262499350012525,
            "-3.5": 1.3882443199355585,
            "-4.0": 5.196901619488978,
            "-4.5": 21.558617674293384,
            "-5.0": 78.83892234602538,
            "-5.5": 256.0902463128183,
            "-6.0": 717.434193348831,
            "-6.5": 1691.9377361837355,
            "-7.0": 3874.933033307146,
            "-7.5": 5608.202183198808,
            "-8.0": 7379.323131587975,
            "-8.5": 0.0,
            "-9.0": 0.0
        },
        "downstream": {
            "1.0": 0.010081002019793986,
            "0.0": 0.0005845381852396551,
            "-1.0": 0.0002797681002947635,
            "-2.0": 0.001663453093113472,
            "-2.5": 0.009729970932553463,
            "-3.0": 0.05028973491769749,
            "-3.5": 0.49662330553929435,
            "-4.0": 2.9400802332662495,
            "-4.5": 81.60654822796162,
            "-5.0": 1179.445440509783,
            "-5.5": 3394.111634086077,
            "-6.0": 8852.17604082478,
            "-6.5": 24607.65090365995,
            "-7.0": 28721.41467355436,
            "-7.5": 52877.289981093694,
            "-8.0": 20817.34583312706,
            "-8.5": 0.0,
            "-9.0": 0.0
        },
        "deposit_upstream": {
            "1.0": 23.857755746415855,