{
    "timestep": "2002-06-02 13:00",
    "deposit_mass": 12150000,
    "reaches": {
        "upstream": {
            "flow_scale": 0.658,
            "elevation": 1579.610623075064,
            "length": 120,
            "bankfull_width": 10.5,
            "lwd_factor": null,
            "gsd": {
                "1.0": 0.5975427197129872,
                "0.0": 0.2070239309295528,
                "-1.0": 0.05352527138433845,
                "-2.0": 0.03047393751629708,
                "-2.5": 0.027088252070275456,
                "-3.0": 0.01693027289818398,
                "-3.5": 0.012415615488365549,
                "-4.0": 0.005,
                "-4.5": 0.005,
                "-5.0": 0.005,
                "-5.5": 0.005,
                "-6.0": 0.005,
                "-6.5": 0.005,
                "-7.0": 0.005,
                "-7.5": 0.005,
                "-8.0": 0.005,
                "-8.5": 0.005,
                "-9.0": 0.005
            },
            "Qs_in": 291.78267786528255,
            "Qs_out": 0.0,
            "D50": 0.0007071067811865476,
            "D84": 0.00175251007780513
        },
        "deposit_upstream": {
            "flow_scale": 0.659,
            "elevation": 1580.7740317694752,
            "length": 118,
            "width": 3.4685219756702366,
            "bankfull_width": 10.5,
            "lwd_factor": null,
            "gsd_bed": {
                "1.0": 0.06621068364987155,
                "0.0": 0.06621068365002152,
                "-1.0": 0.014469581504661547,
                "-2.0": 0.004769622336107289,
                "-2.5": 0.013119795312917112,
                "-3.0": 0.012898217303020654,
                "-3.5": 0.013996966230100457,
                "-4.0": 0.019236756747132374,
                "-4.5": 0.02369363547981923,
                "-5.0": 0.05026378101817438,
                "-5.5": 0.09123483899664137,
                "-6.0": 0.05275433665243443,
                "-6.5": 0.20872749576823546,
                "-7.0": 0.10112583605932911,
                "-7.5": 0.10112583605935914,
                "-8.0": 0.07045849677712869,
                "-8.5": 0.07045849677712138,
                "-9.0": 0.019244939677924178
            },
            "gsd_wall": {
                "1.0": 0.00012727864687054285,
                "0.0": 0.00012727864679544618,
                "-1.0": 3.0481931921039126e-05,
                "-2.0": 6.079098694731702e-05,
                "-2.5": 7.836420945064327e-05,
                "-3.0": 7.0564298432713214e-06,
                "-3.5": 0.00012410928784222509,
                "-4.0": 8.628745158839081e-05,
                "-4.5": 5.9205404889050076e-05,
                "-5.0": 1.5117908277227782e-05,
                "-5.5": 7.533410208052874e-05,
                "-6.0": 0.0963170109442951,
                "-6.5": 0.38050386567589833,
                "-7.0": 0.15371627312663594,
                "-7.5": 0.15371627312667083,
                "-8.0": 0.10167186907437065,
                "-8.5": 0.1016718690743622,
                "-9.0": 0.011611533971261407
            },
            "Qs_in": 0.0,
            "Qs_out_bed": 0.0,
            "Qs_out_wall": 0.0,
            "D50": 0.08746781796113115,
            "D84": 0.25504866753002353
        },
        "deposit_downstream": {
            "flow_scale": 0.66,
            "elevation": 1576.8575670693945,
            "length": 120,
            "width": 2.398248001826682,
            "bankfull_width": 12,
            "lwd_factor": null,
            "gsd_bed": {
                "1.0": 0.005,
                "0.0": 0.005,
                "-1.0": 0.005,
                "-2.0": 0.005,
                "-2.5": 0.005,
                "-3.0": 0.005,
                "-3.5": 0.005,
                "-4.0": 0.005,
                "-4.5": 0.005,
                "-5.0": 0.00610035420085955,
                "-5.5": 0.008966138907569072,
                "-6.0": 0.008966138907569228,
                "-6.5": 0.19195025846771155,
                "-7.0": 0.04007091123556737,
                "-7.5": 0.19195025846771155,
                "-8.0": 0.18723434127653923,
                "-8.5": 0.18723434127528202,
                "-9.0": 0.13252725726119036
            },
            "gsd_wall": {
                "1.0": 0.00047069857058303283,
                "0.0": 0.0004706985705832059,
                "-1.0": 0.00047495103931010274,
                "-2.0": 0.0004749510393096342,
                "-2.5": 0.011646106321622773,
                "-3.0": 0.011627332307066564,
                "-3.5": 0.011898048514235513,
                "-4.0": 0.011665527141419019,
                "-4.5": 0.011666815728075153,
                "-5.0": 0.011631686350224943,
                "-5.5": 0.011631686349903936,
                "-6.0": 0.0116900749582874,
                "-6.5": 0.31078611504250664,
                "-7.0": 0.1689215109149819,
                "-7.5": 0.16916863000629692,
                "-8.0": 0.11624543626064913,
                "-8.5": 0.11624543626061917,
                "-9.0": 0.02328429462432507
            },
            "Qs_in": 0.0,
            "Qs_out_bed": 0.26661186435167056,
            "Qs_out_wall": 2.467090978060078e-07,
            "D50": 0.25000190455288357,
            "D84": 0.3750028568293253
        },
        "downstream": {
            "flow_scale": 0.689,
            "elevation": 1570.6707408423918,
            "length": 145,
            "bankfull_width": 12,
            "lwd_factor": null,
            "gsd": {
                "1.0": 0.005,
                "0.0": 0.005,
                "-1.0": 0.005,
                "-2.0": 0.005,
                "-2.5": 0.005,
                "-3.0": 0.006805787003348615,
                "-3.5": 0.012051817992170128,
                "-4.0": 0.013993373148195485,
                "-4.5": 0.024454865115222123,
                "-5.0": 0.03132790100121886,
                "-5.5": 0.07251383273748468,
                "-6.0": 0.1987525977463531,
                "-6.5": 0.1987525977463531,
                "-7.0": 0.1987525977463531,
                "-7.5": 0.05439865744454809,
                "-8.0": 0.05439865744927979,
                "-8.5": 0.054398657439534266,
                "-9.0": 0.05439865742993896
            },
            "Qs_in": 0.2666121110607684,
            "Qs_out": 0.9392840887645693,
            "D50": 0.09119303580161939,
            "D84": 0.18526352430884205
        }
    }
}