{
    "timestep": "2002-05-12 17:00",
    "deposit_mass": 12150000,
    "reaches": {
        "upstream": {
            "flow_scale": 0.658,
            "elevation": 1579.5940119587335,
            "length": 120,
            "bankfull_width": 10.5,
            "lwd_factor": null,
            "gsd": {
                "1.0": 0.9149999999999993,
                "0.0": 0.005,
                "-1.0": 0.005,
                "-2.0": 0.005,
                "-2.5": 0.005,
                "-3.0": 0.005,
                "-3.5": 0.005,
                "-4.0": 0.005,
                "-4.5": 0.005,
                "-5.0": 0.005,
                "-5.5": 0.005,
                "-6.0": 0.005,
                "-6.5": 0.005,
                "-7.0": 0.005,
                "-7.5": 0.005,
                "-8.0": 0.005,
                "-8.5": 0.005,
                "-9.0": 0.005
            },
            "Qs_in": 0.003746349239405839,
            "Qs_out": 0.0,
            "D50": 0.0007071067811865476,
            "D84": 0.0014142135623730952
        },
        "deposit_upstream": {
            "flow_scale": 0.659,
            "elevation": 1580.8435086425636,
            "length": 118,
            "width": 2.7064356903315434,
            "bankfull_width": 10.5,
            "lwd_factor": null,
            "gsd_bed": {
                "1.0": 0.11705610926966112,
                "0.0": 0.11705610926966714,
                "-1.0": 0.025662505198033717,
                "-2.0": 0.0058236077137239104,
                "-2.5": 0.005941843562519829,
                "-3.0": 0.005425246793552162,
                "-3.5": 0.007434826515709019,
                "-4.0": 0.016746622124730846,
                "-4.5": 0.024619090886246555,
                "-5.0": 0.07143879138192757,
                "-5.5": 0.1438650004064131,
                "-6.0": 0.13105024093830636,
                "-6.5": 0.17115199083722252,
                "-7.0": 0.04467230310826757,
                "-7.5": 0.04467230310828431,
                "-8.0": 0.029622968582803187,
                "-8.5": 0.029622968582799013,
                "-9.0": 0.008137471720132287
            },
            "gsd_wall": {
                "1.0": 0.001334037913198119,
                "0.0": 0.0013340379128627608,
                "-1.0": 0.0009040868604636646,
                "-2.0": 0.0002700210316878455,
                "-2.5": 0.0003480776633283809,
                "-3.0": 3.134320665446726e-05,
                "-3.5": 0.001319960273752492,
                "-4.0": 0.0003832710714080565,
                "-4.5": 0.00026297820306198734,
                "-5.0": 0.0016045354376545294,
                "-5.5": 0.0011033109538388349,
                "-6.0": 0.20003496718695224,
                "-6.5": 0.4023003540651557,
                "-7.0": 0.11347552046738348,
                "-7.5": 0.11347552046741595,
                "-8.0": 0.07667353394194565,
                "-8.5": 0.07667353394193809,
                "-9.0": 0.008470909401297622
            },
            "Qs_in": 0.0,
            "Qs_out_bed": 0.0,
            "Qs_out_wall": 0.0,
            "D50": 0.045191049102507014,
            "D84": 0.09177931646282511
        },
        "deposit_downstream": {
            "flow_scale": 0.66,
            "elevation": 1576.6684069382477,
            "length": 120,
            "width": 2.3982480001306663,
            "bankfull_width": 12,
            "lwd_factor": null,
            "gsd_bed": {
                "1.0": 0.005,
                "0.0": 0.005,
                "-1.0": 0.005,
                "-2.0": 0.005885791942674523,
                "-2.5": 0.01334325579675483,
                "-3.0": 0.0129137648613786,
                "-3.5": 0.01346829216222,
                "-4.0": 0.07399555128930589,
                "-4.5": 0.07399556749116162,
                "-5.0": 0.07410706777048372,
                "-5.5": 0.07410706776959185,
                "-6.0": 0.1987745933735738,
                "-6.5": 0.0741477508117164,
                "-7.0": 0.07406374866881081,
                "-7.5": 0.07406374866887176,
                "-8.0": 0.07405167152048178,
                "-8.5": 0.07405167152046163,
                "-9.0": 0.07403045635251283
            },
            "gsd_wall": {
                "1.0": 1.9624454317953352e-05,
                "0.0": 1.9624454318010587e-05,
                "-1.0": 1.962445431803235e-05,
                "-2.0": 1.962445431798889e-05,
                "-2.5": 5.8673622559804834e-05,
                "-3.0": 3.9099522453975346e-05,
                "-3.5": 0.0003213527365862847,
                "-4.0": 7.892208983095092e-05,
                "-4.5": 8.026559190062569e-05,
                "-5.0": 4.363911873813909e-05,
                "-5.5": 4.36391184476869e-05,
                "-6.0": 0.0001045160517135654,
                "-6.5": 0.4940765665503955,
                "-7.0": 0.14844265296509668,
                "-7.5": 0.14844265296517037,
                "-8.0": 0.09858718166189233,
                "-8.5": 0.09858718166187407,
                "-9.0": 0.01101515852606803
            },
            "Qs_in": 0.0,
            "Qs_out_bed": 0.00026963711693129915,
            "Qs_out_wall": 0.0,
            "D50": 0.06363812663889541,
            "D84": 0.2574078811499875
        },
        "downstream": {
            "flow_scale": 0.689,
            "elevation": 1570.6606032466118,
            "length": 145,
            "bankfull_width": 12,
            "lwd_factor": null,
            "gsd": {
                "1.0": 0.005,
                "0.0": 0.005,
                "-1.0": 0.005753237790558066,
                "-2.0": 0.03487972303666202,
                "-2.5": 0.04314972708656361,
                "-3.0": 0.03834038167252241,
                "-3.5": 0.0899754089302744,
                "-4.0": 0.1320680915259862,
                "-4.5": 0.19940055759029862,
                "-5.0": 0.19940055759029862,
                "-5.5": 0.04401178210362561,
                "-6.0": 0.029620999062146477,
                "-6.5": 0.02892226763743974,
                "-7.0": 0.028895453194672988,
                "-7.5": 0.028895453194818014,
                "-8.0": 0.02889545319492148,
                "-8.5": 0.02889545319470706,
                "-9.0": 0.028895453194504688
            },
            "Qs_in": 0.00026963711693129915,
            "Qs_out": 0.0002452761684603866,
            "D50": 0.022771626803081726,
            "D84": 0.09052222052392718
        }
    }
}