{
    "timestep": "2002-04-03 02:00",
    "deposit_mass": 12150000,
    "reaches": {
        "upstream": {
            "flow_scale": 0.658,
            "elevation": 1579.594,
            "length": 120,
            "bankfull_width": 10.5,
            "lwd_factor": null,
            "gsd": {
                "1.0": 0.0030096308186202667,
                "0.0": 0.003009630818620948,
                "-1.0": 0.003009630818621201,
                "-2.0": 0.005016051364367818,
                "-2.5": 0.010032102728504322,
                "-3.0": 0.01585072231114283,
                "-3.5": 0.03260433386846661,
                "-4.0": 0.0466492776886944,
                "-4.5": 0.07574237560189008,
                "-5.0": 0.10493579454262282,
                "-5.5": 0.137941412520108,
                "-6.0": 0.15258828250407525,
                "-6.5": 0.13904494382026863,
                "-7.0": 0.12479935794546737,
                "-7.5": 0.07734751203855211,
                "-8.0": 0.042034510433403005,
                "-8.5": 0.018358747993586277,
                "-9.0": 0.008025682182987767
            },
            "Qs_in": 0.0,
            "Qs_out": 0.0,
            "D50": 0.06363388215270584,
            "D84": 0.1296048174279013
        },
        "deposit_upstream": {
            "flow_scale": 0.659,
            "elevation": 1581.089879525184,
            "length": 118,
            "width": 1.0001229544762955,
            "bankfull_width": 10.5,
            "lwd_factor": null,
            "gsd_bed": {
                "1.0": 0.34318311598704615,
                "0.0": 0.34318311598704476,
                "-1.0": 0.06773071191653499,
                "-2.0": 0.014483771578234373,
                "-2.5": 0.014581832241846804,
                "-3.0": 0.012816740296928496,
                "-3.5": 0.013325838409548077,
                "-4.0": 0.016688284076044158,
                "-4.5": 0.01668828407604331,
                "-5.0": 0.035263571777829086,
                "-5.5": 0.03526357177782871,
                "-6.0": 0.02853152868799852,
                "-6.5": 0.028531528687995897,
                "-7.0": 0.006821500406432558,
                "-7.5": 0.006821500406432796,
                "-8.0": 0.005361701228737348,
                "-8.5": 0.0053617012287372895,
                "-9.0": 0.005361701228736768
            },
            "gsd_wall": {
                "1.0": 0.3500208736758333,
                "0.0": 0.35002087367591245,
                "-1.0": 0.06908004282815153,
                "-2.0": 0.014772149930195854,
                "-2.5": 0.014872164465579105,
                "-3.0": 0.013071902822681357,
                "-3.5": 0.013176304062897866,
                "-4.0": 0.015751691119467656,
                "-4.5": 0.01575169111942973,
                "-5.0": 0.03328470101626764,
                "-5.5": 0.03328470101625075,
                "-6.0": 0.026995588600859752,
                "-6.5": 0.026995588600857327,
                "-7.0": 0.0067363852904625005,
                "-7.5": 0.006736385290462726,
                "-8.0": 0.004474241047305912,
                "-8.5": 0.004474241047305861,
                "-9.0": 0.0005004743900789062
            },
            "Qs_in": 0.0,
            "Qs_out_bed": 47.79264068433973,
            "Qs_out_wall": 0.368979615571927,
            "D50": 0.0008495173251471184,
            "D84": 0.02265314111849643
        },
        "deposit_downstream": {
            "flow_scale": 0.66,
            "elevation": 1576.6639593021575,
            "length": 120,
            "width": 1.0002277524093364,
            "bankfull_width": 12,
            "lwd_factor": null,
            "gsd_bed": {
                "1.0": 0.33194315858045464,
                "0.0": 0.33194315858044654,
                "-1.0": 0.06551277188954503,
                "-2.0": 0.014009852710777848,
                "-2.5": 0.014104701549080558,
                "-3.0": 0.012397422460268018,
                "-3.5": 0.012492271298508868,
                "-4.0": 0.01903095170556538,
                "-4.5": 0.01903095170556444,
                "-5.0": 0.040213309282611596,
                "-5.5": 0.04021330928261117,
                "-6.0": 0.032608456020075706,
                "-6.5": 0.032566934679432516,
                "-7.0": 0.007786311086986365,
                "-7.5": 0.007786311086986622,
                "-8.0": 0.0061200426936951005,
                "-8.5": 0.006120042693695028,
                "-9.0": 0.006120042693694445
            },
            "gsd_wall": {
                "1.0": 0.3496721684641811,
                "0.0": 0.3496721684642577,
                "-1.0": 0.06901124334995956,
                "-2.0": 0.014757458253097122,
                "-2.5": 0.014857373142443843,
                "-3.0": 0.013058905128309347,
                "-3.5": 0.01315882001822899,
                "-4.0": 0.015818351834022543,
                "-4.5": 0.015818351833985167,
                "-5.0": 0.033425531900805924,
                "-5.5": 0.03342553190078924,
                "-6.0": 0.02710423266448341,
                "-6.5": 0.027159208067683644,
                "-7.0": 0.006777214323155908,
                "-7.5": 0.006777214323156139,
                "-8.0": 0.004501359290417281,
                "-8.5": 0.004501359290417231,
                "-9.0": 0.0005035077506059068
            },
            "Qs_in": 48.161620299911654,
            "Qs_out_bed": 220.17679863228346,
            "Qs_out_wall": 1.373933770759673,
            "D50": 0.00085909671387631,
            "D84": 0.03192302644235646
        },
        "downstream": {
            "flow_scale": 0.689,
            "elevation": 1570.5067111918893,
            "length": 145,
            "bankfull_width": 12,
            "lwd_factor": null,
            "gsd": {
                "1.0": 0.005,
                "0.0": 0.005,
                "-1.0": 0.005,
                "-2.0": 0.005,
                "-2.5": 0.005,
                "-3.0": 0.07437324022042684,
                "-3.5": 0.1979120490709763,
                "-4.0": 0.07713576329937157,
                "-4.5": 0.08278264504243746,
                "-5.0": 0.1979120490709763,
                "-5.5": 0.1979120490709763,
                "-6.0": 0.097668520201123,
                "-6.5": 0.010152634004929459,
                "-7.0": 0.010310074279846463,
                "-7.5": 0.008709604042144374,
                "-8.0": 0.006828700675089782,
                "-8.5": 0.006651335510851258,
                "-9.0": 0.0066513355108509704
            },
            "Qs_in": 221.55073240304313,
            "Qs_out": 4.713973042446407,
            "D50": 0.0228957020114616,
            "D84": 0.04592242577481196
        }
    }
}