{
    "timestep": "2017-04-16 00:00",
    "deposit_mass": 2401711,
    "reaches": {
        "upstream": {
            "flow_scale": 0.78,
            "elevation": 1746.5865413321003,
            "length": 50,
            "bankfull_width": 6,
            "lwd_factor": null,
            "gsd": {
                "1.0": 0.9834330772768908,
                "0.0": 0.000974524866129803,
                "-1.0": 0.0009745248661323526,
                "-2.0": 0.0009745248661272914,
                "-2.5": 0.0009745248654483488,
                "-3.0": 0.0009745248656453149,
                "-3.5": 0.0009745248661957682,
                "-4.0": 0.000974524866173833,
                "-4.5": 0.0009745248661024038,
                "-5.0": 0.0009745248661407888,
                "-5.5": 0.0009745248661257348,
                "-6.0": 0.0009745248661284509,
                "-6.5": 0.0009745248661257348,
                "-7.0": 0.000974524866126404,
                "-7.5": 0.000974524866127399,
                "-8.0": 0.0009745248661277298,
                "-8.5": 0.000974524866127399,
                "-9.0": 0.0009745248661245284
            },
            "Qs_in": 0.0,
            "Qs_out": 0.0,
            "D50": 0.0007071067811865476,
            "D84": 0.0014142135623730952
        },
        "deposit_upstream": {
            "flow_scale": 0.79,
            "elevation": 1745.8973592868078,
            "length": 55,
            "width": 2.6547090019687354,
            "bankfull_width": 6,
            "lwd_factor": null,
            "gsd_bed": {
                "1.0": 0.0009632823703491018,
                "0.0": 0.00130229495083454,
                "-1.0": 0.001302025647916312,
                "-2.0": 0.004250510832275503,
                "-2.5": 0.004472415417812176,
                "-3.0": 0.01058915037191062,
                "-3.5": 0.03329659238643311,
                "-4.0": 0.029546102972586072,
                "-4.5": 0.029546786484161265,
                "-5.0": 0.03584811914862273,
                "-5.5": 0.149963282370916,
                "-6.0": 0.14996328237132986,
                "-6.5": 0.149963282370916,
                "-7.0": 0.09998191890070786,
                "-7.5": 0.09998191544015982,
                "-8.0": 0.09998188176638194,
                "-8.5": 0.04952357809841721,
                "-9.0": 0.049523578098269856
            },
            "gsd_wall": {
                "1.0": 1.6788337668679787e-05,
                "0.0": 0.8954798964728742,
                "-1.0": 1.207351178699705e-06,
                "-2.0": 1.0666516153814694e-05,
                "-2.5": 0.0016265209849086837,
                "-3.0": 2.1280422340810754e-05,
                "-3.5": 0.0011539285982353894,
                "-4.0": 0.008264363010787533,
                "-4.5": 0.010804965203808293,
                "-5.0": 0.014027515360641032,
                "-5.5": 0.014164720536927205,
                "-6.0": 0.0163874992163624,
                "-6.5": 0.01751140378336636,
                "-7.0": 0.010154748973737143,
                "-7.5": 0.009336790244998828,
                "-8.0": 0.001037704986010974,
                "-8.5": 0.0,
                "-9.0": 0.0
            },
            "Qs_in": 0.0,
            "Qs_out_bed": 0.0,
            "Qs_out_wall": 0.0,
            "D50": 0.08987737781969896,
            "D84": 0.25550202139907174
        },
        "deposit_downstream": {
            "flow_scale": 0.83,
            "elevation": 1744.0981824562823,
            "length": 47,
            "width": 6.9495907017176055,
            "bankfull_width": 6,
            "lwd_factor": 1,
            "gsd_bed": {
                "1.0": 0.023634787119851643,
                "0.0": 0.001819842158133816,
                "-1.0": 0.001819842158118979,
                "-2.0": 0.004223867291722594,
                "-2.5": 0.003975396395464087,
                "-3.0": 0.024442941382129244,
                "-3.5": 0.02190947761606328,
                "-4.0": 0.005718830083498876,
                "-4.5": 0.06918100246580766,
                "-5.0": 0.14419200869364251,
                "-5.5": 0.1006051745527081,
                "-6.0": 0.10060517455299803,
                "-6.5": 0.1006051745527081,
                "-7.0": 0.09979879403757967,
                "-7.5": 0.09979879403768416,
                "-8.0": 0.09979879403772181,
                "-8.5": 0.04893504943215762,
                "-9.0": 0.048935049432009985
            },
            "gsd_wall": {
                "1.0": 3.1889771121431954e-06,
                "0.0": 1.896862733417074e-05,
                "-1.0": 3.8163634430465056e-06,
                "-2.0": 9.451485975424737e-05,
                "-2.5": 0.0002690229229899841,
                "-3.0": 0.0002376476431520832,
                "-3.5": 0.00040573227453497,
                "-4.0": 8.441725320316176e-06,
                "-4.5": 0.00011701148526269348,
                "-5.0": 0.00012912365098443541,
                "-5.5": 0.0004912705394711648,
                "-6.0": 0.00030306318896863795,
                "-6.5": 6.23810291510311e-05,
                "-7.0": 0.4142377146182104,
                "-7.5": 0.5373707733850615,
                "-8.0": 0.045782448626266674,
                "-8.5": 0.00023244004149740465,
                "-9.0": 0.00023244004148516393
            },
            "Qs_in": 0.0,
            "Qs_out_bed": 0.0,
            "Qs_out_wall": 0.0,
            "D50": 0.06519926137249842,
            "D84": 0.2554355753811348
        },
        "downstream": {
            "flow_scale": 0.835,
            "elevation": 1742.4752695910336,
            "length": 65,
            "bankfull_width": 6.5,
            "lwd_factor": null,
            "gsd": {
                "1.0": 0.0009661946086459835,
                "0.0": 0.0009692116896443723,
                "-1.0": 0.002324909962038734,
                "-2.0": 0.0013043029333444174,
                "-2.5": 0.0030048099670960176,
                "-3.0": 0.0030048101394707766,
                "-3.5": 0.01045519911715631,
                "-4.0": 0.023310255301285044,
                "-4.5": 0.05244778866107399,
                "-5.0": 0.05248296074914069,
                "-5.5": 0.1499661946088362,
                "-6.0": 0.14996619460924948,
                "-6.5": 0.1499661946088362,
                "-7.0": 0.09996619460883238,
                "-7.5": 0.099966194608937,
                "-8.0": 0.09996619460897416,
                "-8.5": 0.049966194608791904,
                "-9.0": 0.04996619460864622
            },
            "Qs_in": 0.0,
            "Qs_out": 0.0,
            "D50": 0.08990274203218152,
            "D84": 0.255547827225564
        }
    }
}