{
    "timestep": "2012-04-21 20:00",
    "deposit_mass": 2401711,
    "reaches": {
        "upstream": {
            "flow_scale": 0.78,
            "elevation": 1746.1185000009941,
            "length": 50,
            "bankfull_width": 6,
            "lwd_factor": null,
            "gsd": {
                "1.0": 0.2687665599097781,
                "0.0": 0.0036419635426641296,
                "-1.0": 0.005171588230587351,
                "-2.0": 0.006846891460202832,
                "-2.5": 0.012382676042242849,
                "-3.0": 0.023527084481807577,
                "-3.5": 0.03598259980231301,
                "-4.0": 0.048001079493017636,
                "-4.5": 0.07094544981044765,
                "-5.0": 0.09206883835888602,
                "-5.5": 0.105908299820529,
                "-6.0": 0.10496138929953293,
                "-6.5": 0.08726144648211422,
                "-7.0": 0.07160100324869355,
                "-7.5": 0.0366381532391709,
                "-8.0": 0.01704438937965639,
                "-8.5": 0.005608623855698169,
                "-9.0": 0.0036419635426577206
            },
            "Qs_in": 0.0006243915399009732,
            "Qs_out": 0.0,
            "D50": 0.04543415634574092,
            "D84": 0.1276617371510833
        },
        "deposit_upstream": {
            "flow_scale": 0.79,
            "elevation": 1746.299732905869,
            "length": 55,
            "width": 1.000040147935886,
            "bankfull_width": 6,
            "lwd_factor": null,
            "gsd_bed": {
                "1.0": 0.0009497263547650144,
                "0.0": 0.0020642936670404967,
                "-1.0": 0.0033958942457776088,
                "-2.0": 0.0012340278290208474,
                "-2.5": 0.02152526004704409,
                "-3.0": 0.021525183819664527,
                "-3.5": 0.021525183823574538,
                "-4.0": 0.02610976285015945,
                "-4.5": 0.026109762849543597,
                "-5.0": 0.06373666693645735,
                "-5.5": 0.149949726354765,
                "-6.0": 0.149949726354765,
                "-6.5": 0.149949726354765,
                "-7.0": 0.09994972635476503,
                "-7.5": 0.09994972635476503,
                "-8.0": 0.0635900915569278,
                "-8.5": 0.04854354958055145,
                "-9.0": 0.04994196466564823
            },
            "gsd_wall": {
                "1.0": 0.0489123594804848,
                "0.0": 0.9233597848850571,
                "-1.0": 0.01575732072588776,
                "-2.0": 0.0021371655123035406,
                "-2.5": 0.0021371684860479294,
                "-3.0": 0.0005631309233960901,
                "-3.5": 0.0005631309234995019,
                "-4.0": 0.0008514783219358925,
                "-4.5": 0.0008514783219156061,
                "-5.0": 0.0010618023066690482,
                "-5.5": 0.0010618002810974,
                "-6.0": 0.0009532456197720012,
                "-6.5": 0.0009532456197711498,
                "-7.0": 0.00039520681389096314,
                "-7.5": 0.00039520681389109574,
                "-8.0": 4.6474964380332145e-05,
                "-8.5": 0.0,
                "-9.0": 0.0
            },
            "Qs_in": 0.0,
            "Qs_out_bed": 4.250623638444097e-08,
            "Qs_out_wall": 0.011239047718217474,
            "D50": 0.08880859956801355,
            "D84": 0.25547069028795194
        },
        "deposit_downstream": {
            "flow_scale": 0.83,
            "elevation": 1744.801120899802,
            "length": 47,
            "width": 2.299938618664566,
            "bankfull_width": 6,
            "lwd_factor": 1,
            "gsd_bed": {
                "1.0": 0.001,
                "0.0": 0.001,
                "-1.0": 0.001,
                "-2.0": 0.001743809680356645,
                "-2.5": 0.00781517102010842,
                "-3.0": 0.03593032852485049,
                "-3.5": 0.03593032219489904,
                "-4.0": 0.07702078385147815,
                "-4.5": 0.07702076820939693,
                "-5.0": 0.08350271900145398,
                "-5.5": 0.0835027026381722,
                "-6.0": 0.08349872688532872,
                "-6.5": 0.11173930505920286,
                "-7.0": 0.0998590725869505,
                "-7.5": 0.0998590725869505,
                "-8.0": 0.0998590725869505,
                "-8.5": 0.0498590725869505,
                "-9.0": 0.0498590725869505
            },
            "gsd_wall": {
                "1.0": 0.4896443861870714,
                "0.0": 0.49085435434095,
                "-1.0": 0.009595493043242295,
                "-2.0": 0.0015240563344759402,
                "-2.5": 0.0016377291329506074,
                "-3.0": 0.0005156522511328573,
                "-3.5": 0.0005151059186739943,
                "-4.0": 0.0007415561866251913,
                "-4.5": 0.0007409069758687987,
                "-5.0": 0.0009046565639688277,
                "-5.5": 0.0009039632108124588,
                "-6.0": 0.0008195708026868305,
                "-6.5": 0.0008185766151081263,
                "-7.0": 0.0003824274513730052,
                "-7.5": 0.0003618393726990764,
                "-8.0": 3.9725612360961495e-05,
                "-8.5": 0.0,
                "-9.0": 0.0
            },
            "Qs_in": 0.011239090224453858,
            "Qs_out_bed": 0.01125008709119294,
            "Qs_out_wall": 0.0,
            "D50": 0.08883202627048216,
            "D84": 0.255552296790784
        },
        "downstream": {
            "flow_scale": 0.835,
            "elevation": 1741.6267388683505,
            "length": 65,
            "bankfull_width": 6.5,
            "lwd_factor": null,
            "gsd": {
                "1.0": 0.8274748961075793,
                "0.0": 0.010803829362600319,
                "-1.0": 0.001,
                "-2.0": 0.001,
                "-2.5": 0.001,
                "-3.0": 0.001,
                "-3.5": 0.001,
                "-4.0": 0.001,
                "-4.5": 0.001130600816716254,
                "-5.0": 0.02613407773109922,
                "-5.5": 0.026170527450532773,
                "-6.0": 0.025684607061008096,
                "-6.5": 0.021180803324880027,
                "-7.0": 0.011786068345409635,
                "-7.5": 0.010911319827435548,
                "-8.0": 0.01090896380080099,
                "-8.5": 0.010907502644816946,
                "-9.0": 0.010906803527121159
            },
            "Qs_in": 0.01125008709119294,
            "Qs_out": 0.011210485172202037,
            "D50": 0.031824764884091514,
            "D84": 0.1805272462397469
        }
    }
}