{
    "timestep": "2012-04-09 08:00",
    "deposit_mass": 2401711,
    "reaches": {
        "upstream": {
            "flow_scale": 0.78,
            "elevation": 1746.1185,
            "length": 50,
            "bankfull_width": 6,
            "lwd_factor": null,
            "gsd": {
                "1.0": 0.004955892556260896,
                "0.0": 0.004955892556265302,
                "-1.0": 0.0070373674298990704,
                "-2.0": 0.009317078005775671,
                "-2.5": 0.016850034689765148,
                "-3.0": 0.03201506591139793,
                "-3.5": 0.048964218456333364,
                "-4.0": 0.06531866389196139,
                "-4.5": 0.09654078699569356,
                "-5.0": 0.12528496382257107,
                "-5.5": 0.144117355536117,
                "-6.0": 0.14282882347154066,
                "-6.5": 0.1187431856480524,
                "-7.0": 0.09743284765613072,
                "-7.5": 0.04985627911601259,
                "-8.0": 0.02319357716331527,
                "-8.5": 0.007632074536646092,
                "-9.0": 0.004955892556261807
            },
            "Qs_in": 0.0,
            "Qs_out": 0.0,
            "D50": 0.045434156345702234,
            "D84": 0.1276617371510671
        },
        "deposit_upstream": {
            "flow_scale": 0.79,
            "elevation": 1746.2997329058705,
            "length": 55,
            "width": 1.0000190602557855,
            "bankfull_width": 6,
            "lwd_factor": null,
            "gsd_bed": {
                "1.0": 0.0021999963734596947,
                "0.0": 0.0021999999840402406,
                "-1.0": 0.0035267584433777296,
                "-2.0": 0.0013728738502872969,
                "-2.5": 0.021335210383529816,
                "-3.0": 0.021335134579914938,
                "-3.5": 0.021335134581454158,
                "-4.0": 0.02590278948573827,
                "-4.5": 0.025902789485495466,
                "-5.0": 0.06339079282999048,
                "-5.5": 0.15000000000040797,
                "-6.0": 0.15000000000046004,
                "-6.5": 0.15000000000040797,
                "-7.0": 0.1000000000002796,
                "-7.5": 0.10000000000029252,
                "-8.0": 0.06324475863032859,
                "-8.5": 0.048253761370407586,
                "-9.0": 0.050000000000127796
            },
            "gsd_wall": {
                "1.0": 0.4917482797842481,
                "0.0": 0.49174827979341973,
                "-1.0": 0.009378655430133158,
                "-2.0": 0.0012720270968495893,
                "-2.5": 0.001272028866975522,
                "-3.0": 0.0003351718851810394,
                "-3.5": 0.000335171885205734,
                "-4.0": 0.0005067943926836705,
                "-4.5": 0.0005067943926788256,
                "-5.0": 0.000631977868724328,
                "-5.5": 0.0006319766631190858,
                "-6.0": 0.0005673656304681371,
                "-6.5": 0.0005673656304679331,
                "-7.0": 0.00023522454074562113,
                "-7.5": 0.00023522454074565257,
                "-8.0": 2.766159835378209e-05,
                "-8.5": 0.0,
                "-9.0": 0.0
            },
            "Qs_in": 0.0,
            "Qs_out_bed": 0.0,
            "Qs_out_wall": 0.0,
            "D50": 0.08879804331813576,
            "D84": 0.2554611261472508
        },
        "deposit_downstream": {
            "flow_scale": 0.83,
            "elevation": 1744.979214891739,
            "length": 47,
            "width": 1.2230193749619453,
            "bankfull_width": 6,
            "lwd_factor": 1,
            "gsd_bed": {
                "1.0": 0.0009500058978382373,
                "0.0": 0.0009509227590985869,
                "-1.0": 0.0009509069835262352,
                "-2.0": 0.0009509067183742736,
                "-2.5": 0.0009526584941221828,
                "-3.0": 0.06885401130528467,
                "-3.5": 0.06885401130866778,
                "-4.0": 0.06885483159312225,
                "-4.5": 0.0688548316255845,
                "-5.0": 0.06885542975709615,
                "-5.5": 0.06902249357972266,
                "-6.0": 0.09909046778643395,
                "-6.5": 0.08795675515302312,
                "-7.0": 0.09995000589783824,
                "-7.5": 0.09995000589783824,
                "-8.0": 0.09995000589783824,
                "-8.5": 0.04752587467230143,
                "-9.0": 0.04752587467228939
            },
            "gsd_wall": {
                "1.0": 0.4914001834715879,
                "0.0": 0.49140018347195547,
                "-1.0": 0.009400724836887758,
                "-2.0": 0.0012975798775740855,
                "-2.5": 0.0013439535263752495,
                "-3.0": 0.00038164529859670634,
                "-3.5": 0.000381645298620669,
                "-4.0": 0.0005697457157978152,
                "-4.5": 0.000569753677731385,
                "-5.0": 0.000706039606770183,
                "-5.5": 0.0007060396055771121,
                "-6.0": 0.0006349995934379043,
                "-6.5": 0.0006347662652291953,
                "-7.0": 0.0002714064308971502,
                "-7.5": 0.0002688343689122895,
                "-8.0": 3.24989540489412e-05,
                "-8.5": 0.0,
                "-9.0": 0.0
            },
            "Qs_in": 0.0,
            "Qs_out_bed": 3.1015304203091205e-08,
            "Qs_out_wall": 0.0,
            "D50": 0.06441875478188865,
            "D84": 0.2552928017117041
        },
        "downstream": {
            "flow_scale": 0.835,
            "elevation": 1741.5290541443926,
            "length": 65,
            "bankfull_width": 6.5,
            "lwd_factor": null,
            "gsd": {
                "1.0": 0.2047268289282298,
                "0.0": 0.010708977207461728,
                "-1.0": 0.007284944289684494,
                "-2.0": 0.0027719564319837633,
                "-2.5": 0.010331656469044638,
                "-3.0": 0.005746231001265202,
                "-3.5": 0.005746250364166844,
                "-4.0": 0.07563295944210183,
                "-4.5": 0.07563314665480891,
                "-5.0": 0.07563336198719632,
                "-5.5": 0.07714018459420015,
                "-6.0": 0.0728408873553729,
                "-6.5": 0.07284079337878642,
                "-7.0": 0.07284060172578542,
                "-7.5": 0.0728402850173517,
                "-8.0": 0.07284003564645553,
                "-8.5": 0.04222045366087987,
                "-9.0": 0.04222044584522437
            },
            "Qs_in": 3.1015304203091205e-08,
            "Qs_out": 0.0,
            "D50": 0.04506762279883881,
            "D84": 0.18234043416896945
        }
    }
}