{
    "timestep": "2012-04-03 02:00",
    "deposit_mass": 2401711,
    "reaches": {
        "upstream": {
            "flow_scale": 0.78,
            "elevation": 1746.1185,
            "length": 50,
            "bankfull_width": 6,
            "lwd_factor": null,
            "gsd": {
                "1.0": 0.004955892556252307,
                "0.0": 0.004955892556253421,
                "-1.0": 0.007037367429880445,
                "-2.0": 0.009317078005755642,
                "-2.5": 0.016850034690871697,
                "-3.0": 0.03201506591287041,
                "-3.5": 0.04896421845589347,
                "-4.0": 0.06531866389151773,
                "-4.5": 0.09654078699572652,
                "-5.0": 0.12528496382213325,
                "-5.5": 0.14411735553582963,
                "-6.0": 0.14282882347121714,
                "-6.5": 0.11874318564781573,
                "-7.0": 0.09743284765593072,
                "-7.5": 0.0498562791159053,
                "-8.0": 0.0231935771632644,
                "-8.5": 0.007632074536629642,
                "-9.0": 0.004955892556252524
            },
            "Qs_in": 0.0,
            "Qs_out": 0.0,
            "D50": 0.04543415634568291,
            "D84": 0.12766173715105916
        },
        "deposit_upstream": {
            "flow_scale": 0.79,
            "elevation": 1746.2997329058705,
            "length": 55,
            "width": 1.0000184959102922,
            "bankfull_width": 6,
            "lwd_factor": null,
            "gsd_bed": {
                "1.0": 0.002199996373455682,
                "0.0": 0.0021999999840347675,
                "-1.0": 0.00352675844336808,
                "-2.0": 0.0013728738502842273,
                "-2.5": 0.021335210384928974,
                "-3.0": 0.02133513458089436,
                "-3.5": 0.02133513458126058,
                "-4.0": 0.025902789485560126,
                "-4.5": 0.025902789485501985,
                "-5.0": 0.06339079282976354,
                "-5.5": 0.15000000000009567,
                "-6.0": 0.15000000000010807,
                "-6.5": 0.15000000000009567,
                "-7.0": 0.10000000000006573,
                "-7.5": 0.1000000000000686,
                "-8.0": 0.06324475863018457,
                "-8.5": 0.04825376137029944,
                "-9.0": 0.05000000000002997
            },
            "gsd_wall": {
                "1.0": 0.491748279781462,
                "0.0": 0.49174827979602076,
                "-1.0": 0.009378655430180401,
                "-2.0": 0.001272027096856634,
                "-2.5": 0.0012720288670688327,
                "-3.0": 0.0003351718851990328,
                "-3.5": 0.0003351718852052987,
                "-4.0": 0.0005067943926841221,
                "-4.5": 0.0005067943926828929,
                "-5.0": 0.0006319778687269756,
                "-5.5": 0.0006319766631226842,
                "-6.0": 0.0005673656304712163,
                "-6.5": 0.0005673656304711636,
                "-7.0": 0.0002352245407469463,
                "-7.5": 0.0002352245407469542,
                "-8.0": 2.766159835393407e-05,
                "-8.5": 0.0,
                "-9.0": 0.0
            },
            "Qs_in": 0.0,
            "Qs_out_bed": 0.0,
            "Qs_out_wall": 0.0006243915399009732,
            "D50": 0.08879804331810859,
            "D84": 0.25546112614723415
        },
        "deposit_downstream": {
            "flow_scale": 0.83,
            "elevation": 1744.9789194127266,
            "length": 47,
            "width": 1.1685781719271873,
            "bankfull_width": 6,
            "lwd_factor": 1,
            "gsd_bed": {
                "1.0": 0.48647060778482887,
                "0.0": 0.48647060778482887,
                "-1.0": 0.008073487420318659,
                "-2.0": 0.0012781066880051264,
                "-2.5": 0.001297779991430505,
                "-3.0": 0.001,
                "-3.5": 0.001,
                "-4.0": 0.001,
                "-4.5": 0.001,
                "-5.0": 0.001,
                "-5.5": 0.001,
                "-6.0": 0.001,
                "-6.5": 0.0011669550422317417,
                "-7.0": 0.001,
                "-7.5": 0.0029243749871106345,
                "-8.0": 0.0013519018404068357,
                "-8.5": 0.001483089230419339,
                "-9.0": 0.0014830892304193216
            },
            "gsd_wall": {
                "1.0": 0.49152149824452995,
                "0.0": 0.49152149824458713,
                "-1.0": 0.009397865962042559,
                "-2.0": 0.0012880803542806537,
                "-2.5": 0.001297228832438982,
                "-3.0": 0.00036688273336150137,
                "-3.5": 0.00036688273336519313,
                "-4.0": 0.0005490861832941823,
                "-4.5": 0.0005490861832934634,
                "-5.0": 0.0006824702975299689,
                "-5.5": 0.0006824702975297801,
                "-6.0": 0.0006125712249932682,
                "-6.5": 0.0006125712249932382,
                "-7.0": 0.0002613995588269056,
                "-7.5": 0.000259592174308845,
                "-8.0": 3.081575062427308e-05,
                "-8.5": 0.0,
                "-9.0": 0.0
            },
            "Qs_in": 0.0006243915399009732,
            "Qs_out_bed": 137.65235190401148,
            "Qs_out_wall": 0.37552103365453476,
            "D50": 0.0007571052147873065,
            "D84": 0.0011356578221809598
        },
        "downstream": {
            "flow_scale": 0.835,
            "elevation": 1741.5270040585874,
            "length": 65,
            "bankfull_width": 6.5,
            "lwd_factor": null,
            "gsd": {
                "1.0": 0.20495012930595408,
                "0.0": 0.20142412044075336,
                "-1.0": 0.0036771174648017172,
                "-2.0": 0.001,
                "-2.5": 0.001,
                "-3.0": 0.001,
                "-3.5": 0.001,
                "-4.0": 0.061519701867137365,
                "-4.5": 0.061519701867131786,
                "-5.0": 0.0615197018671348,
                "-5.5": 0.061519701867133625,
                "-6.0": 0.06151970186713382,
                "-6.5": 0.05552739934032103,
                "-7.0": 0.05699478948461807,
                "-7.5": 0.04145698365697006,
                "-8.0": 0.041456983656970064,
                "-8.5": 0.04145698365697006,
                "-9.0": 0.0414569836569699
            },
            "Qs_in": 138.02787293766602,
            "Qs_out": 0.4891274130021699,
            "D50": 0.000784062407298879,
            "D84": 0.0011760936109483184
        }
    }
}