{
    "timestep": "2012-05-12 16:00",
    "deposit_mass": 2401711,
    "reaches": {
        "upstream": {
            "flow_scale": 0.78,
            "elevation": 1746.2013065604435,
            "length": 50,
            "bankfull_width": 6,
            "lwd_factor": null,
            "gsd": {
                "1.0": 0.8741645893966208,
                "0.0": 0.10983541060337935,
                "-1.0": 0.001,
                "-2.0": 0.001,
                "-2.5": 0.001,
                "-3.0": 0.001,
                "-3.5": 0.001,
                "-4.0": 0.001,
                "-4.5": 0.001,
                "-5.0": 0.001,
                "-5.5": 0.001,
                "-6.0": 0.001,
                "-6.5": 0.001,
                "-7.0": 0.001,
                "-7.5": 0.001,
                "-8.0": 0.001,
                "-8.5": 0.001,
                "-9.0": 0.001
            },
            "Qs_in": 0.07804894248762148,
            "Qs_out": 0.0,
            "D50": 0.0007071067811865476,
            "D84": 0.0014142135623730952
        },
        "deposit_upstream": {
            "flow_scale": 0.79,
            "elevation": 1746.0465638476353,
            "length": 55,
            "width": 1.7544063753885308,
            "bankfull_width": 6,
            "lwd_factor": null,
            "gsd_bed": {
                "1.0": 0.001,
                "0.0": 0.001,
                "-1.0": 0.001,
                "-2.0": 0.0018434083536744848,
                "-2.5": 0.002689982759618194,
                "-3.0": 0.00256152690912064,
                "-3.5": 0.002616563232395771,
                "-4.0": 0.0024951268121085517,
                "-4.5": 0.015054143363070446,
                "-5.0": 0.14979249249701748,
                "-5.5": 0.14979249249701748,
                "-6.0": 0.14979249249701748,
                "-6.5": 0.14979249249701748,
                "-7.0": 0.09979249249701751,
                "-7.5": 0.09979249249701751,
                "-8.0": 0.09979249249701751,
                "-8.5": 0.03559590054545959,
                "-9.0": 0.03559590054542987
            },
            "gsd_wall": {
                "1.0": 0.5134596749134844,
                "0.0": 0.4663893549424259,
                "-1.0": 0.009610357470119553,
                "-2.0": 0.0014995346997234403,
                "-2.5": 0.0015311986379757392,
                "-3.0": 0.0005286939797502108,
                "-3.5": 0.000577981896426882,
                "-4.0": 0.000838432681423841,
                "-4.5": 0.000838270253299929,
                "-5.0": 0.001012037572778491,
                "-5.5": 0.0010118782379157849,
                "-6.0": 0.0009194054387815565,
                "-6.5": 0.0009199311704722066,
                "-7.0": 0.00042620793018386695,
                "-7.5": 0.0003919621107054018,
                "-8.0": 4.507806453254755e-05,
                "-8.5": 0.0,
                "-9.0": 0.0
            },
            "Qs_in": 0.0,
            "Qs_out_bed": 1.138757017278188e-05,
            "Qs_out_wall": 0.0018731746197029194,
            "D50": 0.08904436391761812,
            "D84": 0.2540697369021437
        },
        "deposit_downstream": {
            "flow_scale": 0.83,
            "elevation": 1743.9563992696994,
            "length": 47,
            "width": 6.237849625489265,
            "bankfull_width": 6,
            "lwd_factor": 1,
            "gsd_bed": {
                "1.0": 0.16412336330294636,
                "0.0": 0.16802821494682166,
                "-1.0": 0.0122283907500491,
                "-2.0": 0.011146963584729101,
                "-2.5": 0.012548167323866695,
                "-3.0": 0.01194393931024579,
                "-3.5": 0.012143485384177017,
                "-4.0": 0.012974745792339799,
                "-4.5": 0.013656635606498116,
                "-5.0": 0.01536205164466448,
                "-5.5": 0.020260953543885483,
                "-6.0": 0.02794252921544676,
                "-6.5": 0.035194470923653874,
                "-7.0": 0.2117936467892394,
                "-7.5": 0.2501102254625339,
                "-8.0": 0.020542216418902675,
                "-8.5": 2.564696737884364e-23,
                "-9.0": 2.5646967378820163e-23
            },
            "gsd_wall": {
                "1.0": 0.13600935449288432,
                "0.0": 0.1389696998436958,
                "-1.0": 0.012287439284673265,
                "-2.0": 0.012602658341216828,
                "-2.5": 0.013891054523815742,
                "-3.0": 0.013013716685978305,
                "-3.5": 0.013105305616453115,
                "-4.0": 0.014048181633045808,
                "-4.5": 0.014866307477128927,
                "-5.0": 0.017337428365461604,
                "-5.5": 0.022327464881969433,
                "-6.0": 0.030886402335969378,
                "-6.5": 0.03833411036354149,
                "-7.0": 0.22917418533306674,
                "-7.5": 0.2702681717533324,
                "-8.0": 0.02287851906776701,
                "-8.5": 0.0,
                "-9.0": 0.0
            },
            "Qs_in": 0.0018845621898757013,
            "Qs_out_bed": 0.0062677290805944336,
            "Qs_out_wall": 0.0,
            "D50": 0.09026986878432947,
            "D84": 0.17998200978951315
        },
        "downstream": {
            "flow_scale": 0.835,
            "elevation": 1742.5964401197573,
            "length": 65,
            "bankfull_width": 6.5,
            "lwd_factor": null,
            "gsd": {
                "1.0": 0.001,
                "0.0": 0.001,
                "-1.0": 0.001,
                "-2.0": 0.0010757293696457347,
                "-2.5": 0.001163362818722114,
                "-3.0": 0.019229945212131963,
                "-3.5": 0.07710472425090872,
                "-4.0": 0.1497923701719002,
                "-4.5": 0.1477923074224184,
                "-5.0": 0.14338049192152308,
                "-5.5": 0.09846306854808701,
                "-6.0": 0.06759410340896341,
                "-6.5": 0.060868523904266905,
                "-7.0": 0.05145259345360316,
                "-7.5": 0.05141926706876536,
                "-8.0": 0.05139302643397216,
                "-8.5": 0.0342972833010641,
                "-9.0": 0.04197320271402773
            },
            "Qs_in": 0.0062677290805944336,
            "Qs_out": 0.00633958223910578,
            "D50": 0.032433177657003855,
            "D84": 0.1807976647294676
        }
    }
}