{
    "timestep": "2022-05-03 05:00:00",
    "deposit_mass": 2401711,
    "reaches": {
        "upstream": {
            "flow_scale": 0.78,
            "elevation": 1746.877741104338,
            "length": 50,
            "bankfull_width": 6,
            "lwd_factor": null,
            "gsd": {
                "1.0": 0.7821505687145763,
                "0.0": 0.07798863885738695,
                "-1.0": 0.008741257433486485,
                "-2.0": 0.008741259183212195,
                "-2.5": 0.008741264964910688,
                "-3.0": 0.008741276604391753,
                "-3.5": 0.008741289613225458,
                "-4.0": 0.008741302165605636,
                "-4.5": 0.00874132612924035,
                "-5.0": 0.008741348190999898,
                "-5.5": 0.008741362645255922,
                "-6.0": 0.008741361656280519,
                "-6.5": 0.00874134317004769,
                "-7.0": 0.008741326813915777,
                "-7.5": 0.008741290297900347,
                "-8.0": 0.0087412698337167,
                "-8.5": 0.00874125788993665,
                "-9.0": 0.008741255835910764
            },
            "Qs_in": 0.05432206397138456,
            "Qs_out": 0.14401670010406678,
            "D50": 0.0007071067811865476,
            "D84": 0.0014142135623730952
        },
        "deposit_upstream": {
            "flow_scale": 0.79,
            "elevation": 1745.9023971677,
            "length": 55,
            "width": 2.9038926301469696,
            "bankfull_width": 6,
            "lwd_factor": null,
            "gsd_bed": {
                "1.0": 0.001,
                "0.0": 0.973190525664415,
                "-1.0": 0.001,
                "-2.0": 0.001,
                "-2.5": 0.001,
                "-3.0": 0.001,
                "-3.5": 0.001218805253133657,
                "-4.0": 0.0012188059551137876,
                "-4.5": 0.001,
                "-5.0": 0.001,
                "-5.5": 0.001,
                "-6.0": 0.0025014219308576377,
                "-6.5": 0.002512695823929519,
                "-7.0": 0.0028404471819372967,
                "-7.5": 0.0028404471819372997,
                "-8.0": 0.0028404471819372997,
                "-8.5": 0.001418201913369258,
                "-9.0": 0.0014182019133692555
            },
            "gsd_wall": {
                "1.0": 4.909528863319122e-10,
                "0.0": 3.3639638013123642e-09,
                "-1.0": 3.4464456669572786e-07,
                "-2.0": 6.83886708339873e-06,
                "-2.5": 8.282338258735503e-05,
                "-3.0": 7.156018135116118e-05,
                "-3.5": 4.735169920809224e-05,
                "-4.0": 0.0006327208030799182,
                "-4.5": 0.02320101645283839,
                "-5.0": 0.08426559145316574,
                "-5.5": 0.10581107050940727,
                "-6.0": 0.1761033717518934,
                "-6.5": 0.2242552985453555,
                "-7.0": 0.1835747333376976,
                "-7.5": 0.1811954391264254,
                "-8.0": 0.020751835390423464,
                "-8.5": 0.0,
                "-9.0": 0.0
            },
            "Qs_in": 0.14401670010406678,
            "Qs_out_bed": 0.08425774753583976,
            "Qs_out_wall": 0.0,
            "D50": 0.08956279571005393,
            "D84": 0.25553350672624503
        },
        "deposit_downstream": {
            "flow_scale": 0.83,
            "elevation": 1743.964773089485,
            "length": 47,
            "width": 7.832230996286029,
            "bankfull_width": 6,
            "lwd_factor": 1,
            "gsd_bed": {
                "1.0": 0.07286427144442764,
                "0.0": 0.006752483974298453,
                "-1.0": 0.0009560139310319141,
                "-2.0": 0.0013709428541023617,
                "-2.5": 0.005928453247391995,
                "-3.0": 0.023198665481093415,
                "-3.5": 0.017984525886975005,
                "-4.0": 0.017984530732259026,
                "-4.5": 0.10742708600621646,
                "-5.0": 0.10742723770019359,
                "-5.5": 0.10742733700763739,
                "-6.0": 0.08612492051558028,
                "-6.5": 0.08612492051557984,
                "-7.0": 0.08617721646066198,
                "-7.5": 0.08620645827704267,
                "-8.0": 0.08613290810344411,
                "-8.5": 0.04995601393103192,
                "-9.0": 0.04995601393103192
            },
            "gsd_wall": {
                "1.0": 3.283631622673169e-06,
                "0.0": 2.2051067658485294e-06,
                "-1.0": 2.9479738586735494e-06,
                "-2.0": 1.4662090459720038e-05,
                "-2.5": 0.00014699810552764111,
                "-3.0": 0.00014479720800557818,
                "-3.5": 0.0001491376232309041,
                "-4.0": 0.0001425235861383042,
                "-4.5": 0.0001442282501358818,
                "-5.0": 0.0001446708934775529,
                "-5.5": 0.0001528532917879569,
                "-6.0": 0.0001558238177892846,
                "-6.5": 0.00015393662798583906,
                "-7.0": 0.3717233238614393,
                "-7.5": 0.5704065782827925,
                "-8.0": 0.0562357831303512,
                "-8.5": 0.0001381232593175551,
                "-9.0": 0.00013812325931358342
            },
            "Qs_in": 0.08425774753583976,
            "Qs_out_bed": 0.69160430398743,
            "Qs_out_wall": 0.0,
            "D50": 0.011370199726173856,
            "D84": 0.12829505029011443
        },
        "downstream": {
            "flow_scale": 0.835,
            "elevation": 1742.3432142221518,
            "length": 65,
            "bankfull_width": 6.5,
            "lwd_factor": null,
            "gsd": {
                "1.0": 0.9829999999999997,
                "0.0": 0.001,
                "-1.0": 0.001,
                "-2.0": 0.001,
                "-2.5": 0.001,
                "-3.0": 0.001,
                "-3.5": 0.001,
                "-4.0": 0.001,
                "-4.5": 0.001,
                "-5.0": 0.001,
                "-5.5": 0.001,
                "-6.0": 0.001,
                "-6.5": 0.001,
                "-7.0": 0.001,
                "-7.5": 0.001,
                "-8.0": 0.001,
                "-8.5": 0.001,
                "-9.0": 0.001
            },
            "Qs_in": 0.69160430398743,
            "Qs_out": 0.0069677471480702495,
            "D50": 0.08990004107047662,
            "D84": 0.2555457072619813
        }
    }
}