{
    "timestep": "2012-04-05 04:00",
    "deposit_mass": 2401711,
    "reaches": {
        "upstream": {
            "flow_scale": 0.78,
            "elevation": 1746.1185,
            "length": 50,
            "bankfull_width": 6,
            "lwd_factor": null,
            "gsd": {
                "1.0": 0.004955892556255167,
                "0.0": 0.0049558925562573795,
                "-1.0": 0.007037367429886655,
                "-2.0": 0.0093170780057623,
                "-2.5": 0.01685003469050284,
                "-3.0": 0.03201506591237958,
                "-3.5": 0.04896421845604012,
                "-4.0": 0.06531866389166566,
                "-4.5": 0.0965407869957155,
                "-5.0": 0.12528496382227922,
                "-5.5": 0.1441173555359255,
                "-6.0": 0.142828823471325,
                "-6.5": 0.1187431856478945,
                "-7.0": 0.09743284765599737,
                "-7.5": 0.0498562791159411,
                "-8.0": 0.023193577163281357,
                "-8.5": 0.007632074536635127,
                "-9.0": 0.004955892556255615
            },
            "Qs_in": 0.0,
            "Qs_out": 0.0,
            "D50": 0.04543415634568937,
            "D84": 0.12766173715106185
        },
        "deposit_upstream": {
            "flow_scale": 0.79,
            "elevation": 1746.2997329058705,
            "length": 55,
            "width": 1.0000190602557855,
            "bankfull_width": 6,
            "lwd_factor": null,
            "gsd_bed": {
                "1.0": 0.0021999963734570162,
                "0.0": 0.002199999984036592,
                "-1.0": 0.0035267584433712933,
                "-2.0": 0.0013728738502852508,
                "-2.5": 0.021335210384462604,
                "-3.0": 0.02133513458056786,
                "-3.5": 0.021335134581325115,
                "-4.0": 0.02590278948561949,
                "-4.5": 0.025902789485499778,
                "-5.0": 0.06339079282983913,
                "-5.5": 0.15000000000019983,
                "-6.0": 0.15000000000022545,
                "-6.5": 0.15000000000019983,
                "-7.0": 0.10000000000013695,
                "-7.5": 0.10000000000014321,
                "-8.0": 0.06324475863023249,
                "-8.5": 0.048253761370335504,
                "-9.0": 0.0500000000000626
            },
            "gsd_wall": {
                "1.0": 0.49174827978432656,
                "0.0": 0.49174827979328084,
                "-1.0": 0.009378655430128929,
                "-2.0": 0.0012720270968494415,
                "-2.5": 0.0012720288670328825,
                "-3.0": 0.00033517188519175816,
                "-3.5": 0.00033517188520416723,
                "-4.0": 0.0005067943926820407,
                "-4.5": 0.0005067943926796066,
                "-5.0": 0.000631977868723686,
                "-5.5": 0.0006319766631190777,
                "-6.0": 0.0005673656304680286,
                "-6.5": 0.0005673656304679256,
                "-7.0": 0.00023522454074560855,
                "-7.5": 0.0002352245407456243,
                "-8.0": 2.7661598353778083e-05,
                "-8.5": 0.0,
                "-9.0": 0.0
            },
            "Qs_in": 0.0,
            "Qs_out_bed": 0.0,
            "Qs_out_wall": 0.0,
            "D50": 0.0887980433181177,
            "D84": 0.2554611261472396
        },
        "deposit_downstream": {
            "flow_scale": 0.83,
            "elevation": 1744.979214891833,
            "length": 47,
            "width": 1.2230193749619453,
            "bankfull_width": 6,
            "lwd_factor": 1,
            "gsd_bed": {
                "1.0": 0.001,
                "0.0": 0.001,
                "-1.0": 0.001042365779024282,
                "-2.0": 0.0013472698545835377,
                "-2.5": 0.007440002867152092,
                "-3.0": 0.06824545542468956,
                "-3.5": 0.06824545542534907,
                "-4.0": 0.06824618351962713,
                "-4.5": 0.06824618354874495,
                "-5.0": 0.06824671445718633,
                "-5.5": 0.06839542353241602,
                "-6.0": 0.09515993001335993,
                "-6.5": 0.08524944142749738,
                "-7.0": 0.09987147502485388,
                "-7.5": 0.09987147502485388,
                "-8.0": 0.09987147502485388,
                "-8.5": 0.04926057453790522,
                "-9.0": 0.049260574537903
            },
            "gsd_wall": {
                "1.0": 0.491400183471694,
                "0.0": 0.4914001834718457,
                "-1.0": 0.009400724836882661,
                "-2.0": 0.0012975798775703641,
                "-2.5": 0.0013439535264235256,
                "-3.0": 0.00038164529860632745,
                "-3.5": 0.00038164529861630156,
                "-4.0": 0.0005697457157913858,
                "-4.5": 0.0005697536777276664,
                "-5.0": 0.0007060396067623382,
                "-5.5": 0.0007060396055699851,
                "-6.0": 0.0006349995934311196,
                "-6.5": 0.0006347662652225786,
                "-7.0": 0.00027140643089562693,
                "-7.5": 0.00026883436890980865,
                "-8.0": 3.249895405081921e-05,
                "-8.5": 0.0,
                "-9.0": 0.0
            },
            "Qs_in": 0.0,
            "Qs_out_bed": 3.16756585242774e-07,
            "Qs_out_wall": 0.0,
            "D50": 0.06442633019927403,
            "D84": 0.2554741945658233
        },
        "downstream": {
            "flow_scale": 0.835,
            "elevation": 1741.5290541443785,
            "length": 65,
            "bankfull_width": 6.5,
            "lwd_factor": null,
            "gsd": {
                "1.0": 0.19896203085349287,
                "0.0": 0.008244893919341172,
                "-1.0": 0.007361352240440208,
                "-2.0": 0.002801030025704818,
                "-2.5": 0.010440019782583415,
                "-3.0": 0.005806500197471577,
                "-3.5": 0.0058065197632476626,
                "-4.0": 0.07642623379111853,
                "-4.5": 0.07642642296776483,
                "-5.0": 0.07642664055846513,
                "-5.5": 0.0779492674356921,
                "-6.0": 0.07360487712837241,
                "-6.5": 0.07360478216612812,
                "-7.0": 0.07360458850297644,
                "-7.5": 0.07360426847274953,
                "-8.0": 0.07360401648633154,
                "-8.5": 0.04266328180287056,
                "-9.0": 0.0426632739052489
            },
            "Qs_in": 3.16756585242774e-07,
            "Qs_out": 0.0,
            "D50": 0.04514724512346322,
            "D84": 0.18242158563607874
        }
    }
}