{
    "timestep": "2012-06-02 12:00",
    "deposit_mass": 2401711,
    "reaches": {
        "upstream": {
            "flow_scale": 0.78,
            "elevation": 1746.2062489138611,
            "length": 50,
            "bankfull_width": 6,
            "lwd_factor": null,
            "gsd": {
                "1.0": 0.7861005121015168,
                "0.0": 0.17144936488601836,
                "-1.0": 0.0274501230124643,
                "-2.0": 0.001,
                "-2.5": 0.001,
                "-3.0": 0.001,
                "-3.5": 0.001,
                "-4.0": 0.001,
                "-4.5": 0.001,
                "-5.0": 0.001,
                "-5.5": 0.001,
                "-6.0": 0.001,
                "-6.5": 0.001,
                "-7.0": 0.001,
                "-7.5": 0.001,
                "-8.0": 0.001,
                "-8.5": 0.001,
                "-9.0": 0.001
            },
            "Qs_in": 0.4970156657611725,
            "Qs_out": 0.0,
            "D50": 0.0007071067811865476,
            "D84": 0.0010439457481203856
        },
        "deposit_upstream": {
            "flow_scale": 0.79,
            "elevation": 1746.0285304087497,
            "length": 55,
            "width": 1.8260281691398073,
            "bankfull_width": 6,
            "lwd_factor": null,
            "gsd_bed": {
                "1.0": 0.001,
                "0.0": 0.001,
                "-1.0": 0.001,
                "-2.0": 0.0018307842213403887,
                "-2.5": 0.002546334338703849,
                "-3.0": 0.0026117940354076353,
                "-3.5": 0.002648979331286,
                "-4.0": 0.0026387966433720537,
                "-4.5": 0.003554451901327793,
                "-5.0": 0.14977518291368228,
                "-5.5": 0.14977518291368228,
                "-6.0": 0.14977518291368228,
                "-6.5": 0.14977518291368228,
                "-7.0": 0.09977518291368227,
                "-7.5": 0.09977518291368227,
                "-8.0": 0.09977518291368227,
                "-8.5": 0.041348367881037795,
                "-9.0": 0.04139421125174863
            },
            "gsd_wall": {
                "1.0": 0.08058863789224793,
                "0.0": 0.8842457569676431,
                "-1.0": 0.0161809452964245,
                "-2.0": 0.0025434755940689432,
                "-2.5": 0.0026903250022055057,
                "-3.0": 0.0009726560011489517,
                "-3.5": 0.0010756897660145434,
                "-4.0": 0.0015353945718394404,
                "-4.5": 0.0015355402534686635,
                "-5.0": 0.0018432148323169703,
                "-5.5": 0.0018459471884042752,
                "-6.0": 0.001682726956541826,
                "-6.5": 0.001679742759856005,
                "-7.0": 0.0007779017185126534,
                "-7.5": 0.000719706090230312,
                "-8.0": 8.233910907623632e-05,
                "-8.5": 0.0,
                "-9.0": 0.0
            },
            "Qs_in": 0.0,
            "Qs_out_bed": 1.0781684246177451e-05,
            "Qs_out_wall": 0.0006243915399009732,
            "D50": 0.08937444132504754,
            "D84": 0.25465279849193084
        },
        "deposit_downstream": {
            "flow_scale": 0.83,
            "elevation": 1744.1266965751659,
            "length": 47,
            "width": 6.740331027224469,
            "bankfull_width": 6,
            "lwd_factor": 1,
            "gsd_bed": {
                "1.0": 0.0009467391469740304,
                "0.0": 0.004837037431558868,
                "-1.0": 0.01585510036693755,
                "-2.0": 0.0009467391469740304,
                "-2.5": 0.06381746672469975,
                "-3.0": 0.06382701919264526,
                "-3.5": 0.06384244451461364,
                "-4.0": 0.06451894095090237,
                "-4.5": 0.06450323366144485,
                "-5.0": 0.06480865041392964,
                "-5.5": 0.06522655580801007,
                "-6.0": 0.06591320159140464,
                "-6.5": 0.06663879295592148,
                "-7.0": 0.09933977089202559,
                "-7.5": 0.09933977089202622,
                "-8.0": 0.09933977089202646,
                "-8.5": 0.04814938270896277,
                "-9.0": 0.048149382708942624
            },
            "gsd_wall": {
                "1.0": 0.006528216131531735,
                "0.0": 0.06707272240438994,
                "-1.0": 0.008804304055700865,
                "-2.0": 0.015155126367660825,
                "-2.5": 0.02031529483141777,
                "-3.0": 0.01997174662920762,
                "-3.5": 0.020609767756694684,
                "-4.0": 0.022056461734291093,
                "-4.5": 0.02300459781001625,
                "-5.0": 0.024639742536134684,
                "-5.5": 0.031863398916539915,
                "-6.0": 0.042505869867360054,
                "-6.5": 0.053231994603467205,
                "-7.0": 0.3000851976272876,
                "-7.5": 0.3040601711758863,
                "-8.0": 0.03310232016927127,
                "-8.5": 0.0034965336915724066,
                "-9.0": 0.0034965336915699107
            },
            "Qs_in": 0.0006351732241471507,
            "Qs_out_bed": 0.0006248024886651615,
            "Qs_out_wall": 0.0,
            "D50": 0.06389022162471968,
            "D84": 0.2553489670114946
        },
        "downstream": {
            "flow_scale": 0.835,
            "elevation": 1742.588487127929,
            "length": 65,
            "bankfull_width": 6.5,
            "lwd_factor": null,
            "gsd": {
                "1.0": 0.001,
                "0.0": 0.001,
                "-1.0": 0.0010072325226196804,
                "-2.0": 0.001060347117489541,
                "-2.5": 0.00141677151749054,
                "-3.0": 0.0014167716512622998,
                "-3.5": 0.0016493931181465694,
                "-4.0": 0.0016419719236012674,
                "-4.5": 0.11085482620497893,
                "-5.0": 0.10901678069742954,
                "-5.5": 0.1096861439163286,
                "-6.0": 0.14394978570542646,
                "-6.5": 0.1498363964229636,
                "-7.0": 0.09980215973165761,
                "-7.5": 0.09766116406127184,
                "-8.0": 0.09765370052757773,
                "-8.5": 0.03567438479010274,
                "-9.0": 0.03567217009165318
            },
            "Qs_in": 0.0006248024886651615,
            "Qs_out": 0.0006299614091638036,
            "D50": 0.08884211379620033,
            "D84": 0.2540312293150963
        }
    }
}