{
    "timestep": "2018-07-11 08:00",
    "deposit_mass": 2401711,
    "reaches": {
        "upstream": {
            "flow_scale": 0.78,
            "elevation": 1746.8084269261863,
            "length": 50,
            "bankfull_width": 6,
            "lwd_factor": null,
            "gsd": {
                "1.0": 0.19254835036495804,
                "0.0": 0.004951213833797278,
                "-1.0": 0.004951217270116244,
                "-2.0": 0.024067857834427657,
                "-2.5": 0.024067971327878437,
                "-3.0": 0.024068199813973238,
                "-3.5": 0.024068455182022466,
                "-4.0": 0.024068701587717272,
                "-4.5": 0.07562782039574949,
                "-5.0": 0.07566610806483917,
                "-5.5": 0.07569119308881314,
                "-6.0": 0.07568947674509244,
                "-6.5": 0.07565739431936545,
                "-7.0": 0.07562900863409631,
                "-7.5": 0.07556563594139722,
                "-8.0": 0.07553012082819395,
                "-8.5": 0.036075657544261924,
                "-9.0": 0.03607561722330029
            },
            "Qs_in": 0.0,
            "Qs_out": 0.0,
            "D50": 0.04509149663238752,
            "D84": 0.1820224540802494
        },
        "deposit_upstream": {
            "flow_scale": 0.79,
            "elevation": 1745.8726937070112,
            "length": 55,
            "width": 2.877548111455731,
            "bankfull_width": 6,
            "lwd_factor": null,
            "gsd_bed": {
                "1.0": 0.001057605710578181,
                "0.0": 0.0010546586107799969,
                "-1.0": 0.0011072484410425529,
                "-2.0": 0.0011072484410419641,
                "-2.5": 0.001166427041894385,
                "-3.0": 0.012114669546332363,
                "-3.5": 0.0646825131754024,
                "-4.0": 0.06468251317521559,
                "-4.5": 0.06468643645558936,
                "-5.0": 0.06469112374510419,
                "-5.5": 0.11319402298548879,
                "-6.0": 0.11319810491021398,
                "-6.5": 0.11320119713987258,
                "-7.0": 0.09655737504465847,
                "-7.5": 0.09655721113919662,
                "-8.0": 0.0965453486910119,
                "-8.5": 0.047198147873295744,
                "-9.0": 0.04719814787328099
            },
            "gsd_wall": {
                "1.0": 1.518802460479875e-10,
                "0.0": 1.7941330202026438e-09,
                "-1.0": 5.607720720274103e-08,
                "-2.0": 4.338556167299667e-06,
                "-2.5": 9.758853126699551e-05,
                "-3.0": 8.434223887488206e-05,
                "-3.5": 5.581106294903561e-05,
                "-4.0": 0.01877235268198715,
                "-4.5": 0.07554207314670609,
                "-5.0": 0.12070448316670694,
                "-5.5": 0.12884257564536458,
                "-6.0": 0.1685061272163383,
                "-6.5": 0.2005710051956711,
                "-7.0": 0.13682694994285038,
                "-7.5": 0.1348526718622941,
                "-8.0": 0.015139622729602752,
                "-8.5": 0.0,
                "-9.0": 0.0
            },
            "Qs_in": 0.0,
            "Qs_out_bed": 0.0,
            "Qs_out_wall": 0.0,
            "D50": 0.06536144526208013,
            "D84": 0.25516625798594983
        },
        "deposit_downstream": {
            "flow_scale": 0.83,
            "elevation": 1744.0278300444954,
            "length": 47,
            "width": 7.428532039155103,
            "bankfull_width": 6,
            "lwd_factor": 1,
            "gsd_bed": {
                "1.0": 0.0009500050045072056,
                "0.0": 0.0009509058152145398,
                "-1.0": 0.0009509058152146125,
                "-2.0": 0.0028690793387871837,
                "-2.5": 0.08893935506113276,
                "-3.0": 0.14324081083176368,
                "-3.5": 0.09528640597769339,
                "-4.0": 0.09528640597737141,
                "-4.5": 0.09558280618533492,
                "-5.0": 0.0955836956571951,
                "-5.5": 0.05130030167870841,
                "-6.0": 0.0513003016787318,
                "-6.5": 0.05130030167870841,
                "-7.0": 0.051337415837118316,
                "-7.5": 0.05135276285216157,
                "-8.0": 0.05130521097415316,
                "-8.5": 0.03623166481810959,
                "-9.0": 0.036231664818093756
            },
            "gsd_wall": {
                "1.0": 3.416401528433365e-06,
                "0.0": 1.5063052303082099e-06,
                "-1.0": 1.9888626967640215e-06,
                "-2.0": 1.6777850269813825e-05,
                "-2.5": 0.0005665576674531989,
                "-3.0": 0.0005642599525305658,
                "-3.5": 0.0005767858287521984,
                "-4.0": 0.0005478849282659786,
                "-4.5": 0.0005560067751155622,
                "-5.0": 0.0005568241260523562,
                "-5.5": 0.0005847275970288786,
                "-6.0": 0.0005924199858319856,
                "-6.5": 0.0005649617987110767,
                "-7.0": 0.3911035567363755,
                "-7.5": 0.5510325331760456,
                "-8.0": 0.05161320600150396,
                "-8.5": 0.0005582930033066473,
                "-9.0": 0.0005582930033011715
            },
            "Qs_in": 0.0,
            "Qs_out_bed": 0.0,
            "Qs_out_wall": 0.0,
            "D50": 0.022837364211345537,
            "D84": 0.18064205148966253
        },
        "downstream": {
            "flow_scale": 0.835,
            "elevation": 1742.445992536699,
            "length": 65,
            "bankfull_width": 6.5,
            "lwd_factor": null,
            "gsd": {
                "1.0": 0.061689437531125976,
                "0.0": 0.001399152283904531,
                "-1.0": 0.005759149220573659,
                "-2.0": 0.005759149399205524,
                "-2.5": 0.005759152078307965,
                "-3.0": 0.007913991379237416,
                "-3.5": 0.061071255639007026,
                "-4.0": 0.061071839097142346,
                "-4.5": 0.0625202240813886,
                "-5.0": 0.062591754786125,
                "-5.5": 0.09789002445806226,
                "-6.0": 0.09789062875421764,
                "-6.5": 0.09789009947413171,
                "-7.0": 0.09321360741269714,
                "-7.5": 0.09321358007799954,
                "-8.0": 0.09321355855511418,
                "-8.5": 0.04557670107919431,
                "-9.0": 0.04557669469256531
            },
            "Qs_in": 0.0,
            "Qs_out": 0.0,
            "D50": 0.06445684353536534,
            "D84": 0.25490822534935054
        }
    }
}