{
    "timestep": "2015-05-21 16:00",
    "deposit_mass": 2401711,
    "reaches": {
        "upstream": {
            "flow_scale": 0.78,
            "elevation": 1746.5871139689298,
            "length": 50,
            "bankfull_width": 6,
            "lwd_factor": null,
            "gsd": {
                "1.0": 0.07186051758078624,
                "0.0": 0.03953266540556426,
                "-1.0": 0.021623001255945126,
                "-2.0": 0.0009919488207527623,
                "-2.5": 0.006760293798851159,
                "-3.0": 0.0067608052209408714,
                "-3.5": 0.006761376810335821,
                "-4.0": 0.0144692211409051,
                "-4.5": 0.09140620996297764,
                "-5.0": 0.09141359166168109,
                "-5.5": 0.0914184279470316,
                "-6.0": 0.09141809704329741,
                "-6.5": 0.09141191168887164,
                "-7.0": 0.09140643905018267,
                "-7.5": 0.09139422106613287,
                "-8.0": 0.09138737390423829,
                "-8.5": 0.049991948820752766,
                "-9.0": 0.049991948820752766
            },
            "Qs_in": 0.13923931339791656,
            "Qs_out": 0.17052050943754493,
            "D50": 0.0009917497152876983,
            "D84": 0.1283428523545956
        },
        "deposit_upstream": {
            "flow_scale": 0.79,
            "elevation": 1745.9105201129737,
            "length": 55,
            "width": 2.6136165085791663,
            "bankfull_width": 6,
            "lwd_factor": null,
            "gsd_bed": {
                "1.0": 0.45587843806165756,
                "0.0": 0.038268841859170184,
                "-1.0": 0.001,
                "-2.0": 0.001,
                "-2.5": 0.001,
                "-3.0": 0.026408007762315062,
                "-3.5": 0.026459107847462585,
                "-4.0": 0.026595473755774195,
                "-4.5": 0.004774188504785152,
                "-5.0": 0.04662416615632966,
                "-5.5": 0.04662695148846013,
                "-6.0": 0.0466357751866441,
                "-6.5": 0.04664535919371602,
                "-7.0": 0.046519661465809985,
                "-7.5": 0.046505215773771855,
                "-8.0": 0.04636465226540836,
                "-8.5": 0.046347080339347604,
                "-9.0": 0.046347080339347445
            },
            "gsd_wall": {
                "1.0": 0.34916301450730836,
                "0.0": 0.6005498581647546,
                "-1.0": 3.0581216973802964e-07,
                "-2.0": 5.23081709192787e-06,
                "-2.5": 0.001401151160981698,
                "-3.0": 1.052255763261638e-05,
                "-3.5": 0.0013577334292996445,
                "-4.0": 0.004757967053005152,
                "-4.5": 0.005406592111856621,
                "-5.0": 0.006975146260373773,
                "-5.5": 0.007033572218315865,
                "-6.0": 0.007217915829745844,
                "-6.5": 0.007430436241817659,
                "-7.0": 0.0042863385376372175,
                "-7.5": 0.003942934523818912,
                "-8.0": 0.00046128077419043165,
                "-8.5": 0.0,
                "-9.0": 0.0
            },
            "Qs_in": 0.17052050943754493,
            "Qs_out_bed": 1.179120737161475,
            "Qs_out_wall": 0.0005641921232705784,
            "D50": 0.0007071067811865476,
            "D84": 0.011284192084633868
        },
        "deposit_downstream": {
            "flow_scale": 0.83,
            "elevation": 1744.1142609157155,
            "length": 47,
            "width": 6.891846123005626,
            "bankfull_width": 6,
            "lwd_factor": 1,
            "gsd_bed": {
                "1.0": 0.34479306495459466,
                "0.0": 0.15939090195557912,
                "-1.0": 0.001,
                "-2.0": 0.001,
                "-2.5": 0.001,
                "-3.0": 0.001,
                "-3.5": 0.001,
                "-4.0": 0.00522270710834654,
                "-4.5": 0.005222707108346055,
                "-5.0": 0.05130746956850635,
                "-5.5": 0.05130746956850532,
                "-6.0": 0.0513074695685055,
                "-6.5": 0.05130746956850532,
                "-7.0": 0.05846206854089238,
                "-7.5": 0.05848152240792529,
                "-8.0": 0.05839455763221382,
                "-8.5": 0.049901296009039815,
                "-9.0": 0.049901296009039815
            },
            "gsd_wall": {
                "1.0": 2.378079343364998e-06,
                "0.0": 2.3901123808655053e-05,
                "-1.0": 4.732733990300784e-06,
                "-2.0": 0.00010496271389422184,
                "-2.5": 0.00033792534550143946,
                "-3.0": 0.00029837339029454153,
                "-3.5": 0.0005104597418692398,
                "-4.0": 9.168250062001953e-06,
                "-4.5": 0.00014612262091932054,
                "-5.0": 0.0001614435440227565,
                "-5.5": 0.0006183941190110301,
                "-6.0": 0.00038094850025960196,
                "-6.5": 0.001348524029452643,
                "-7.0": 0.42067970096727497,
                "-7.5": 0.5292919114781877,
                "-8.0": 0.04549447580699746,
                "-8.5": 0.00029328877756170643,
                "-9.0": 0.00029328877754903905
            },
            "Qs_in": 1.1796849292847456,
            "Qs_out_bed": 3.044433438682363,
            "Qs_out_wall": 0.0,
            "D50": 0.0007071067811865476,
            "D84": 0.0009913690840053526
        },
        "downstream": {
            "flow_scale": 0.835,
            "elevation": 1742.4900411604783,
            "length": 65,
            "bankfull_width": 6.5,
            "lwd_factor": null,
            "gsd": {
                "1.0": 0.8498435180542617,
                "0.0": 0.000987053402394993,
                "-1.0": 0.019291004676608343,
                "-2.0": 0.000987053402394993,
                "-2.5": 0.010616029905363865,
                "-3.0": 0.009571604312005075,
                "-3.5": 0.009571635410640362,
                "-4.0": 0.010029119086784706,
                "-4.5": 0.009515269384213888,
                "-5.0": 0.008821859617944456,
                "-5.5": 0.008821859617944365,
                "-6.0": 0.008917347519860676,
                "-6.5": 0.008917347519860648,
                "-7.0": 0.00882185961794437,
                "-7.5": 0.008821859617944376,
                "-8.0": 0.00882185961794438,
                "-8.5": 0.008821859617944376,
                "-9.0": 0.00882185961794436
            },
            "Qs_in": 3.044433438682363,
            "Qs_out": 0.7225362333551846,
            "D50": 0.0007071067811865476,
            "D84": 0.0014142135623730952
        }
    }
}