{
    "timestep": "2010-04-09 08:00",
    "deposit_mass": "",
    "reaches": {
        "upstream": {
            "flow_scale": 0.92,
            "elevation": 1393.92,
            "length": 192,
            "bankfull_width": 12,
            "lwd_factor": null,
            "gsd": {
                "1.0": 0.00500050005000893,
                "0.0": 0.0050005000500133795,
                "-1.0": 0.005000500050015061,
                "-2.0": 0.005000500050011696,
                "-2.5": 0.008500850084247403,
                "-3.0": 0.019501950193787556,
                "-3.5": 0.0414041404144763,
                "-4.0": 0.07530753075364505,
                "-4.5": 0.12591259125887466,
                "-5.0": 0.16851685168569927,
                "-5.5": 0.20802080208044277,
                "-6.0": 0.17341734173443188,
                "-6.5": 0.10451045104522251,
                "-7.0": 0.041404140414091774,
                "-7.5": 0.01140114011402684,
                "-8.0": 0.001800180018004312,
                "-8.5": 0.00030003000300070495,
                "-9.0": 0.0
            },
            "Qs_in": 0.0,
            "Qs_out": 0.0,
            "D50": 0.04415561578062671,
            "D84": 0.06623342367094005
        },
        "deposit_upstream": {
            "flow_scale": 0.93,
            "elevation": 1393.1799999993066,
            "length": 240,
            "width": 6.0,
            "bankfull_width": 12,
            "lwd_factor": null,
            "gsd_bed": {
                "1.0": 0.003001795524879178,
                "0.0": 0.0030017955248818028,
                "-1.0": 0.005603362079867543,
                "-2.0": 0.011707024345429638,
                "-2.5": 0.019611767277740992,
                "-3.0": 0.024714829172090277,
                "-3.5": 0.04762857767927855,
                "-4.0": 0.05973584217320525,
                "-4.5": 0.08565139179191827,
                "-5.0": 0.09275565442934135,
                "-5.5": 0.09165499402060956,
                "-6.0": 0.11777066371429709,
                "-6.5": 0.11066640107728636,
                "-7.0": 0.09975985702899046,
                "-7.5": 0.07564538807816133,
                "-8.0": 0.04772863771598502,
                "-8.5": 0.045627376936033956,
                "-9.0": 0.05773464143000335
            },
            "gsd_wall": {
                "1.0": 0.003001800899612973,
                "0.0": 0.0030018008996156404,
                "-1.0": 0.005603362019270585,
                "-2.0": 0.011707024218825308,
                "-2.5": 0.01961176706565164,
                "-3.0": 0.0247148289048145,
                "-3.5": 0.04762857716420403,
                "-4.0": 0.059735841527198325,
                "-4.5": 0.08565139086565034,
                "-5.0": 0.09275565342624535,
                "-5.5": 0.09165499302941699,
                "-6.0": 0.11777066244067855,
                "-6.5": 0.11066639988049645,
                "-7.0": 0.0997598559501479,
                "-7.5": 0.0756453872601027,
                "-8.0": 0.04772863719982865,
                "-8.5": 0.04562737644260166,
                "-9.0": 0.057734640805638324
            },
            "Qs_in": 0.0,
            "Qs_out_bed": 0.0,
            "Qs_out_wall": 0.0,
            "D50": 0.06367364778639019,
            "D84": 0.18265499911521477
        },
        "deposit_downstream": {
            "flow_scale": 0.93,
            "elevation": 1375.7400000007228,
            "length": 230,
            "width": 6.0,
            "bankfull_width": 12,
            "lwd_factor": null,
            "gsd_bed": {
                "1.0": 0.03272097960543068,
                "0.0": 0.03272097960545951,
                "-1.0": 0.005268295780588819,
                "-2.0": 0.011006975113008514,
                "-2.5": 0.01843903523037293,
                "-3.0": 0.023236947459296785,
                "-3.5": 0.044780514135385426,
                "-4.0": 0.056163796089803236,
                "-4.5": 0.08052966407439263,
                "-5.0": 0.0872091105109178,
                "-5.5": 0.08617426669669902,
                "-6.0": 0.11072828810267492,
                "-6.5": 0.10404884166653748,
                "-7.0": 0.09379448023647975,
                "-7.5": 0.0711219930379022,
                "-8.0": 0.04487459084534522,
                "-8.5": 0.04289897992762363,
                "-9.0": 0.05428226188208164
            },
            "gsd_wall": {
                "1.0": 0.0030018010806549273,
                "0.0": 0.003001801080657603,
                "-1.0": 0.00560336201722945,
                "-2.0": 0.011707024214560746,
                "-2.5": 0.019611767058507635,
                "-3.0": 0.024714828895811607,
                "-3.5": 0.04762857714685439,
                "-4.0": 0.05973584150543831,
                "-4.5": 0.08565139083445004,
                "-5.0": 0.09275565339245702,
                "-5.5": 0.09165499299602964,
                "-6.0": 0.11777066239777828,
                "-6.5": 0.11066639984018396,
                "-7.0": 0.09975985591380827,
                "-7.5": 0.07564538723254745,
                "-8.0": 0.04772863718244254,
                "-8.5": 0.04562737642598102,
                "-9.0": 0.05773464078460726
            },
            "Qs_in": 0.0,
            "Qs_out_bed": 0.0,
            "Qs_out_wall": 0.0,
            "D50": 0.06306984622908267,
            "D84": 0.18217529276212957
        },
        "downstream": {
            "flow_scale": 0.94,
            "elevation": 1367.45,
            "length": 200,
            "bankfull_width": 12,
            "lwd_factor": null,
            "gsd": {
                "1.0": 0.005001500450234462,
                "0.0": 0.005001500450238918,
                "-1.0": 0.01700510153081808,
                "-2.0": 0.0477143142952633,
                "-2.5": 0.11333400019207689,
                "-3.0": 0.21246373911237118,
                "-3.5": 0.2705811743603136,
                "-4.0": 0.21616484946059875,
                "-4.5": 0.0873261978608519,
                "-5.0": 0.01540462138675866,
                "-5.5": 0.0050015004502362214,
                "-6.0": 0.005001500450238004,
                "-6.5": 0.0,
                "-7.0": 0.0,
                "-7.5": 0.0,
                "-8.0": 0.0,
                "-8.5": 0.0,
                "-9.0": 0.0
            },
            "Qs_in": 0.0,
            "Qs_out": 0.0,
            "D50": 0.011112393997907685,
            "D84": 0.016668590996861524
        }
    }
}