{
    "timestep": "2015-04-16 00:00",
    "deposit_mass": "",
    "reaches": {
        "upstream": {
            "flow_scale": 0.92,
            "elevation": 1393.9728012944506,
            "length": 192,
            "bankfull_width": 12,
            "lwd_factor": null,
            "gsd": {
                "1.0": 0.9497534082071037,
                "0.0": 0.0029556818702104045,
                "-1.0": 0.00295568187021197,
                "-2.0": 0.0029556818702088368,
                "-2.5": 0.002955681869787916,
                "-3.0": 0.002955681869910034,
                "-3.5": 0.002955681870251312,
                "-4.0": 0.002955681870237691,
                "-4.5": 0.0029556818701934095,
                "-5.0": 0.002955681870217223,
                "-5.5": 0.0029556818702078827,
                "-6.0": 0.0029556818702095606,
                "-6.5": 0.0029556818702078827,
                "-7.0": 0.0029556818702082713,
                "-7.5": 0.0029556818702088966,
                "-8.0": 0.0029556818702091234,
                "-8.5": 0.0029556818702088966,
                "-9.0": 0.002955681870207147
            },
            "Qs_in": 0.0,
            "Qs_out": 0.0,
            "D50": 0.0007071067811865476,
            "D84": 0.0014142135623730952
        },
        "deposit_upstream": {
            "flow_scale": 0.93,
            "elevation": 1392.8548042716775,
            "length": 240,
            "width": 6.0,
            "bankfull_width": 12,
            "lwd_factor": null,
            "gsd_bed": {
                "1.0": 0.0031415950488342835,
                "0.0": 0.003141595049042766,
                "-1.0": 0.005864321806154342,
                "-2.0": 0.012252243493072896,
                "-2.5": 0.02052512569543854,
                "-3.0": 0.02586584727650478,
                "-3.5": 0.04555585641222993,
                "-4.0": 0.0640349123328523,
                "-4.5": 0.08964034561767949,
                "-5.0": 0.09707546777996356,
                "-5.5": 0.02817140297434353,
                "-6.0": 0.14720947565152917,
                "-6.5": 0.11582035312668035,
                "-7.0": 0.10440586986258493,
                "-7.5": 0.07916834264486312,
                "-8.0": 0.04995145428799199,
                "-8.5": 0.0477523336587837,
                "-9.0": 0.060423457281450196
            },
            "gsd_wall": {
                "1.0": 0.0011136784919490578,
                "0.0": 0.0011136784920231578,
                "-1.0": 0.002078867654878047,
                "-2.0": 0.004343379736130953,
                "-2.5": 0.007276359195915517,
                "-3.0": 0.009170883150236852,
                "-3.5": 0.017683694383268573,
                "-4.0": 0.022226114001667904,
                "-4.5": 0.03209834265702901,
                "-5.0": 0.0354579844513988,
                "-5.5": 0.036896042214742804,
                "-6.0": 0.0543151373099886,
                "-6.5": 0.06898625015880132,
                "-7.0": 0.09833196840022956,
                "-7.5": 0.12811041723264543,
                "-8.0": 0.12730162901603437,
                "-8.5": 0.1560445125817999,
                "-9.0": 0.1974510608712601
            },
            "Qs_in": 0.0,
            "Qs_out_bed": 0.0,
            "Qs_out_wall": 0.0,
            "D50": 0.06339489659903744,
            "D84": 0.18303458026286296
        },
        "deposit_downstream": {
            "flow_scale": 0.93,
            "elevation": 1375.7930438858098,
            "length": 230,
            "width": 6.000444135682999,
            "bankfull_width": 12,
            "lwd_factor": null,
            "gsd_bed": {
                "1.0": 2.390156674089818e-05,
                "0.0": 8.428915963562201e-06,
                "-1.0": 1.0060180180199332e-05,
                "-2.0": 1.0060812498163295e-05,
                "-2.5": 0.0010360734661900683,
                "-3.0": 0.001044129663837393,
                "-3.5": 0.0010361650891550945,
                "-4.0": 0.0009450892766994876,
                "-4.5": 0.0009446921354358111,
                "-5.0": 0.002365686815881929,
                "-5.5": 0.0032745067898461272,
                "-6.0": 0.003603839769495334,
                "-6.5": 0.01099022600329004,
                "-7.0": 0.174722436991344,
                "-7.5": 0.19999617476962644,
                "-8.0": 0.19999617589606292,
                "-8.5": 0.19999617587843682,
                "-9.0": 0.1999961759793158
            },
            "gsd_wall": {
                "1.0": 3.7266449784983885e-17,
                "0.0": 3.726692998778385e-15,
                "-1.0": 6.95640396049929e-13,
                "-2.0": 1.4533915416740742e-10,
                "-2.5": 2.434741369540401e-09,
                "-3.0": 3.068271017650686e-08,
                "-3.5": 5.92854975031402e-07,
                "-4.0": 7.45532672106784e-06,
                "-4.5": 0.0001073003642814328,
                "-5.0": 0.011701471987917243,
                "-5.5": 0.11582605936202159,
                "-6.0": 0.14911022203425536,
                "-6.5": 0.14103903865120987,
                "-7.0": 0.132845735246064,
                "-7.5": 0.1172072350856743,
                "-8.0": 0.1049257392248806,
                "-8.5": 0.10030636705743376,
                "-9.0": 0.12692274954107563
            },
            "Qs_in": 0.0,
            "Qs_out_bed": 0.0,
            "Qs_out_wall": 0.0,
            "D50": 0.25690601601125534,
            "D84": 0.5064670459850502
        },
        "downstream": {
            "flow_scale": 0.94,
            "elevation": 1367.6228659439182,
            "length": 200,
            "bankfull_width": 12,
            "lwd_factor": null,
            "gsd": {
                "1.0": 0.9710789833822688,
                "0.0": 0.0009999911142730394,
                "-1.0": 0.000999991114274687,
                "-2.0": 0.0009999911142713855,
                "-2.5": 0.0030738908408038243,
                "-3.0": 0.004478586924365779,
                "-3.5": 0.00497969624750113,
                "-4.0": 0.0012349462769384828,
                "-4.5": 0.0012348917794994714,
                "-5.0": 0.00121322568954533,
                "-5.5": 0.001213225689531435,
                "-6.0": 0.0012132256895338994,
                "-6.5": 0.001213225689531435,
                "-7.0": 0.001213225689531993,
                "-7.5": 0.0012132256895329397,
                "-8.0": 0.0012132256895332767,
                "-8.5": 0.0012132256895329397,
                "-9.0": 0.0012132256895303099
            },
            "Qs_in": 0.0,
            "Qs_out": 0.0,
            "D50": 0.0007071067811865476,
            "D84": 0.0014142135623730952
        }
    }
}