{
    "timestep": "2010-04-21 20:00",
    "deposit_mass": "",
    "reaches": {
        "upstream": {
            "flow_scale": 0.92,
            "elevation": 1393.92,
            "length": 192,
            "bankfull_width": 12,
            "lwd_factor": null,
            "gsd": {
                "1.0": 0.005000500050014793,
                "0.0": 0.0050005000500258825,
                "-1.0": 0.005000500050030085,
                "-2.0": 0.005000500050021726,
                "-2.5": 0.008500850083111428,
                "-3.0": 0.019501950191948707,
                "-3.5": 0.04140414041512544,
                "-4.0": 0.07530753075449503,
                "-4.5": 0.1259125912585,
                "-5.0": 0.16851685168649064,
                "-5.5": 0.20802080208079327,
                "-6.0": 0.17341734173481752,
                "-6.5": 0.10451045104539923,
                "-7.0": 0.04140414041416698,
                "-7.5": 0.011401140114049824,
                "-8.0": 0.0018001800180080599,
                "-8.5": 0.00030003000300130847,
                "-9.0": 0.0
            },
            "Qs_in": 0.0,
            "Qs_out": 0.0,
            "D50": 0.04415561578064136,
            "D84": 0.06623342367096204
        },
        "deposit_upstream": {
            "flow_scale": 0.93,
            "elevation": 1393.163653410267,
            "length": 240,
            "width": 6.0,
            "bankfull_width": 12,
            "lwd_factor": null,
            "gsd_bed": {
                "1.0": 0.003141595048308377,
                "0.0": 0.0031415950483152724,
                "-1.0": 0.0058643218046545605,
                "-2.0": 0.012252243490534633,
                "-2.5": 0.020525125825730527,
                "-3.0": 0.02586584739151905,
                "-3.5": 0.04555585637265012,
                "-4.0": 0.06403491229081135,
                "-4.5": 0.0896403456205912,
                "-5.0": 0.0970754677471812,
                "-5.5": 0.028171402968920463,
                "-6.0": 0.14720947561935654,
                "-6.5": 0.11582035310439112,
                "-7.0": 0.10440586984186459,
                "-7.5": 0.07916834262836168,
                "-8.0": 0.04995145427742456,
                "-8.5": 0.047752333648853514,
                "-9.0": 0.0604234572705311
            },
            "gsd_wall": {
                "1.0": 0.0022596758542175114,
                "0.0": 0.002259675854222513,
                "-1.0": 0.004218063900294398,
                "-2.0": 0.00881280404173319,
                "-2.5": 0.01476387791235544,
                "-3.0": 0.018607904760539473,
                "-3.5": 0.03588056828975338,
                "-4.0": 0.04509722822263448,
                "-4.5": 0.06512817693915032,
                "-5.0": 0.07194495706759718,
                "-5.5": 0.07486280493826135,
                "-6.0": 0.11020649602097611,
                "-6.5": 0.1338460340935324,
                "-7.0": 0.12591952096487752,
                "-7.5": 0.0954816026574402,
                "-8.0": 0.0602443445338649,
                "-8.5": 0.057592077793376606,
                "-9.0": 0.07287418615517313
            },
            "Qs_in": 0.0,
            "Qs_out_bed": 3703.666833711072,
            "Qs_out_wall": 0.0,
            "D50": 0.06339489659709359,
            "D84": 0.18303458026115707
        },
        "deposit_downstream": {
            "flow_scale": 0.93,
            "elevation": 1375.7570470375642,
            "length": 230,
            "width": 6.0,
            "bankfull_width": 12,
            "lwd_factor": null,
            "gsd_bed": {
                "1.0": 1.0888603740095423e-07,
                "0.0": 1.0888643347783361e-06,
                "-1.0": 1.9753280441177503e-06,
                "-2.0": 4.3059393612462396e-05,
                "-2.5": 0.004250973180687895,
                "-3.0": 0.004848892938648039,
                "-3.5": 0.028763092089586183,
                "-4.0": 0.06416955052939292,
                "-4.5": 0.07060573997141294,
                "-5.0": 0.08483922486624722,
                "-5.5": 0.1144963070331362,
                "-6.0": 0.15778194860005007,
                "-6.5": 0.2,
                "-7.0": 0.055117789116858974,
                "-7.5": 0.05436331254834577,
                "-8.0": 0.05348987286944297,
                "-8.5": 0.053424130097912255,
                "-9.0": 0.053802933686250116
            },
            "gsd_wall": {
                "1.0": 0.0030017993264247786,
                "0.0": 0.0030017993768039226,
                "-1.0": 0.005603358742676818,
                "-2.0": 0.011707017373072856,
                "-2.5": 0.019611755594893625,
                "-3.0": 0.02471481445029078,
                "-3.5": 0.04762857009651468,
                "-4.0": 0.059735844647859644,
                "-4.5": 0.08565139533894468,
                "-5.0": 0.0927556582712834,
                "-5.5": 0.0916549978166877,
                "-6.0": 0.1177706685920697,
                "-6.5": 0.11066640566075947,
                "-7.0": 0.09975986116075793,
                "-7.5": 0.07564539121119315,
                "-8.0": 0.04772863969278156,
                "-8.5": 0.04562737882579904,
                "-9.0": 0.057734643821186225
            },
            "Qs_in": 3703.666833711072,
            "Qs_out_bed": 0.4298152187947914,
            "Qs_out_wall": 0.0,
            "D50": 0.06457044024863998,
            "D84": 0.18192668310603463
        },
        "downstream": {
            "flow_scale": 0.94,
            "elevation": 1367.450007313746,
            "length": 200,
            "bankfull_width": 12,
            "lwd_factor": null,
            "gsd": {
                "1.0": 0.001,
                "0.0": 0.001,
                "-1.0": 0.001,
                "-2.0": 0.001,
                "-2.5": 0.19987447650759327,
                "-3.0": 0.19987447650759327,
                "-3.5": 0.07765424281271956,
                "-4.0": 0.04714546863263455,
                "-4.5": 0.04714527534443645,
                "-5.0": 0.04714514125610279,
                "-5.5": 0.04714512186084574,
                "-6.0": 0.04714512186084632,
                "-6.5": 0.047145112536204486,
                "-7.0": 0.047145112536204625,
                "-7.5": 0.047145112536204806,
                "-8.0": 0.047145112536204875,
                "-8.5": 0.047145112536204806,
                "-9.0": 0.04714511253620421
            },
            "Qs_in": 0.4298152187947914,
            "Qs_out": 0.0,
            "D50": 0.016225966917518035,
            "D84": 0.18141042369904217
        }
    }
}