{
    "timestep": "2010-06-02 12:00",
    "deposit_mass": "",
    "reaches": {
        "upstream": {
            "flow_scale": 0.92,
            "elevation": 1393.9199994535943,
            "length": 192,
            "bankfull_width": 12,
            "lwd_factor": null,
            "gsd": {
                "1.0": 0.1411538283840837,
                "0.0": 0.14115382838408433,
                "-1.0": 0.0034399449184974533,
                "-2.0": 0.0034399449184795263,
                "-2.5": 0.005972960660091422,
                "-3.0": 0.013940335289064208,
                "-3.5": 0.02980265388264092,
                "-4.0": 0.05435665388418122,
                "-4.5": 0.09100657718479159,
                "-5.0": 0.12186204621658239,
                "-5.5": 0.14577066934426727,
                "-6.0": 0.12541114946006718,
                "-6.5": 0.07550641199453485,
                "-7.0": 0.02980265388056527,
                "-7.5": 0.008073450339836117,
                "-8.0": 0.003102297086078288,
                "-8.5": 0.0031022970860780366,
                "-9.0": 0.0031022970860759705
            },
            "Qs_in": 0.09178555636544285,
            "Qs_out": 0.11285277327685049,
            "D50": 0.03139208151310435,
            "D84": 0.06452740034758468
        },
        "deposit_upstream": {
            "flow_scale": 0.93,
            "elevation": 1393.1112448248518,
            "length": 240,
            "width": 6.0,
            "bankfull_width": 12,
            "lwd_factor": null,
            "gsd_bed": {
                "1.0": 0.0031415950483446586,
                "0.0": 0.0031415950483654606,
                "-1.0": 0.005864321804758027,
                "-2.0": 0.012252243490709665,
                "-2.5": 0.02052512581674504,
                "-3.0": 0.02586584738358712,
                "-3.5": 0.045555856375379546,
                "-4.0": 0.06403491229371144,
                "-4.5": 0.08964034562039029,
                "-5.0": 0.09707546774944201,
                "-5.5": 0.02817140296929449,
                "-6.0": 0.14720947562157566,
                "-6.5": 0.11582035310592435,
                "-7.0": 0.10440586984329617,
                "-7.5": 0.07916834262949979,
                "-8.0": 0.04995145427815326,
                "-8.5": 0.04775233364953848,
                "-9.0": 0.06042345727128463
            },
            "gsd_wall": {
                "1.0": 0.0016195846077321037,
                "0.0": 0.0016195846077428572,
                "-1.0": 0.0030232262537294584,
                "-2.0": 0.006316428858745318,
                "-2.5": 0.010581760814018494,
                "-3.0": 0.013336902311221525,
                "-3.5": 0.02571679296971479,
                "-4.0": 0.03232267873593636,
                "-4.5": 0.04667952383611807,
                "-5.0": 0.051565336176212735,
                "-5.5": 0.05365665449032054,
                "-6.0": 0.07898864976370727,
                "-6.5": 0.1003243482813277,
                "-7.0": 0.143000824399246,
                "-7.5": 0.14387610950758795,
                "-8.0": 0.09077897385600531,
                "-8.5": 0.08678241525854632,
                "-9.0": 0.10981020527208724
            },
            "Qs_in": 0.11285277327685049,
            "Qs_out_bed": 0.11285277327685049,
            "Qs_out_wall": 0.0,
            "D50": 0.06339489659722765,
            "D84": 0.1830345802612747
        },
        "deposit_downstream": {
            "flow_scale": 0.93,
            "elevation": 1375.7829220262784,
            "length": 230,
            "width": 6.000011952815372,
            "bankfull_width": 12,
            "lwd_factor": null,
            "gsd_bed": {
                "1.0": 0.1548108136768871,
                "0.0": 0.00017218261254116075,
                "-1.0": 1.2511950338444477e-06,
                "-2.0": 2.7274304948244374e-05,
                "-2.5": 0.0006908948159769408,
                "-3.0": 0.0006908948159769521,
                "-3.5": 0.0010514710963302662,
                "-4.0": 0.0011604516033877684,
                "-4.5": 0.0011604975009142783,
                "-5.0": 0.0011660967402708938,
                "-5.5": 0.001177453596677356,
                "-6.0": 0.004851331335990351,
                "-6.5": 0.03114217304323416,
                "-7.0": 0.2,
                "-7.5": 0.15106867767437893,
                "-8.0": 0.15019358311913797,
                "-8.5": 0.15012771578699055,
                "-9.0": 0.15050723708132308
            },
            "gsd_wall": {
                "1.0": 2.9366345362757493e-05,
                "0.0": 0.0029366723765747397,
                "-1.0": 0.005481717801098492,
                "-2.0": 0.011452874691522572,
                "-2.5": 0.01918601229072792,
                "-3.0": 0.024178291003788453,
                "-3.5": 0.04671758119136396,
                "-4.0": 0.05874874060893922,
                "-4.5": 0.08455378963670379,
                "-5.0": 0.09220880163740552,
                "-5.5": 0.09127212494826845,
                "-6.0": 0.11750038714265623,
                "-6.5": 0.11114021170417009,
                "-7.0": 0.10223403258825188,
                "-7.5": 0.07752149311614488,
                "-8.0": 0.04891237065663052,
                "-8.5": 0.046758995847834064,
                "-9.0": 0.05916653641255639
            },
            "Qs_in": 0.11285277327685049,
            "Qs_out_bed": 3703.7917095909215,
            "Qs_out_wall": 5.1545377875747425e-05,
            "D50": 0.0007071067811865476,
            "D84": 0.2552511075951783
        },
        "downstream": {
            "flow_scale": 0.94,
            "elevation": 1367.4666562786638,
            "length": 200,
            "bankfull_width": 12,
            "lwd_factor": null,
            "gsd": {
                "1.0": 0.8181522035753727,
                "0.0": 0.1634011523139815,
                "-1.0": 0.001,
                "-2.0": 0.001,
                "-2.5": 0.001,
                "-3.0": 0.001,
                "-3.5": 0.001,
                "-4.0": 0.001,
                "-4.5": 0.001,
                "-5.0": 0.001,
                "-5.5": 0.001,
                "-6.0": 0.001,
                "-6.5": 0.003446644110645083,
                "-7.0": 0.001,
                "-7.5": 0.001,
                "-8.0": 0.001,
                "-8.5": 0.001,
                "-9.0": 0.001
            },
            "Qs_in": 3703.7917611362996,
            "Qs_out": 0.0006243915399009732,
            "D50": 0.0007071067811865476,
            "D84": 0.001040831128570972
        }
    }
}