{
    "timestep": "2010-05-12 16:00",
    "deposit_mass": "",
    "reaches": {
        "upstream": {
            "flow_scale": 0.92,
            "elevation": 1393.919999983999,
            "length": 192,
            "bankfull_width": 12,
            "lwd_factor": null,
            "gsd": {
                "1.0": 0.09274792325272216,
                "0.0": 0.004509387347563628,
                "-1.0": 0.0045093873475712245,
                "-2.0": 0.004509387347556025,
                "-2.5": 0.007696793705371298,
                "-3.0": 0.01772249552770013,
                "-3.5": 0.037682756440336335,
                "-4.0": 0.06858014660908548,
                "-4.5": 0.11469837499792074,
                "-5.0": 0.15352518388532027,
                "-5.5": 0.18361046763344302,
                "-6.0": 0.1579911783331681,
                "-6.5": 0.0951938278138102,
                "-7.0": 0.03768275643859208,
                "-7.5": 0.010339933280789913,
                "-8.0": 0.003000000013017525,
                "-8.5": 0.0030000000130172106,
                "-9.0": 0.0030000000130146714
            },
            "Qs_in": 0.0,
            "Qs_out": 0.0,
            "D50": 0.03264787331299434,
            "D84": 0.0652581155986721
        },
        "deposit_upstream": {
            "flow_scale": 0.93,
            "elevation": 1393.1112448248518,
            "length": 240,
            "width": 6.0,
            "bankfull_width": 12,
            "lwd_factor": null,
            "gsd_bed": {
                "1.0": 0.003141595048326523,
                "0.0": 0.003141595048340358,
                "-1.0": 0.005864321804706324,
                "-2.0": 0.01225224349062227,
                "-2.5": 0.02052512582123785,
                "-3.0": 0.025865847387553133,
                "-3.5": 0.045555856374014866,
                "-4.0": 0.06403491229226138,
                "-4.5": 0.08964034562049095,
                "-5.0": 0.09707546774831213,
                "-5.5": 0.02817140296910746,
                "-6.0": 0.1472094756204661,
                "-6.5": 0.11582035310515529,
                "-7.0": 0.10440586984258203,
                "-7.5": 0.07916834262893044,
                "-8.0": 0.049951454277788895,
                "-8.5": 0.047752333649196003,
                "-9.0": 0.060423457270908205
            },
            "gsd_wall": {
                "1.0": 0.0016195846077282441,
                "0.0": 0.0016195846077354124,
                "-1.0": 0.0030232262537130254,
                "-2.0": 0.006316428858721609,
                "-2.5": 0.010581760816370625,
                "-3.0": 0.01333690231331163,
                "-3.5": 0.025716792969031566,
                "-4.0": 0.032322678735314025,
                "-4.5": 0.046679523836328625,
                "-5.0": 0.051565336175786965,
                "-5.5": 0.05365665449014604,
                "-6.0": 0.07898864976337897,
                "-6.5": 0.10032434828100154,
                "-7.0": 0.14300082439875042,
                "-7.5": 0.1438761095070419,
                "-8.0": 0.09077897385564825,
                "-8.5": 0.0867824152582164,
                "-9.0": 0.10981020527177467
            },
            "Qs_in": 0.0,
            "Qs_out_bed": 0.0,
            "Qs_out_wall": 0.0,
            "D50": 0.06339489659716056,
            "D84": 0.18303458026121588
        },
        "deposit_downstream": {
            "flow_scale": 0.93,
            "elevation": 1375.8108274934154,
            "length": 230,
            "width": 6.000000000069142,
            "bankfull_width": 12,
            "lwd_factor": null,
            "gsd_bed": {
                "1.0": 9.190723382914593e-06,
                "0.0": 4.0936055140822556e-07,
                "-1.0": 7.426279148193829e-07,
                "-2.0": 1.6188251762526298e-05,
                "-2.5": 0.00023902689523941714,
                "-3.0": 0.0002390282116385007,
                "-3.5": 0.01675359830496861,
                "-4.0": 0.03485698186112201,
                "-4.5": 0.06405383177477392,
                "-5.0": 0.06890176435639171,
                "-5.5": 0.0719654501445925,
                "-6.0": 0.10482310893264056,
                "-6.5": 0.14682757729585655,
                "-7.0": 0.18401149249849202,
                "-7.5": 0.07704843597402466,
                "-8.0": 0.07672006433450074,
                "-8.5": 0.07669534818958082,
                "-9.0": 0.07683776026256639
            },
            "gsd_wall": {
                "1.0": 0.00030067411140713386,
                "0.0": 0.00300676981447628,
                "-1.0": 0.005612583412967614,
                "-2.0": 0.011726290344910385,
                "-2.5": 0.01964404193643036,
                "-3.0": 0.024755501831302085,
                "-3.5": 0.04773116799462055,
                "-4.0": 0.0598848220824674,
                "-4.5": 0.08588688389462694,
                "-5.0": 0.09301060566368266,
                "-5.5": 0.09190702773528706,
                "-6.0": 0.11810315081263624,
                "-6.5": 0.11098743677813913,
                "-7.0": 0.10004925358756538,
                "-7.5": 0.07586483020286083,
                "-8.0": 0.04786709524705339,
                "-8.5": 0.04575973885251969,
                "-9.0": 0.05790212569704686
            },
            "Qs_in": 0.0,
            "Qs_out_bed": 0.0,
            "Qs_out_wall": 0.0,
            "D50": 0.0920572685231559,
            "D84": 0.2577818475061002
        },
        "downstream": {
            "flow_scale": 0.94,
            "elevation": 1367.4505556502927,
            "length": 200,
            "bankfull_width": 12,
            "lwd_factor": null,
            "gsd": {
                "1.0": 0.9465331558822797,
                "0.0": 0.0009977609600871067,
                "-1.0": 0.000997760960087827,
                "-2.0": 0.0009977609600863872,
                "-2.5": 0.0021199874226329194,
                "-3.0": 0.006493572417463497,
                "-3.5": 0.010974369314308865,
                "-4.0": 0.016036847957364764,
                "-4.5": 0.0021436805519381152,
                "-5.0": 0.0023655800754920583,
                "-5.5": 0.0023146394298745156,
                "-6.0": 0.002038318307867388,
                "-6.5": 0.0009977609600859568,
                "-7.0": 0.0009977609600861307,
                "-7.5": 0.0009977609600864143,
                "-8.0": 0.0009977609600865182,
                "-8.5": 0.0009977609600864143,
                "-9.0": 0.000997760960085607
            },
            "Qs_in": 0.0,
            "Qs_out": 0.0,
            "D50": 0.0007071067811865476,
            "D84": 0.0014142135623730952
        }
    }
}