{
    "timestep": "2010-04-05 04:00",
    "deposit_mass": "",
    "reaches": {
        "upstream": {
            "flow_scale": 0.92,
            "elevation": 1393.92,
            "length": 192,
            "bankfull_width": 12,
            "lwd_factor": null,
            "gsd": {
                "1.0": 0.00500050005000698,
                "0.0": 0.0050005000500092135,
                "-1.0": 0.005000500050010057,
                "-2.0": 0.005000500050008371,
                "-2.5": 0.00850085008462606,
                "-3.0": 0.019501950194400496,
                "-3.5": 0.04140414041425995,
                "-4.0": 0.07530753075336152,
                "-4.5": 0.12591259125899976,
                "-5.0": 0.1685168516854351,
                "-5.5": 0.20802080208032597,
                "-6.0": 0.1734173417343034,
                "-6.5": 0.10451045104516377,
                "-7.0": 0.041404140414066724,
                "-7.5": 0.011401140114019158,
                "-8.0": 0.001800180018003063,
                "-8.5": 0.0003000300030005034,
                "-9.0": 0.0
            },
            "Qs_in": 0.0,
            "Qs_out": 0.0,
            "D50": 0.04415561578062179,
            "D84": 0.06623342367093268
        },
        "deposit_upstream": {
            "flow_scale": 0.93,
            "elevation": 1393.1799999993066,
            "length": 240,
            "width": 6.0,
            "bankfull_width": 12,
            "lwd_factor": null,
            "gsd_bed": {
                "1.0": 0.0030017955248759286,
                "0.0": 0.0030017955248772157,
                "-1.0": 0.005603362079858037,
                "-2.0": 0.011707024345413715,
                "-2.5": 0.019611767278600964,
                "-3.0": 0.024714829172849943,
                "-3.5": 0.047628577678996586,
                "-4.0": 0.05973584217293886,
                "-4.5": 0.08565139179194338,
                "-5.0": 0.0927556544291314,
                "-5.5": 0.09165499402049453,
                "-6.0": 0.11777066371412795,
                "-6.5": 0.11066640107714709,
                "-7.0": 0.09975985702886084,
                "-7.5": 0.07564538807805805,
                "-8.0": 0.04772863771591868,
                "-8.5": 0.04562737693597151,
                "-9.0": 0.05773464142993539
            },
            "gsd_wall": {
                "1.0": 0.0030018008996097203,
                "0.0": 0.003001800899611059,
                "-1.0": 0.005603362019261072,
                "-2.0": 0.011707024218809373,
                "-2.5": 0.019611767066511628,
                "-3.0": 0.024714828905574113,
                "-3.5": 0.047628577163922194,
                "-4.0": 0.059735841526931975,
                "-4.5": 0.0856513908656757,
                "-5.0": 0.09275565342603545,
                "-5.5": 0.09165499302930134,
                "-6.0": 0.11777066244050954,
                "-6.5": 0.11066639988035715,
                "-7.0": 0.09975985595001842,
                "-7.5": 0.07564538725999934,
                "-8.0": 0.04772863719976243,
                "-8.5": 0.04562737644253923,
                "-9.0": 0.05773464080557031
            },
            "Qs_in": 0.0,
            "Qs_out_bed": 0.0,
            "Qs_out_wall": 0.0,
            "D50": 0.06367364778637666,
            "D84": 0.1826549991152043
        },
        "deposit_downstream": {
            "flow_scale": 0.93,
            "elevation": 1375.7400000007228,
            "length": 230,
            "width": 6.0,
            "bankfull_width": 12,
            "lwd_factor": null,
            "gsd_bed": {
                "1.0": 0.032720979605397715,
                "0.0": 0.03272097960541207,
                "-1.0": 0.005268295780580299,
                "-2.0": 0.011006975112994413,
                "-2.5": 0.018439035231182878,
                "-3.0": 0.023236947460012713,
                "-3.5": 0.04478051413512377,
                "-4.0": 0.056163796089557294,
                "-4.5": 0.08052966407442273,
                "-5.0": 0.08720911051072729,
                "-5.5": 0.08617426669659714,
                "-6.0": 0.11072828810252473,
                "-6.5": 0.10404884166641484,
                "-7.0": 0.09379448023636514,
                "-7.5": 0.07112199303781044,
                "-8.0": 0.04487459084528626,
                "-8.5": 0.042898979927568276,
                "-9.0": 0.05428226188202207
            },
            "gsd_wall": {
                "1.0": 0.003001801080651676,
                "0.0": 0.0030018010806530156,
                "-1.0": 0.005603362017219939,
                "-2.0": 0.011707024214544814,
                "-2.5": 0.019611767059367576,
                "-3.0": 0.02471482889657123,
                "-3.5": 0.04762857714657251,
                "-4.0": 0.059735841505171916,
                "-4.5": 0.08565139083447523,
                "-5.0": 0.092755653392247,
                "-5.5": 0.09165499299591397,
                "-6.0": 0.11777066239760926,
                "-6.5": 0.1106663998400445,
                "-7.0": 0.09975985591367885,
                "-7.5": 0.07564538723244406,
                "-8.0": 0.047728637182376334,
                "-8.5": 0.04562737642591859,
                "-9.0": 0.05773464078453941
            },
            "Qs_in": 0.0,
            "Qs_out_bed": 0.0,
            "Qs_out_wall": 0.0,
            "D50": 0.06306984622907148,
            "D84": 0.18217529276212036
        },
        "downstream": {
            "flow_scale": 0.94,
            "elevation": 1367.45,
            "length": 200,
            "bankfull_width": 12,
            "lwd_factor": null,
            "gsd": {
                "1.0": 0.005001500450184991,
                "0.0": 0.00500150045018724,
                "-1.0": 0.0170051015306395,
                "-2.0": 0.04771431429477817,
                "-2.5": 0.11333400019604864,
                "-3.0": 0.2124637391170305,
                "-3.5": 0.2705811743563297,
                "-4.0": 0.2161648494577318,
                "-4.5": 0.08732619786010859,
                "-5.0": 0.015404621386588132,
                "-5.5": 0.0050015004501858815,
                "-6.0": 0.00500150045018678,
                "-6.5": 0.0,
                "-7.0": 0.0,
                "-7.5": 0.0,
                "-8.0": 0.0,
                "-8.5": 0.0,
                "-9.0": 0.0
            },
            "Qs_in": 0.0,
            "Qs_out": 0.0,
            "D50": 0.011112393997903786,
            "D84": 0.01666859099685568
        }
    }
}