{
    "timestep": "2013-05-21 16:00",
    "deposit_mass": "",
    "reaches": {
        "upstream": {
            "flow_scale": 0.92,
            "elevation": 1393.947494380945,
            "length": 192,
            "bankfull_width": 12,
            "lwd_factor": null,
            "gsd": {
                "1.0": 0.8633225543503413,
                "0.0": 0.08867744564965795,
                "-1.0": 0.003,
                "-2.0": 0.003,
                "-2.5": 0.003,
                "-3.0": 0.003,
                "-3.5": 0.003,
                "-4.0": 0.003,
                "-4.5": 0.003,
                "-5.0": 0.003,
                "-5.5": 0.003,
                "-6.0": 0.003,
                "-6.5": 0.003,
                "-7.0": 0.003,
                "-7.5": 0.003,
                "-8.0": 0.003,
                "-8.5": 0.003,
                "-9.0": 0.003
            },
            "Qs_in": 0.04433179933296901,
            "Qs_out": 0.004995132319207785,
            "D50": 0.0007071067811865476,
            "D84": 0.0014142135623730952
        },
        "deposit_upstream": {
            "flow_scale": 0.93,
            "elevation": 1392.8548042716775,
            "length": 240,
            "width": 6.0,
            "bankfull_width": 12,
            "lwd_factor": null,
            "gsd_bed": {
                "1.0": 0.0031415950486529303,
                "0.0": 0.0031415950487919068,
                "-1.0": 0.005864321805637125,
                "-2.0": 0.012252243492197626,
                "-2.5": 0.020525125740366683,
                "-3.0": 0.025865847316165157,
                "-3.5": 0.045555856398580945,
                "-4.0": 0.0640349123183564,
                "-4.5": 0.08964034561868346,
                "-5.0": 0.09707546776865839,
                "-5.5": 0.02817140297247382,
                "-6.0": 0.14720947564043432,
                "-6.5": 0.11582035311899387,
                "-7.0": 0.10440586985544134,
                "-7.5": 0.07916834263917338,
                "-8.0": 0.04995145428434816,
                "-8.5": 0.04775233365535998,
                "-9.0": 0.06042345727768465
            },
            "gsd_wall": {
                "1.0": 0.0011136784919344787,
                "0.0": 0.0011136784919838698,
                "-1.0": 0.002078867654787162,
                "-2.0": 0.004343379736014077,
                "-2.5": 0.007276359212168006,
                "-3.0": 0.009170883164706463,
                "-3.5": 0.017683694378760266,
                "-4.0": 0.022226113997624516,
                "-4.5": 0.03209834265882041,
                "-5.0": 0.03545798444884892,
                "-5.5": 0.03689604221393465,
                "-6.0": 0.05431513730832216,
                "-6.5": 0.06898625015729629,
                "-7.0": 0.09833196839789334,
                "-7.5": 0.12811041722916203,
                "-8.0": 0.12730162901243716,
                "-8.5": 0.15604451257754037,
                "-9.0": 0.19745106086776587
            },
            "Qs_in": 0.004995132319207785,
            "Qs_out_bed": 0.004995132319207785,
            "Qs_out_wall": 0.0,
            "D50": 0.06339489659836721,
            "D84": 0.1830345802622749
        },
        "deposit_downstream": {
            "flow_scale": 0.93,
            "elevation": 1375.809038288082,
            "length": 230,
            "width": 6.000444135682999,
            "bankfull_width": 12,
            "lwd_factor": null,
            "gsd_bed": {
                "1.0": 0.001448170359582101,
                "0.0": 1.6894711460280105e-05,
                "-1.0": 9.659879481794334e-06,
                "-2.0": 0.0003419163201557479,
                "-2.5": 0.0016587958070672089,
                "-3.0": 0.002105901671783603,
                "-3.5": 0.002984851201086487,
                "-4.0": 0.0012410681205053237,
                "-4.5": 0.0012416450101988654,
                "-5.0": 0.0012407133543265287,
                "-5.5": 0.0015445145215688392,
                "-6.0": 0.0079483364063404,
                "-6.5": 0.03127258203522196,
                "-7.0": 0.14694495060122087,
                "-7.5": 0.2,
                "-8.0": 0.2,
                "-8.5": 0.2,
                "-9.0": 0.2
            },
            "gsd_wall": {
                "1.0": 3.763830859503223e-17,
                "0.0": 3.763879358864836e-15,
                "-1.0": 7.025817604834495e-13,
                "-2.0": 1.467894035246464e-10,
                "-2.5": 2.4590361504913038e-09,
                "-3.0": 3.098887397795975e-08,
                "-3.5": 5.987707073167338e-07,
                "-4.0": 7.52971880541477e-06,
                "-4.5": 0.00010837104813484421,
                "-5.0": 0.011818233725311201,
                "-5.5": 0.11698181583515294,
                "-6.0": 0.150598100540346,
                "-6.5": 0.14244637982108171,
                "-7.0": 0.13417132051808148,
                "-7.5": 0.11837677345484958,
                "-8.0": 0.1028206172839968,
                "-8.5": 0.09829392344111221,
                "-9.0": 0.1243763022470147
            },
            "Qs_in": 0.004995132319207785,
            "Qs_out_bed": 0.005028904173577243,
            "Qs_out_wall": 0.0,
            "D50": 0.2569069378247827,
            "D84": 0.5064672549226943
        },
        "downstream": {
            "flow_scale": 0.94,
            "elevation": 1367.6101190024842,
            "length": 200,
            "bankfull_width": 12,
            "lwd_factor": null,
            "gsd": {
                "1.0": 0.8497438048983217,
                "0.0": 0.13290210451923912,
                "-1.0": 0.0012966123453104596,
                "-2.0": 0.0012786690062867522,
                "-2.5": 0.0012956601300100998,
                "-3.0": 0.001343546103260173,
                "-3.5": 0.0014303695587409497,
                "-4.0": 0.0009735666762573762,
                "-4.5": 0.0009735666762573762,
                "-5.0": 0.0009735666762573762,
                "-5.5": 0.0009735666762573762,
                "-6.0": 0.0009735666762573762,
                "-6.5": 0.0009735666762573762,
                "-7.0": 0.0009735666762573762,
                "-7.5": 0.0009735666762573762,
                "-8.0": 0.0009735666762573762,
                "-8.5": 0.0009735666762573762,
                "-9.0": 0.0009735666762573762
            },
            "Qs_in": 0.005028904173577243,
            "Qs_out": 0.0006243915399009732,
            "D50": 0.0007071067811865476,
            "D84": 0.0014142135623730952
        }
    }
}