{
    "timestep": "2012-04-05 04:00",
    "deposit_mass": 2401711,
    "reaches": {
        "upstream": {
            "flow_scale": 0.78,
            "elevation": 1746.1185000377775,
            "length": 50,
            "bankfull_width": 6,
            "lwd_factor": null,
            "gsd": {
                "1.0": 0.897286824347942,
                "0.0": 0.0005115707523262166,
                "-1.0": 0.0007264304683032275,
                "-2.0": 0.0009617530143732872,
                "-2.5": 0.0017393405579091365,
                "-3.0": 0.00346844970077175,
                "-3.5": 0.00521802167372741,
                "-4.0": 0.006906205156403923,
                "-4.5": 0.01012910089605909,
                "-5.0": 0.013096211259551148,
                "-5.5": 0.015040180118390768,
                "-6.0": 0.014896940307739429,
                "-6.5": 0.01242093786648054,
                "-7.0": 0.010057480990733416,
                "-7.5": 0.005146401768401738,
                "-8.0": 0.0023941511208866936,
                "-8.5": 0.0,
                "-9.0": 0.0
            },
            "Qs_in": 0.0,
            "Qs_out": 0.0,
            "D50": 0.0007071067811865476,
            "D84": 0.0014142135623730952
        },
        "deposit_upstream": {
            "flow_scale": 0.79,
            "elevation": 1746.290366835246,
            "length": 55,
            "width": 1.0000096604046742,
            "bankfull_width": 6,
            "lwd_factor": null,
            "gsd_bed": {
                "1.0": 0.0,
                "0.0": 0.0,
                "-1.0": 0.0,
                "-2.0": 0.0,
                "-2.5": 0.0,
                "-3.0": 0.0,
                "-3.5": 0.0,
                "-4.0": 0.024021590866580806,
                "-4.5": 0.2924151383920862,
                "-5.0": 0.1338775278401143,
                "-5.5": 0.15338471741827714,
                "-6.0": 0.13770321276209546,
                "-6.5": 0.13770321276209552,
                "-7.0": 0.057090477888911466,
                "-7.5": 0.057090477888911494,
                "-8.0": 0.0067136441809277905,
                "-8.5": 0.0,
                "-9.0": 0.0
            },
            "gsd_wall": {
                "1.0": 0.0,
                "0.0": 0.0,
                "-1.0": 0.0,
                "-2.0": 0.0,
                "-2.5": 0.001174957994090914,
                "-3.0": 0.07307956998274558,
                "-3.5": 0.07307956998274559,
                "-4.0": 0.11049982395231482,
                "-4.5": 0.11050026608055168,
                "-5.0": 0.13779515252275973,
                "-5.5": 0.1378100351419629,
                "-6.0": 0.12372083027121906,
                "-6.5": 0.12372083027121902,
                "-7.0": 0.05129351148255167,
                "-7.5": 0.05129351148255167,
                "-8.0": 0.006031940835287191,
                "-8.5": 0.0,
                "-9.0": 0.0
            },
            "Qs_in": 0.0,
            "Qs_out_bed": 0.0,
            "Qs_out_wall": 0.0,
            "D50": 0.044763296608412995,
            "D84": 0.09113379659344766
        },
        "deposit_downstream": {
            "flow_scale": 0.83,
            "elevation": 1745.0742005328868,
            "length": 47,
            "width": 1.0000338307803949,
            "bankfull_width": 7.5,
            "lwd_factor": 1,
            "gsd_bed": {
                "1.0": 0.0,
                "0.0": 6.697880682732404e-14,
                "-1.0": 0.00014703274627129575,
                "-2.0": 1.0465438566769382e-15,
                "-2.5": 3.7000912893269247e-16,
                "-3.0": 1.3081798208461727e-16,
                "-3.5": 4.625114111658656e-17,
                "-4.0": 1.635224776057716e-17,
                "-4.5": 5.78139263957332e-18,
                "-5.0": 0.008753460970372655,
                "-5.5": 0.008752312686484137,
                "-6.0": 0.32302831402142074,
                "-6.5": 0.35108699101891694,
                "-7.0": 0.14555741798471122,
                "-7.5": 0.14555741798471108,
                "-8.0": 0.01711705258704328,
                "-8.5": 0.0,
                "-9.0": 0.0
            },
            "gsd_wall": {
                "1.0": 0.0,
                "0.0": 0.0,
                "-1.0": 9.052372323143208e-06,
                "-2.0": 6.846097190588558e-06,
                "-2.5": 0.002082764197597715,
                "-3.0": 0.07006779194064996,
                "-3.5": 0.07221186438000123,
                "-4.0": 0.1105463072887186,
                "-4.5": 0.11081435179715236,
                "-5.0": 0.13836960695445738,
                "-5.5": 0.13836619791453755,
                "-6.0": 0.12422115355877525,
                "-6.5": 0.12423430328426287,
                "-7.0": 0.05150639264276378,
                "-7.5": 0.0515063926427638,
                "-8.0": 0.006056974928805696,
                "-8.5": 0.0,
                "-9.0": 0.0
            },
            "Qs_in": 0.0,
            "Qs_out_bed": 0.0,
            "Qs_out_wall": 0.0,
            "D50": 0.09035198266745056,
            "D84": 0.1786262731160116
        },
        "downstream": {
            "flow_scale": 0.835,
            "elevation": 1741.510189112887,
            "length": 65,
            "bankfull_width": 6,
            "lwd_factor": null,
            "gsd": {
                "1.0": 0.8309657892268708,
                "0.0": 0.12132699448067276,
                "-1.0": 0.00028870762227705446,
                "-2.0": 0.00026288206336954776,
                "-2.5": 0.0020710498509346133,
                "-3.0": 0.002700770224719858,
                "-3.5": 0.001926113860863149,
                "-4.0": 0.0034979857607074713,
                "-4.5": 0.0013521199760991173,
                "-5.0": 0.011023318874448835,
                "-5.5": 0.010750190438342036,
                "-6.0": 0.008564364940717797,
                "-6.5": 0.0020652366212548768,
                "-7.0": 0.001648976057564889,
                "-7.5": 0.0010238549303392278,
                "-8.0": 0.0005316450708180869,
                "-8.5": 0.0,
                "-9.0": 0.0
            },
            "Qs_in": 0.0,
            "Qs_out": 0.24160488169670044,
            "D50": 0.04405768712877771,
            "D84": 0.06608653069316657
        }
    },
    "sed_masses": {
        "upstream": {
            "1.0": 0.007503320596959462,
            "0.0": 6.188157165541409e-05,
            "-1.0": 0.000702974654005504,
            "-2.0": 0.0074455907015794215,
            "-2.5": 0.038085987436360574,
            "-3.0": 0.2148132125817382,
            "-3.5": 0.9140636984726537,
            "-4.0": 3.421803386257778,
            "-4.5": 14.1948715527518,
            "-5.0": 51.91002470411798,
            "-5.5": 168.61786814177904,
            "-6.0": 472.3812248074737,
            "-6.5": 1114.0249900632357,
            "-7.0": 2551.377714207399,
            "-7.5": 3692.616606272209,
            "-8.0": 4858.778312305446,
            "-8.5": 0.0,
            "-9.0": 0.0
        },
        "downstream": {
            "1.0": 0.6333005097356517,
            "0.0": 0.7397315118909349,
            "-1.0": 0.014082018718791445,
            "-2.0": 0.10257879880017859,
            "-2.5": 2.285768273520054,
            "-3.0": 2.7758750571610444,
            "-3.5": 5.5993707923466225,
            "-4.0": 24.381767036299735,
            "-4.5": 26.665803213596075,
            "-5.0": 614.7475212042729,
            "-5.5": 1695.6845436660694,
            "-6.0": 3821.145272688144,
            "-6.5": 2606.246285348153,
            "-7.0": 5885.792934160296,
            "-7.5": 10336.512848820677,
            "-8.0": 15181.070880668552,
            "-8.5": 0.0,
            "-9.0": 0.0
        },
        "deposit_upstream": {
            "1.0": 0.0,
            "0.0": 0.0,
            "-1.0": 0.0,
            "-2.0": 0.0,
            "-2.5": 0.0,
            "-3.0": 0.0,