{
    "timestep": "2018-07-11 08:00",
    "deposit_mass": 2401711,
    "reaches": {
        "upstream": {
            "flow_scale": 0.78,
            "elevation": 1746.3714062672166,
            "length": 50,
            "bankfull_width": 6,
            "lwd_factor": null,
            "gsd": {
                "1.0": 0.04760932582026514,
                "0.0": 0.01864205903368565,
                "-1.0": 0.011908749693798194,
                "-2.0": 0.004767558685353299,
                "-2.5": 0.007256065817447413,
                "-3.0": 0.017259373090692275,
                "-3.5": 0.018580172128096917,
                "-4.0": 0.04127085400307113,
                "-4.5": 0.03603209157802042,
                "-5.0": 0.05131112190664889,
                "-5.5": 0.5993883457082957,
                "-6.0": 0.141253872617971,
                "-6.5": 0.001953162112753146,
                "-7.0": 0.001581514297229282,
                "-7.5": 0.0008092590961407205,
                "-8.0": 0.0003764744105306739,
                "-8.5": 0.0,
                "-9.0": 0.0
            },
            "Qs_in": 0.0006243915399009732,
            "Qs_out": 0.0,
            "D50": 0.04180676778125182,
            "D84": 0.06271015167187773
        },
        "deposit_upstream": {
            "flow_scale": 0.79,
            "elevation": 1745.854231912822,
            "length": 55,
            "width": 3.02111146168628,
            "bankfull_width": 6,
            "lwd_factor": null,
            "gsd_bed": {
                "1.0": 0.0016882578646109224,
                "0.0": 0.0002110322330763653,
                "-1.0": 0.003630988677127631,
                "-2.0": 3.297378641818208e-06,
                "-2.5": 0.0007837156443535389,
                "-3.0": 0.007057349189381866,
                "-3.5": 0.00717695980946815,
                "-4.0": 0.00742497136586497,
                "-4.5": 0.02322839363981438,
                "-5.0": 0.029205833153192588,
                "-5.5": 0.02755606675821184,
                "-6.0": 0.018770774181964517,
                "-6.5": 0.22424732197481126,
                "-7.0": 0.30189550022453976,
                "-7.5": 0.30987625492623494,
                "-8.0": 0.03724328297870551,
                "-8.5": 0.0,
                "-9.0": 0.0
            },
            "gsd_wall": {
                "1.0": 0.0,
                "0.0": 0.0,
                "-1.0": 0.0,
                "-2.0": 6.955525172235411e-05,
                "-2.5": 0.0012658060627301377,
                "-3.0": 0.0007747098679488107,
                "-3.5": 0.0006481270560906104,
                "-4.0": 0.007941934054118856,
                "-4.5": 0.15045665371703107,
                "-5.0": 0.11364274927143535,
                "-5.5": 0.03323740606635126,
                "-6.0": 0.014612668082743268,
                "-6.5": 0.17437006326569848,
                "-7.0": 0.23376785672315376,
                "-7.5": 0.2398719923372731,
                "-8.0": 0.029340478243702835,
                "-8.5": 0.0,
                "-9.0": 0.0
            },
            "Qs_in": 0.0,
            "Qs_out_bed": 0.0013094099655510192,
            "Qs_out_wall": 0.0,
            "D50": 0.0007071067811865476,
            "D84": 0.12768666564005218
        },
        "deposit_downstream": {
            "flow_scale": 0.83,
            "elevation": 1744.456595256462,
            "length": 47,
            "width": 4.677715022203355,
            "bankfull_width": 7.5,
            "lwd_factor": 1,
            "gsd_bed": {
                "1.0": 0.9549418455372677,
                "0.0": 0.004677426616301207,
                "-1.0": 0.0,
                "-2.0": 0.0,
                "-2.5": 0.0,
                "-3.0": 0.0,
                "-3.5": 0.0005691322221818912,
                "-4.0": 0.0008563773701410322,
                "-4.5": 0.0005120977461544791,
                "-5.0": 0.000678255934148334,
                "-5.5": 0.00022593554600868878,
                "-6.0": 0.0001170466717017463,
                "-6.5": 0.0009330812620728977,
                "-7.0": 0.011556939700233413,
                "-7.5": 0.0220760731427706,
                "-8.0": 0.002855788251018266,
                "-8.5": 0.0,
                "-9.0": 0.0
            },
            "gsd_wall": {
                "1.0": 0.0,
                "0.0": 0.0,
                "-1.0": 0.0,
                "-2.0": 0.0,
                "-2.5": 0.1132343044245421,
                "-3.0": 0.33961974748371687,
                "-3.5": 0.23287741745401314,
                "-4.0": 0.12942608720802712,
                "-4.5": 0.06561694291260521,
                "-5.0": 0.022936373464192913,
                "-5.5": 0.005659325779318063,
                "-6.0": 0.00045436567774795973,
                "-6.5": 0.0022272296674430334,
                "-7.0": 0.02786203936684558,
                "-7.5": 0.05318609788618553,
                "-8.0": 0.006900068675362586,
                "-8.5": 0.0,
                "-9.0": 0.0
            },
            "Qs_in": 0.0013094099655510192,
            "Qs_out_bed": 0.0,
            "Qs_out_wall": 0.0,
            "D50": 0.16857206626993584,
            "D84": 0.2528580994049038
        },
        "downstream": {
            "flow_scale": 0.835,
            "elevation": 1741.7793069880038,
            "length": 65,
            "bankfull_width": 6,
            "lwd_factor": null,
            "gsd": {
                "1.0": 0.0,
                "0.0": 0.0016542183562606747,
                "-1.0": 0.0025283946832854553,
                "-2.0": 0.010067235965091553,
                "-2.5": 0.01470035596622231,
                "-3.0": 0.02331005481832169,
                "-3.5": 0.020659007000094473,
                "-4.0": 0.019650535502932644,
                "-4.5": 0.006516296842711769,
                "-5.0": 0.009532749158970347,
                "-5.5": 0.003201164670339924,
                "-6.0": 0.0018470219073836891,
                "-6.5": 0.03876888706551207,
                "-7.0": 0.6881879223453446,
                "-7.5": 0.14739354165929633,
                "-8.0": 0.01198261405823246,
                "-8.5": 0.0,
                "-9.0": 0.0
            },
            "Qs_in": 0.0,
            "Qs_out": 1.019128966191162e-05,
            "D50": 0.11818691773041018,
            "D84": 0.17728037659561524
        }
    },
    "sed_masses": {
        "upstream": {
            "1.0": 0.012728566944080786,
            "0.0": 0.14046402503283842,
            "-1.0": 0.32204627388977286,
            "-2.0": 0.6614345565212921,
            "-2.5": 2.4365182103895595,
            "-3.0": 16.39224583466189,
            "-3.5": 49.91236725932166,
            "-4.0": 292.94806561051706,
            "-4.5": 661.6641898414193,
            "-5.0": 2665.0451530267205,
            "-5.5": 88053.4443895888,
            "-6.0": 58692.60847605797,
            "-6.5": 2295.4420480221997,
            "-7.0": 5257.099021850489,
            "-7.5": 7608.61515752993,
            "-8.0": 10011.484607226996,
            "-8.5": 0.0,
            "-9.0": 0.0
        },
        "downstream": {
            "1.0": 9.791213342765877e-05,
            "0.0": 0.00018960908562254462,
            "-1.0": 0.002008348819707894,
            "-2.0": 0.06397267515826308,
            "-2.5": 0.2642147803514551,
            "-3.0": 1.1849978047476806,
            "-3.5": 2.9704940529882062,
            "-4.0": 7.991689977421722,
            "-4.5": 7.469946093436468,
            "-5.0": 30.908630778601992,
            "-5.5": 29.357198544934683,
            "-6.0": 47.9097202481958,
            "-6.5": 2844.3295666574527,
            "-7.0": 142806.71260453385,
            "-7.5": 86509.7432933712,
            "-8.0": 19892.214512957882,
            "-8.5": 0.0,
            "-9.0": 0.0
        },
        "deposit_upstream": {
            "1.0": 0.0009015428773434938,
            "0.0": 0.003266930711867175,