{
    "timestep": "2015-05-21 16:00",
    "deposit_mass": 2401711,
    "reaches": {
        "upstream": {
            "flow_scale": 0.78,
            "elevation": 1746.3988071214276,
            "length": 50,
            "bankfull_width": 6,
            "lwd_factor": null,
            "gsd": {
                "1.0": 3.838943583870738e-16,
                "0.0": 0.0,
                "-1.0": 0.0,
                "-2.0": 0.0,
                "-2.5": 0.01727223336400459,
                "-3.0": 0.034544466728004625,
                "-3.5": 0.0,
                "-4.0": 0.009417659830258876,
                "-4.5": 0.005664771397232847,
                "-5.0": 0.29028180409518295,
                "-5.5": 0.6229960664635824,
                "-6.0": 0.01741923733506542,
                "-6.5": 0.0009946031339519213,
                "-7.0": 0.0008053499840813322,
                "-7.5": 0.00041209668564894347,
                "-8.0": 0.00019171098298579058,
                "-8.5": 0.0,
                "-9.0": 0.0
            },
            "Qs_in": 0.43207894561147164,
            "Qs_out": 0.8716505897017549,
            "D50": 0.0007071067811865476,
            "D84": 0.03198546328344486
        },
        "deposit_upstream": {
            "flow_scale": 0.79,
            "elevation": 1745.8971213705784,
            "length": 55,
            "width": 2.6830436286638557,
            "bankfull_width": 6,
            "lwd_factor": null,
            "gsd_bed": {
                "1.0": 0.8025557880955729,
                "0.0": 0.1667281390761922,
                "-1.0": 0.02825900662308338,
                "-2.0": 0.0,
                "-2.5": 2.2172625774612433e-06,
                "-3.0": 2.030696954607018e-06,
                "-3.5": 1.433460971010988e-06,
                "-4.0": 8.109643138660319e-07,
                "-4.5": 1.2625328283268669e-05,
                "-5.0": 5.867205849796406e-06,
                "-5.5": 3.850569235224617e-06,
                "-6.0": 0.00038193709424122046,
                "-6.5": 0.000927719219009133,
                "-7.0": 0.0005155164082689396,
                "-7.5": 0.0005344616391286867,
                "-8.0": 6.859635631821214e-05,
                "-8.5": 0.0,
                "-9.0": 0.0
            },
            "gsd_wall": {
                "1.0": 0.0,
                "0.0": 0.0,
                "-1.0": 0.0,
                "-2.0": 0.0,
                "-2.5": 0.0,
                "-3.0": 0.0,
                "-3.5": 0.0,
                "-4.0": 0.16249844068746788,
                "-4.5": 0.10452966166272183,
                "-5.0": 0.08984922180929554,
                "-5.5": 0.098532544212069,
                "-6.0": 0.12434953142861556,
                "-6.5": 0.19271013563350214,
                "-7.0": 0.10559363224870434,
                "-7.5": 0.10783486253377318,
                "-8.0": 0.014101969783850508,
                "-8.5": 0.0,
                "-9.0": 0.0
            },
            "Qs_in": 0.8716505897017549,
            "Qs_out_bed": 0.0,
            "Qs_out_wall": 0.0,
            "D50": 0.0918061048827827,
            "D84": 0.1802535292684424
        },
        "deposit_downstream": {
            "flow_scale": 0.83,
            "elevation": 1744.1670401984275,
            "length": 47,
            "width": 6.470499136470141,
            "bankfull_width": 7.5,
            "lwd_factor": 1,
            "gsd_bed": {
                "1.0": 0.0,
                "0.0": 0.0,
                "-1.0": 0.0,
                "-2.0": 0.0,
                "-2.5": 0.0,
                "-3.0": 0.0,
                "-3.5": 0.010364545044248911,
                "-4.0": 0.3302955313102494,
                "-4.5": 0.20178398969432357,
                "-5.0": 0.0895531781250738,
                "-5.5": 0.07071334742539023,
                "-6.0": 0.001569274507143862,
                "-6.5": 0.007145722501143182,
                "-7.0": 0.024183029964380563,
                "-7.5": 0.15285429422078994,
                "-8.0": 0.1115370872072565,
                "-8.5": 0.0,
                "-9.0": 0.0
            },
            "gsd_wall": {
                "1.0": 0.0,
                "0.0": 0.0,
                "-1.0": 0.0,
                "-2.0": 0.21598174070250903,
                "-2.5": 0.17663513053931015,
                "-3.0": 0.14954606949147406,
                "-3.5": 0.11545046827976195,
                "-4.0": 0.11084090116771275,
                "-4.5": 0.07242331978923505,
                "-5.0": 0.031639975682212766,
                "-5.5": 0.0058410657318532806,
                "-6.0": 0.004453790648241231,
                "-6.5": 0.003584000695486045,
                "-7.0": 0.010800511858734116,
                "-7.5": 0.058567583571927734,
                "-8.0": 0.044235441841542,
                "-8.5": 0.0,
                "-9.0": 0.0
            },
            "Qs_in": 0.0,
            "Qs_out_bed": 0.9846654584238304,
            "Qs_out_wall": 0.0,
            "D50": 0.0007071067811865476,
            "D84": 0.0010427298949292453
        },
        "downstream": {
            "flow_scale": 0.835,
            "elevation": 1742.7022400100302,
            "length": 65,
            "bankfull_width": 6,
            "lwd_factor": null,
            "gsd": {
                "1.0": 0.7857982078906579,
                "0.0": 0.16933025355219472,
                "-1.0": 0.031749422541036486,
                "-2.0": 0.0,
                "-2.5": 0.0,
                "-3.0": 0.0,
                "-3.5": 0.0,
                "-4.0": 6.60634606052369e-05,
                "-4.5": 0.00012776701745024132,
                "-5.0": 0.00010859613523100119,
                "-5.5": 0.0001836546465046698,
                "-6.0": 0.0004768185909071893,
                "-6.5": 0.00021199329138946578,
                "-7.0": 0.0024608165411818144,
                "-7.5": 0.009189353563747357,
                "-8.0": 0.00029705276909407994,
                "-8.5": 0.0,
                "-9.0": 0.0
            },
            "Qs_in": 0.9846654584238304,
            "Qs_out": 0.0,
            "D50": 0.165686828680467,
            "D84": 0.24853024302070048
        }
    },
    "sed_masses": {
        "upstream": {
            "1.0": 15.517173460785763,
            "0.0": 42.62244052118918,
            "-1.0": 144.65432463203965,
            "-2.0": 379.9035474222522,
            "-2.5": 1098.6961620145296,
            "-3.0": 2702.6305688129614,
            "-3.5": 4984.854680073444,
            "-4.0": 7943.522591749618,
            "-4.5": 13514.423292244883,
            "-5.0": 29881.290038114108,
            "-5.5": 87837.53875881487,
            "-6.0": 10192.797287329528,
            "-6.5": 2234.2710241577815,
            "-7.0": 5117.003073882494,
            "-7.5": 7405.8538724966465,
            "-8.0": 9744.68947538967,
            "-8.5": 0.0,
            "-9.0": 0.0
        },
        "downstream": {
            "1.0": 0.886477076794091,
            "0.0": 1.6115421974690773,
            "-1.0": 2.6978502686906385,
            "-2.0": 0.797152923760793,
            "-2.5": 0.8435911997680032,
            "-3.0": 1.068850209380193,
            "-3.5": 1.7468204231662212,
            "-4.0": 3.526953827044622,
            "-4.5": 19.093872696815623,
            "-5.0": 45.902314926695304,
            "-5.5": 219.567032668989,
            "-6.0": 1612.3650865598552,
            "-6.5": 2027.5768164649721,
            "-7.0": 66570.1338176697,
            "-7.5": 703121.1269765596,
            "-8.0": 64287.09254369802,
            "-8.5": 0.0,
            "-9.0": 0.0
        },
        "deposit_upstream": {
            "1.0": 10.086970598237773,
            "0.0": 37.53308388337011,
            "-1.0": 18.54894229636394,
            "-2.0": 20.219936543326234,
            "-2.5": 153.5375953763212,
            "-3.0": 397.7294215018686,
            "-3.5": 794.096839200113,