{
    "timestep": "2012-04-03 02:00",
    "deposit_mass": 2401711,
    "reaches": {
        "upstream": {
            "flow_scale": 0.78,
            "elevation": 1746.1185000377775,
            "length": 50,
            "bankfull_width": 6,
            "lwd_factor": null,
            "gsd": {
                "1.0": 0.897286824347942,
                "0.0": 0.0005115707523262166,
                "-1.0": 0.0007264304683032275,
                "-2.0": 0.0009617530143732872,
                "-2.5": 0.0017393405579091365,
                "-3.0": 0.00346844970077175,
                "-3.5": 0.00521802167372741,
                "-4.0": 0.006906205156403923,
                "-4.5": 0.01012910089605909,
                "-5.0": 0.013096211259551148,
                "-5.5": 0.015040180118390768,
                "-6.0": 0.014896940307739429,
                "-6.5": 0.01242093786648054,
                "-7.0": 0.010057480990733416,
                "-7.5": 0.005146401768401738,
                "-8.0": 0.0023941511208866936,
                "-8.5": 0.0,
                "-9.0": 0.0
            },
            "Qs_in": 0.0,
            "Qs_out": 0.0,
            "D50": 0.0007071067811865476,
            "D84": 0.0014142135623730952
        },
        "deposit_upstream": {
            "flow_scale": 0.79,
            "elevation": 1746.2957215498195,
            "length": 55,
            "width": 1.0000096604046742,
            "bankfull_width": 6,
            "lwd_factor": null,
            "gsd_bed": {
                "1.0": 0.0,
                "0.0": 0.9915445124324329,
                "-1.0": 0.0,
                "-2.0": 0.0,
                "-2.5": 0.005477561317103766,
                "-3.0": 0.0018043893088834102,
                "-3.5": 0.0006846951646379707,
                "-4.0": 0.00024207629698057444,
                "-4.5": 8.558689557974634e-05,
                "-5.0": 3.0259537122571805e-05,
                "-5.5": 3.653174805391241e-05,
                "-6.0": 3.279687285351241e-05,
                "-6.5": 3.2796872853512425e-05,
                "-7.0": 1.3597280026456213e-05,
                "-7.5": 1.3597280026456222e-05,
                "-8.0": 1.5989934451712469e-06,
                "-8.5": 0.0,
                "-9.0": 0.0
            },
            "gsd_wall": {
                "1.0": 0.0,
                "0.0": 0.0,
                "-1.0": 0.0,
                "-2.0": 0.0,
                "-2.5": 0.001174957994090914,
                "-3.0": 0.07307956998274558,
                "-3.5": 0.07307956998274559,
                "-4.0": 0.11049982395231482,
                "-4.5": 0.11050026608055168,
                "-5.0": 0.13779515252275973,
                "-5.5": 0.1378100351419629,
                "-6.0": 0.12372083027121906,
                "-6.5": 0.12372083027121902,
                "-7.0": 0.05129351148255167,
                "-7.5": 0.05129351148255167,
                "-8.0": 0.006031940835287191,
                "-8.5": 0.0,
                "-9.0": 0.0
            },
            "Qs_in": 0.0,
            "Qs_out_bed": 102.22351170392737,
            "Qs_out_wall": 0.0,
            "D50": 0.0006843346259469367,
            "D84": 0.0010265019389204052
        },
        "deposit_downstream": {
            "flow_scale": 0.83,
            "elevation": 1745.08474570454,
            "length": 47,
            "width": 1.0000338307803949,
            "bankfull_width": 7.5,
            "lwd_factor": 1,
            "gsd_bed": {
                "1.0": 0.0,
                "0.0": 0.9855782279966123,
                "-1.0": 2.862647849839289e-05,
                "-2.0": 0.0005644533850562449,
                "-2.5": 0.0015549099719566605,
                "-3.0": 0.0002412664271864287,
                "-3.5": 0.000669404997859228,
                "-4.0": 0.0012837660435962358,
                "-4.5": 0.0013374025492209007,
                "-5.0": 0.001704251390316395,
                "-5.5": 0.0017276482903471563,
                "-6.0": 0.0015542087213622348,
                "-6.5": 0.0019999796914620402,
                "-7.0": 0.000829173074929992,
                "-7.5": 0.0008291730749299918,
                "-8.0": 9.7507906665587e-05,
                "-8.5": 0.0,
                "-9.0": 0.0
            },
            "gsd_wall": {
                "1.0": 0.0,
                "0.0": 0.0,
                "-1.0": 9.052372323143208e-06,
                "-2.0": 6.846097190588558e-06,
                "-2.5": 0.002082764197597715,
                "-3.0": 0.07006779194064996,
                "-3.5": 0.07221186438000123,
                "-4.0": 0.1105463072887186,
                "-4.5": 0.11081435179715236,
                "-5.0": 0.13836960695445738,
                "-5.5": 0.13836619791453755,
                "-6.0": 0.12422115355877525,
                "-6.5": 0.12423430328426287,
                "-7.0": 0.05150639264276378,
                "-7.5": 0.0515063926427638,
                "-8.0": 0.006056974928805696,
                "-8.5": 0.0,
                "-9.0": 0.0
            },
            "Qs_in": 102.22351170392737,
            "Qs_out_bed": 122.91560817516299,
            "Qs_out_wall": 0.0,
            "D50": 0.0006855544021156097,
            "D84": 0.0010283316031734144
        },
        "downstream": {
            "flow_scale": 0.835,
            "elevation": 1741.508946452445,
            "length": 65,
            "bankfull_width": 6,
            "lwd_factor": null,
            "gsd": {
                "1.0": 0.7144084086871996,
                "0.0": 0.0515987557527725,
                "-1.0": 0.0001262498268950535,
                "-2.0": 0.026457010021220605,
                "-2.5": 0.12004160889399894,
                "-3.0": 0.042385162537873514,
                "-3.5": 0.014981528319542966,
                "-4.0": 0.005297603217843789,
                "-4.5": 0.0018778371263885607,
                "-5.0": 0.006894265463062193,
                "-5.5": 0.006643448685262945,
                "-6.0": 0.0060898124022972745,
                "-6.5": 0.0012534393067677866,
                "-7.0": 0.0010008012569595684,
                "-7.5": 0.000621400957598457,
                "-8.0": 0.00032266754431645997,
                "-8.5": 0.0,
                "-9.0": 0.0
            },
            "Qs_in": 122.91560817516299,
            "Qs_out": 20.41420614491365,
            "D50": 0.0006972205972924706,
            "D84": 0.001045830895938706
        }
    },
    "sed_masses": {
        "upstream": {
            "1.0": 0.007503320596959462,
            "0.0": 6.188157165541409e-05,
            "-1.0": 0.000702974654005504,
            "-2.0": 0.0074455907015794215,
            "-2.5": 0.038085987436360574,
            "-3.0": 0.2148132125817382,
            "-3.5": 0.9140636984726537,
            "-4.0": 3.421803386257778,
            "-4.5": 14.1948715527518,
            "-5.0": 51.91002470411798,
            "-5.5": 168.61786814177904,
            "-6.0": 472.3812248074737,
            "-6.5": 1114.0249900632357,
            "-7.0": 2551.377714207399,
            "-7.5": 3692.616606272209,
            "-8.0": 4858.778312305446,
            "-8.5": 0.0,
            "-9.0": 0.0
        },
        "downstream": {
            "1.0": 11.699593706775149,
            "0.0": 6.760104956680207,
            "-1.0": 0.13232289315851423,
            "-2.0": 0.9196440999716545,
            "-2.5": 5.099889870499602,
            "-3.0": 1.346685682540779,
            "-3.5": 0.6076485292010618,
            "-4.0": 1.0492614855721984,
            "-4.5": 8.400024068975354,
            "-5.0": 503.51336859501333,
            "-5.5": 1391.470835517159,
            "-6.0": 3615.816883744029,
            "-6.5": 2894.4088427646916,
            "-7.0": 6536.562262395622,
            "-7.5": 11479.381039762651,
            "-8.0": 16859.58308954479,
            "-8.5": 0.0,
            "-9.0": 0.0
        },