{
    "timestep": "2015-05-21 16:00",
    "deposit_mass": 2401711,
    "reaches": {
        "upstream": {
            "flow_scale": 0.78,
            "elevation": 1746.3440451248764,
            "length": 50,
            "bankfull_width": 6,
            "lwd_factor": null,
            "gsd": {
                "1.0": 0.6253612927751687,
                "0.0": 0.13271498862667216,
                "-1.0": 0.0013374140059806783,
                "-2.0": 0.0013115200096618443,
                "-2.5": 0.0019973867313500203,
                "-3.0": 0.004354213893578893,
                "-3.5": 0.0018434608104068286,
                "-4.0": 0.0021464178470225925,
                "-4.5": 0.004560828909081713,
                "-5.0": 0.036045225219688316,
                "-5.5": 0.18121701755122469,
                "-6.0": 0.006017232852547147,
                "-6.5": 0.00045225048803206877,
                "-7.0": 0.00036619623536698735,
                "-7.5": 0.00018738220385513282,
                "-8.0": 8.71718403620299e-05,
                "-8.5": 0.0,
                "-9.0": 0.0
            },
            "Qs_in": 0.43207894561147164,
            "Qs_out": 0.3217897680498807,
            "D50": 0.041303460953642054,
            "D84": 0.06195519143046308
        },
        "deposit_upstream": {
            "flow_scale": 0.79,
            "elevation": 1745.865108006826,
            "length": 55,
            "width": 2.870402626514901,
            "bankfull_width": 6,
            "lwd_factor": null,
            "gsd_bed": {
                "1.0": 0.1449696414147205,
                "0.0": 0.045918977895431444,
                "-1.0": 0.6904841999132664,
                "-2.0": 0.0011644467786586458,
                "-2.5": 0.0022769546845969623,
                "-3.0": 0.001160739252055409,
                "-3.5": 0.0002774303683044699,
                "-4.0": 0.00031940371664480064,
                "-4.5": 5.595915540354173e-05,
                "-5.0": 0.0014281062699021457,
                "-5.5": 0.0013252861674277344,
                "-6.0": 0.00429200312036929,
                "-6.5": 0.034302326180408044,
                "-7.0": 0.033502890392226,
                "-7.5": 0.03438836847245894,
                "-8.0": 0.004133266218125598,
                "-8.5": 0.0,
                "-9.0": 0.0
            },
            "gsd_wall": {
                "1.0": 0.0,
                "0.0": 2.8501851313116846e-16,
                "-1.0": 0.0,
                "-2.0": 2.3751542760930702e-17,
                "-2.5": 0.0,
                "-3.0": 0.0,
                "-3.5": 0.0,
                "-4.0": 0.005055567218623934,
                "-4.5": 0.12723235702850988,
                "-5.0": 0.2530598268441713,
                "-5.5": 0.022157933862878624,
                "-6.0": 0.026324009615220488,
                "-6.5": 0.18266678213198537,
                "-7.0": 0.17538837489501655,
                "-7.5": 0.18469653140321265,
                "-8.0": 0.02341861700038099,
                "-8.5": 0.0,
                "-9.0": 0.0
            },
            "Qs_in": 0.3217897680498807,
            "Qs_out_bed": 0.0,
            "Qs_out_wall": 0.0,
            "D50": 0.12778032256608285,
            "D84": 0.19167048384912425
        },
        "deposit_downstream": {
            "flow_scale": 0.83,
            "elevation": 1744.463519750062,
            "length": 47,
            "width": 4.5311602192034615,
            "bankfull_width": 7.5,
            "lwd_factor": 1,
            "gsd_bed": {
                "1.0": 0.7526940551295411,
                "0.0": 0.1929071732374945,
                "-1.0": 0.026855178924384007,
                "-2.0": 0.0005213073617048499,
                "-2.5": 8.819111347906512e-05,
                "-3.0": 2.2763005231152695e-05,
                "-3.5": 9.407253583003428e-06,
                "-4.0": 2.3906078052031348e-05,
                "-4.5": 2.664829906496286e-05,
                "-5.0": 0.00010117887614401107,
                "-5.5": 7.195359463840555e-05,
                "-6.0": 0.00017905456554868066,
                "-6.5": 0.0009664294339402289,
                "-7.0": 0.008953618526955842,
                "-7.5": 0.014680219249942564,
                "-8.0": 0.0018989153502956106,
                "-8.5": 0.0,
                "-9.0": 0.0
            },
            "gsd_wall": {
                "1.0": 0.0,
                "0.0": 0.0,
                "-1.0": 0.0,
                "-2.0": 0.0,
                "-2.5": 0.3127455455047463,
                "-3.0": 0.307386907640245,
                "-3.5": 0.19493287272226548,
                "-4.0": 0.1009467068691969,
                "-4.5": 0.045926023187682456,
                "-5.0": 0.016154123975150154,
                "-5.5": 0.0007090306563410069,
                "-6.0": 9.148432772765351e-05,
                "-6.5": 0.0007824996541787153,
                "-7.0": 0.007118598226638634,
                "-7.5": 0.01167243013533615,
                "-8.0": 0.0015337771004918263,
                "-8.5": 0.0,
                "-9.0": 0.0
            },
            "Qs_in": 0.0,
            "Qs_out_bed": 0.036202377823129996,
            "Qs_out_wall": 0.0,
            "D50": 0.0007071067811865476,
            "D84": 0.0010435803132044367
        },
        "downstream": {
            "flow_scale": 0.835,
            "elevation": 1741.754464851845,
            "length": 65,
            "bankfull_width": 6,
            "lwd_factor": null,
            "gsd": {
                "1.0": 0.7210275428817939,
                "0.0": 0.14024866689831672,
                "-1.0": 0.009617980249539972,
                "-2.0": 0.00037545506202143705,
                "-2.5": 0.00023133500462785517,
                "-3.0": 0.0005033966617170001,
                "-3.5": 0.0002190177215753488,
                "-4.0": 0.0005457051498118433,
                "-4.5": 0.00011194267852201758,
                "-5.0": 0.0012073793247523903,
                "-5.5": 0.0003033049993391562,
                "-6.0": 0.0010105284879397536,
                "-6.5": 0.007127087467542052,
                "-7.0": 0.09270257754141745,
                "-7.5": 0.02290590456184374,
                "-8.0": 0.0018621753092393177,
                "-8.5": 0.0,
                "-9.0": 0.0
            },
            "Qs_in": 0.036202377823129996,
            "Qs_out": 0.0,
            "D50": 0.1190886895465369,
            "D84": 0.19608572676049926
        }
    },
    "sed_masses": {
        "upstream": {
            "1.0": 0.012198961404146023,
            "0.0": 0.3483278645976838,
            "-1.0": 1.1053929734572134,
            "-2.0": 0.7191069636852874,
            "-2.5": 2.491924175369781,
            "-3.0": 13.829435034643522,
            "-3.5": 16.54487793262871,
            "-4.0": 54.46557600237084,
            "-4.5": 326.49278062947633,
            "-5.0": 7298.31390639627,
            "-5.5": 103781.21896195856,
            "-6.0": 9746.789803778416,
            "-6.5": 2071.995557959851,
            "-7.0": 4745.354312218252,
            "-7.5": 6867.965506779623,
            "-8.0": 9036.931101192888,
            "-8.5": 0.0,
            "-9.0": 0.0
        },
        "downstream": {
            "1.0": 0.01157131552403394,
            "0.0": 0.003721634791259449,
            "-1.0": 0.0617318038123562,
            "-2.0": 0.029566474296662284,
            "-2.5": 0.0713823456103871,
            "-3.0": 0.10016363122907425,
            "-3.5": 0.31614373890816827,
            "-4.0": 1.416026552905647,
            "-4.5": 0.7347923473613601,
            "-5.0": 22.25665653603933,
            "-5.5": 15.927165250884695,
            "-6.0": 150.09024690861594,
            "-6.5": 2994.063404174084,
            "-7.0": 110150.3058513357,
            "-7.5": 76981.49450299659,
            "-8.0": 17701.270907586044,
            "-8.5": 0.0,
            "-9.0": 0.0
        },