{
    "timestep": "2012-04-09 08:00",
    "deposit_mass": 2401711,
    "reaches": {
        "upstream": {
            "flow_scale": 0.78,
            "elevation": 1746.1185000594903,
            "length": 50,
            "bankfull_width": 6,
            "lwd_factor": null,
            "gsd": {
                "1.0": 0.9390553772822752,
                "0.0": 0.00030353931027853726,
                "-1.0": 0.00043102582059552304,
                "-2.0": 0.0005706539033236502,
                "-2.5": 0.0010320336549470269,
                "-3.0": 0.002057996523688484,
                "-3.5": 0.003096100964841081,
                "-4.0": 0.004097780688760257,
                "-4.5": 0.0060100783435150405,
                "-5.0": 0.00777060634313056,
                "-5.5": 0.008924055722188998,
                "-6.0": 0.00883906471531101,
                "-6.5": 0.007369934453562886,
                "-7.0": 0.005967582840076045,
                "-7.5": 0.0030536054614020863,
                "-8.0": 0.0014205639721035549,
                "-8.5": 0.0,
                "-9.0": 0.0
            },
            "Qs_in": 0.0,
            "Qs_out": 0.0,
            "D50": 0.0007071067811865476,
            "D84": 0.0014142135623730952
        },
        "deposit_upstream": {
            "flow_scale": 0.79,
            "elevation": 1746.2998555457152,
            "length": 55,
            "width": 1.0000085977437505,
            "bankfull_width": 6,
            "lwd_factor": null,
            "gsd_bed": {
                "1.0": 0.0,
                "0.0": 0.0,
                "-1.0": 0.0,
                "-2.0": 0.0,
                "-2.5": 0.0,
                "-3.0": 0.0,
                "-3.5": 0.0012090877377196536,
                "-4.0": 0.0,
                "-4.5": 0.007613071898998742,
                "-5.0": 0.02022299806831263,
                "-5.5": 0.27093595938158627,
                "-6.0": 0.2432364363777179,
                "-6.5": 0.2432364363777179,
                "-7.0": 0.1008435759359578,
                "-7.5": 0.10084357593595783,
                "-8.0": 0.01185885828603109,
                "-8.5": 0.0,
                "-9.0": 0.0
            },
            "gsd_wall": {
                "1.0": 0.0,
                "0.0": 0.0,
                "-1.0": 0.0,
                "-2.0": 0.0,
                "-2.5": 0.0,
                "-3.0": 0.07316965663155112,
                "-3.5": 0.07316965663155113,
                "-4.0": 0.11063604707541763,
                "-4.5": 0.11063604707541763,
                "-5.0": 0.13796447304623796,
                "-5.5": 0.13796447304623796,
                "-6.0": 0.1238594789967823,
                "-6.5": 0.12385947899678229,
                "-7.0": 0.051350993961299427,
                "-7.5": 0.051350993961299427,
                "-8.0": 0.006038700577423194,
                "-8.5": 0.0,
                "-9.0": 0.0
            },
            "Qs_in": 0.0,
            "Qs_out_bed": 0.0,
            "Qs_out_wall": 0.0,
            "D50": 0.06690967150082323,
            "D84": 0.13035088184262034
        },
        "deposit_downstream": {
            "flow_scale": 0.83,
            "elevation": 1744.2976901039265,
            "length": 47,
            "width": 1.1133607340298894,
            "bankfull_width": 7.5,
            "lwd_factor": 1,
            "gsd_bed": {
                "1.0": 0.4902250992874579,
                "0.0": 0.4902250992874579,
                "-1.0": 0.009346180876550942,
                "-2.0": 0.0013065698225069558,
                "-2.5": 0.0013116007510839097,
                "-3.0": 0.00034380356507109994,
                "-3.5": 0.0003438195700909932,
                "-4.0": 0.00052468830911404,
                "-4.5": 0.000524740132131301,
                "-5.0": 0.0006495382694195021,
                "-5.5": 0.0006495891247791858,
                "-6.0": 0.0005853865556673163,
                "-6.5": 0.000585703691683699,
                "-7.0": 0.0015637178170609485,
                "-7.5": 0.0016106308161358911,
                "-8.0": 0.00020383212378827573,
                "-8.5": 0.0,
                "-9.0": 0.0
            },
            "gsd_wall": {
                "1.0": 0.49112574878481946,
                "0.0": 0.49112574878481946,
                "-1.0": 0.009484754751151195,
                "-2.0": 0.0014075899182896077,
                "-2.5": 0.00132249815530953,
                "-3.0": 0.0004252663378371438,
                "-3.5": 0.00046455750762359723,
                "-4.0": 0.0005318499374793595,
                "-4.5": 0.0005337871415523379,
                "-5.0": 0.0006990971193725469,
                "-5.5": 0.0007035873902124086,
                "-6.0": 0.0006692985745806394,
                "-6.5": 0.0006908526480743014,
                "-7.0": 0.0003998506426937171,
                "-7.5": 0.0003473561910801534,
                "-8.0": 6.815611510463999e-05,
                "-8.5": 0.0,
                "-9.0": 0.0
            },
            "Qs_in": 0.0,
            "Qs_out_bed": 906.4918184347374,
            "Qs_out_wall": 0.005600598994371674,
            "D50": 0.0007530499163026116,
            "D84": 0.0011295748744539174
        },
        "downstream": {
            "flow_scale": 0.835,
            "elevation": 1741.6985183536815,
            "length": 65,
            "bankfull_width": 6,
            "lwd_factor": null,
            "gsd": {
                "1.0": 0.4885714953087151,
                "0.0": 0.4885714953087151,
                "-1.0": 0.009373095328025417,
                "-2.0": 0.0012609321669162811,
                "-2.5": 0.0012608044627412827,
                "-3.0": 0.0003343507167914936,
                "-3.5": 0.00034493558853511923,
                "-4.0": 0.0005284769564838249,
                "-4.5": 0.0008425098677722679,
                "-5.0": 0.0020810772185987218,
                "-5.5": 0.002104606175900627,
                "-6.0": 0.0019227374732990901,
                "-6.5": 0.00190078643085924,
                "-7.0": 0.000518395306373691,
                "-7.5": 0.00033734614138477827,
                "-8.0": 4.695554888802214e-05,
                "-8.5": 0.0,
                "-9.0": 0.0
            },
            "Qs_in": 906.4974190337318,
            "Qs_out": 0.0,
            "D50": 0.06269337355711878,
            "D84": 0.09404006033567816
        }
    },
    "sed_masses": {
        "upstream": {
            "1.0": 0.0075127901015453,
            "0.0": 9.39833192181889e-05,
            "-1.0": 0.0010676505063186262,
            "-2.0": 0.011308072968332491,
            "-2.5": 0.05784351333064823,
            "-3.0": 0.32624993500125227,
            "-3.5": 1.3882443199355576,
            "-4.0": 5.196901619488976,
            "-4.5": 21.558617674293373,
            "-5.0": 78.83892234602536,
            "-5.5": 256.0902463128182,
            "-6.0": 717.4341933488307,
            "-6.5": 1691.937736183735,
            "-7.0": 3874.933033307145,
            "-7.5": 5608.202183198806,
            "-8.0": 7379.323131587971,
            "-8.5": 0.0,
            "-9.0": 0.0
        },
        "downstream": {
            "1.0": 0.010081002019793991,
            "0.0": 0.0005845381852396497,
            "-1.0": 0.00027976810029476464,
            "-2.0": 0.001663453093113474,
            "-2.5": 0.009729970932553471,
            "-3.0": 0.05028973491769754,
            "-3.5": 0.4966233055392944,
            "-4.0": 2.9400802332662512,
            "-4.5": 81.60654822796164,
            "-5.0": 1179.4454405097827,
            "-5.5": 3394.1116340860763,
            "-6.0": 8852.17604082479,
            "-6.5": 24607.650903659967,
            "-7.0": 28721.414673554365,
            "-7.5": 52877.28998109371,
            "-8.0": 20817.345833127052,
            "-8.5": 0.0,
            "-9.0": 0.0
        },
        "deposit_upstream": {
            "1.0": 23.857755746415855,