{
    "timestep": "2012-04-21 20:00",
    "deposit_mass": 2401711,
    "reaches": {
        "upstream": {
            "flow_scale": 0.78,
            "elevation": 1746.1185004304737,
            "length": 50,
            "bankfull_width": 6,
            "lwd_factor": null,
            "gsd": {
                "1.0": 0.9901324403808905,
                "0.0": 4.9146128195585366e-05,
                "-1.0": 6.978750203773124e-05,
                "-2.0": 9.239472100770051e-05,
                "-2.5": 0.00016709683586499036,
                "-3.0": 0.0003332107491660693,
                "-3.5": 0.0005012905075949712,
                "-4.0": 0.000663472730640402,
                "-4.5": 0.0009730933382725908,
                "-5.0": 0.0012581408818069862,
                "-5.5": 0.0014448961689502108,
                "-6.0": 0.001431135253055448,
                "-6.5": 0.0011932679925888133,
                "-7.0": 0.0009662128803252088,
                "-7.5": 0.0004944100496475889,
                "-8.0": 0.00023000387995533974,
                "-8.5": 0.0,
                "-9.0": 0.0
            },
            "Qs_in": 0.007492698478811678,
            "Qs_out": 0.0,
            "D50": 0.0007071067811865476,
            "D84": 0.0014142135623730952
        },
        "deposit_upstream": {
            "flow_scale": 0.79,
            "elevation": 1746.2902234118396,
            "length": 55,
            "width": 1.0000096604046742,
            "bankfull_width": 6,
            "lwd_factor": null,
            "gsd_bed": {
                "1.0": 0.0,
                "0.0": 0.0,
                "-1.0": 0.0,
                "-2.0": 0.0,
                "-2.5": 0.0,
                "-3.0": 0.0,
                "-3.5": 0.0,
                "-4.0": 0.0346547194783143,
                "-4.5": 0.0013452477222482067,
                "-5.0": 0.1889813901855561,
                "-5.5": 0.21626177689056325,
                "-6.0": 0.19415194666532998,
                "-6.5": 0.19415194666533,
                "-7.0": 0.08049360066374002,
                "-7.5": 0.08049360066374005,
                "-8.0": 0.009465771065178017,
                "-8.5": 0.0,
                "-9.0": 0.0
            },
            "gsd_wall": {
                "1.0": 0.0,
                "0.0": 0.0,
                "-1.0": 0.0,
                "-2.0": 0.0,
                "-2.5": 0.001174957994090914,
                "-3.0": 0.07307956998274558,
                "-3.5": 0.07307956998274559,
                "-4.0": 0.11049982395231482,
                "-4.5": 0.11050026608055168,
                "-5.0": 0.13779515252275973,
                "-5.5": 0.1378100351419629,
                "-6.0": 0.12372083027121906,
                "-6.5": 0.12372083027121902,
                "-7.0": 0.05129351148255167,
                "-7.5": 0.05129351148255167,
                "-8.0": 0.006031940835287191,
                "-8.5": 0.0,
                "-9.0": 0.0
            },
            "Qs_in": 0.0,
            "Qs_out_bed": 0.0,
            "Qs_out_wall": 0.0,
            "D50": 0.06365050943583911,
            "D84": 0.1288874912272005
        },
        "deposit_downstream": {
            "flow_scale": 0.83,
            "elevation": 1745.0351330391334,
            "length": 47,
            "width": 1.0000338307803949,
            "bankfull_width": 7.5,
            "lwd_factor": 1,
            "gsd_bed": {
                "1.0": 0.0,
                "0.0": 0.0,
                "-1.0": 0.0,
                "-2.0": 0.0,
                "-2.5": 0.0,
                "-3.0": 0.0,
                "-3.5": 0.0,
                "-4.0": 4.3246868219604e-05,
                "-4.5": 5.866606274517699e-05,
                "-5.0": 8.368884027927612e-05,
                "-5.5": 8.367786193056732e-05,
                "-6.0": 0.054217856668056896,
                "-6.5": 0.0,
                "-7.0": 0.4465028318642341,
                "-7.5": 0.44650283186423406,
                "-8.0": 0.05250719997030045,
                "-8.5": 0.0,
                "-9.0": 0.0
            },
            "gsd_wall": {
                "1.0": 0.0,
                "0.0": 0.0,
                "-1.0": 9.052372323143208e-06,
                "-2.0": 6.846097190588558e-06,
                "-2.5": 0.002082764197597715,
                "-3.0": 0.07006779194064996,
                "-3.5": 0.07221186438000123,
                "-4.0": 0.1105463072887186,
                "-4.5": 0.11081435179715236,
                "-5.0": 0.13836960695445738,
                "-5.5": 0.13836619791453755,
                "-6.0": 0.12422115355877525,
                "-6.5": 0.12423430328426287,
                "-7.0": 0.05150639264276378,
                "-7.5": 0.0515063926427638,
                "-8.0": 0.006056974928805696,
                "-8.5": 0.0,
                "-9.0": 0.0
            },
            "Qs_in": 0.0,
            "Qs_out_bed": 0.0,
            "Qs_out_wall": 0.0,
            "D50": 0.1279561346006304,
            "D84": 0.1919342019009456
        },
        "downstream": {
            "flow_scale": 0.835,
            "elevation": 1741.5128612811623,
            "length": 65,
            "bankfull_width": 6,
            "lwd_factor": null,
            "gsd": {
                "1.0": 0.0,
                "0.0": 0.0,
                "-1.0": 1.4486232782979446e-05,
                "-2.0": 0.0005363312878437968,
                "-2.5": 0.0001761411288565809,
                "-3.0": 0.0027586798581053086,
                "-3.5": 0.0025298725435477414,
                "-4.0": 0.000474205596676282,
                "-4.5": 0.17366920940115324,
                "-5.0": 0.0907402436200507,
                "-5.5": 0.2919297130722308,
                "-6.0": 0.25269583898488074,
                "-6.5": 0.10282952280500737,
                "-7.0": 0.042013700056676324,
                "-7.5": 0.026086451496660865,
                "-8.0": 0.013545603915527194,
                "-8.5": 0.0,
                "-9.0": 0.0
            },
            "Qs_in": 0.0,
            "Qs_out": 0.0,
            "D50": 0.04501664325968561,
            "D84": 0.09163963525372064
        }
    },
    "sed_masses": {
        "upstream": {
            "1.0": 0.021802725683613397,
            "0.0": 3.724917211928281e-05,
            "-1.0": 0.00042315059527505284,
            "-2.0": 0.004481820389392106,
            "-2.5": 0.022925589370122536,
            "-3.0": 0.1293052861279937,
            "-3.5": 0.5502141448829413,
            "-4.0": 2.0597302215078623,
            "-4.5": 8.544502014652736,
            "-5.0": 31.246870323319296,
            "-5.5": 101.49832696193548,
            "-6.0": 284.34651994220565,
            "-6.5": 670.5794227580391,
            "-7.0": 1535.783676391143,
            "-7.5": 2222.7443139854613,
            "-8.0": 2924.7070622626866,
            "-8.5": 0.0,
            "-9.0": 0.0
        },
        "downstream": {
            "1.0": 0.006540454034265898,
            "0.0": 0.007639627438861363,
            "-1.0": 0.0003182921696405539,
            "-2.0": 0.005945098262909081,
            "-2.5": 0.08757219807695599,
            "-3.0": 0.2446342132793226,
            "-3.5": 0.6345407628373508,
            "-4.0": 5.334664740466824,
            "-4.5": 17.095209574088074,
            "-5.0": 333.15295719081587,
            "-5.5": 1518.0535936734366,
            "-6.0": 3717.011916315599,
            "-6.5": 2260.9333925780143,
            "-7.0": 4945.879420461825,
            "-7.5": 8685.855372452881,
            "-8.0": 12756.776680588886,
            "-8.5": 0.0,
            "-9.0": 0.0
        },
        "deposit_upstream": {
            "1.0": 0.0,
            "0.0": 0.0,
            "-1.0": 0.0,
            "-2.0": 0.0,
            "-2.5": 0.0,
            "-3.0": 0.0,
            "-3.5": 0.0,
            "-4.0": 582.1793282677013,
            "-4.5": 2057.99021033786,
            "-5.0": 7970.1681172126755,