{
    "timestep": "2012-04-03 02:00",
    "deposit_mass": 2401711,
    "reaches": {
        "upstream": {
            "flow_scale": 0.78,
            "elevation": 1746.1185000594903,
            "length": 50,
            "bankfull_width": 6,
            "lwd_factor": null,
            "gsd": {
                "1.0": 0.9390553772822752,
                "0.0": 0.00030353931027853726,
                "-1.0": 0.00043102582059552304,
                "-2.0": 0.0005706539033236502,
                "-2.5": 0.0010320336549470269,
                "-3.0": 0.002057996523688484,
                "-3.5": 0.003096100964841081,
                "-4.0": 0.004097780688760257,
                "-4.5": 0.0060100783435150405,
                "-5.0": 0.00777060634313056,
                "-5.5": 0.008924055722188998,
                "-6.0": 0.00883906471531101,
                "-6.5": 0.007369934453562886,
                "-7.0": 0.005967582840076045,
                "-7.5": 0.0030536054614020863,
                "-8.0": 0.0014205639721035549,
                "-8.5": 0.0,
                "-9.0": 0.0
            },
            "Qs_in": 0.0,
            "Qs_out": 0.0,
            "D50": 0.0007071067811865476,
            "D84": 0.0014142135623730952
        },
        "deposit_upstream": {
            "flow_scale": 0.79,
            "elevation": 1746.2998555457152,
            "length": 55,
            "width": 1.0000085977437505,
            "bankfull_width": 6,
            "lwd_factor": null,
            "gsd_bed": {
                "1.0": 0.0,
                "0.0": 0.0,
                "-1.0": 0.0,
                "-2.0": 0.0,
                "-2.5": 0.0,
                "-3.0": 0.0,
                "-3.5": 0.0012090877377196536,
                "-4.0": 0.0,
                "-4.5": 0.007613071898998742,
                "-5.0": 0.02022299806831263,
                "-5.5": 0.27093595938158627,
                "-6.0": 0.2432364363777179,
                "-6.5": 0.2432364363777179,
                "-7.0": 0.1008435759359578,
                "-7.5": 0.10084357593595783,
                "-8.0": 0.01185885828603109,
                "-8.5": 0.0,
                "-9.0": 0.0
            },
            "gsd_wall": {
                "1.0": 0.0,
                "0.0": 0.0,
                "-1.0": 0.0,
                "-2.0": 0.0,
                "-2.5": 0.0,
                "-3.0": 0.07316965663155112,
                "-3.5": 0.07316965663155113,
                "-4.0": 0.11063604707541763,
                "-4.5": 0.11063604707541763,
                "-5.0": 0.13796447304623796,
                "-5.5": 0.13796447304623796,
                "-6.0": 0.1238594789967823,
                "-6.5": 0.12385947899678229,
                "-7.0": 0.051350993961299427,
                "-7.5": 0.051350993961299427,
                "-8.0": 0.006038700577423194,
                "-8.5": 0.0,
                "-9.0": 0.0
            },
            "Qs_in": 0.0,
            "Qs_out_bed": 0.0,
            "Qs_out_wall": 0.0,
            "D50": 0.06690967150082323,
            "D84": 0.13035088184262034
        },
        "deposit_downstream": {
            "flow_scale": 0.83,
            "elevation": 1744.4916440422146,
            "length": 47,
            "width": 1.0754744961727656,
            "bankfull_width": 7.5,
            "lwd_factor": 1,
            "gsd_bed": {
                "1.0": 0.0,
                "0.0": 0.0,
                "-1.0": 0.0,
                "-2.0": 0.03616974220147236,
                "-2.5": 0.03616974220148872,
                "-3.0": 0.010638159471024698,
                "-3.5": 0.008510527576816638,
                "-4.0": 0.014893423259429332,
                "-4.5": 0.014893423259430041,
                "-5.0": 0.017021055153633897,
                "-5.5": 0.01702105515363407,
                "-6.0": 0.01702105515363404,
                "-6.5": 0.01702105515363407,
                "-7.0": 0.03556091999946863,
                "-7.5": 0.5163820532248802,
                "-8.0": 0.2586977881914532,
                "-8.5": 0.0,
                "-9.0": 0.0
            },
            "gsd_wall": {
                "1.0": 0.4915026003502621,
                "0.0": 0.4915026003502621,
                "-1.0": 0.00937396665418585,
                "-2.0": 0.001305482384145154,
                "-2.5": 0.001322997020751872,
                "-3.0": 0.0003659814404387647,
                "-3.5": 0.0003824859090979249,
                "-4.0": 0.0005111105523257867,
                "-4.5": 0.0005111105523238777,
                "-5.0": 0.0006920157724662748,
                "-5.5": 0.0006920157724657359,
                "-6.0": 0.0005935316138835386,
                "-6.5": 0.0005945726789485515,
                "-7.0": 0.0003066023418255878,
                "-7.5": 0.00024107674641210357,
                "-8.0": 0.00010184986020477044,
                "-8.5": 0.0,
                "-9.0": 0.0
            },
            "Qs_in": 0.0,
            "Qs_out_bed": 52.35920420463068,
            "Qs_out_wall": 0.011894435739342926,
            "D50": 0.0007556640912343894,
            "D84": 0.0011334961368515842
        },
        "downstream": {
            "flow_scale": 0.835,
            "elevation": 1741.640826957555,
            "length": 65,
            "bankfull_width": 6,
            "lwd_factor": null,
            "gsd": {
                "1.0": 0.4104561074862465,
                "0.0": 0.4104561074862465,
                "-1.0": 0.00782824315037411,
                "-2.0": 0.001117128025810473,
                "-2.5": 0.0011171280258106167,
                "-3.0": 0.0002862649738179372,
                "-3.5": 0.0003014782275769343,
                "-4.0": 0.00045475333848473787,
                "-4.5": 0.0004547533384847451,
                "-5.0": 0.03637699572177303,
                "-5.5": 0.036684738660911806,
                "-6.0": 0.0333941141152001,
                "-6.5": 0.0331805774165268,
                "-7.0": 0.014387300754404411,
                "-7.5": 0.012916074732341866,
                "-8.0": 0.0005882345459893819,
                "-8.5": 0.0,
                "-9.0": 0.0
            },
            "Qs_in": 52.37109864037002,
            "Qs_out": 0.0,
            "D50": 0.06371382555911974,
            "D84": 0.12871062232123334
        }
    },
    "sed_masses": {
        "upstream": {
            "1.0": 0.0075127901015453,
            "0.0": 9.39833192181889e-05,
            "-1.0": 0.0010676505063186262,
            "-2.0": 0.011308072968332491,
            "-2.5": 0.05784351333064823,
            "-3.0": 0.32624993500125227,
            "-3.5": 1.3882443199355576,
            "-4.0": 5.196901619488976,
            "-4.5": 21.558617674293373,
            "-5.0": 78.83892234602536,
            "-5.5": 256.0902463128182,
            "-6.0": 717.4341933488307,
            "-6.5": 1691.937736183735,
            "-7.0": 3874.933033307145,
            "-7.5": 5608.202183198806,
            "-8.0": 7379.323131587971,
            "-8.5": 0.0,
            "-9.0": 0.0
        },
        "downstream": {
            "1.0": 0.00015549364242302259,
            "0.0": 0.002119591839719359,
            "-1.0": 0.0010144661159398151,
            "-2.0": 0.006031841359472081,
            "-2.5": 0.03528181307931457,
            "-3.0": 0.18235542937113847,
            "-3.5": 1.5988330962373163,
            "-4.0": 8.654505409466688,
            "-4.5": 33.23791263979051,
            "-5.0": 653.140394217868,
            "-5.5": 1908.2160418932058,
            "-6.0": 5105.157164276322,
            "-6.5": 14101.706299645773,
            "-7.0": 20306.68243383198,
            "-7.5": 45362.014908623154,
            "-8.0": 21007.920617316788,
            "-8.5": 0.0,
            "-9.0": 0.0
        },
        "deposit_upstream": {
            "1.0": 23.857755746415855,
            "0.0": 190.86204597132684,
            "-1.0": 29.12105780453502,