{
    "timestep": "2012-06-02 12:00",
    "deposit_mass": 2401711,
    "reaches": {
        "upstream": {
            "flow_scale": 0.78,
            "elevation": 1746.2327671344651,
            "length": 50,
            "bankfull_width": 6,
            "lwd_factor": null,
            "gsd": {
                "1.0": 0.0,
                "0.0": 6.277479302981566e-17,
                "-1.0": 0.0,
                "-2.0": 0.0,
                "-2.5": 0.0,
                "-3.0": 0.0,
                "-3.5": 0.0,
                "-4.0": 0.33766038938336307,
                "-4.5": 0.49401613346020606,
                "-5.0": 0.13957140601788298,
                "-5.5": 0.026398210724453648,
                "-6.0": 0.0007806881008932417,
                "-6.5": 0.0006509308753326889,
                "-7.0": 0.0005270717054794337,
                "-7.5": 0.00026970200188825596,
                "-8.0": 0.0001254677305006996,
                "-8.5": 0.0,
                "-9.0": 0.0
            },
            "Qs_in": 1.7564134017414306,
            "Qs_out": 29.045320040860435,
            "D50": 0.00100598750740834,
            "D84": 0.02242859221966491
        },
        "deposit_upstream": {
            "flow_scale": 0.79,
            "elevation": 1745.9778693491896,
            "length": 55,
            "width": 2.1478958570277555,
            "bankfull_width": 6,
            "lwd_factor": null,
            "gsd_bed": {
                "1.0": 0.747694998742334,
                "0.0": 0.19137555773553497,
                "-1.0": 0.04844355451590865,
                "-2.0": 0.0059993215915790325,
                "-2.5": 0.0016924968811383831,
                "-3.0": 0.0002808770297135523,
                "-3.5": 0.0006881160254466388,
                "-4.0": 0.0014563265289025658,
                "-4.5": 0.0,
                "-5.0": 9.031282453198114e-05,
                "-5.5": 9.993165296758086e-05,
                "-6.0": 0.0004245589106454833,
                "-6.5": 0.0008617752652920264,
                "-7.0": 0.000415001235445122,
                "-7.5": 0.0004259736491648594,
                "-8.0": 5.119741139502464e-05,
                "-8.5": 0.0,
                "-9.0": 0.0
            },
            "gsd_wall": {
                "1.0": 0.0,
                "0.0": 0.0,
                "-1.0": 0.0,
                "-2.0": 2.647345132800868e-18,
                "-2.5": 4.60129606044895e-18,
                "-3.0": 0.0,
                "-3.5": 0.0018390872023919273,
                "-4.0": 0.0032173392440469077,
                "-4.5": 0.0,
                "-5.0": 0.1360324946829148,
                "-5.5": 0.1387914830003636,
                "-6.0": 0.14866125788527776,
                "-6.5": 0.2764855996256143,
                "-7.0": 0.13716985604168686,
                "-7.5": 0.13821829233148145,
                "-8.0": 0.01958458998622232,
                "-8.5": 0.0,
                "-9.0": 0.0
            },
            "Qs_in": 29.045320040860435,
            "Qs_out_bed": 0.0,
            "Qs_out_wall": 0.0,
            "D50": 0.09104389414542281,
            "D84": 0.179705437043371
        },
        "deposit_downstream": {
            "flow_scale": 0.83,
            "elevation": 1744.5648036353555,
            "length": 47,
            "width": 3.8870611903601304,
            "bankfull_width": 7.5,
            "lwd_factor": 1,
            "gsd_bed": {
                "1.0": 0.7488180284506804,
                "0.0": 0.15066587509044146,
                "-1.0": 0.019998317069071205,
                "-2.0": 0.0010639656843766973,
                "-2.5": 0.000466856931711234,
                "-3.0": 0.00026919374086605084,
                "-3.5": 0.0008058358656627421,
                "-4.0": 0.00022277060341511576,
                "-4.5": 2.2976955278189813e-06,
                "-5.0": 0.0009614462431374258,
                "-5.5": 0.0020394226352642908,
                "-6.0": 0.0023523375905791814,
                "-6.5": 0.016487435732061264,
                "-7.0": 0.024954576415591557,
                "-7.5": 0.027353205259286122,
                "-8.0": 0.003538434992327365,
                "-8.5": 0.0,
                "-9.0": 0.0
            },
            "gsd_wall": {
                "1.0": 0.0,
                "0.0": 0.0,
                "-1.0": 0.0,
                "-2.0": 0.0734521625460343,
                "-2.5": 0.19845286220486014,
                "-3.0": 0.14597415510713554,
                "-3.5": 0.07877951531987691,
                "-4.0": 0.10611901183689662,
                "-4.5": 9.861149173932467e-05,
                "-5.0": 0.005270478832708634,
                "-5.5": 0.006173491833399843,
                "-6.0": 0.010747282196120951,
                "-6.5": 0.0858288971335216,
                "-7.0": 0.12930680835107625,
                "-7.5": 0.141428979431418,
                "-8.0": 0.01836774371521188,
                "-8.5": 0.0,
                "-9.0": 0.0
            },
            "Qs_in": 0.0,
            "Qs_out_bed": 101.85041978817537,
            "Qs_out_wall": 0.0,
            "D50": 0.0007071067811865476,
            "D84": 0.001001447681531226
        },
        "downstream": {
            "flow_scale": 0.835,
            "elevation": 1741.8487626661763,
            "length": 65,
            "bankfull_width": 6,
            "lwd_factor": null,
            "gsd": {
                "1.0": 0.6432420995799836,
                "0.0": 0.2511884237418116,
                "-1.0": 0.07040006425037029,
                "-2.0": 0.008003350716824167,
                "-2.5": 0.004207492855040865,
                "-3.0": 0.0004012513457498871,
                "-3.5": 0.0009645667592631716,
                "-4.0": 0.0019408059817580306,
                "-4.5": 1.2607713700770651e-06,
                "-5.0": 0.00019153563350433764,
                "-5.5": 0.0006904118599085204,
                "-6.0": 0.0010017205897654682,
                "-6.5": 0.014393686256362543,
                "-7.0": 0.0021375299998741644,
                "-7.5": 0.001142886698545689,
                "-8.0": 9.291295986778131e-05,
                "-8.5": 0.0,
                "-9.0": 0.0
            },
            "Qs_in": 101.85041978817537,
            "Qs_out": 0.0,
            "D50": 0.0839133254534244,
            "D84": 0.14201123887460831
        }
    },
    "sed_masses": {
        "upstream": {
            "1.0": 0.008139440471777197,
            "0.0": 0.06482149771740742,
            "-1.0": 0.33435239426529956,
            "-2.0": 1.209681019717585,
            "-2.5": 4.64358461425789,
            "-3.0": 15.620293991804099,
            "-3.5": 108.23797173007623,
            "-4.0": 6514.056857705566,
            "-4.5": 24791.605802307604,
            "-5.0": 19810.93497890897,
            "-5.5": 10598.09977593975,
            "-6.0": 886.4945419334556,
            "-6.5": 2090.635743770369,
            "-7.0": 4788.044696266953,
            "-7.5": 6929.75142745632,
            "-8.0": 9118.229574172688,
            "-8.5": 0.0,
            "-9.0": 0.0
        },
        "downstream": {
            "1.0": 0.007216505265478596,
            "0.0": 0.020087721796123108,
            "-1.0": 0.06467738879673426,
            "-2.0": 0.08672092991690415,
            "-2.5": 0.2893518901698594,
            "-3.0": 0.2707846279501485,
            "-3.5": 0.8587816621331467,
            "-4.0": 5.164007073624445,
            "-4.5": 0.17072769235735372,
            "-5.0": 86.87063325490006,
            "-5.5": 288.0883945260664,
            "-6.0": 3069.36978119717,
            "-6.5": 124743.99199794397,
            "-7.0": 52396.80649513048,
            "-7.5": 79239.32570917034,
            "-8.0": 18220.440899050995,
            "-8.5": 0.0,
            "-9.0": 0.0
        },
        "deposit_upstream": {
            "1.0": 0.0,
            "0.0": 0.0,
            "-1.0": 0.0,
            "-2.0": 0.0,