{
    "timestep": "2012-04-21 20:00",
    "deposit_mass": 2401711,
    "reaches": {
        "upstream": {
            "flow_scale": 0.78,
            "elevation": 1746.1185006543383,
            "length": 50,
            "bankfull_width": 6,
            "lwd_factor": null,
            "gsd": {
                "1.0": 0.9949905967273274,
                "0.0": 2.4949712484672282e-05,
                "-1.0": 3.542859172823465e-05,
                "-2.0": 4.690545947118391e-05,
                "-2.5": 8.482902244788575e-05,
                "-3.0": 0.0001691590506460781,
                "-3.5": 0.00025448706734365725,
                "-4.0": 0.0003368211185430759,
                "-4.5": 0.0004940043071965113,
                "-5.0": 0.000638712639607611,
                "-5.5": 0.0007335215470493653,
                "-6.0": 0.0007265356275536573,
                "-6.5": 0.0006057790191278431,
                "-7.0": 0.0004905113474486573,
                "-7.5": 0.0002509941075958033,
                "-8.0": 0.0001167646544282663,
                "-8.5": 0.0,
                "-9.0": 0.0
            },
            "Qs_in": 0.007492698478811678,
            "Qs_out": 0.0,
            "D50": 0.0007071067811865476,
            "D84": 0.0014142135623730952
        },
        "deposit_upstream": {
            "flow_scale": 0.79,
            "elevation": 1746.2981037943134,
            "length": 55,
            "width": 1.0000085977437505,
            "bankfull_width": 6,
            "lwd_factor": null,
            "gsd_bed": {
                "1.0": 0.0,
                "0.0": 0.0,
                "-1.0": 0.0,
                "-2.0": 0.0,
                "-2.5": 0.0,
                "-3.0": 0.0,
                "-3.5": 0.0,
                "-4.0": 0.0,
                "-4.5": 0.0,
                "-5.0": 0.0,
                "-5.5": 0.0,
                "-6.0": 0.0,
                "-6.5": 0.5324995262459731,
                "-7.0": 0.22076937653970055,
                "-7.5": 0.22076937653970066,
                "-8.0": 0.02596172067462573,
                "-8.5": 0.0,
                "-9.0": 0.0
            },
            "gsd_wall": {
                "1.0": 0.0,
                "0.0": 0.0,
                "-1.0": 0.0,
                "-2.0": 0.0,
                "-2.5": 0.0,
                "-3.0": 0.07316965663155112,
                "-3.5": 0.07316965663155113,
                "-4.0": 0.11063604707541763,
                "-4.5": 0.11063604707541763,
                "-5.0": 0.13796447304623796,
                "-5.5": 0.13796447304623796,
                "-6.0": 0.1238594789967823,
                "-6.5": 0.12385947899678229,
                "-7.0": 0.051350993961299427,
                "-7.5": 0.051350993961299427,
                "-8.0": 0.006038700577423194,
                "-8.5": 0.0,
                "-9.0": 0.0
            },
            "Qs_in": 0.0,
            "Qs_out_bed": 0.0,
            "Qs_out_wall": 0.0,
            "D50": 0.08952863597966254,
            "D84": 0.18040768486576136
        },
        "deposit_downstream": {
            "flow_scale": 0.83,
            "elevation": 1743.7711066714198,
            "length": 47,
            "width": 1.2908067647447152,
            "bankfull_width": 7.5,
            "lwd_factor": 1,
            "gsd_bed": {
                "1.0": 0.0,
                "0.0": 0.0,
                "-1.0": 0.0,
                "-2.0": 0.14095847344852155,
                "-2.5": 0.14095847344858528,
                "-3.0": 0.036841419196784506,
                "-3.5": 0.03844322003141322,
                "-4.0": 0.05606302921247843,
                "-4.5": 0.05606302921248111,
                "-5.0": 0.06887743588961788,
                "-5.5": 0.06887743588961856,
                "-6.0": 0.06247023255104929,
                "-6.5": 0.06407203338569169,
                "-7.0": 0.03552752441272417,
                "-7.5": 0.17498962340533422,
                "-8.0": 0.05585806991570006,
                "-8.5": 0.0,
                "-9.0": 0.0
            },
            "gsd_wall": {
                "1.0": 0.49160120914024236,
                "0.0": 0.49160120914024236,
                "-1.0": 0.009375908410411719,
                "-2.0": 0.0012852330183467126,
                "-2.5": 0.001298330140628051,
                "-3.0": 0.00035085622278615403,
                "-3.5": 0.00034078396515328774,
                "-4.0": 0.000509386961465486,
                "-4.5": 0.0005424385142318659,
                "-5.0": 0.0006656588212193442,
                "-5.5": 0.0006653906246358799,
                "-6.0": 0.0005899471074396577,
                "-6.5": 0.0005754992485934232,
                "-7.0": 0.0002616169474105828,
                "-7.5": 0.0002770854331526633,
                "-8.0": 5.944630404034724e-05,
                "-8.5": 0.0,
                "-9.0": 0.0
            },
            "Qs_in": 0.0,
            "Qs_out_bed": 59.44352647134436,
            "Qs_out_wall": 0.06004574521925522,
            "D50": 0.0008102931941039858,
            "D84": 0.022612023885135144
        },
        "downstream": {
            "flow_scale": 0.835,
            "elevation": 1741.8917466065916,
            "length": 65,
            "bankfull_width": 6,
            "lwd_factor": null,
            "gsd": {
                "1.0": 0.0,
                "0.0": 0.0,
                "-1.0": 2.4878575935538766e-17,
                "-2.0": 0.0,
                "-2.5": 0.0,
                "-3.0": 0.0,
                "-3.5": 0.0,
                "-4.0": 0.0,
                "-4.5": 0.0,
                "-5.0": 0.016843811309712315,
                "-5.5": 0.28916057190306066,
                "-6.0": 0.26380130034251803,
                "-6.5": 0.25806487904837844,
                "-7.0": 0.10068766343461687,
                "-7.5": 0.06819867874010478,
                "-8.0": 0.003243095221608814,
                "-8.5": 0.0,
                "-9.0": 0.0
            },
            "Qs_in": 59.50357221656362,
            "Qs_out": 4.41949309149216,
            "D50": 0.0007631293957630026,
            "D84": 0.001144694093644504
        }
    },
    "sed_masses": {
        "upstream": {
            "1.0": 0.006638693979615162,
            "0.0": 8.304857277321049e-05,
            "-1.0": 0.0009434317867036713,
            "-2.0": 0.009992404276072692,
            "-2.5": 0.05111355149253773,
            "-3.0": 0.28829149358201206,
            "-3.5": 1.2267252358209066,
            "-4.0": 4.59225388006745,
            "-4.5": 19.050321309218788,
            "-5.0": 69.66619219539363,
            "-5.5": 226.29472585496245,
            "-6.0": 633.9623489780821,
            "-6.5": 1495.0846105465275,
            "-7.0": 3424.0933464035943,
            "-7.5": 4955.700554233303,
            "-8.0": 6520.755589488839,
            "-8.5": 0.0,
            "-9.0": 0.0
        },
        "downstream": {
            "1.0": 0.01992608781647598,
            "0.0": 0.03028477882736624,
            "-1.0": 0.008438148779911314,
            "-2.0": 0.022355442756210007,
            "-2.5": 0.03464686089770954,
            "-3.0": 0.01891087977262172,
            "-3.5": 0.22803691611005195,
            "-4.0": 1.2197918920220978,
            "-4.5": 24.509320536648094,
            "-5.0": 1064.9567625198222,
            "-5.5": 7081.006622030177,
            "-6.0": 18161.790032193523,
            "-6.5": 50411.67195335576,
            "-7.0": 53777.77604100971,
            "-7.5": 81949.26845463834,
            "-8.0": 20960.238443930903,
            "-8.5": 0.0,
            "-9.0": 0.0
        },
        "deposit_upstream": {
            "1.0": 23.822216389941445,
            "0.0": 190.57773111953156,
            "-1.0": 29.077678047225586,
            "-2.0": 31.5503761804127,
            "-2.5": 89.23793978462544,
            "-3.0": 66.50618978982232,
            "-3.5": 188.1090377483572,
            "-4.0": 804.4845126383327,