{
    "timestep": "2012-05-12 16:00",
    "deposit_mass": 2401711,
    "reaches": {
        "upstream": {
            "flow_scale": 0.78,
            "elevation": 1746.2634520483098,
            "length": 50,
            "bankfull_width": 6,
            "lwd_factor": null,
            "gsd": {
                "1.0": 0.2846111131523573,
                "0.0": 0.056470458958800804,
                "-1.0": 0.009035273433408117,
                "-2.0": 0.0,
                "-2.5": 0.002273348290492494,
                "-3.0": 0.027388073519024125,
                "-3.5": 0.15006203999189519,
                "-4.0": 0.28519289212623544,
                "-4.5": 0.1372507069524782,
                "-5.0": 0.03956549842300243,
                "-5.5": 0.007483326238429788,
                "-6.0": 0.00022130832314428664,
                "-6.5": 0.00018452493427003008,
                "-7.0": 0.0001494135176173308,
                "-7.5": 7.645472976756605e-05,
                "-8.0": 3.556740907676039e-05,
                "-8.5": 0.0,
                "-9.0": 0.0
            },
            "Qs_in": 0.3633958762223649,
            "Qs_out": 0.0,
            "D50": 0.015557353136804135,
            "D84": 0.023503230356184856
        },
        "deposit_upstream": {
            "flow_scale": 0.79,
            "elevation": 1746.0533804333031,
            "length": 55,
            "width": 1.661467485412703,
            "bankfull_width": 6,
            "lwd_factor": null,
            "gsd_bed": {
                "1.0": 0.8545479529193658,
                "0.0": 0.10681849411492073,
                "-1.0": 0.01335231176436509,
                "-2.0": 0.0016690389705456363,
                "-2.5": 0.0005900943870687167,
                "-3.0": 0.00020862987131820454,
                "-3.5": 7.376179838358959e-05,
                "-4.0": 2.6078733914775568e-05,
                "-4.5": 0.0,
                "-5.0": 0.0,
                "-5.5": 0.0,
                "-6.0": 0.0029307981404301654,
                "-6.5": 0.010235807002426541,
                "-7.0": 0.004440889538276751,
                "-7.5": 0.0045583136424066925,
                "-8.0": 0.0005478291165776113,
                "-8.5": 0.0,
                "-9.0": 0.0
            },
            "gsd_wall": {
                "1.0": 0.0,
                "0.0": 0.0,
                "-1.0": 0.0,
                "-2.0": 0.0,
                "-2.5": 0.022338675474753447,
                "-3.0": 0.16040384473867259,
                "-3.5": 0.04392506408016197,
                "-4.0": 0.0006592098739400939,
                "-4.5": 0.0,
                "-5.0": 0.14332432341757356,
                "-5.5": 0.14561159037421084,
                "-6.0": 0.15060987455993718,
                "-6.5": 0.17202431733681378,
                "-7.0": 0.07483220633162278,
                "-7.5": 0.0766514040011404,
                "-8.0": 0.009619489811173484,
                "-8.5": 0.0,
                "-9.0": 0.0
            },
            "Qs_in": 0.0,
            "Qs_out_bed": 44.83273462395909,
            "Qs_out_wall": 0.0,
            "D50": 0.0007071067811865476,
            "D84": 0.0010378582797531573
        },
        "deposit_downstream": {
            "flow_scale": 0.83,
            "elevation": 1744.4789633037387,
            "length": 47,
            "width": 2.747063836967312,
            "bankfull_width": 7.5,
            "lwd_factor": 1,
            "gsd_bed": {
                "1.0": 0.6143204666716298,
                "0.0": 0.17515903385605278,
                "-1.0": 0.05827129301111995,
                "-2.0": 0.01849193252617148,
                "-2.5": 0.019440876799319926,
                "-3.0": 0.017239651878322767,
                "-3.5": 0.008839049415206081,
                "-4.0": 0.00036807406790001463,
                "-4.5": 1.5235453056375075e-06,
                "-5.0": 0.0034812472053361533,
                "-5.5": 0.003557350691271159,
                "-6.0": 0.009827544078905846,
                "-6.5": 0.03203365628784878,
                "-7.0": 0.0174091917906927,
                "-7.5": 0.019088006093163485,
                "-8.0": 0.0024711020817534245,
                "-8.5": 0.0,
                "-9.0": 0.0
            },
            "gsd_wall": {
                "1.0": 0.3061098313127201,
                "0.0": 0.10652744761769155,
                "-1.0": 0.0926303006987531,
                "-2.0": 0.04068347793764971,
                "-2.5": 0.062405114196827066,
                "-3.0": 0.01095210407104438,
                "-3.5": 0.04043567239418392,
                "-4.0": 0.041162949907069826,
                "-4.5": 0.032237920861058755,
                "-5.0": 0.0506508949938533,
                "-5.5": 0.0498082985218482,
                "-6.0": 0.01157508751983302,
                "-6.5": 0.07036958556219544,
                "-7.0": 0.061797139830932386,
                "-7.5": 0.021120920318451843,
                "-8.0": 0.0015332542558871753,
                "-8.5": 0.0,
                "-9.0": 0.0
            },
            "Qs_in": 44.83273462395909,
            "Qs_out_bed": 90.72472999799201,
            "Qs_out_wall": 4.259128460079972e-06,
            "D50": 0.010592172537867973,
            "D84": 0.09002077156599951
        },
        "downstream": {
            "flow_scale": 0.835,
            "elevation": 1741.8077469680447,
            "length": 65,
            "bankfull_width": 6,
            "lwd_factor": null,
            "gsd": {
                "1.0": 0.6966460747853299,
                "0.0": 0.18397954368070635,
                "-1.0": 0.059971552328802934,
                "-2.0": 0.01680887732801788,
                "-2.5": 0.01176688146331213,
                "-3.0": 0.0005093734972763461,
                "-3.5": 0.00023871852786489417,
                "-4.0": 3.905524456285741e-05,
                "-4.5": 1.5285355693026741e-06,
                "-5.0": 0.0006395805201583045,
                "-5.5": 0.0015976036037426223,
                "-6.0": 0.015261451266212013,
                "-6.5": 0.008449997591511603,
                "-7.0": 0.002591501292624918,
                "-7.5": 0.0013856144039051327,
                "-8.0": 0.00011264593040244458,
                "-8.5": 0.0,
                "-9.0": 0.0
            },
            "Qs_in": 90.72473425712047,
            "Qs_out": 35.066766943622895,
            "D50": 0.062058973424681876,
            "D84": 0.09576467170597826
        }
    },
    "sed_masses": {
        "upstream": {
            "1.0": 3.191667059644379,
            "0.0": 8.476615730443303,
            "-1.0": 29.75693454307516,
            "-2.0": 81.82696537066239,
            "-2.5": 198.02420490524642,
            "-3.0": 697.3273404428915,
            "-3.5": 5176.156022860844,
            "-4.0": 18755.000651100938,
            "-4.5": 25529.24491645199,
            "-5.0": 20815.412141637433,
            "-5.5": 11135.457008427244,
            "-6.0": 931.4426235462774,
            "-6.5": 2196.637598929819,
            "-7.0": 5030.8137304724705,
            "-7.5": 7281.111777671824,
            "-8.0": 9580.552699333144,
            "-8.5": 0.0,
            "-9.0": 0.0
        },
        "downstream": {
            "1.0": 0.033356306369601976,
            "0.0": 0.022126505624096474,
            "-1.0": 0.09879142370990181,
            "-2.0": 0.20365708835342913,
            "-2.5": 1.6956071739091514,
            "-3.0": 4.861196160379272,
            "-3.5": 11.393164339024187,
            "-4.0": 1.794935271350577,
            "-4.5": 0.1739363281793289,
            "-5.0": 146.00743046326352,
            "-5.5": 1404.7924809393717,
            "-6.0": 39181.32099727911,
            "-6.5": 61539.12369287009,
            "-7.0": 53381.54580693165,
            "-7.5": 80728.54011527523,
            "-8.0": 18562.873685165792,
            "-8.5": 0.0,
            "-9.0": 0.0
        },