{
    "timestep": "2022-05-03 05:00:00",
    "deposit_mass": 2401711,
    "reaches": {
        "upstream": {
            "flow_scale": 0.78,
            "elevation": 1746.384534296298,
            "length": 50,
            "bankfull_width": 6,
            "lwd_factor": null,
            "gsd": {
                "1.0": 0.5753215607563086,
                "0.0": 0.11685021082351077,
                "-1.0": 0.01591946598963354,
                "-2.0": 0.001977144918049616,
                "-2.5": 0.001956793147964677,
                "-3.0": 0.006483096485479822,
                "-3.5": 0.033020140278819846,
                "-4.0": 0.02298667445693342,
                "-4.5": 0.011956643995352496,
                "-5.0": 0.010132466723337724,
                "-5.5": 0.1660817381694536,
                "-6.0": 0.036107429251494155,
                "-6.5": 0.0004992688801790817,
                "-7.0": 0.0004042679647578596,
                "-7.5": 0.00020686346518128352,
                "-8.0": 9.62346935435795e-05,
                "-8.5": 0.0,
                "-9.0": 0.0
            },
            "Qs_in": 0.24476148364118058,
            "Qs_out": 0.0,
            "D50": 0.04159248262778819,
            "D84": 0.062388723941682274
        },
        "deposit_upstream": {
            "flow_scale": 0.79,
            "elevation": 1745.865066086861,
            "length": 55,
            "width": 3.021111465449911,
            "bankfull_width": 6,
            "lwd_factor": null,
            "gsd_bed": {
                "1.0": 0.10255632566253095,
                "0.0": 0.027927835444800715,
                "-1.0": 0.007492351061660356,
                "-2.0": 0.0004292218187567246,
                "-2.5": 0.00045905854473319565,
                "-3.0": 0.0009836981697221973,
                "-3.5": 0.03699765858263693,
                "-4.0": 0.15787801371738827,
                "-4.5": 0.18264016430535512,
                "-5.0": 0.10167223644773497,
                "-5.5": 0.024525411497870447,
                "-6.0": 0.006688179832882184,
                "-6.5": 0.08767400413442954,
                "-7.0": 0.12190706285777726,
                "-7.5": 0.1251297354857187,
                "-8.0": 0.015039042436002464,
                "-8.5": 0.0,
                "-9.0": 0.0
            },
            "gsd_wall": {
                "1.0": 0.0,
                "0.0": 0.0,
                "-1.0": 0.0,
                "-2.0": 0.0,
                "-2.5": 0.0,
                "-3.0": 0.0007757457688383679,
                "-3.5": 0.000648993697167131,
                "-4.0": 0.00795255358652942,
                "-4.5": 0.15065783636342994,
                "-5.0": 0.11379470632004464,
                "-5.5": 0.033281849360460664,
                "-6.0": 0.014632207366405416,
                "-6.5": 0.17460322165327308,
                "-7.0": 0.2340804386854444,
                "-7.5": 0.24019273642550826,
                "-8.0": 0.029379710772898773,
                "-8.5": 0.0,
                "-9.0": 0.0
            },
            "Qs_in": 0.0,
            "Qs_out_bed": 11.630539007966217,
            "Qs_out_wall": 0.0,
            "D50": 0.0007071067811865476,
            "D84": 0.0010536062713384282
        },
        "deposit_downstream": {
            "flow_scale": 0.83,
            "elevation": 1744.4546032047274,
            "length": 47,
            "width": 4.677715022203355,
            "bankfull_width": 7.5,
            "lwd_factor": 1,
            "gsd_bed": {
                "1.0": 0.7995950341205059,
                "0.0": 0.16344307131284214,
                "-1.0": 0.023264880894625663,
                "-2.0": 0.0013781755990222434,
                "-2.5": 0.002767046582310202,
                "-3.0": 0.0039713956095543245,
                "-3.5": 0.004247761572920434,
                "-4.0": 5.664398525100825e-05,
                "-4.5": 2.281871741248066e-05,
                "-5.0": 1.1482816879283815e-05,
                "-5.5": 1.556787867982835e-05,
                "-6.0": 3.7471408124005393e-06,
                "-6.5": 2.176905868092322e-05,
                "-7.0": 0.0003802623223314256,
                "-7.5": 0.0007263773160518276,
                "-8.0": 9.396507212000811e-05,
                "-8.5": 0.0,
                "-9.0": 0.0
            },
            "gsd_wall": {
                "1.0": 0.0,
                "0.0": 0.0,
                "-1.0": 0.0,
                "-2.0": 0.0,
                "-2.5": 0.1132343044245421,
                "-3.0": 0.33961974748371687,
                "-3.5": 0.23287741745401314,
                "-4.0": 0.12942608720802712,
                "-4.5": 0.06561694291260521,
                "-5.0": 0.022936373464192913,
                "-5.5": 0.005659325779318063,
                "-6.0": 0.00045436567774795973,
                "-6.5": 0.0022272296674430334,
                "-7.0": 0.02786203936684558,
                "-7.5": 0.05318609788618553,
                "-8.0": 0.006900068675362586,
                "-8.5": 0.0,
                "-9.0": 0.0
            },
            "Qs_in": 11.630539007966217,
            "Qs_out_bed": 0.007492698478811678,
            "Qs_out_wall": 0.0,
            "D50": 0.16857259904129665,
            "D84": 0.25285889856194493
        },
        "downstream": {
            "flow_scale": 0.835,
            "elevation": 1741.7782078701352,
            "length": 65,
            "bankfull_width": 6,
            "lwd_factor": null,
            "gsd": {
                "1.0": 0.0,
                "0.0": 0.0,
                "-1.0": 0.0,
                "-2.0": 0.0,
                "-2.5": 0.0,
                "-3.0": 0.0,
                "-3.5": 0.0,
                "-4.0": 0.0,
                "-4.5": 0.0,
                "-5.0": 0.005832946849273747,
                "-5.5": 0.007392775602472213,
                "-6.0": 0.0019788837229804735,
                "-6.5": 0.03055336770671279,
                "-7.0": 0.7748061230603857,
                "-7.5": 0.16594510724335276,
                "-8.0": 0.013490795814822416,
                "-8.5": 0.0,
                "-9.0": 0.0
            },
            "Qs_in": 0.007492698478811678,
            "Qs_out": 0.6612460359059584,
            "D50": 0.0011489641687391357,
            "D84": 0.12630423176055627
        }
    },
    "sed_masses": {
        "upstream": {
            "1.0": 0.04632031807455619,
            "0.0": 0.6601334858717354,
            "-1.0": 3.7396520376110187,
            "-2.0": 11.996264931076382,
            "-2.5": 33.58129640027377,
            "-3.0": 111.68181557956389,
            "-3.5": 355.25823813689885,
            "-4.0": 539.9225485412775,
            "-4.5": 793.4305605635394,
            "-5.0": 1895.5092515575739,
            "-5.5": 87764.16751090549,
            "-6.0": 53976.38454167749,
            "-6.5": 2110.992608681266,
            "-7.0": 4834.66667685816,
            "-7.5": 6997.2275595827205,
            "-8.0": 9207.015278818337,
            "-8.5": 0.0,
            "-9.0": 0.0
        },
        "downstream": {
            "1.0": 0.09184979672086753,
            "0.0": 0.0393023256107989,
            "-1.0": 0.11873082298552327,
            "-2.0": 0.024795675274067206,
            "-2.5": 0.10923773306063,
            "-3.0": 1.7059882262606647,
            "-3.5": 2.9421274250329557,
            "-4.0": 8.638491746790711,
            "-4.5": 30.296420738888017,
            "-5.0": 22.571070398776765,
            "-5.5": 64.59204766415755,
            "-6.0": 48.903577986141514,
            "-6.5": 2135.6222604515733,
            "-7.0": 153180.4672430364,
            "-7.5": 92793.97765741273,
            "-8.0": 21337.223286077096,
            "-8.5": 0.0,
            "-9.0": 0.0
        },
        "deposit_upstream": {
            "1.0": 0.04303851256055447,
            "0.0": 0.09376096413869832,
            "-1.0": 0.2012300768802064,