{
    "timestep": "2017-04-16 00:00",
    "deposit_mass": 2401711,
    "reaches": {
        "upstream": {
            "flow_scale": 0.78,
            "elevation": 1746.343925101037,
            "length": 50,
            "bankfull_width": 6,
            "lwd_factor": null,
            "gsd": {
                "1.0": 0.0,
                "0.0": 0.007363809445706659,
                "-1.0": 0.002093221978912796,
                "-2.0": 0.0008158290639390498,
                "-2.5": 0.00131833850401202,
                "-3.0": 0.0022467723093514656,
                "-3.5": 0.0008877173911985185,
                "-4.0": 0.003604076932454806,
                "-4.5": 0.019556918458193524,
                "-5.0": 0.15456259037144987,
                "-5.5": 0.7770619126775961,
                "-6.0": 0.025802005422062794,
                "-6.5": 0.001939258431621841,
                "-7.0": 0.001570256209459855,
                "-7.5": 0.000803498345227176,
                "-8.0": 0.0003737944588134367,
                "-8.5": 0.0,
                "-9.0": 0.0
            },
            "Qs_in": 0.0,
            "Qs_out": 0.0,
            "D50": 0.04136046631016785,
            "D84": 0.06204069946525177
        },
        "deposit_upstream": {
            "flow_scale": 0.79,
            "elevation": 1745.864974673282,
            "length": 55,
            "width": 2.870402626514901,
            "bankfull_width": 6,
            "lwd_factor": null,
            "gsd_bed": {
                "1.0": 0.0,
                "0.0": 0.0,
                "-1.0": 0.0009641948233941278,
                "-2.0": 0.001911622866945731,
                "-2.5": 0.02962760709487716,
                "-3.0": 0.05958231504719523,
                "-3.5": 0.004937076364214455,
                "-4.0": 0.001030203870382458,
                "-4.5": 0.0004471146871113204,
                "-5.0": 0.007064110891476283,
                "-5.5": 0.010589061000101813,
                "-6.0": 0.03429318434857643,
                "-6.5": 0.2740762208925253,
                "-7.0": 0.2676887141526387,
                "-7.5": 0.2747637003980902,
                "-8.0": 0.03302487356247067,
                "-8.5": 0.0,
                "-9.0": 0.0
            },
            "gsd_wall": {
                "1.0": 0.0,
                "0.0": 2.8501851313116846e-16,
                "-1.0": 0.0,
                "-2.0": 2.3751542760930702e-17,
                "-2.5": 0.0,
                "-3.0": 0.0,
                "-3.5": 0.0,
                "-4.0": 0.005055567218623934,
                "-4.5": 0.12723235702850988,
                "-5.0": 0.2530598268441713,
                "-5.5": 0.022157933862878624,
                "-6.0": 0.026324009615220488,
                "-6.5": 0.18266678213198537,
                "-7.0": 0.17538837489501655,
                "-7.5": 0.18469653140321265,
                "-8.0": 0.02341861700038099,
                "-8.5": 0.0,
                "-9.0": 0.0
            },
            "Qs_in": 0.0,
            "Qs_out_bed": 0.0,
            "Qs_out_wall": 0.0,
            "D50": 0.12638861121997916,
            "D84": 0.18958291682996872
        },
        "deposit_downstream": {
            "flow_scale": 0.83,
            "elevation": 1744.4635093640434,
            "length": 47,
            "width": 4.5311602192034615,
            "bankfull_width": 7.5,
            "lwd_factor": 1,
            "gsd_bed": {
                "1.0": 7.09118511811419e-16,
                "0.0": 0.0,
                "-1.0": 0.0,
                "-2.0": 0.0007816177005987128,
                "-2.5": 0.0011894633870799072,
                "-3.0": 0.0023403229131388203,
                "-3.5": 0.003081046349693685,
                "-4.0": 0.0010488614762332032,
                "-4.5": 0.0009832681690075554,
                "-5.0": 0.0035476556041135372,
                "-5.5": 0.0026549416561689005,
                "-6.0": 0.006606750186580435,
                "-6.5": 0.03565928533257933,
                "-7.0": 0.3303703577301554,
                "-7.5": 0.5416703057606805,
                "-8.0": 0.07006612373396931,
                "-8.5": 0.0,
                "-9.0": 0.0
            },
            "gsd_wall": {
                "1.0": 0.0,
                "0.0": 0.0,
                "-1.0": 0.0,
                "-2.0": 0.0,
                "-2.5": 0.3127455455047463,
                "-3.0": 0.307386907640245,
                "-3.5": 0.19493287272226548,
                "-4.0": 0.1009467068691969,
                "-4.5": 0.045926023187682456,
                "-5.0": 0.016154123975150154,
                "-5.5": 0.0007090306563410069,
                "-6.0": 9.148432772765351e-05,
                "-6.5": 0.0007824996541787153,
                "-7.0": 0.007118598226638634,
                "-7.5": 0.01167243013533615,
                "-8.0": 0.0015337771004918263,
                "-8.5": 0.0,
                "-9.0": 0.0
            },
            "Qs_in": 0.0,
            "Qs_out_bed": 0.0,
            "Qs_out_wall": 0.0,
            "D50": 0.1694585158509066,
            "D84": 0.25418777377635987
        },
        "downstream": {
            "flow_scale": 0.835,
            "elevation": 1741.754431666124,
            "length": 65,
            "bankfull_width": 6,
            "lwd_factor": null,
            "gsd": {
                "1.0": 7.846098462627135e-17,
                "0.0": 0.0014665864573213218,
                "-1.0": 0.004661056902318759,
                "-2.0": 0.0014820913421719865,
                "-2.5": 0.0018524540973320573,
                "-3.0": 0.0025751524257089805,
                "-3.5": 0.0015045999185893145,
                "-4.0": 0.00030749134280653485,
                "-4.5": 0.0005069291211320227,
                "-5.0": 0.0009675377320909217,
                "-5.5": 0.0023719596555993715,
                "-6.0": 0.007902714460524523,
                "-6.5": 0.055736515955130336,
                "-7.0": 0.7249691708920237,
                "-7.5": 0.17913282542022596,
                "-8.0": 0.014562914277024006,
                "-8.5": 0.0,
                "-9.0": 0.0
            },
            "Qs_in": 0.0,
            "Qs_out": 0.0,
            "D50": 0.11911134631228767,
            "D84": 0.1962612112032588
        }
    },
    "sed_masses": {
        "upstream": {
            "1.0": 0.009139365332397334,
            "0.0": 0.02439680313139825,
            "-1.0": 0.031232913786640632,
            "-2.0": 0.09738372356238541,
            "-2.5": 0.44510157716672866,
            "-3.0": 2.1455382079680536,
            "-3.5": 2.0596780629110367,
            "-4.0": 23.651770790854457,
            "-4.5": 363.00702296341325,
            "-5.0": 8114.541456951909,
            "-5.5": 115387.88472523258,
            "-6.0": 10836.84957228824,
            "-6.5": 2303.7230337475726,
            "-7.0": 5276.064415463577,
            "-7.5": 7636.063828501078,
            "-8.0": 10047.601816630606,
            "-8.5": 0.0,
            "-9.0": 0.0
        },
        "downstream": {
            "1.0": 7.040530792040402e-05,
            "0.0": 0.00011892670011623007,
            "-1.0": 0.0030237397093492,
            "-2.0": 0.007691746378721105,
            "-2.5": 0.02719208030593308,
            "-3.0": 0.10691605183294244,
            "-3.5": 0.17668757082188455,
            "-4.0": 0.1021322389073985,
            "-4.5": 0.47623596883172703,
            "-5.0": 2.5709158223164774,
            "-5.5": 17.826752617274774,
            "-6.0": 167.99108063231557,
            "-6.5": 3351.1567680684634,
            "-7.0": 123287.61723746406,
            "-7.5": 86162.85679190699,
            "-8.0": 19812.450772642806,
            "-8.5": 0.0,
            "-9.0": 0.0
        },
        "deposit_upstream": {
            "1.0": 0.0,
            "0.0": 0.0,
            "-1.0": 0.002508026427589801,
            "-2.0": 0.03977951802734456,