{
    "timestep": "2020-05-01 02:00",
    "deposit_mass": "",
    "reaches": {
        "upstream": {
            "flow_scale": 0.92,
            "elevation": 1394.0014870699958,
            "length": 192,
            "bankfull_width": 12,
            "lwd_factor": null,
            "gsd": {
                "1.0": 0.38809854984389475,
                "0.0": 0.08151380377315809,
                "-1.0": 0.30251939258838473,
                "-2.0": 0.015191216919638203,
                "-2.5": 0.015191216919631337,
                "-3.0": 0.015191216919633328,
                "-3.5": 0.015191216919638898,
                "-4.0": 0.015191216919638675,
                "-4.5": 0.015191216919637953,
                "-5.0": 0.015191216919638342,
                "-5.5": 0.015191216919638189,
                "-6.0": 0.015191216919638217,
                "-6.5": 0.015191216919638189,
                "-7.0": 0.015191216919638196,
                "-7.5": 0.015191216919638206,
                "-8.0": 0.015191216919638208,
                "-8.5": 0.015191216919638206,
                "-9.0": 0.015191216919638177
            },
            "Qs_in": 0.4551814325878075,
            "Qs_out": 0.43493625040003353,
            "D50": 0.0007071067811865476,
            "D84": 0.0010536313887591297
        },
        "deposit_upstream": {
            "flow_scale": 0.93,
            "elevation": 1392.8548042716775,
            "length": 240,
            "width": 6.0,
            "bankfull_width": 12,
            "lwd_factor": null,
            "gsd_bed": {
                "1.0": 0.0031415950493782715,
                "0.0": 0.00314159504979542,
                "-1.0": 0.005864321807706147,
                "-2.0": 0.012252243495698742,
                "-2.5": 0.02052512556065446,
                "-3.0": 0.025865847157524362,
                "-3.5": 0.045555856453174566,
                "-4.0": 0.06403491237634128,
                "-4.5": 0.08964034561467298,
                "-5.0": 0.09707546781387548,
                "-5.5": 0.028171402979952024,
                "-6.0": 0.1472094756848121,
                "-6.5": 0.11582035314974291,
                "-7.0": 0.10440586988401672,
                "-7.5": 0.07916834266192846,
                "-8.0": 0.04995145429892351,
                "-8.5": 0.047752333669056485,
                "-9.0": 0.06042345729274605
            },
            "gsd_wall": {
                "1.0": 0.0011136784919928485,
                "0.0": 0.0011136784921410427,
                "-1.0": 0.0020788676551507157,
                "-2.0": 0.004343379736481487,
                "-2.5": 0.007276359147157901,
                "-3.0": 0.009170883106827628,
                "-3.5": 0.01768369439679362,
                "-4.0": 0.022226114013798266,
                "-4.5": 0.03209834265165274,
                "-5.0": 0.035457984459049935,
                "-5.5": 0.03689604221716648,
                "-6.0": 0.05431513731498722,
                "-6.5": 0.0689862501633143,
                "-7.0": 0.09833196840723903,
                "-7.5": 0.12811041724309816,
                "-8.0": 0.12730162902682823,
                "-8.5": 0.15604451259457286,
                "-9.0": 0.1974510608817475
            },
            "Qs_in": 0.43493625040003353,
            "Qs_out_bed": 0.43493625040003353,
            "Qs_out_wall": 0.0,
            "D50": 0.06339489660104826,
            "D84": 0.1830345802646278
        },
        "deposit_downstream": {
            "flow_scale": 0.93,
            "elevation": 1375.6851799132733,
            "length": 230,
            "width": 6.000444135682999,
            "bankfull_width": 12,
            "lwd_factor": null,
            "gsd_bed": {
                "1.0": 0.9840500506487821,
                "0.0": 4.3247548004695705e-06,
                "-1.0": 2.3320662878440663e-05,
                "-2.0": 2.900227152840074e-06,
                "-2.5": 3.7758183215809123e-06,
                "-3.0": 1.6708201415369475e-07,
                "-3.5": 1.6676692975332727e-06,
                "-4.0": 1.6676724845499464e-06,
                "-4.5": 6.834789293642573e-07,
                "-5.0": 4.402591096751995e-06,
                "-5.5": 5.643532156760578e-06,
                "-6.0": 8.223899680752628e-06,
                "-6.5": 0.00015046227087407466,
                "-7.0": 0.0028539309508824103,
                "-7.5": 0.003222029532758186,
                "-8.0": 0.0032222382153982605,
                "-8.5": 0.0032222290281122053,
                "-9.0": 0.0032222819643792653
            },
            "gsd_wall": {
                "1.0": 3.5470499329696984e-17,
                "0.0": 3.5470956392837017e-15,
                "-1.0": 6.621159876086264e-13,
                "-2.0": 1.3833494739717314e-10,
                "-2.5": 2.3174059249656944e-09,
                "-3.0": 2.920404416931226e-08,
                "-3.5": 5.642840176898773e-07,
                "-4.0": 7.096038477552433e-06,
                "-4.5": 0.00010212932867204584,
                "-5.0": 0.011137552859792172,
                "-5.5": 0.11024415217364382,
                "-6.0": 0.14192427938563798,
                "-6.5": 0.13424206370427788,
                "-7.0": 0.126443613232186,
                "-7.5": 0.1115587660671388,
                "-8.0": 0.1150927558659524,
                "-8.5": 0.11002577919193704,
                "-9.0": 0.1392212162078158
            },
            "Qs_in": 0.43493625040003353,
            "Qs_out_bed": 0.28083773244499166,
            "Qs_out_wall": 0.0,
            "D50": 0.25664527998327963,
            "D84": 0.5064078532856889
        },
        "downstream": {
            "flow_scale": 0.94,
            "elevation": 1367.6828894882876,
            "length": 200,
            "bankfull_width": 12,
            "lwd_factor": null,
            "gsd": {
                "1.0": 0.29326261807533577,
                "0.0": 0.38170563050875767,
                "-1.0": 0.08649686877829889,
                "-2.0": 0.0055236436809918835,
                "-2.5": 0.010840470965651971,
                "-3.0": 0.018821085893091394,
                "-3.5": 0.023522232319681726,
                "-4.0": 0.016347949979836462,
                "-4.5": 0.016347949979834908,
                "-5.0": 0.01634794997983574,
                "-5.5": 0.01634794997983541,
                "-6.0": 0.016347949979835474,
                "-6.5": 0.01634794997983541,
                "-7.0": 0.016347949979835432,
                "-7.5": 0.01634794997983545,
                "-8.0": 0.016347949979835456,
                "-8.5": 0.01634794997983545,
                "-9.0": 0.016347949979835387
            },
            "Qs_in": 0.28083773244499166,
            "Qs_out": 5.0952933598713415,
            "D50": 0.0007705998943992993,
            "D84": 0.0011558998415989487
        }
    }
}