{
    "timestep": "2010-04-03 02:00",
    "deposit_mass": "",
    "reaches": {
        "upstream": {
            "flow_scale": 0.92,
            "elevation": 1393.92,
            "length": 192,
            "bankfull_width": 12,
            "lwd_factor": null,
            "gsd": {
                "1.0": 0.005000500050005995,
                "0.0": 0.005000500050007123,
                "-1.0": 0.005000500050007547,
                "-2.0": 0.005000500050006703,
                "-2.5": 0.008500850084815399,
                "-3.0": 0.01950195019470692,
                "-3.5": 0.04140414041415175,
                "-4.0": 0.07530753075321989,
                "-4.5": 0.1259125912590622,
                "-5.0": 0.16851685168530314,
                "-5.5": 0.2080208020802674,
                "-6.0": 0.17341734173423917,
                "-6.5": 0.10451045104513437,
                "-7.0": 0.04140414041405421,
                "-7.5": 0.011401140114015303,
                "-8.0": 0.0018001800180024374,
                "-8.5": 0.00030003000300040256,
                "-9.0": 0.0
            },
            "Qs_in": 0.0,
            "Qs_out": 0.0,
            "D50": 0.04415561578061934,
            "D84": 0.06623342367092902
        },
        "deposit_upstream": {
            "flow_scale": 0.93,
            "elevation": 1393.1799999993066,
            "length": 240,
            "width": 6.0,
            "bankfull_width": 12,
            "lwd_factor": null,
            "gsd_bed": {
                "1.0": 0.0030017955248743014,
                "0.0": 0.003001795524874918,
                "-1.0": 0.005603362079853275,
                "-2.0": 0.011707024345405739,
                "-2.5": 0.019611767279030922,
                "-3.0": 0.02471482917322974,
                "-3.5": 0.047628577678855435,
                "-4.0": 0.05973584217280565,
                "-4.5": 0.08565139179195602,
                "-5.0": 0.09275565442902656,
                "-5.5": 0.09165499402043678,
                "-6.0": 0.11777066371404331,
                "-6.5": 0.11066640107707755,
                "-7.0": 0.09975985702879601,
                "-7.5": 0.0756453880780064,
                "-8.0": 0.047728637715885563,
                "-8.5": 0.04562737693594037,
                "-9.0": 0.05773464142990149
            },
            "gsd_wall": {
                "1.0": 0.003001800899608095,
                "0.0": 0.003001800899608769,
                "-1.0": 0.005603362019256316,
                "-2.0": 0.01170702421880139,
                "-2.5": 0.019611767066941586,
                "-3.0": 0.02471482890595391,
                "-3.5": 0.04762857716378126,
                "-4.0": 0.059735841526798845,
                "-4.5": 0.08565139086568832,
                "-5.0": 0.09275565342593056,
                "-5.5": 0.09165499302924367,
                "-6.0": 0.11777066244042499,
                "-6.5": 0.11066639988028748,
                "-7.0": 0.09975985594995376,
                "-7.5": 0.07564538725994759,
                "-8.0": 0.04772863719972928,
                "-8.5": 0.04562737644250803,
                "-9.0": 0.05773464080553634
            },
            "Qs_in": 0.0,
            "Qs_out_bed": 0.0,
            "Qs_out_wall": 0.0,
            "D50": 0.06367364778636984,
            "D84": 0.18265499911519903
        },
        "deposit_downstream": {
            "flow_scale": 0.93,
            "elevation": 1375.7400000007228,
            "length": 230,
            "width": 6.0,
            "bankfull_width": 12,
            "lwd_factor": null,
            "gsd_bed": {
                "1.0": 0.03272097960538117,
                "0.0": 0.032720979605388334,
                "-1.0": 0.0052682957805760345,
                "-2.0": 0.01100697511298733,
                "-2.5": 0.01843903523158785,
                "-3.0": 0.023236947460370694,
                "-3.5": 0.044780514134992885,
                "-4.0": 0.056163796089434406,
                "-4.5": 0.08052966407443765,
                "-5.0": 0.08720911051063207,
                "-5.5": 0.0861742666965461,
                "-6.0": 0.11072828810244967,
                "-6.5": 0.10404884166635356,
                "-7.0": 0.09379448023630794,
                "-7.5": 0.0711219930377646,
                "-8.0": 0.044874590845256766,
                "-8.5": 0.042898979927540576,
                "-9.0": 0.05428226188199233
            },
            "gsd_wall": {
                "1.0": 0.00300180108065005,
                "0.0": 0.0030018010806507267,
                "-1.0": 0.005603362017215178,
                "-2.0": 0.011707024214536841,
                "-2.5": 0.019611767059797558,
                "-3.0": 0.024714828896951025,
                "-3.5": 0.04762857714643155,
                "-4.0": 0.05973584150503884,
                "-4.5": 0.08565139083448786,
                "-5.0": 0.09275565339214223,
                "-5.5": 0.09165499299585625,
                "-6.0": 0.11777066239752461,
                "-6.5": 0.11066639983997485,
                "-7.0": 0.09975985591361415,
                "-7.5": 0.07564538723239225,
                "-8.0": 0.04772863718234315,
                "-8.5": 0.0456273764258874,
                "-9.0": 0.05773464078450547
            },
            "Qs_in": 0.0,
            "Qs_out_bed": 0.0,
            "Qs_out_wall": 0.0,
            "D50": 0.06306984622906589,
            "D84": 0.182175292762116
        },
        "downstream": {
            "flow_scale": 0.94,
            "elevation": 1367.45,
            "length": 200,
            "bankfull_width": 12,
            "lwd_factor": null,
            "gsd": {
                "1.0": 0.005001500450160271,
                "0.0": 0.005001500450161401,
                "-1.0": 0.017005101530550217,
                "-2.0": 0.04771431429453558,
                "-2.5": 0.11333400019803451,
                "-3.0": 0.21246373911936034,
                "-3.5": 0.27058117435433754,
                "-4.0": 0.21616484945629832,
                "-4.5": 0.08732619785973694,
                "-5.0": 0.015404621386502873,
                "-5.5": 0.0050015004501607115,
                "-6.0": 0.005001500450161165,
                "-6.5": 0.0,
                "-7.0": 0.0,
                "-7.5": 0.0,
                "-8.0": 0.0,
                "-8.5": 0.0,
                "-9.0": 0.0
            },
            "Qs_in": 0.0,
            "Qs_out": 0.0,
            "D50": 0.011112393997901841,
            "D84": 0.016668590996852764
        }
    }
}