{
    "timestep": "2016-07-11 08:00",
    "deposit_mass": "",
    "reaches": {
        "upstream": {
            "flow_scale": 0.92,
            "elevation": 1393.9723819550163,
            "length": 192,
            "bankfull_width": 12,
            "lwd_factor": null,
            "gsd": {
                "1.0": 0.9497503673341463,
                "0.0": 0.0029558607451234302,
                "-1.0": 0.0029558607451263077,
                "-2.0": 0.002955860745120586,
                "-2.5": 0.0029558607443508507,
                "-3.0": 0.002955860744574138,
                "-3.5": 0.002955860745198243,
                "-4.0": 0.0029558607451733343,
                "-4.5": 0.002955860745092401,
                "-5.0": 0.0029558607451359276,
                "-5.5": 0.0029558607451188553,
                "-6.0": 0.0029558607451218954,
                "-6.5": 0.0029558607451188553,
                "-7.0": 0.0029558607451195375,
                "-7.5": 0.002955860745120679,
                "-8.0": 0.0029558607451210975,
                "-8.5": 0.002955860745120679,
                "-9.0": 0.0029558607451174567
            },
            "Qs_in": 0.0,
            "Qs_out": 0.0,
            "D50": 0.0007071067811865476,
            "D84": 0.0014142135623730952
        },
        "deposit_upstream": {
            "flow_scale": 0.93,
            "elevation": 1392.8548042716775,
            "length": 240,
            "width": 6.0,
            "bankfull_width": 12,
            "lwd_factor": null,
            "gsd_bed": {
                "1.0": 0.003141595049015648,
                "0.0": 0.003141595049293636,
                "-1.0": 0.00586432180667163,
                "-2.0": 0.012252243493948118,
                "-2.5": 0.02052512565051054,
                "-3.0": 0.02586584723684442,
                "-3.5": 0.04555585642587829,
                "-4.0": 0.06403491234734852,
                "-4.5": 0.08964034561667665,
                "-5.0": 0.09707546779126873,
                "-5.5": 0.028171402976213074,
                "-6.0": 0.14720947566262316,
                "-6.5": 0.11582035313436882,
                "-7.0": 0.10440586986972877,
                "-7.5": 0.07916834265055152,
                "-8.0": 0.04995145429163531,
                "-8.5": 0.04775233366220793,
                "-9.0": 0.060423457285215296
            },
            "gsd_wall": {
                "1.0": 0.0011136784919636579,
                "0.0": 0.0011136784920624475,
                "-1.0": 0.002078867654968939,
                "-2.0": 0.004343379736247811,
                "-2.5": 0.007276359179663031,
                "-3.0": 0.009170883135767137,
                "-3.5": 0.017683694387777085,
                "-4.0": 0.0222261140057113,
                "-4.5": 0.03209834265523631,
                "-5.0": 0.03545798445394902,
                "-5.5": 0.03689604221555054,
                "-6.0": 0.05431513731165524,
                "-6.5": 0.06898625016030552,
                "-7.0": 0.09833196840256671,
                "-7.5": 0.12811041723612854,
                "-8.0": 0.1273016290196318,
                "-8.5": 0.15604451258605873,
                "-9.0": 0.19745106087475622
            },
            "Qs_in": 0.0,
            "Qs_out_bed": 0.0,
            "Qs_out_wall": 0.0,
            "D50": 0.0633948965997077,
            "D84": 0.1830345802634513
        },
        "deposit_downstream": {
            "flow_scale": 0.93,
            "elevation": 1375.792958687127,
            "length": 230,
            "width": 6.000444135682999,
            "bankfull_width": 12,
            "lwd_factor": null,
            "gsd_bed": {
                "1.0": 2.361381318326265e-05,
                "0.0": 2.3611795481028724e-06,
                "-1.0": 9.665481811842859e-06,
                "-2.0": 9.665481811816794e-05,
                "-2.5": 0.000968482873006632,
                "-3.0": 0.0009684832484658488,
                "-3.5": 0.011492606335475287,
                "-4.0": 0.00029791610631506587,
                "-4.5": 0.000316290903003354,
                "-5.0": 0.0003188789203193636,
                "-5.5": 0.000364149064561762,
                "-6.0": 0.001238279285026282,
                "-6.5": 0.004880510931019761,
                "-7.0": 0.18926962466448283,
                "-7.5": 0.1974374096239345,
                "-8.0": 0.197438307988773,
                "-8.5": 0.19743826843808393,
                "-9.0": 0.19743849632487104
            },
            "gsd_wall": {
                "1.0": 3.7211345306420695e-17,
                "0.0": 3.721182479998328e-15,
                "-1.0": 6.946117791377533e-13,
                "-2.0": 1.451242467029868e-10,
                "-2.5": 2.4311412048362826e-09,
                "-3.0": 3.063734077395944e-08,
                "-3.5": 5.919783431247362e-07,
                "-4.0": 7.444302814924594e-06,
                "-4.5": 0.0001071417033160412,
                "-5.0": 0.011684169468078284,
                "-5.5": 0.11565479178474516,
                "-6.0": 0.1488897384361698,
                "-6.5": 0.14083048960289501,
                "-7.0": 0.1326493013233358,
                "-7.5": 0.11703392521715245,
                "-8.0": 0.10523769000572986,
                "-8.5": 0.10060458415598382,
                "-9.0": 0.12730009880713122
            },
            "Qs_in": 0.0,
            "Qs_out_bed": 0.0,
            "Qs_out_wall": 0.0,
            "D50": 0.2562948853969871,
            "D84": 0.5063275468186442
        },
        "downstream": {
            "flow_scale": 0.94,
            "elevation": 1367.6230025249256,
            "length": 200,
            "bankfull_width": 12,
            "lwd_factor": null,
            "gsd": {
                "1.0": 0.8912726705982482,
                "0.0": 0.0930873800876055,
                "-1.0": 0.0009774968321685279,
                "-2.0": 0.000977496832166091,
                "-2.5": 0.000977496831837748,
                "-3.0": 0.0009774968319330004,
                "-3.5": 0.0009774968321992201,
                "-4.0": 0.0009774968321886112,
                "-4.5": 0.0009774968321540813,
                "-5.0": 0.0009774968321726361,
                "-5.5": 0.0009774968321653661,
                "-6.0": 0.00097749683216666,
                "-6.5": 0.0009774968321653661,
                "-7.0": 0.0009774968321656574,
                "-7.5": 0.000977496832166154,
                "-8.0": 0.0009774968321663241,
                "-8.5": 0.000977496832166154,
                "-9.0": 0.0009774968321647737
            },
            "Qs_in": 0.0,
            "Qs_out": 0.0,
            "D50": 0.0007071067811865476,
            "D84": 0.0014142135623730952
        }
    }
}