{
    "timestep": "2012-05-21 03:00",
    "deposit_mass": 12150000,
    "reaches": {
        "upstream": {
            "flow_scale": 0.658,
            "elevation": 1580.9543201505885,
            "length": 120,
            "bankfull_width": 10.5,
            "lwd_factor": null,
            "gsd": {
                "1.0": 0.6655349951282615,
                "0.0": 0.18806314527374984,
                "-1.0": 0.05427958348723923,
                "-2.0": 0.015840943910598256,
                "-2.5": 0.01128133220015165,
                "-3.0": 0.005,
                "-3.5": 0.005,
                "-4.0": 0.005,
                "-4.5": 0.005,
                "-5.0": 0.005,
                "-5.5": 0.005,
                "-6.0": 0.005,
                "-6.5": 0.005,
                "-7.0": 0.005,
                "-7.5": 0.005,
                "-8.0": 0.005,
                "-8.5": 0.005,
                "-9.0": 0.005
            },
            "Qs_in": 20.737923047020516,
            "Qs_out": 0.0,
            "D50": 0.0007071067811865476,
            "D84": 0.001046421690571185
        },
        "deposit_upstream": {
            "flow_scale": 0.659,
            "elevation": 1580.7088230147308,
            "length": 118,
            "width": 4.082348692981679,
            "bankfull_width": 10.5,
            "lwd_factor": null,
            "gsd_bed": {
                "1.0": 0.09388914958809973,
                "0.0": 0.09388914960032478,
                "-1.0": 0.021284915919798655,
                "-2.0": 0.004867655764835628,
                "-2.5": 0.01113925682770187,
                "-3.0": 0.010567666578465954,
                "-3.5": 0.012751069703267151,
                "-4.0": 0.019222159669671886,
                "-4.5": 0.01928289581785238,
                "-5.0": 0.033967548511831876,
                "-5.5": 0.034100553384887135,
                "-6.0": 0.06961754207874153,
                "-6.5": 0.2010428536881748,
                "-7.0": 0.10716895654030026,
                "-7.5": 0.10716895654240846,
                "-8.0": 0.07319920975894155,
                "-8.5": 0.07319920975842387,
                "-9.0": 0.013641250266272466
            },
            "gsd_wall": {
                "1.0": 5.560606372675806e-05,
                "0.0": 5.5606063689581775e-05,
                "-1.0": 3.703755141635431e-05,
                "-2.0": 2.3766481847293506e-05,
                "-2.5": 3.370604283097562e-05,
                "-3.0": 2.092575651092174e-05,
                "-3.5": 3.3267097077114825e-05,
                "-4.0": 3.121321511021542e-05,
                "-4.5": 2.0673672763078208e-05,
                "-5.0": 4.577934627222471e-05,
                "-5.5": 2.1618332314756488e-05,
                "-6.0": 9.89515675018969e-06,
                "-6.5": 0.25644304250425454,
                "-7.0": 0.21655748912880934,
                "-7.5": 0.21655748913296344,
                "-8.0": 0.1461181194461928,
                "-8.5": 0.14611811944521097,
                "-9.0": 0.017816645562259405
            },
            "Qs_in": 0.0,
            "Qs_out_bed": 0.0,
            "Qs_out_wall": 0.0,
            "D50": 0.08797872909447808,
            "D84": 0.25506628802203846
        },
        "deposit_downstream": {
            "flow_scale": 0.66,
            "elevation": 1576.2641195502747,
            "length": 120,
            "width": 3.5628409458847745,
            "bankfull_width": 12,
            "lwd_factor": null,
            "gsd_bed": {
                "1.0": 0.0005,
                "0.0": 0.0005,
                "-1.0": 0.0005,
                "-2.0": 0.0005694973147831621,
                "-2.5": 0.0005694973147623077,
                "-3.0": 0.0006827394585152767,
                "-3.5": 0.0006827394585357977,
                "-4.0": 0.0006827394585349789,
                "-4.5": 0.0012936604216442684,
                "-5.0": 0.0012936604216471851,
                "-5.5": 0.0012042610483876755,
                "-6.0": 0.0013280788720810336,
                "-6.5": 0.10896429493988409,
                "-7.0": 0.17509240633530088,
                "-7.5": 0.17779984759761902,
                "-8.0": 0.17739898753700953,
                "-8.5": 0.1773989875369745,
                "-9.0": 0.1735386022843204
            },
            "gsd_wall": {
                "1.0": 0.0004998115184779619,
                "0.0": 0.0004998115184781501,
                "-1.0": 0.0004998115184782217,
                "-2.0": 0.0004998115184780775,
                "-2.5": 0.0004998115184588701,
                "-3.0": 0.0004998115184644436,
                "-3.5": 0.0004998115184800162,
                "-4.0": 0.0004998115184793943,
                "-4.5": 0.0004998115184773746,
                "-5.0": 0.0004998115184784614,
                "-5.5": 0.0004998115184780352,
                "-6.0": 0.0004998115184781103,
                "-6.5": 0.0004998115184780352,
                "-7.0": 0.1668719403965671,
                "-7.5": 0.2925469723280407,
                "-8.0": 0.2539226882639991,
                "-8.5": 0.2539226882631294,
                "-9.0": 0.02623816100807841
            },
            "Qs_in": 0.0,
            "Qs_out_bed": 2.261621304873387e-05,
            "Qs_out_wall": 9.247617032381161e-09,
            "D50": 0.25157662040529244,
            "D84": 0.5052513434388679
        },
        "downstream": {
            "flow_scale": 0.689,
            "elevation": 1570.906946117241,
            "length": 145,
            "bankfull_width": 12,
            "lwd_factor": null,
            "gsd": {
                "1.0": 0.005,
                "0.0": 0.005293832566674508,
                "-1.0": 0.005086308758099402,
                "-2.0": 0.005,
                "-2.5": 0.005,
                "-3.0": 0.005,
                "-3.5": 0.022461065382049613,
                "-4.0": 0.005,
                "-4.5": 0.09109233052304788,
                "-5.0": 0.09399820964549056,
                "-5.5": 0.09115358185656935,
                "-6.0": 0.11899318012862467,
                "-6.5": 0.09115358185656935,
                "-7.0": 0.09115358185657291,
                "-7.5": 0.09115358185657892,
                "-8.0": 0.09115358185658143,
                "-8.5": 0.09115358185657892,
                "-9.0": 0.09115358185656239
            },
            "Qs_in": 2.262546066576625e-05,
            "Qs_out": 8.384485732525981e-06,
            "D50": 0.09113781607950076,
            "D84": 0.36042988818076416
        }
    }
}