{
    "timestep": "5/27/2021 16:00",
    "deposit_mass": 2401711,
    "reaches": {
        "upstream": {
            "flow_scale": 0.78,
            "elevation": 1746.2014476901984,
            "length": 50,
            "bankfull_width": 6,
            "lwd_factor": null,
            "gsd": {
                "1.0": 0.14863985166011268,
                "0.0": 0.016203016631059088,
                "-1.0": 0.03183027124187603,
                "-2.0": 0.044731252155222445,
                "-2.5": 0.053605786314819874,
                "-3.0": 0.08160503195169773,
                "-3.5": 0.3485040365961375,
                "-4.0": 0.1997619641482799,
                "-4.5": 0.06252731635333147,
                "-5.0": 0.01258007919301361,
                "-5.5": 2.788976257559435e-06,
                "-6.0": 2.7640404313226636e-06,
                "-6.5": 2.2979322947429225e-06,
                "-7.0": 1.8855320915962356e-06,
                "-7.5": 9.648246613152664e-07,
                "-8.0": 4.488448722619724e-07,
                "-8.5": 1.476968169409056e-07,
                "-9.0": 9.590702398760016e-08
            },
            "Qs_in": 0.23914195978207184,
            "Qs_out": 0.1841955042707862,
            "D50": 0.010885290068001239,
            "D84": 0.016601641362144606
        },
        "deposit_upstream": {
            "flow_scale": 0.79,
            "elevation": 1746.0899154568965,
            "length": 55,
            "width": 1.2739155528784085,
            "bankfull_width": 6,
            "lwd_factor": null,
            "gsd_bed": {
                "1.0": 0.00024361896866191397,
                "0.0": 3.591543186180921e-05,
                "-1.0": 0.003229038632186066,
                "-2.0": 0.9887803288047106,
                "-2.5": 3.0578583625372043e-06,
                "-3.0": 2.854759386447365e-06,
                "-3.5": 1.1070710135729764e-05,
                "-4.0": 1.0927238504616006e-05,
                "-4.5": 1.7799828368453198e-05,
                "-5.0": 4.878476840345569e-05,
                "-5.5": 9.352005759699568e-05,
                "-6.0": 5.764286699946956e-05,
                "-6.5": 0.00018712486965856363,
                "-7.0": 0.0006485088448491107,
                "-7.5": 0.005922574087541879,
                "-8.0": 0.0007072322727722611,
                "-8.5": 0.0,
                "-9.0": 0.0
            },
            "gsd_wall": {
                "1.0": 0.9376109994095596,
                "0.0": 0.059968150382308405,
                "-1.0": 0.0012300039529080436,
                "-2.0": 9.52203239159916e-08,
                "-2.5": 0.00020881247583897307,
                "-3.0": 2.9077636778717222e-05,
                "-3.5": 7.227908888417299e-05,
                "-4.0": 0.00011340943643200071,
                "-4.5": 0.00011384616436751543,
                "-5.0": 0.00014123954711785453,
                "-5.5": 0.000141610946692091,
                "-6.0": 0.00012681681548994947,
                "-6.5": 0.00012746757597529977,
                "-7.0": 5.371275569789504e-05,
                "-7.5": 5.567762391098687e-05,
                "-8.0": 6.80096771478847e-06,
                "-8.5": 0.0,
                "-9.0": 0.0
            },
            "Qs_in": 0.1841955042707862,
            "Qs_out_bed": 0.2203020541332577,
            "Qs_out_wall": 0.19423521891410173,
            "D50": 0.0027465846069180382,
            "D84": 0.004119876910377057
        },
        "deposit_downstream": {
            "flow_scale": 0.83,
            "elevation": 1744.3025220408506,
            "length": 47,
            "width": 5.223727789118408,
            "bankfull_width": 7.5,
            "lwd_factor": 1,
            "gsd_bed": {
                "1.0": 0.9980832642863722,
                "0.0": 0.0007464266371284042,
                "-1.0": 0.0006039791058027338,
                "-2.0": 1.6688710650960628e-06,
                "-2.5": 3.995065279510334e-05,
                "-3.0": 7.720110378378019e-07,
                "-3.5": 1.7075230529882263e-06,
                "-4.0": 3.3609790808710023e-06,
                "-4.5": 3.607905179708238e-06,
                "-5.0": 9.768871784834157e-06,
                "-5.5": 0.00013273491349107425,
                "-6.0": 0.0001247954531170144,
                "-6.5": 0.00012638331396864122,
                "-7.0": 5.239763780936877e-05,
                "-7.5": 5.291775100596224e-05,
                "-8.0": 1.6264087307941708e-05,
                "-8.5": 0.0,
                "-9.0": 0.0
            },
            "gsd_wall": {
                "1.0": 0.8241089281706884,
                "0.0": 0.008498973583696485,
                "-1.0": 0.004992204712214377,
                "-2.0": 0.002365696544522419,
                "-2.5": 0.0022960895133585855,
                "-3.0": 0.0036276957699619746,
                "-3.5": 0.003507762557642271,
                "-4.0": 0.002373237512180882,
                "-4.5": 0.0025211035175274517,
                "-5.0": 0.003016582999668216,
                "-5.5": 0.0032323824044023434,
                "-6.0": 0.0041222607283326025,
                "-6.5": 0.004424352144878312,
                "-7.0": 0.02756869664287183,
                "-7.5": 0.08782113839163089,
                "-8.0": 0.01552289480642302,
                "-8.5": 0.0,
                "-9.0": 0.0
            },
            "Qs_in": 0.41453727304735943,
            "Qs_out_bed": 0.4978826334426339,
            "Qs_out_wall": 0.0,
            "D50": 0.0007071067811865476,
            "D84": 0.0014142135623730952
        },
        "downstream": {
            "flow_scale": 0.835,
            "elevation": 1742.4886846913057,
            "length": 65,
            "bankfull_width": 6,
            "lwd_factor": null,
            "gsd": {
                "1.0": 0.12128305901770219,
                "0.0": 0.8626848784449238,
                "-1.0": 0.00016379048836504152,
                "-2.0": 1.0900246551435692e-06,
                "-2.5": 2.9630811372304168e-05,
                "-3.0": 4.5149803122414614e-07,
                "-3.5": 1.0771508880767407e-06,
                "-4.0": 4.8266627781260565e-06,
                "-4.5": 5.957599154113819e-06,
                "-5.0": 1.4716737524383377e-05,
                "-5.5": 1.3604967519364739e-05,
                "-6.0": 0.00013033233658114884,
                "-6.5": 0.00035275868712026325,
                "-7.0": 0.008049937564364982,
                "-7.5": 0.007258923399325465,
                "-8.0": 3.1482890746255456e-06,
                "-8.5": 1.3406176004586804e-06,
                "-9.0": 4.757030195175928e-07
            },
            "Qs_in": 0.4978826334426339,
            "Qs_out": 0.53157554690762,
            "D50": 0.0006964142477341015,
            "D84": 0.0010446213716011521
        }
    },
    "dep_masses": {
        "deposit_upstream": {
            "1.0": 22.218107960776265,
            "0.0": 157.51125840660924,
            "-1.0": 25.815698362329012,
            "-2.0": 9.854074153881065e-12,
            "-2.5": 82.4555218286941,
            "-3.0": 82.86405698485878,
            "-3.5": 149.77036490584393,
            "-4.0": 750.3640641922436,
            "-4.5": 2126.5157574531445,
            "-5.0": 7473.142500553899,
            "-5.5": 21211.26566674906,
            "-6.0": 53713.819455941215,
            "-6.5": 152702.5122384269,
            "-7.0": 181474.24228380297,
            "-7.5": 536963.3307423964,
            "-8.0": 181046.28643002163,
            "-8.5": 0,
            "-9.0": 0
        },
        "deposit_downstream": {
            "1.0": 1.6299035031576896e-11,
            "0.0": 0.6268244631676133,
            "-1.0": 0.49518675934516176,
            "-2.0": 6.066886129916919,
            "-2.5": 0.0030324380200726663,
            "-3.0": 10.358698190672408,
            "-3.5": 5.329412466070141,
            "-4.0": 14.576370694542128,