{
    "timestep": "2012-06-02 12:00",
    "deposit_mass": 2401711,
    "reaches": {
        "upstream": {
            "flow_scale": 0.78,
            "elevation": 1746.3184885140147,
            "length": 50,
            "bankfull_width": 6,
            "lwd_factor": null,
            "gsd": {
                "1.0": 0.7520263121572638,
                "0.0": 0.13845224949443471,
                "-1.0": 0.03452143834830213,
                "-2.0": 0.005,
                "-2.5": 0.005,
                "-3.0": 0.005,
                "-3.5": 0.005,
                "-4.0": 0.005,
                "-4.5": 0.005,
                "-5.0": 0.005,
                "-5.5": 0.005,
                "-6.0": 0.005,
                "-6.5": 0.005,
                "-7.0": 0.005,
                "-7.5": 0.005,
                "-8.0": 0.005,
                "-8.5": 0.005,
                "-9.0": 0.005
            },
            "Qs_in": 0.7992211710732422,
            "Qs_out": 0.0018731746197029194,
            "D50": 0.0007071067811865476,
            "D84": 0.0010698623230342979
        },
        "deposit_upstream": {
            "flow_scale": 0.79,
            "elevation": 1746.0343862057662,
            "length": 55,
            "width": 1.869983336951323,
            "bankfull_width": 6,
            "lwd_factor": null,
            "gsd_bed": {
                "1.0": 0.9915000000002828,
                "0.0": 0.0005000000000019123,
                "-1.0": 0.0005000000000026402,
                "-2.0": 0.0005000000000011873,
                "-2.5": 0.0004999999998061146,
                "-3.0": 0.0004999999998627025,
                "-3.5": 0.0005000000000208667,
                "-4.0": 0.0005000000000145539,
                "-4.5": 0.0004999999999940429,
                "-5.0": 0.0005000000000050757,
                "-5.5": 0.0005000000000007476,
                "-6.0": 0.0005000000000015219,
                "-6.5": 0.0005000000000007476,
                "-7.0": 0.0005000000000009334,
                "-7.5": 0.0005000000000012178,
                "-8.0": 0.0005000000000013172,
                "-8.5": 0.0005000000000012178,
                "-9.0": 0.0005000000000004022
            },
            "gsd_wall": {
                "1.0": 0.00023974783410881124,
                "0.0": 0.00023974784641343354,
                "-1.0": 0.0004190344748247388,
                "-2.0": 0.0005877307443877618,
                "-2.5": 0.0005877307123405205,
                "-3.0": 3.185685082958106e-06,
                "-3.5": 0.0006057809416057349,
                "-4.0": 0.00013675425785080825,
                "-4.5": 0.00013675425385094778,
                "-5.0": 3.844994101182203e-05,
                "-5.5": 0.0003259186845764061,
                "-6.0": 0.1741482505787507,
                "-6.5": 0.29698854776356665,
                "-7.0": 0.22700702775081708,
                "-7.5": 0.2270070277509993,
                "-8.0": 0.027594294248108515,
                "-8.5": 0.021967008265877313,
                "-9.0": 0.02196700826582635
            },
            "Qs_in": 0.0018731746197029194,
            "Qs_out_bed": 0.0018731746197029194,
            "Qs_out_wall": 0.0,
            "D50": 0.0007071067811865476,
            "D84": 0.0014142135623730952
        },
        "deposit_downstream": {
            "flow_scale": 0.83,
            "elevation": 1744.285186501597,
            "length": 47,
            "width": 5.888510745816721,
            "bankfull_width": 6,
            "lwd_factor": 1,
            "gsd_bed": {
                "1.0": 0.5759023446805889,
                "0.0": 0.00047882712024703295,
                "-1.0": 0.00047882712024703295,
                "-2.0": 0.0030732679424799883,
                "-2.5": 0.004381965827001818,
                "-3.0": 0.0043819658271348275,
                "-3.5": 0.009292545878928648,
                "-4.0": 0.009292545878895992,
                "-4.5": 0.009292545878789821,
                "-5.0": 0.009292545878846892,
                "-5.5": 0.009292545878824537,
                "-6.0": 0.009292545878828487,
                "-6.5": 0.012372398818865064,
                "-7.0": 0.012372398818866273,
                "-7.5": 0.08169959336812348,
                "-8.0": 0.08303434100270612,
                "-8.5": 0.08303437865639052,
                "-9.0": 0.0830344155442344
            },
            "gsd_wall": {
                "1.0": 0.00046529115156077527,
                "0.0": 0.00046529115156152315,
                "-1.0": 0.0004652911515618011,
                "-2.0": 0.000639485569782397,
                "-2.5": 0.0013076767569816226,
                "-3.0": 0.004825883829236137,
                "-3.5": 0.005083214242793006,
                "-4.0": 0.00492325379769631,
                "-4.5": 0.004827936041996731,
                "-5.0": 0.0053156820092172125,
                "-5.5": 0.00480925466175413,
                "-6.0": 0.0050639378219639675,
                "-6.5": 0.004836297477452543,
                "-7.0": 0.0049617129726345,
                "-7.5": 0.0026977853826158815,
                "-8.0": 0.08456390973089593,
                "-8.5": 0.31555232976474484,
                "-9.0": 0.5491957664855507
            },
            "Qs_in": 0.0018731746197029194,
            "Qs_out_bed": 0.009663908351313361,
            "Qs_out_wall": 0.0,
            "D50": 0.0007071067811865476,
            "D84": 0.0014142135623730952
        },
        "downstream": {
            "flow_scale": 0.835,
            "elevation": 1742.3480294423348,
            "length": 65,
            "bankfull_width": 6.5,
            "lwd_factor": null,
            "gsd": {
                "1.0": 0.005,
                "0.0": 0.005,
                "-1.0": 0.02318395422551649,
                "-2.0": 0.024042495490191156,
                "-2.5": 0.013176946549615083,
                "-3.0": 0.017783236328210026,
                "-3.5": 0.02661379349774324,
                "-4.0": 0.03717300277760392,
                "-4.5": 0.05625500240433953,
                "-5.0": 0.07820307312217245,
                "-5.5": 0.099774029222316,
                "-6.0": 0.0876849237689204,
                "-6.5": 0.08768492376888513,
                "-7.0": 0.08768492376889285,
                "-7.5": 0.08768492376890664,
                "-8.0": 0.08768492376891122,
                "-8.5": 0.08768492376890664,
                "-9.0": 0.0876849237688692
            },
            "Qs_in": 0.009663908351313361,
            "Qs_out": 0.009446107307407496,
            "D50": 0.0900423259205248,
            "D84": 0.3600476397556242
        }
    }
}