{
    "timestep": "2012-04-03 02:00",
    "deposit_mass": 2401711,
    "reaches": {
        "upstream": {
            "flow_scale": 0.78,
            "elevation": 1746.1185,
            "length": 50,
            "bankfull_width": 6,
            "lwd_factor": null,
            "gsd": {
                "1.0": 0.004955892556252302,
                "0.0": 0.004955892556253419,
                "-1.0": 0.007037367429880453,
                "-2.0": 0.009317078005755638,
                "-2.5": 0.016850034690871665,
                "-3.0": 0.03201506591287035,
                "-3.5": 0.04896421845589339,
                "-4.0": 0.06531866389151766,
                "-4.5": 0.09654078699572659,
                "-5.0": 0.1252849638221333,
                "-5.5": 0.14411735553582986,
                "-6.0": 0.14282882347121711,
                "-6.5": 0.1187431856478157,
                "-7.0": 0.09743284765593078,
                "-7.5": 0.04985627911590525,
                "-8.0": 0.023193577163264416,
                "-8.5": 0.007632074536629627,
                "-9.0": 0.004955892556252533
            },
            "Qs_in": 0.0,
            "Qs_out": 0.0,
            "D50": 0.04543415634568291,
            "D84": 0.12766173715105916
        },
        "deposit_upstream": {
            "flow_scale": 0.79,
            "elevation": 1746.2768906546753,
            "length": 55,
            "width": 1.0000274870549308,
            "bankfull_width": 6,
            "lwd_factor": null,
            "gsd_bed": {
                "1.0": 0.36995741470204363,
                "0.0": 0.3699574147020417,
                "-1.0": 0.13918895042492277,
                "-2.0": 0.009363078909021461,
                "-2.5": 0.009363078909025983,
                "-3.0": 0.003944341051794936,
                "-3.5": 0.004166394961659206,
                "-4.0": 0.011515701095744613,
                "-4.5": 0.011515701095744143,
                "-5.0": 0.014948953596338988,
                "-5.5": 0.015344466453329231,
                "-6.0": 0.013791653611996739,
                "-6.5": 0.013791653611995445,
                "-7.0": 0.00569133146415867,
                "-7.5": 0.0056913314641588745,
                "-8.0": 0.00067684632502146,
                "-8.5": 0.0005458438105011703,
                "-9.0": 0.0005458438105011183
            },
            "gsd_wall": {
                "1.0": 0.37264765896266283,
                "0.0": 0.3726476589627409,
                "-1.0": 0.14020110009447104,
                "-2.0": 0.00943116504081985,
                "-2.5": 0.009431165040618762,
                "-3.0": 0.003891798636345759,
                "-3.5": 0.0039061083978073766,
                "-4.0": 0.010796282438567482,
                "-4.5": 0.010796282438543301,
                "-5.0": 0.014015049873653828,
                "-5.5": 0.014059002299723948,
                "-6.0": 0.012925656460178384,
                "-6.5": 0.012925656460177314,
                "-7.0": 0.005333964829476972,
                "-7.5": 0.005333964829477138,
                "-8.0": 0.0006343462009480561,
                "-8.5": 0.0005115695168935873,
                "-9.0": 0.0005115695168935417
            },
            "Qs_in": 0.0,
            "Qs_out_bed": 70.34346003309562,
            "Qs_out_wall": 0.04795288992281769,
            "D50": 0.0008277488960835539,
            "D84": 0.001817299773235715
        },
        "deposit_downstream": {
            "flow_scale": 0.83,
            "elevation": 1744.0899186138302,
            "length": 47,
            "width": 1.5822561600244367,
            "bankfull_width": 6,
            "lwd_factor": 1,
            "gsd_bed": {
                "1.0": 0.3723129918521238,
                "0.0": 0.37231299185217237,
                "-1.0": 0.14002864954280664,
                "-2.0": 0.009358261693482622,
                "-2.5": 0.009358261693357371,
                "-3.0": 0.003780495415670343,
                "-3.5": 0.0037804954157117576,
                "-4.0": 0.010640357018947087,
                "-4.5": 0.010699941159948365,
                "-5.0": 0.014100556963791207,
                "-5.5": 0.01435441350970466,
                "-6.0": 0.013011410829213156,
                "-6.5": 0.013011410829212504,
                "-7.0": 0.005317535363658718,
                "-7.5": 0.005910434447476043,
                "-8.0": 0.000766412682815735,
                "-8.5": 0.0006276898649537957,
                "-9.0": 0.0006276898649537628
            },
            "gsd_wall": {
                "1.0": 0.3649124825691662,
                "0.0": 0.36491248256908226,
                "-1.0": 0.13745782861939512,
                "-2.0": 0.009263060206333018,
                "-2.5": 0.009263060206548714,
                "-3.0": 0.005047897309049652,
                "-3.5": 0.005092394538341898,
                "-4.0": 0.011944342514895668,
                "-4.5": 0.011761120032599853,
                "-5.0": 0.015107434176638037,
                "-5.5": 0.014784120782657797,
                "-6.0": 0.014174607020477965,
                "-6.5": 0.014174607020479076,
                "-7.0": 0.006732032260467082,
                "-7.5": 0.009924457125298552,
                "-8.0": 0.0025627517624566567,
                "-8.5": 0.0014426606430561586,
                "-9.0": 0.0014426606430561458
            },
            "Qs_in": 70.39141292301844,
            "Qs_out_bed": 1320.7692923031968,
            "Qs_out_wall": 0.0019605372174147694,
            "D50": 0.0008259720797623445,
            "D84": 0.0018136290229794527
        },
        "downstream": {
            "flow_scale": 0.835,
            "elevation": 1741.7504442329857,
            "length": 65,
            "bankfull_width": 6.5,
            "lwd_factor": null,
            "gsd": {
                "1.0": 0.005,
                "0.0": 0.005,
                "-1.0": 0.015970196935695714,
                "-2.0": 0.005,
                "-2.5": 0.005,
                "-3.0": 0.02027769726997425,
                "-3.5": 0.04017266657630731,
                "-4.0": 0.13077712182020798,
                "-4.5": 0.13092636569065288,
                "-5.0": 0.1771691285569083,
                "-5.5": 0.18074697640410956,
                "-6.0": 0.11491016931320555,
                "-6.5": 0.11489337041744087,
                "-7.0": 0.03133939846372485,
                "-7.5": 0.005704227137943186,
                "-8.0": 0.0057042271379431865,
                "-8.5": 0.005704227137943186,
                "-9.0": 0.005704227137943174
            },
            "Qs_in": 1320.7712528404143,
            "Qs_out": 1.5061313169700816,
            "D50": 0.03136730540489973,
            "D84": 0.06481442665430039
        }
    }
}