{
    "timestep": "4/18/2021 2:00",
    "deposit_mass": 2401711,
    "reaches": {
        "upstream": {
            "flow_scale": 0.78,
            "elevation": 1746.1185,
            "length": 50,
            "bankfull_width": 6,
            "lwd_factor": null,
            "gsd": {
                "1.0": 0.00495589255624938,
                "0.0": 0.00495589255624938,
                "-1.0": 0.007037367429874122,
                "-2.0": 0.009317078005748835,
                "-2.5": 0.016850034691247892,
                "-3.0": 0.03201506591337101,
                "-3.5": 0.04896421845574386,
                "-4.0": 0.06531866389136683,
                "-4.5": 0.09654078699573797,
                "-5.0": 0.12528496382198437,
                "-5.5": 0.14411735553573202,
                "-6.0": 0.14282882347110715,
                "-6.5": 0.11874318564773519,
                "-7.0": 0.09743284765586281,
                "-7.5": 0.04985627911586876,
                "-8.0": 0.023193577163247096,
                "-8.5": 0.0076320745366240455,
                "-9.0": 0.00495589255624938
            },
            "Qs_in": 0.0,
            "Qs_out": 0.0,
            "D50": 0.04543415634567647,
            "D84": 0.12766173715105633
        },
        "deposit_upstream": {
            "flow_scale": 0.79,
            "elevation": 1746.2999487597458,
            "length": 55,
            "width": 1.0000330896999505,
            "bankfull_width": 6,
            "lwd_factor": null,
            "gsd_bed": {
                "1.0": 5.733847523713188e-06,
                "0.0": 4.818586551766575e-05,
                "-1.0": 8.748706318072772e-05,
                "-2.0": 0.0011876316872483524,
                "-2.5": 0.0011876316872482088,
                "-3.0": 0.00031293152394159884,
                "-3.5": 0.0013490302561003696,
                "-4.0": 0.002039798760730063,
                "-4.5": 0.01735230129882722,
                "-5.0": 0.21302178914548728,
                "-5.5": 0.21302178914548717,
                "-6.0": 0.1912432036737444,
                "-6.5": 0.19124320367374403,
                "-7.0": 0.07928766273306463,
                "-7.5": 0.07928766273306466,
                "-8.0": 0.009323956905090006,
                "-8.5": 0.0,
                "-9.0": 0.0
            },
            "gsd_wall": {
                "1.0": 0.15726734383193297,
                "0.0": 0.8177512910255166,
                "-1.0": 0.014196557762176052,
                "-2.0": 0.001925475775790639,
                "-2.5": 0.0019254757757906388,
                "-3.0": 0.0005073475853670568,
                "-3.5": 0.0005073475857152659,
                "-4.0": 0.0007671340000875399,
                "-4.5": 0.0007671344943127521,
                "-5.0": 0.0009566259476657832,
                "-5.5": 0.000956625947665782,
                "-6.0": 0.0008588239338469155,
                "-6.5": 0.0008588239338469162,
                "-7.0": 0.00035606045655930854,
                "-7.5": 0.0003560604565593085,
                "-8.0": 4.187148716620188e-05,
                "-8.5": 0.0,
                "-9.0": 0.0
            },
            "Qs_in": 0.0,
            "Qs_out_bed": 0.0,
            "Qs_out_wall": 0.05675343539606556,
            "D50": 0.06349041534814553,
            "D84": 0.12880491009626255
        },
        "deposit_downstream": {
            "flow_scale": 0.83,
            "elevation": 1744.428009848407,
            "length": 47,
            "width": 1.6472752410058995,
            "bankfull_width": 7.5,
            "lwd_factor": 1,
            "gsd_bed": {
                "1.0": 0.4909574430882435,
                "0.0": 0.4923199607828828,
                "-1.0": 0.009389585146659846,
                "-2.0": 0.0012914330738747516,
                "-2.5": 0.0013052036862368245,
                "-3.0": 0.00034360083118207673,
                "-3.5": 0.0003436008311819574,
                "-4.0": 0.0005198684939771398,
                "-4.5": 0.0005198684939771634,
                "-5.0": 0.0006484077310061517,
                "-5.5": 0.0006484077310061576,
                "-6.0": 0.0005821608539116906,
                "-6.5": 0.0005821608539116918,
                "-7.0": 0.00024132169686967236,
                "-7.5": 0.0002698029328032153,
                "-8.0": 3.717377227476402e-05,
                "-8.5": 0.0,
                "-9.0": 0.0
            },
            "gsd_wall": {
                "1.0": 0.4909536096846562,
                "0.0": 0.4922016498142247,
                "-1.0": 0.00939088303339919,
                "-2.0": 0.001307855645167031,
                "-2.5": 0.0013222306497093796,
                "-3.0": 0.00035002607362085456,
                "-3.5": 0.00035002607362179017,
                "-4.0": 0.0005272743102460175,
                "-4.5": 0.0005272743102459772,
                "-5.0": 0.0006564728175511281,
                "-5.5": 0.0006564728175511114,
                "-6.0": 0.0005906168857045467,
                "-6.5": 0.0005906168857045445,
                "-7.0": 0.0002441899349432975,
                "-7.5": 0.00029362958129968184,
                "-8.0": 3.717148235442189e-05,
                "-8.5": 0.0,
                "-9.0": 0.0
            },
            "Qs_in": 0.05675343539606556,
            "Qs_out_bed": 6782.192676860752,
            "Qs_out_wall": 0.4246113943736251,
            "D50": 0.0007529109447001104,
            "D84": 0.0011293664170501656
        },
        "downstream": {
            "flow_scale": 0.835,
            "elevation": 1741.6705810599778,
            "length": 65,
            "bankfull_width": 6,
            "lwd_factor": null,
            "gsd": {
                "1.0": 0.0012672021188478468,
                "0.0": 0.9155800642347482,
                "-1.0": 0.027587035659595357,
                "-2.0": 0.003405603083987848,
                "-2.5": 0.003441626938096005,
                "-3.0": 0.0009062745430082053,
                "-3.5": 0.0009062745497415763,
                "-4.0": 0.0014261632380927094,
                "-4.5": 0.003773049582576772,
                "-5.0": 0.009872359137818244,
                "-5.5": 0.009873137148006972,
                "-6.0": 0.008875723471644293,
                "-6.5": 0.008875377991595506,
                "-7.0": 0.003679353208452947,
                "-7.5": 0.000529193632779638,
                "-8.0": 9.901947855368426e-07,
                "-8.5": 4.216488784566215e-07,
                "-9.0": 1.496173439684788e-07
            },
            "Qs_in": 6782.6172882551255,
            "Qs_out": 1.6229503666028697,
            "D50": 0.03158657738562386,
            "D84": 0.08983480069409967
        }
    },
    "dep_masses": {
        "deposit_upstream": {
            "1.0": 23.609012810796695,
            "0.0": 190.3198454084951,
            "-1.0": 29.117587490668658,
            "-2.0": 31.668371157561342,
            "-2.5": 89.57167997854441,
            "-3.0": 66.75491570988767,
            "-3.5": 188.8129398002895,
            "-4.0": 807.499721379404,
            "-4.5": 2288.6792168671786,
            "-5.0": 8078.736264341467,
            "-5.5": 22850.116783734116,
            "-6.0": 58022.36141290611,
            "-6.5": 164112.0208620904,
            "-7.0": 192444.27344067078,
            "-7.5": 544314.6030016664,
            "-8.0": 181046.28643002163,
            "-8.5": 0,
            "-9.0": 0
        },
        "deposit_downstream": {
            "1.0": 26.091039286451135,
            "0.0": 209.25889577532197,
            "-1.0": 31.934911053500716,
            "-2.0": 35.559173738319316,
            "-2.5": 101.69061756977315,
            "-3.0": 75.79074785762481,
            "-3.5": 214.36860704536957,
            "-4.0": 916.7394137704455,
            "-4.5": 2592.930624232282,
            "-5.0": 9145.299717118201,
            "-5.5": 25866.813783830814,
            "-6.0": 65635.42368944305,