{
    "timestep": "5/6/2021 20:00",
    "deposit_mass": 2401711,
    "reaches": {
        "upstream": {
            "flow_scale": 0.78,
            "elevation": 1746.1314851376699,
            "length": 50,
            "bankfull_width": 6,
            "lwd_factor": null,
            "gsd": {
                "1.0": 0.6850328014445783,
                "0.0": 0.20635555999522445,
                "-1.0": 0.07152049023235274,
                "-2.0": 0.016492633981684265,
                "-2.5": 0.010619499234463493,
                "-3.0": 0.006386343985847074,
                "-3.5": 0.0026728623174268797,
                "-4.0": 0.0007335945707751203,
                "-4.5": 0.00017998470742592248,
                "-5.0": 1.0930214047994008e-06,
                "-5.5": 1.2573205083689335e-06,
                "-6.0": 1.2460789907562779e-06,
                "-6.5": 1.0359490846120885e-06,
                "-7.0": 8.500316779413048e-07,
                "-7.5": 4.3496025839722733e-07,
                "-8.0": 2.0234731702773696e-07,
                "-8.5": 6.658437355186188e-08,
                "-9.0": 4.323660620250754e-08
            },
            "Qs_in": 109.69102183599068,
            "Qs_out": 0.0,
            "D50": 0.0007071067811865476,
            "D84": 0.0010303811483365407
        },
        "deposit_upstream": {
            "flow_scale": 0.79,
            "elevation": 1746.184596789502,
            "length": 55,
            "width": 1.0002420766053424,
            "bankfull_width": 6,
            "lwd_factor": null,
            "gsd_bed": {
                "1.0": 2.4682428293906354e-05,
                "0.0": 2.484810345104113e-05,
                "-1.0": 4.798124575462181e-05,
                "-2.0": 0.0006452073036637867,
                "-2.5": 0.0006450001721919101,
                "-3.0": 0.00016995154903845915,
                "-3.5": 0.0016942982097652387,
                "-4.0": 0.0025853027220079186,
                "-4.5": 0.0025903549863895196,
                "-5.0": 0.0032183575871949028,
                "-5.5": 0.003229390283200246,
                "-6.0": 0.0028914578935754203,
                "-6.5": 0.01828453196750009,
                "-7.0": 0.1042855610229994,
                "-7.5": 0.6890606407510299,
                "-8.0": 0.17060243377394374,
                "-8.5": 0.0,
                "-9.0": 0.0
            },
            "gsd_wall": {
                "1.0": 0.3547881410483749,
                "0.0": 0.6250773789694175,
                "-1.0": 0.011433642810303395,
                "-2.0": 0.0015512875435004306,
                "-2.5": 0.001551533361149231,
                "-3.0": 0.0004088157550627395,
                "-3.5": 0.0004088150669947329,
                "-4.0": 0.0006189307521422011,
                "-4.5": 0.0006194945547810268,
                "-5.0": 0.0007711941897272826,
                "-5.5": 0.0007724259847721346,
                "-6.0": 0.0006925902464280482,
                "-6.5": 0.0006941057594763327,
                "-7.0": 0.00028838418627546194,
                "-7.5": 0.00028918823292511643,
                "-8.0": 3.407153866957251e-05,
                "-8.5": 0.0,
                "-9.0": 0.0
            },
            "Qs_in": 0.0,
            "Qs_out_bed": 0.0,
            "Qs_out_wall": 9.969083765942508e-11,
            "D50": 0.1685246653089039,
            "D84": 0.27381541391605074
        },
        "deposit_downstream": {
            "flow_scale": 0.83,
            "elevation": 1744.2709960145917,
            "length": 47,
            "width": 5.2237277891185965,
            "bankfull_width": 7.5,
            "lwd_factor": 1,
            "gsd_bed": {
                "1.0": 0.017923506130285302,
                "0.0": 0.017969100823097706,
                "-1.0": 0.00034803288966941633,
                "-2.0": 0.000820016285389289,
                "-2.5": 0.002335483891731594,
                "-3.0": 0.0017261184084331302,
                "-3.5": 0.017649956174865002,
                "-4.0": 0.012587670636922338,
                "-4.5": 0.012554487881448919,
                "-5.0": 0.015639662251560497,
                "-5.5": 0.015812708682406168,
                "-6.0": 0.022542468204822034,
                "-6.5": 0.02254561981965845,
                "-7.0": 0.17677510038956087,
                "-7.5": 0.5642784422011526,
                "-8.0": 0.09849162532899658,
                "-8.5": 0.0,
                "-9.0": 0.0
            },
            "gsd_wall": {
                "1.0": 2.224453966808514e-05,
                "0.0": 5.8270054610054656e-06,
                "-1.0": 1.712041489371215e-05,
                "-2.0": 0.004520023416173242,
                "-2.5": 0.013495966975023477,
                "-3.0": 0.019078237012494732,
                "-3.5": 0.02188120191849806,
                "-4.0": 0.014468522193558372,
                "-4.5": 0.01543499768921781,
                "-5.0": 0.018317771009993433,
                "-5.5": 0.01932192154245419,
                "-6.0": 0.0240055677795354,
                "-6.5": 0.02581652117662312,
                "-7.0": 0.17279619213193842,
                "-7.5": 0.552991200517076,
                "-8.0": 0.09782668467739093,
                "-8.5": 0.0,
                "-9.0": 0.0
            },
            "Qs_in": 9.969083765942508e-11,
            "Qs_out_bed": 1.9938167531885016e-10,
            "Qs_out_wall": 0.0,
            "D50": 0.16754134511180713,
            "D84": 0.25131201766771066
        },
        "downstream": {
            "flow_scale": 0.835,
            "elevation": 1742.4896689467978,
            "length": 65,
            "bankfull_width": 6,
            "lwd_factor": null,
            "gsd": {
                "1.0": 3.83274593006367e-05,
                "0.0": 9.036803015564448e-06,
                "-1.0": 1.80682852477818e-05,
                "-2.0": 6.534385499539324e-05,
                "-2.5": 0.00018563717280924765,
                "-3.0": 0.0013266300776070441,
                "-3.5": 0.00016014802003179825,
                "-4.0": 0.00018583899095561804,
                "-4.5": 9.826090050580233e-05,
                "-5.0": 0.00017292854181158744,
                "-5.5": 0.0015012671531245815,
                "-6.0": 0.0019492536083680306,
                "-6.5": 0.058862269641826,
                "-7.0": 0.4882091058605121,
                "-7.5": 0.44702856507896666,
                "-8.0": 0.00012005566643843685,
                "-8.5": 5.1122605214169344e-05,
                "-9.0": 1.8140279269543955e-05
            },
            "Qs_in": 1.9938167531885016e-10,
            "Qs_out": 0.05855668962780758,
            "D50": 0.1267919721868596,
            "D84": 0.19018795828028937
        }
    },
    "dep_masses": {
        "deposit_upstream": {
            "1.0": 22.762015387853047,
            "0.0": 183.31840170399266,
            "-1.0": 28.404304753232644,
            "-2.0": 30.552773990494988,
            "-2.5": 86.38838298101712,
            "-3.0": 64.38217299480968,
            "-3.5": 182.1000144985996,
            "-4.0": 788.8589634682295,
            "-4.5": 2235.590416504544,
            "-5.0": 7856.194816003005,
            "-5.5": 22296.84813458902,
            "-6.0": 56465.71183905546,
            "-6.5": 160464.33414012662,
            "-7.0": 189124.1963407019,
            "-7.5": 540416.9720938774,
            "-8.0": 181046.28643002163,
            "-8.5": 0,
            "-9.0": 0
        },
        "deposit_downstream": {
            "1.0": -2.887731688683959e-11,
            "0.0": -2.887731688683959e-11,
            "-1.0": -3.085944414580979e-11,
            "-2.0": 0.03909027825434591,
            "-2.5": 0.3284174898877957,
            "-3.0": 1.4415632525070396,
            "-3.5": 4.3937282084434415,
            "-4.0": 8.722205670854231,
            "-4.5": 24.718334089533275,
            "-5.0": 86.8638757353459,
            "-5.5": 248.99570657329986,