{
    "timestep": "6/17/2021 12:00",
    "deposit_mass": 2401711,
    "reaches": {
        "upstream": {
            "flow_scale": 0.78,
            "elevation": 1746.2014688016125,
            "length": 50,
            "bankfull_width": 6,
            "lwd_factor": null,
            "gsd": {
                "1.0": 0.025260215951943825,
                "0.0": 0.025608212170376798,
                "-1.0": 0.033676490858888575,
                "-2.0": 0.047260301003222746,
                "-2.5": 0.07964323189807794,
                "-3.0": 0.09519146769055713,
                "-3.5": 0.3876914925579448,
                "-4.0": 0.2221337843861858,
                "-4.5": 0.06953250187537875,
                "-5.0": 0.013989075716261392,
                "-5.5": 3.237448779529338e-06,
                "-6.0": 3.208503226479911e-06,
                "-6.5": 2.66744404255581e-06,
                "-7.0": 2.1887291267381967e-06,
                "-7.5": 1.119970244912834e-06,
                "-8.0": 5.21019954889864e-07,
                "-8.5": 1.7144673729281856e-07,
                "-9.0": 1.1132905019013977e-07
            },
            "Qs_in": 0.0,
            "Qs_out": 0.0,
            "D50": 0.010835450360614226,
            "D84": 0.016523187250534296
        },
        "deposit_upstream": {
            "flow_scale": 0.79,
            "elevation": 1746.089901250628,
            "length": 55,
            "width": 1.2740741932408892,
            "bankfull_width": 6,
            "lwd_factor": null,
            "gsd_bed": {
                "1.0": 3.568669943708548e-07,
                "0.0": 2.562342267928353e-07,
                "-1.0": 2.7604273389061738e-06,
                "-2.0": 0.9923035132455936,
                "-2.5": 4.096270472852206e-06,
                "-3.0": 1.46921892757665e-06,
                "-3.5": 8.624742633971536e-06,
                "-4.0": 1.1385517820590974e-05,
                "-4.5": 6.3022586739021385e-06,
                "-5.0": 2.389676811748432e-05,
                "-5.5": 2.382508449479843e-05,
                "-6.0": 7.96233316514888e-05,
                "-6.5": 0.0002096780489044228,
                "-7.0": 0.0006600155794331821,
                "-7.5": 0.005953297360403132,
                "-8.0": 0.0007108990443128959,
                "-8.5": 0.0,
                "-9.0": 0.0
            },
            "gsd_wall": {
                "1.0": 0.9990321584010277,
                "0.0": 3.965149376288593e-07,
                "-1.0": 1.7804892253406072e-07,
                "-2.0": 7.091255538261597e-08,
                "-2.5": 0.00023544236067732233,
                "-3.0": 2.1701107401186988e-05,
                "-3.5": 5.385738231659492e-05,
                "-4.0": 8.451087153186648e-05,
                "-4.5": 8.483621527572396e-05,
                "-5.0": 0.00010524939216048144,
                "-5.5": 0.00010552620943070498,
                "-6.0": 9.450184766803573e-05,
                "-6.5": 9.498678284618729e-05,
                "-7.0": 4.0025807988192666e-05,
                "-7.5": 4.1490230255040706e-05,
                "-8.0": 5.067915005263082e-06,
                "-8.5": 0.0,
                "-9.0": 0.0
            },
            "Qs_in": 0.0,
            "Qs_out_bed": 7.669151379313491e-20,
            "Qs_out_wall": -2.073197529317686e-19,
            "D50": 0.0027367871186208467,
            "D84": 0.00410518067793127
        },
        "deposit_downstream": {
            "flow_scale": 0.83,
            "elevation": 1744.3025250360581,
            "length": 47,
            "width": 5.223727789118362,
            "bankfull_width": 7.5,
            "lwd_factor": 1,
            "gsd_bed": {
                "1.0": 0.9994171245310596,
                "0.0": 1.4089130370065006e-05,
                "-1.0": 3.3444452608943093e-07,
                "-2.0": 1.6629700950873704e-06,
                "-2.5": 4.009183565279743e-05,
                "-3.0": 8.871354025018308e-07,
                "-3.5": 1.7832124387611874e-06,
                "-4.0": 3.4677741505431697e-06,
                "-4.5": 3.7138189346123135e-06,
                "-5.0": 1.004321488364265e-05,
                "-5.5": 0.00013341231550390234,
                "-6.0": 0.00012497276446640763,
                "-6.5": 0.00012656315762425545,
                "-7.0": 5.249319311240402e-05,
                "-7.5": 5.306186929160323e-05,
                "-8.0": 1.6298632487823477e-05,
                "-8.5": 0.0,
                "-9.0": 0.0
            },
            "gsd_wall": {
                "1.0": 0.8239002512362131,
                "0.0": 0.0086632769819609,
                "-1.0": 0.0050032934766061936,
                "-2.0": 0.00238921356340478,
                "-2.5": 0.0022954975945124563,
                "-3.0": 0.0036318815310427644,
                "-3.5": 0.0035077849304332594,
                "-4.0": 0.002373523609859914,
                "-4.5": 0.0025213830855015224,
                "-5.0": 0.00301705310862943,
                "-5.5": 0.0032340227472341596,
                "-6.0": 0.004124327733255535,
                "-6.5": 0.0044264629281063825,
                "-7.0": 0.02756914428950099,
                "-7.5": 0.08782020262945359,
                "-8.0": 0.01552268055428506,
                "-8.5": 0.0,
                "-9.0": 0.0
            },
            "Qs_in": -1.306282391386337e-19,
            "Qs_out_bed": -4.146395058635372e-19,
            "Qs_out_wall": -2.073197529317686e-19,
            "D50": 0.0007071067811865476,
            "D84": 0.0014142135623730952
        },
        "downstream": {
            "flow_scale": 0.835,
            "elevation": 1742.488684650462,
            "length": 65,
            "bankfull_width": 6,
            "lwd_factor": null,
            "gsd": {
                "1.0": 0.12130516625400198,
                "0.0": 0.8628421274974335,
                "-1.0": 1.7337743350434109e-07,
                "-2.0": 8.835878813819243e-07,
                "-2.5": 1.6573327952119855e-06,
                "-3.0": 5.952053978847468e-07,
                "-3.5": 1.2243558847179268e-06,
                "-4.0": 5.066717548700718e-06,
                "-4.5": 6.527164509614664e-06,
                "-5.0": 1.615180156019697e-05,
                "-5.5": 1.539384240657465e-05,
                "-6.0": 0.00013242311351899125,
                "-6.5": 0.000354948432432192,
                "-7.0": 0.008052135206281355,
                "-7.5": 0.007260553525311525,
                "-8.0": 3.153346967430319e-06,
                "-8.5": 1.342771373493683e-06,
                "-9.0": 4.7646726156226745e-07
            },
            "Qs_in": -6.219592587953058e-19,
            "Qs_out": -6.219592587953163e-19,
            "D50": 0.0006961381950897342,
            "D84": 0.0010442072926346014
        }
    },
    "dep_masses": {
        "deposit_upstream": {
            "1.0": 22.597906177945102,
            "0.0": 153.7849504596587,
            "-1.0": 23.51169997756987,
            "-2.0": -6.817023448278659e-20,
            "-2.5": 81.01399463539515,
            "-3.0": 82.86256353566657,
            "-3.5": 149.76722860891468,
            "-4.0": 750.3513953754878,
            "-4.5": 2126.4809124882677,
            "-5.0": 7472.882243903591,
            "-5.5": 21209.854413760615,
            "-6.0": 53713.819455941215,
            "-6.5": 152702.5122384269,
            "-7.0": 181474.24228380297,
            "-7.5": 536963.3307423964,
            "-8.0": 181046.28643002163,
            "-8.5": 0.0,
            "-9.0": 0.0
        },
        "deposit_downstream": {
            "1.0": 3.4932538629422036e-19,
            "0.0": 0.5955194099034002,
            "-1.0": 0.33307857606123664,
            "-2.0": 6.0791742422929875,
            "-2.5": 1.5551099354725602e-11,
            "-3.0": 10.360191639929022,
            "-3.5": 5.332548762970691,
            "-4.0": 14.589039511291444,
            "-4.5": 42.727759083509255,