{
    "timestep": "4/20/2021 4:00",
    "deposit_mass": 2401711,
    "reaches": {
        "upstream": {
            "flow_scale": 0.78,
            "elevation": 1746.1185,
            "length": 50,
            "bankfull_width": 6,
            "lwd_factor": null,
            "gsd": {
                "1.0": 0.00495589255624938,
                "0.0": 0.00495589255624938,
                "-1.0": 0.007037367429874122,
                "-2.0": 0.009317078005748835,
                "-2.5": 0.016850034691247892,
                "-3.0": 0.03201506591337101,
                "-3.5": 0.04896421845574386,
                "-4.0": 0.06531866389136683,
                "-4.5": 0.09654078699573797,
                "-5.0": 0.12528496382198437,
                "-5.5": 0.14411735553573202,
                "-6.0": 0.14282882347110715,
                "-6.5": 0.11874318564773519,
                "-7.0": 0.09743284765586281,
                "-7.5": 0.04985627911586876,
                "-8.0": 0.023193577163247096,
                "-8.5": 0.0076320745366240455,
                "-9.0": 0.00495589255624938
            },
            "Qs_in": 0.0,
            "Qs_out": 0.0,
            "D50": 0.04543415634567647,
            "D84": 0.12766173715105633
        },
        "deposit_upstream": {
            "flow_scale": 0.79,
            "elevation": 1746.2994462518625,
            "length": 55,
            "width": 1.0000766735061852,
            "bankfull_width": 6,
            "lwd_factor": null,
            "gsd_bed": {
                "1.0": 5.4531001853337955e-05,
                "0.0": 5.494896073982399e-05,
                "-1.0": 0.00010494312000663965,
                "-2.0": 0.0001425867749317095,
                "-2.5": 0.00014437971640938912,
                "-3.0": 0.00037941806760408565,
                "-3.5": 0.0003967669178089611,
                "-4.0": 0.0005999307010243704,
                "-4.5": 0.0008574551712139727,
                "-5.0": 0.010374312785991074,
                "-5.5": 0.04250211615030717,
                "-6.0": 0.32814789116807613,
                "-6.5": 0.3281478911680754,
                "-7.0": 0.13604707943445107,
                "-7.5": 0.1360470794344512,
                "-8.0": 0.015998669427055627,
                "-8.5": 0.0,
                "-9.0": 0.0
            },
            "gsd_wall": {
                "1.0": 0.07852407568549079,
                "0.0": 0.8944980716624558,
                "-1.0": 0.015331055558553679,
                "-2.0": 0.0020793647690561345,
                "-2.5": 0.0020793655695503827,
                "-3.0": 0.0005478963246752308,
                "-3.5": 0.0005478963348651973,
                "-4.0": 0.0008284456629588198,
                "-4.5": 0.0008284521940812132,
                "-5.0": 0.0010330761795608737,
                "-5.5": 0.0010330916795473948,
                "-6.0": 0.0009274731724452009,
                "-6.5": 0.0009274731724452021,
                "-7.0": 0.00038452179569347283,
                "-7.5": 0.0003845217956934734,
                "-8.0": 4.521844292704353e-05,
                "-8.5": 0.0,
                "-9.0": 0.0
            },
            "Qs_in": 0.0,
            "Qs_out_bed": 0.0,
            "Qs_out_wall": 0.016761026925116936,
            "D50": 0.08981683151891892,
            "D84": 0.13472524727837837
        },
        "deposit_downstream": {
            "flow_scale": 0.83,
            "elevation": 1743.928221501424,
            "length": 47,
            "width": 2.343719805158475,
            "bankfull_width": 7.5,
            "lwd_factor": 1,
            "gsd_bed": {
                "1.0": 0.490365937124972,
                "0.0": 0.4915927994610942,
                "-1.0": 0.009377849416982387,
                "-2.0": 0.001428164700261763,
                "-2.5": 0.0014439490198792464,
                "-3.0": 0.0003806803429689614,
                "-3.5": 0.00038068034296882185,
                "-4.0": 0.0005751899815895296,
                "-4.5": 0.0005751899815895569,
                "-5.0": 0.0007174962705926611,
                "-5.5": 0.0007174962705926686,
                "-6.0": 0.000643433094964844,
                "-6.5": 0.0006434330949648453,
                "-7.0": 0.00041304403437114135,
                "-7.5": 0.0006644335280774214,
                "-8.0": 8.022333413010483e-05,
                "-8.5": 0.0,
                "-9.0": 0.0
            },
            "gsd_wall": {
                "1.0": 0.4900308713674559,
                "0.0": 0.49125274916217393,
                "-1.0": 0.009374592533446033,
                "-2.0": 0.0014796996579449365,
                "-2.5": 0.001497881823625544,
                "-3.0": 0.0003946684621199502,
                "-3.5": 0.00039466846211947033,
                "-4.0": 0.0005991143389234872,
                "-4.5": 0.000599114338922052,
                "-5.0": 0.0007439875086232675,
                "-5.5": 0.0007439875086229814,
                "-6.0": 0.0006690429918657249,
                "-6.5": 0.0006690429918657122,
                "-7.0": 0.000553287057511791,
                "-7.5": 0.0008898367714596479,
                "-8.0": 0.00010745502331961327,
                "-8.5": 0.0,
                "-9.0": 0.0
            },
            "Qs_in": 0.016761026925116936,
            "Qs_out_bed": 3116.523729983254,
            "Qs_out_wall": 0.22173563577692781,
            "D50": 0.0007532343987951912,
            "D84": 0.0011298515981927868
        },
        "downstream": {
            "flow_scale": 0.835,
            "elevation": 1741.959724130537,
            "length": 65,
            "bankfull_width": 6,
            "lwd_factor": null,
            "gsd": {
                "1.0": 0.005965042888350197,
                "0.0": 0.096112303026657,
                "-1.0": 0.0027946869620328807,
                "-2.0": 0.00025455531191340743,
                "-2.5": 0.00043563177630607326,
                "-3.0": 0.00012859128890899352,
                "-3.5": 0.00012859128903280965,
                "-4.0": 0.00019440488546437873,
                "-4.5": 0.057002548444391336,
                "-5.0": 0.22043285449127603,
                "-5.5": 0.2204242055778489,
                "-6.0": 0.1977185548548703,
                "-6.5": 0.19771855456057452,
                "-7.0": 0.0006890225201813183,
                "-7.5": 4.5079206590018416e-07,
                "-8.0": 8.434945648743622e-10,
                "-8.5": 3.5918037789979564e-10,
                "-9.0": 1.2745110183541144e-10
            },
            "Qs_in": 3116.7454656190307,
            "Qs_out": 17.847531247920465,
            "D50": 0.0007935584926092729,
            "D84": 0.06367234883793832
        }
    },
    "dep_masses": {
        "deposit_upstream": {
            "1.0": 23.481047791590562,
            "0.0": 189.1601113438698,
            "-1.0": 29.07296034296282,
            "-2.0": 31.619586826234315,
            "-2.5": 89.56463017221841,
            "-3.0": 66.74977363410709,
            "-3.5": 188.79625633497153,
            "-4.0": 807.4283709008155,
            "-4.5": 2288.224117885832,
            "-5.0": 8041.56788506354,
            "-5.5": 22829.99931597373,
            "-6.0": 58022.36141290611,
            "-6.5": 164112.0208620904,
            "-7.0": 192444.27344067078,
            "-7.5": 544314.6030016664,
            "-8.0": 181046.28643002163,
            "-8.5": 0,
            "-9.0": 0
        },
        "deposit_downstream": {
            "1.0": 8.603188613298853,
            "0.0": 68.99730850020309,
            "-1.0": 10.530129383290388,
            "-2.0": 13.288524878371444,
            "-2.5": 38.00482172460776,
            "-3.0": 28.34302726944538,
            "-3.5": 80.16618712627623,
            "-4.0": 342.68905276450806,
            "-4.5": 969.2710121925155,
            "-5.0": 3418.5733615054105,
            "-5.5": 9669.185623616377,
            "-6.0": 24529.96345958395,