{
    "timestep": "2018-07-11 08:00",
    "deposit_mass": 2401711,
    "reaches": {
        "upstream": {
            "flow_scale": 0.78,
            "elevation": 1747.5828292616166,
            "length": 50,
            "bankfull_width": 6,
            "lwd_factor": null,
            "gsd": {
                "1.0": 0.1318330129948645,
                "0.0": 0.13183294522073113,
                "-1.0": 0.009601203870891925,
                "-2.0": 0.010736789897969548,
                "-2.5": 0.014489161116264504,
                "-3.0": 0.02204327686153047,
                "-3.5": 0.03048611210850332,
                "-4.0": 0.03863270752015687,
                "-4.5": 0.05418529876015457,
                "-5.0": 0.06850355736291834,
                "-5.5": 0.060956991785742674,
                "-6.0": 0.060956991785769715,
                "-6.5": 0.060956991785742674,
                "-7.0": 0.060956991785748656,
                "-7.5": 0.06095699178575908,
                "-8.0": 0.06095699178576269,
                "-8.5": 0.06095699178575908,
                "-9.0": 0.06095699178573018
            },
            "Qs_in": 0.0,
            "Qs_out": 2.9995312231575623e-05,
            "D50": 0.03217510375493337,
            "D84": 0.2556290217876998
        },
        "deposit_upstream": {
            "flow_scale": 0.79,
            "elevation": 1745.9501574986089,
            "length": 55,
            "width": 2.7248705010373473,
            "bankfull_width": 6,
            "lwd_factor": null,
            "gsd_bed": {
                "1.0": 0.000549531414157386,
                "0.0": 0.5802344755200901,
                "-1.0": 0.2978582351937224,
                "-2.0": 0.11404265791608167,
                "-2.5": 0.0004999965180392812,
                "-3.0": 0.0004999965181361962,
                "-3.5": 0.0004999965184070823,
                "-4.0": 0.0004999965183962699,
                "-4.5": 0.0004999965183611425,
                "-5.0": 0.0004999965183800339,
                "-5.5": 0.0004999965183726282,
                "-6.0": 0.0004999965183739429,
                "-6.5": 0.0008151452176164027,
                "-7.0": 0.0004999965183729253,
                "-7.5": 0.0004999965183734253,
                "-8.0": 0.0004999965183736032,
                "-8.5": 0.0004999965183734253,
                "-9.0": 0.0004999965183720266
            },
            "gsd_wall": {
                "1.0": 0.0003530073381643526,
                "0.0": 0.0003530073563106826,
                "-1.0": 0.0006169909526962579,
                "-2.0": 0.00023483134684878324,
                "-2.5": 0.00023483129609389787,
                "-3.0": 4.690637598145764e-06,
                "-3.5": 0.00026140865541531623,
                "-4.0": 0.00020135846797577736,
                "-4.5": 0.00020135846190927524,
                "-5.0": 5.661411450310328e-05,
                "-5.5": 0.00047988624269195584,
                "-6.0": 0.02675349508315035,
                "-6.5": 0.07149579717853832,
                "-7.0": 0.21951549798877462,
                "-7.5": 0.5174528619081457,
                "-8.0": 0.06207944234220173,
                "-8.5": 0.049852460315294805,
                "-9.0": 0.049852460313686967
            },
            "Qs_in": 2.9995312231575623e-05,
            "Qs_out_bed": 2.9995312231575623e-05,
            "Qs_out_wall": 0.0,
            "D50": 0.0007987970877289825,
            "D84": 0.0019712093779418248
        },
        "deposit_downstream": {
            "flow_scale": 0.83,
            "elevation": 1743.7937793832812,
            "length": 47,
            "width": 8.926180115802877,
            "bankfull_width": 6,
            "lwd_factor": 1,
            "gsd_bed": {
                "1.0": 0.09121456291286474,
                "0.0": 0.0009146234899849266,
                "-1.0": 0.000914623489984941,
                "-2.0": 0.0009146234899849131,
                "-2.5": 0.0010213036099544785,
                "-3.0": 0.0010213036099643775,
                "-3.5": 0.0010213036099920485,
                "-4.0": 0.0010213036099909437,
                "-4.5": 0.005319904290080296,
                "-5.0": 0.005319904290099018,
                "-5.5": 0.06971677248923724,
                "-6.0": 0.08452920911736057,
                "-6.5": 0.122608405970242,
                "-7.0": 0.12260840597025628,
                "-7.5": 0.12260840597027972,
                "-8.0": 0.12272676062349058,
                "-8.5": 0.12308420462138968,
                "-9.0": 0.1234343788348432
            },
            "gsd_wall": {
                "1.0": 0.0004922295499689092,
                "0.0": 0.0006364878308368012,
                "-1.0": 0.001125936114421911,
                "-2.0": 0.002685314546689132,
                "-2.5": 0.033332815091076065,
                "-3.0": 0.027662716084354246,
                "-3.5": 0.02313389245132484,
                "-4.0": 0.026775995518147716,
                "-4.5": 0.03423935736040208,
                "-5.0": 0.02592409963694869,
                "-5.5": 0.023348826685346928,
                "-6.0": 0.023443789171102528,
                "-6.5": 0.024787343028656008,
                "-7.0": 0.03446724862314494,
                "-7.5": 0.023373090962089636,
                "-8.0": 0.08799039301682933,
                "-8.5": 0.22691212487929918,
                "-9.0": 0.3796683394493611
            },
            "Qs_in": 2.9995312231575623e-05,
            "Qs_out_bed": 6.461504639395135e-05,
            "Qs_out_wall": 0.0,
            "D50": 0.0007071067811865476,
            "D84": 0.25651730835214526
        },
        "downstream": {
            "flow_scale": 0.835,
            "elevation": 1742.3804099249287,
            "length": 65,
            "bankfull_width": 6.5,
            "lwd_factor": null,
            "gsd": {
                "1.0": 0.005000001700557386,
                "0.0": 0.005000001700557409,
                "-1.0": 0.0050000000002165595,
                "-2.0": 0.005300834626039091,
                "-2.5": 0.011227207157454787,
                "-3.0": 0.01543034215350851,
                "-3.5": 0.035091705736357816,
                "-4.0": 0.08930778268052701,
                "-4.5": 0.1320974762838235,
                "-5.0": 0.19995891708279329,
                "-5.5": 0.1999589170826607,
                "-6.0": 0.09841641805832943,
                "-6.5": 0.03303506595619077,
                "-7.0": 0.03303506595619485,
                "-7.5": 0.033035065956201246,
                "-8.0": 0.03303506595620354,
                "-8.5": 0.033035065956201246,
                "-9.0": 0.03303506595618288
            },
            "Qs_in": 6.461504639395135e-05,
            "Qs_out": 0.00014225671004046664,
            "D50": 0.03281058754524717,
            "D84": 0.12770703461910804
        }
    }
}