{
    "timestep": "4/24/2021 8:00",
    "deposit_mass": 2401711,
    "reaches": {
        "upstream": {
            "flow_scale": 0.78,
            "elevation": 1746.1185,
            "length": 50,
            "bankfull_width": 6,
            "lwd_factor": null,
            "gsd": {
                "1.0": 0.00495589255624938,
                "0.0": 0.00495589255624938,
                "-1.0": 0.007037367429874122,
                "-2.0": 0.009317078005748835,
                "-2.5": 0.016850034691247892,
                "-3.0": 0.03201506591337101,
                "-3.5": 0.04896421845574386,
                "-4.0": 0.06531866389136683,
                "-4.5": 0.09654078699573797,
                "-5.0": 0.12528496382198437,
                "-5.5": 0.14411735553573202,
                "-6.0": 0.14282882347110715,
                "-6.5": 0.11874318564773519,
                "-7.0": 0.09743284765586281,
                "-7.5": 0.04985627911586876,
                "-8.0": 0.023193577163247096,
                "-8.5": 0.0076320745366240455,
                "-9.0": 0.00495589255624938
            },
            "Qs_in": 0.0,
            "Qs_out": 0.0,
            "D50": 0.04543415634567647,
            "D84": 0.12766173715105633
        },
        "deposit_upstream": {
            "flow_scale": 0.79,
            "elevation": 1746.2994462518625,
            "length": 55,
            "width": 1.0001313368810187,
            "bankfull_width": 6,
            "lwd_factor": null,
            "gsd_bed": {
                "1.0": 5.4531001853337955e-05,
                "0.0": 5.494896073982399e-05,
                "-1.0": 0.00010494312000663965,
                "-2.0": 0.0001425867749317095,
                "-2.5": 0.00014437971640938912,
                "-3.0": 0.00037941806760408565,
                "-3.5": 0.0003967669178089611,
                "-4.0": 0.0005999307010243704,
                "-4.5": 0.0008574551712139727,
                "-5.0": 0.010374312785991074,
                "-5.5": 0.04250211615030717,
                "-6.0": 0.32814789116807613,
                "-6.5": 0.3281478911680754,
                "-7.0": 0.13604707943445107,
                "-7.5": 0.1360470794344512,
                "-8.0": 0.015998669427055627,
                "-8.5": 0.0,
                "-9.0": 0.0
            },
            "gsd_wall": {
                "1.0": 0.1867965964860983,
                "0.0": 0.7889699557719968,
                "-1.0": 0.013771457578945575,
                "-2.0": 0.0018678349366227172,
                "-2.5": 0.0018678355805537648,
                "-3.0": 0.0004921598518526641,
                "-3.5": 0.0004921598598159883,
                "-4.0": 0.00074416942583551,
                "-4.5": 0.000744175292353288,
                "-5.0": 0.000927983260145979,
                "-5.5": 0.0009279971833456344,
                "-6.0": 0.0008331230506417739,
                "-6.5": 0.000833123050641394,
                "-7.0": 0.0003454051081840646,
                "-7.5": 0.0003454051081840648,
                "-8.0": 4.0618454782160224e-05,
                "-8.5": 0.0,
                "-9.0": 0.0
            },
            "Qs_in": 0.0,
            "Qs_out_bed": 0.0,
            "Qs_out_wall": 5.004788117060614e-12,
            "D50": 0.08981683151891892,
            "D84": 0.13472524727837837
        },
        "deposit_downstream": {
            "flow_scale": 0.83,
            "elevation": 1744.4863497436077,
            "length": 47,
            "width": 3.945590717982015,
            "bankfull_width": 7.5,
            "lwd_factor": 1,
            "gsd_bed": {
                "1.0": 0.47384340067783187,
                "0.0": 0.47502450536993596,
                "-1.0": 0.009200419709163143,
                "-2.0": 0.0017310955839264304,
                "-2.5": 0.0017505555403178347,
                "-3.0": 0.0004622978104432148,
                "-3.5": 0.000462297810754062,
                "-4.0": 0.000697534609984994,
                "-4.5": 0.000697534610023906,
                "-5.0": 0.0008699589574004354,
                "-5.5": 0.0008699589574053016,
                "-6.0": 0.0007804005878179999,
                "-6.5": 0.0007804005878189416,
                "-7.0": 0.010830766645790522,
                "-7.5": 0.0196297523975415,
                "-8.0": 0.002369120143844273,
                "-8.5": 0.0,
                "-9.0": 0.0
            },
            "gsd_wall": {
                "1.0": 0.0008726221239940019,
                "0.0": 0.00032074952564743704,
                "-1.0": 0.00118818579089188,
                "-2.0": 0.0002444289105212907,
                "-2.5": 0.0001519467678282031,
                "-3.0": 5.03001931037164e-05,
                "-3.5": 5.0300152620946435e-05,
                "-4.0": 0.0006980677836863675,
                "-4.5": 0.0006980677772287177,
                "-5.0": 0.00040750435799000986,
                "-5.5": 0.00040750435702759113,
                "-6.0": 0.0003447200510655842,
                "-6.5": 0.00034904524280395227,
                "-7.0": 0.32308716896849676,
                "-7.5": 0.5982504266233244,
                "-8.0": 0.07287896137376917,
                "-8.5": 0.0,
                "-9.0": 0.0
            },
            "Qs_in": 5.004788117060614e-12,
            "Qs_out_bed": 1.1394408028074918e-10,
            "Qs_out_wall": -5.388662287602184e-12,
            "D50": 0.0007614219113928289,
            "D84": 0.0011421328670892432
        },
        "downstream": {
            "flow_scale": 0.835,
            "elevation": 1742.1154096454566,
            "length": 65,
            "bankfull_width": 6,
            "lwd_factor": null,
            "gsd": {
                "1.0": 6.501556344943133e-06,
                "0.0": 1.6597001876599005e-05,
                "-1.0": 0.000128261697916158,
                "-2.0": 0.0010970646494935382,
                "-2.5": 0.01268883587821062,
                "-3.0": 0.01667936520459206,
                "-3.5": 0.01667936521640696,
                "-4.0": 0.02526267187497611,
                "-4.5": 0.02526379218231688,
                "-5.0": 0.07824448292688052,
                "-5.5": 0.2807539268501964,
                "-6.0": 0.25182606035162347,
                "-6.5": 0.2518256127380249,
                "-7.0": 0.03952745498453665,
                "-7.5": 6.866344118680852e-09,
                "-8.0": 1.284793158991077e-11,
                "-8.5": 5.47095988031911e-12,
                "-9.0": 1.9413083446293624e-12
            },
            "Qs_in": 1.08555417993147e-10,
            "Qs_out": 0.0,
            "D50": 0.0629418565142804,
            "D84": 0.0944127847714206
        }
    },
    "dep_masses": {
        "deposit_upstream": {
            "1.0": 23.297847922896878,
            "0.0": 187.6338352062957,
            "-1.0": 29.07296034860394,
            "-2.0": 31.61958682754894,
            "-2.5": 89.56463017246789,
            "-3.0": 66.74977363435656,
            "-3.5": 188.79625633522105,
            "-4.0": 807.428370901065,
            "-4.5": 2288.224117886069,
            "-5.0": 8041.567885063617,
            "-5.5": 22829.999315973808,
            "-6.0": 58022.36141290618,
            "-6.5": 164112.0208620904,
            "-7.0": 192444.27344067078,
            "-7.5": 544314.6030016664,
            "-8.0": 181046.28643002163,
            "-8.5": 0,
            "-9.0": 0
        },
        "deposit_downstream": {
            "1.0": 1.5712941578450606e-11,
            "0.0": 1.1479107113588733e-11,
            "-1.0": 1.1479107113588733e-11,
            "-2.0": 1.1479107113588733e-11,
            "-2.5": 1.1479107113588733e-11,
            "-3.0": 1.1479107113588733e-11,
            "-3.5": 1.1479107113588733e-11,
            "-4.0": 1.1479107113588733e-11,
            "-4.5": 1.1479107113588733e-11,
            "-5.0": 1.1479107113588733e-11,
            "-5.5": 1.1479107113588733e-11,