{
    "timestep": "2012-04-09 08:00",
    "deposit_mass": 2401711,
    "reaches": {
        "upstream": {
            "flow_scale": 0.78,
            "elevation": 1746.1185,
            "length": 50,
            "bankfull_width": 6,
            "lwd_factor": null,
            "gsd": {
                "1.0": 0.004955892556260886,
                "0.0": 0.004955892556265294,
                "-1.0": 0.0070373674298990635,
                "-2.0": 0.00931707800577568,
                "-2.5": 0.016850034689765155,
                "-3.0": 0.032015065911397814,
                "-3.5": 0.048964218456333336,
                "-4.0": 0.0653186638919612,
                "-4.5": 0.09654078699569375,
                "-5.0": 0.1252849638225716,
                "-5.5": 0.14411735553611693,
                "-6.0": 0.14282882347154074,
                "-6.5": 0.11874318564805218,
                "-7.0": 0.09743284765613067,
                "-7.5": 0.04985627911601255,
                "-8.0": 0.02319357716331521,
                "-8.5": 0.007632074536646047,
                "-9.0": 0.0049558925562618
            },
            "Qs_in": 0.0,
            "Qs_out": 0.0,
            "D50": 0.045434156345702234,
            "D84": 0.12766173715106718
        },
        "deposit_upstream": {
            "flow_scale": 0.79,
            "elevation": 1746.2232452340656,
            "length": 55,
            "width": 1.0000690757671806,
            "bankfull_width": 6,
            "lwd_factor": null,
            "gsd_bed": {
                "1.0": 0.3582552937786579,
                "0.0": 0.3582552937785962,
                "-1.0": 0.13478626550943096,
                "-2.0": 0.009066915412211538,
                "-2.5": 0.009066915412371071,
                "-3.0": 0.0047929785604999995,
                "-3.5": 0.005338076285763334,
                "-4.0": 0.014754167931466312,
                "-4.5": 0.014754167931467273,
                "-5.0": 0.019152926072525178,
                "-5.5": 0.019642892274058528,
                "-6.0": 0.01765126547531938,
                "-6.5": 0.017651265475313063,
                "-7.0": 0.00728405783730655,
                "-7.5": 0.007284057837307552,
                "-8.0": 0.0008662626328256233,
                "-8.5": 0.0006985988974399876,
                "-9.0": 0.0006985988974397196
            },
            "gsd_wall": {
                "1.0": 0.3656749220436185,
                "0.0": 0.36567492204389185,
                "-1.0": 0.13757774969049272,
                "-2.0": 0.009254695308387798,
                "-2.5": 0.009254695307680022,
                "-3.0": 0.003894001619029913,
                "-3.5": 0.004005902214370445,
                "-4.0": 0.011072107407932397,
                "-4.5": 0.01107210740784409,
                "-5.0": 0.014373108374219467,
                "-5.5": 0.01560466704011828,
                "-6.0": 0.017789070095209636,
                "-6.5": 0.017789070095205264,
                "-7.0": 0.007340924968048169,
                "-7.5": 0.007340924968048861,
                "-8.0": 0.0008730256036170951,
                "-8.5": 0.0007040529061427947,
                "-9.0": 0.0007040529061426059
            },
            "Qs_in": 0.0,
            "Qs_out_bed": 20.049728008937887,
            "Qs_out_wall": 0.008374624746570311,
            "D50": 0.0008369129358366823,
            "D84": 0.0018362843853382885
        },
        "deposit_downstream": {
            "flow_scale": 0.83,
            "elevation": 1744.3050510766498,
            "length": 47,
            "width": 2.0239305593571655,
            "bankfull_width": 6,
            "lwd_factor": 1,
            "gsd_bed": {
                "1.0": 0.1865967346317542,
                "0.0": 0.18659673463189708,
                "-1.0": 0.07034917327374353,
                "-2.0": 0.004908033264515168,
                "-2.5": 0.004908033264139127,
                "-3.0": 0.0022391272553066925,
                "-3.5": 0.0023979878366020024,
                "-4.0": 0.005729146483628777,
                "-4.5": 0.005898300940844245,
                "-5.0": 0.007873344356495575,
                "-5.5": 0.007978423292432407,
                "-6.0": 0.007221380254132709,
                "-6.5": 0.009769600541706832,
                "-7.0": 0.14876307484444307,
                "-7.5": 0.2464977212616222,
                "-8.0": 0.038935924807205806,
                "-8.5": 0.031668629529767935,
                "-9.0": 0.031668629529762626
            },
            "gsd_wall": {
                "1.0": 0.012648348782174265,
                "0.0": 0.012648348720166045,
                "-1.0": 0.011266637168452883,
                "-2.0": 0.0008800746599213432,
                "-2.5": 0.0008800748862403402,
                "-3.0": 0.008223170252771798,
                "-3.5": 0.012222201382004291,
                "-4.0": 0.005764310268030009,
                "-4.5": 0.011113738739992985,
                "-5.0": 0.01034995969934139,
                "-5.5": 0.0052693060607970415,
                "-6.0": 0.012138499788927901,
                "-6.5": 0.09197468853443697,
                "-7.0": 0.20691574094123075,
                "-7.5": 0.07587008933808136,
                "-8.0": 0.05839528120474154,
                "-8.5": 0.2317197647863708,
                "-9.0": 0.23171976478631826
            },
            "Qs_in": 20.058102633684456,
            "Qs_out_bed": 0.04002802921371568,
            "Qs_out_wall": 0.0,
            "D50": 0.09054603354437414,
            "D84": 0.1817774910269965
        },
        "downstream": {
            "flow_scale": 0.835,
            "elevation": 1741.8296695174042,
            "length": 65,
            "bankfull_width": 6.5,
            "lwd_factor": null,
            "gsd": {
                "1.0": 0.005000000209543543,
                "0.0": 0.005000000209543562,
                "-1.0": 0.005000000209543567,
                "-2.0": 0.005000000000427458,
                "-2.5": 0.01701895670837253,
                "-3.0": 0.017907748323689344,
                "-3.5": 0.019157117511203664,
                "-4.0": 0.18373302285737886,
                "-4.5": 0.17987898667398056,
                "-5.0": 0.19780691733078712,
                "-5.5": 0.17876055844491906,
                "-6.0": 0.07260714903767529,
                "-6.5": 0.06228813490526686,
                "-7.0": 0.010625176967277982,
                "-7.5": 0.01005405765259809,
                "-8.0": 0.010054057652598309,
                "-8.5": 0.01005405765259809,
                "-9.0": 0.010054057652596178
            },
            "Qs_in": 0.04002802921371568,
            "Qs_out": 0.04236566222305528,
            "D50": 0.0315960975701445,
            "D84": 0.06464857851188978
        }
    }
}