{
    "timestep": "2017-04-16 00:00",
    "deposit_mass": 2401711,
    "reaches": {
        "upstream": {
            "flow_scale": 0.78,
            "elevation": 1747.0552493091031,
            "length": 50,
            "bankfull_width": 6,
            "lwd_factor": null,
            "gsd": {
                "1.0": 0.1655204203300719,
                "0.0": 0.16552023085528364,
                "-1.0": 0.00930558962586327,
                "-2.0": 0.010615854236192672,
                "-2.5": 0.014945424239089912,
                "-3.0": 0.023661532297795048,
                "-3.5": 0.03340306485490957,
                "-4.0": 0.04280278923341434,
                "-4.5": 0.06074771758830562,
                "-5.0": 0.052608597416368794,
                "-5.5": 0.052608597415271914,
                "-6.0": 0.052608597415466564,
                "-6.5": 0.052608597415271914,
                "-7.0": 0.052608597415316795,
                "-7.5": 0.05260859741538972,
                "-8.0": 0.05260859741541668,
                "-8.5": 0.05260859741538972,
                "-9.0": 0.05260859741518222
            },
            "Qs_in": 0.0,
            "Qs_out": 0.0,
            "D50": 0.022591013153186405,
            "D84": 0.18195205937346054
        },
        "deposit_upstream": {
            "flow_scale": 0.79,
            "elevation": 1745.9710670738639,
            "length": 55,
            "width": 2.7248705010373473,
            "bankfull_width": 6,
            "lwd_factor": null,
            "gsd_bed": {
                "1.0": 0.0005511744067776835,
                "0.0": 0.5802361185125399,
                "-1.0": 0.29785987818372633,
                "-2.0": 0.11404430090961347,
                "-2.5": 0.0004993645966884839,
                "-3.0": 0.0004993645971997051,
                "-3.5": 0.0004993645986285675,
                "-4.0": 0.0004993645985715547,
                "-4.5": 0.0004993645983862592,
                "-5.0": 0.0004993645984858996,
                "-5.5": 0.0004993645984467584,
                "-6.0": 0.000499364598453818,
                "-6.5": 0.0008167882102355093,
                "-7.0": 0.0004993645984483957,
                "-7.5": 0.0004993645984510401,
                "-8.0": 0.0004993645984519654,
                "-8.5": 0.0004993645984510401,
                "-9.0": 0.000499364598443676
            },
            "gsd_wall": {
                "1.0": 0.000360912543417898,
                "0.0": 0.0003609125619626376,
                "-1.0": 0.0006308077762762494,
                "-2.0": 0.00024009013270096845,
                "-2.5": 0.00024009008135219672,
                "-3.0": 4.795679198327911e-06,
                "-3.5": 0.00026726261036156266,
                "-4.0": 0.00020586766604209025,
                "-4.5": 0.00020586765988865843,
                "-5.0": 5.788192439205465e-05,
                "-5.5": 0.000490632759365174,
                "-6.0": 0.027352609738425317,
                "-6.5": 0.07309686574039523,
                "-7.0": 0.21937420292047252,
                "-7.5": 0.5158139434004951,
                "-8.0": 0.0618966461339516,
                "-8.5": 0.049700305336235914,
                "-9.0": 0.049700305335066586
            },
            "Qs_in": 0.0,
            "Qs_out_bed": 0.0,
            "Qs_out_wall": 0.0,
            "D50": 0.0007987959384246585,
            "D84": 0.001971204892116398
        },
        "deposit_downstream": {
            "flow_scale": 0.83,
            "elevation": 1744.014845089972,
            "length": 47,
            "width": 7.497885046517594,
            "bankfull_width": 6,
            "lwd_factor": 1,
            "gsd_bed": {
                "1.0": 0.06458134889657643,
                "0.0": 0.0007906294465432756,
                "-1.0": 0.0016083797457527055,
                "-2.0": 0.002746669600443504,
                "-2.5": 0.002746669598495554,
                "-3.0": 0.027526369675922285,
                "-3.5": 0.0275263696917488,
                "-4.0": 0.04015988743603275,
                "-4.5": 0.0454059320626694,
                "-5.0": 0.0454059320645238,
                "-5.5": 0.05781719982114161,
                "-6.0": 0.07221800646164246,
                "-6.5": 0.10179607229556283,
                "-7.0": 0.1017960722956308,
                "-7.5": 0.10179607229574107,
                "-8.0": 0.10185359185770756,
                "-8.5": 0.10202730722598377,
                "-9.0": 0.10219748952788132
            },
            "gsd_wall": {
                "1.0": 0.00042916325830108043,
                "0.0": 0.0009707133928714503,
                "-1.0": 0.0027901915308602525,
                "-2.0": 0.0029930567895144764,
                "-2.5": 0.02321322047137814,
                "-3.0": 0.021263229589737503,
                "-3.5": 0.019917988948960724,
                "-4.0": 0.026896183761141168,
                "-4.5": 0.022360452593744314,
                "-5.0": 0.020505421673334818,
                "-5.5": 0.021960756479142772,
                "-6.0": 0.01850653288736532,
                "-6.5": 0.02813661815507499,
                "-7.0": 0.028541734395087205,
                "-7.5": 0.029382794244550973,
                "-8.0": 0.10088071826999027,
                "-8.5": 0.3034414014294531,
                "-9.0": 0.32780982212949134
            },
            "Qs_in": 0.0,
            "Qs_out_bed": 0.0,
            "Qs_out_wall": 0.0,
            "D50": 0.12635485436406832,
            "D84": 0.3616411038556458
        },
        "downstream": {
            "flow_scale": 0.835,
            "elevation": 1742.4809193470508,
            "length": 65,
            "bankfull_width": 6.5,
            "lwd_factor": null,
            "gsd": {
                "1.0": 0.11002393592134198,
                "0.0": 0.01045584904219937,
                "-1.0": 0.007074270754307131,
                "-2.0": 0.007827556024590837,
                "-2.5": 0.012114214722559665,
                "-3.0": 0.015494959224107492,
                "-3.5": 0.03253458424937333,
                "-4.0": 0.043914799424208784,
                "-4.5": 0.06452063394859486,
                "-5.0": 0.08822141595807,
                "-5.5": 0.07597722259125837,
                "-6.0": 0.07597722259147116,
                "-6.5": 0.07597722259125837,
                "-7.0": 0.07597722259130554,
                "-7.5": 0.07597722259138737,
                "-8.0": 0.07597722259141641,
                "-8.5": 0.07597722259138737,
                "-9.0": 0.07597722259116177
            },
            "Qs_in": 0.0,
            "Qs_out": 0.0,
            "D50": 0.06389587642243175,
            "D84": 0.2576636459369512
        }
    }
}