{
    "timestep": "2012-04-05 04:00",
    "deposit_mass": 2401711,
    "reaches": {
        "upstream": {
            "flow_scale": 0.78,
            "elevation": 1746.1185,
            "length": 50,
            "bankfull_width": 6,
            "lwd_factor": null,
            "gsd": {
                "1.0": 0.0049558925562551625,
                "0.0": 0.004955892556257382,
                "-1.0": 0.00703736742988665,
                "-2.0": 0.009317078005762312,
                "-2.5": 0.016850034690502842,
                "-3.0": 0.0320150659123795,
                "-3.5": 0.04896421845604002,
                "-4.0": 0.06531866389166557,
                "-4.5": 0.09654078699571554,
                "-5.0": 0.12528496382227933,
                "-5.5": 0.14411735553592572,
                "-6.0": 0.14282882347132506,
                "-6.5": 0.11874318564789461,
                "-7.0": 0.0974328476559973,
                "-7.5": 0.04985627911594106,
                "-8.0": 0.023193577163281333,
                "-8.5": 0.0076320745366350974,
                "-9.0": 0.004955892556255617
            },
            "Qs_in": 0.0,
            "Qs_out": 0.0,
            "D50": 0.0454341563456894,
            "D84": 0.12766173715106185
        },
        "deposit_upstream": {
            "flow_scale": 0.79,
            "elevation": 1746.2443738799282,
            "length": 55,
            "width": 1.0000501632261498,
            "bankfull_width": 6,
            "lwd_factor": null,
            "gsd_bed": {
                "1.0": 0.3668252996680577,
                "0.0": 0.3668252996680459,
                "-1.0": 0.13801055586687982,
                "-2.0": 0.00928380967680721,
                "-2.5": 0.009283809676837815,
                "-3.0": 0.004027597660304883,
                "-3.5": 0.004485637706369609,
                "-4.0": 0.012398071600437807,
                "-4.5": 0.012398071600437554,
                "-5.0": 0.01609439108379799,
                "-5.5": 0.016520209423392756,
                "-6.0": 0.0148455479486445,
                "-6.5": 0.014845547948641805,
                "-7.0": 0.006126236673265637,
                "-7.5": 0.006126236673266081,
                "-8.0": 0.0007285677885086435,
                "-8.5": 0.0005875546681521173,
                "-9.0": 0.0005875546681520061
            },
            "gsd_wall": {
                "1.0": 0.3703866659681774,
                "0.0": 0.370386665968313,
                "-1.0": 0.13935044748067507,
                "-2.0": 0.009373942628243438,
                "-2.5": 0.009373942627893062,
                "-3.0": 0.003898998613795172,
                "-3.5": 0.0039703844446612934,
                "-4.0": 0.010973938121711607,
                "-4.5": 0.010973938121668747,
                "-5.0": 0.014245671226295538,
                "-5.5": 0.014358993898068568,
                "-6.0": 0.014459290451393278,
                "-6.5": 0.014459290451391334,
                "-7.0": 0.005966841758832924,
                "-7.5": 0.005966841758833228,
                "-8.0": 0.0007096116158203346,
                "-8.5": 0.000572267432113161,
                "-9.0": 0.0005722674321130779
            },
            "Qs_in": 0.0,
            "Qs_out_bed": 74.72513819477281,
            "Qs_out_wall": 0.024465379904532063,
            "D50": 0.000830170543912346,
            "D84": 0.001822349251514538
        },
        "deposit_downstream": {
            "flow_scale": 0.83,
            "elevation": 1743.9513260556039,
            "length": 47,
            "width": 1.705951146696653,
            "bankfull_width": 6,
            "lwd_factor": 1,
            "gsd_bed": {
                "1.0": 0.35515128312666716,
                "0.0": 0.35515128312678107,
                "-1.0": 0.13389622923660363,
                "-2.0": 0.009341504903397238,
                "-2.5": 0.009341504903103849,
                "-3.0": 0.0040044708402490956,
                "-3.5": 0.004086619594006522,
                "-4.0": 0.010838217380395528,
                "-4.5": 0.011094050743005235,
                "-5.0": 0.014613268545944526,
                "-5.5": 0.014879386125611438,
                "-6.0": 0.013532973033660332,
                "-6.5": 0.013532973033658734,
                "-7.0": 0.01597361890365305,
                "-7.5": 0.023832582217049068,
                "-8.0": 0.004076929080810388,
                "-8.5": 0.003326552602701587,
                "-9.0": 0.0033265526027014924
            },
            "gsd_wall": {
                "1.0": 0.0043698748254207154,
                "0.0": 0.004369874803995572,
                "-1.0": 0.0038925076290533874,
                "-2.0": 0.0003040567719242496,
                "-2.5": 0.0003040568501288885,
                "-3.0": 0.008088661778785401,
                "-3.5": 0.00969735852866927,
                "-4.0": 0.006727965212068363,
                "-4.5": 0.00990405413801126,
                "-5.0": 0.015066662026590065,
                "-5.5": 0.010582808190213294,
                "-6.0": 0.010488796299125658,
                "-6.5": 0.010488796299628676,
                "-7.0": 0.2691648937402521,
                "-7.5": 0.44912188257346247,
                "-8.0": 0.07277467990319962,
                "-8.5": 0.057326535214736386,
                "-9.0": 0.057326535214734554
            },
            "Qs_in": 74.74960357467734,
            "Qs_out_bed": 426.3374439169576,
            "Qs_out_wall": 0.0003385416922829714,
            "D50": 0.0008362538581530919,
            "D84": 0.001834662890180679
        },
        "downstream": {
            "flow_scale": 0.835,
            "elevation": 1741.8275767518053,
            "length": 65,
            "bankfull_width": 6.5,
            "lwd_factor": null,
            "gsd": {
                "1.0": 0.005,
                "0.0": 0.005,
                "-1.0": 0.005,
                "-2.0": 0.005,
                "-2.5": 0.005,
                "-3.0": 0.019306785179321283,
                "-3.5": 0.02087398493382019,
                "-4.0": 0.15258230720568092,
                "-4.5": 0.15369050501988066,
                "-5.0": 0.19692980987440042,
                "-5.5": 0.19692980987440042,
                "-6.0": 0.10184422374450956,
                "-6.5": 0.10184216476096375,
                "-7.0": 0.006706429183785166,
                "-7.5": 0.006073495055809406,
                "-8.0": 0.006073495055809417,
                "-8.5": 0.006073495055809406,
                "-9.0": 0.006073495055809326
            },
            "Qs_in": 426.3377824586499,
            "Qs_out": 0.47904577461899267,
            "D50": 0.032147013441544886,
            "D84": 0.06506020217809372
        }
    }
}