{
    "timestep": "2012-04-05 04:00",
    "deposit_mass": 2401711,
    "reaches": {
        "upstream": {
            "flow_scale": 0.78,
            "elevation": 1746.1185,
            "length": 50,
            "bankfull_width": 6,
            "lwd_factor": null,
            "gsd": {
                "1.0": 0.004955892556255171,
                "0.0": 0.004955892556257384,
                "-1.0": 0.0070373674298866585,
                "-2.0": 0.009317078005762319,
                "-2.5": 0.0168500346905028,
                "-3.0": 0.0320150659123796,
                "-3.5": 0.04896421845603998,
                "-4.0": 0.06531866389166563,
                "-4.5": 0.09654078699571575,
                "-5.0": 0.12528496382227924,
                "-5.5": 0.14411735553592558,
                "-6.0": 0.1428288234713251,
                "-6.5": 0.11874318564789436,
                "-7.0": 0.09743284765599751,
                "-7.5": 0.049856279115941,
                "-8.0": 0.023193577163281336,
                "-8.5": 0.007632074536635106,
                "-9.0": 0.004955892556255631
            },
            "Qs_in": 0.0,
            "Qs_out": 0.0,
            "D50": 0.04543415634568934,
            "D84": 0.12766173715106185
        },
        "deposit_upstream": {
            "flow_scale": 0.79,
            "elevation": 1746.2987006857277,
            "length": 55,
            "width": 1.0000889079760895,
            "bankfull_width": 6,
            "lwd_factor": null,
            "gsd_bed": {
                "1.0": 1.6739949439531125e-05,
                "0.0": 1.676071793412303e-05,
                "-1.0": 9.462922250258185e-06,
                "-2.0": 0.00021851194684312762,
                "-2.5": 0.00021886921858285316,
                "-3.0": 5.7278549211797795e-05,
                "-3.5": 5.727675133372646e-05,
                "-4.0": 8.687756459111018e-05,
                "-4.5": 8.687756459076314e-05,
                "-5.0": 0.00010846874602575841,
                "-5.5": 0.007387562500730907,
                "-6.0": 0.34453308846788855,
                "-6.5": 0.34453308846782615,
                "-7.0": 0.14282818418178964,
                "-7.5": 0.1428281841817995,
                "-8.0": 0.016777946123396222,
                "-8.5": 0.00011741107288299084,
                "-9.0": 0.00011741107288297196
            },
            "gsd_wall": {
                "1.0": 0.02961879178125719,
                "0.0": 0.9421626708359979,
                "-1.0": 0.016036096236457766,
                "-2.0": 0.0021749714251400936,
                "-2.5": 0.002174999525926639,
                "-3.0": 0.0005730954141764005,
                "-3.5": 0.0005730954474897339,
                "-4.0": 0.0008665477271614863,
                "-4.5": 0.0008665477271573303,
                "-5.0": 0.0010805952723320414,
                "-5.5": 0.0010805832306068214,
                "-6.0": 0.0009701415985401241,
                "-6.5": 0.0009701415985399487,
                "-7.0": 0.00040221173035554755,
                "-7.5": 0.00040221173035557347,
                "-8.0": 4.729871850533489e-05,
                "-8.5": 0.0,
                "-9.0": 0.0
            },
            "Qs_in": 0.0,
            "Qs_out_bed": 0.0,
            "Qs_out_wall": 0.0,
            "D50": 0.09063570581977055,
            "D84": 0.1359535587296558
        },
        "deposit_downstream": {
            "flow_scale": 0.83,
            "elevation": 1743.9312056331776,
            "length": 47,
            "width": 2.2672606032933675,
            "bankfull_width": 6,
            "lwd_factor": 1,
            "gsd_bed": {
                "1.0": 0.4896508406275051,
                "0.0": 0.4896508406275309,
                "-1.0": 0.00935867144906965,
                "-2.0": 0.001562289381540179,
                "-2.5": 0.0016274525742933563,
                "-3.0": 0.0004523151655801919,
                "-3.5": 0.0004523151655820275,
                "-4.0": 0.0006721204495905098,
                "-4.5": 0.000672120449590155,
                "-5.0": 0.0008328919816577163,
                "-5.5": 0.0008328919816576239,
                "-6.0": 0.000750056231135155,
                "-6.5": 0.0007568810201639587,
                "-7.0": 0.0011235589341244056,
                "-7.5": 0.001416380154562358,
                "-8.0": 0.00018837365660773507,
                "-8.5": 7.490441197471922e-11,
                "-9.0": 7.490441197470498e-11
            },
            "gsd_wall": {
                "1.0": 0.4884512323899253,
                "0.0": 0.4884512323890972,
                "-1.0": 0.009348059859149013,
                "-2.0": 0.001678048278102417,
                "-2.5": 0.0017430686080847691,
                "-3.0": 0.0004972490005652855,
                "-3.5": 0.0004972490004568546,
                "-4.0": 0.0007321909196555589,
                "-4.5": 0.0007321909196767487,
                "-5.0": 0.0008953860287122043,
                "-5.5": 0.0008953860287177609,
                "-6.0": 0.0008075207305436841,
                "-6.5": 0.0009253281629563058,
                "-7.0": 0.0017858109881539435,
                "-7.5": 0.0022504326262218193,
                "-8.0": 0.0003096140699809605,
                "-8.5": 0.0,
                "-9.0": 0.0
            },
            "Qs_in": 0.0,
            "Qs_out_bed": 630.9106522191543,
            "Qs_out_wall": 0.09065699230709973,
            "D50": 0.000753994942047153,
            "D84": 0.0011309924130707297
        },
        "downstream": {
            "flow_scale": 0.835,
            "elevation": 1741.981174315248,
            "length": 65,
            "bankfull_width": 6,
            "lwd_factor": null,
            "gsd": {
                "1.0": 0.47438592203517316,
                "0.0": 0.4981636352135613,
                "-1.0": 0.007378126675426063,
                "-2.0": 0.001503225806524018,
                "-2.5": 0.0015651692617183316,
                "-3.0": 0.001,
                "-3.5": 0.001,
                "-4.0": 0.001,
                "-4.5": 0.0017418982284285649,
                "-5.0": 0.0021590846972650178,
                "-5.5": 0.002159084697264745,
                "-6.0": 0.0019438533846386995,
                "-6.5": 0.001,
                "-7.0": 0.001,
                "-7.5": 0.001,
                "-8.0": 0.001,
                "-8.5": 0.001,
                "-9.0": 0.001
            },
            "Qs_in": 631.0013092114614,
            "Qs_out": 0.017482963117227204,
            "D50": 0.0445886464807458,
            "D84": 0.06688296972111869
        }
    },
    "dep_masses": {
        "deposit_upstream": {
            "1.0": 23.53984159236283,
            "0.0": 188.54245174294311,
            "-1.0": 29.102110163159782,
            "-2.0": 31.5775786367262,
            "-2.5": 89.56499880669466,
            "-3.0": 66.7543345716959,
            "-3.5": 188.80389922105905,
            "-4.0": 807.4365479073086,
            "-4.5": 2283.775433612459,
            "-5.0": 8054.969620128342,
            "-5.5": 22735.77232214567,
            "-6.0": 58022.36141290611,
            "-6.5": 164112.0208620904,
            "-7.0": 192444.27344067078,
            "-7.5": 544314.6030016665,
            "-8.0": 181046.28643002163,
            "-8.5": 0,
            "-9.0": 0
        },
        "deposit_downstream": {
            "1.0": 2.451251055950671,
            "0.0": 19.61000844760342,
            "-1.0": 3.000883079705686,
            "-2.0": 4.292792179278358,
            "-2.5": 12.64424283350388,
            "-3.0": 10.062151050413956,
            "-3.5": 28.4600609638015,
            "-4.0": 118.97371592044031,
            "-4.5": 336.5084852419742,
            "-5.0": 1176.2303987003932,
            "-5.5": 3326.881964636798,
            "-6.0": 8482.32619054564,
            "-6.5": 27347.20309863481,
            "-7.0": 150250.53728921825,
            "-7.5": 535739.563966069,