{
    "timestep": "2018-07-11 08:00",
    "deposit_mass": 2401711,
    "reaches": {
        "upstream": {
            "flow_scale": 0.78,
            "elevation": 1746.6132812346846,
            "length": 50,
            "bankfull_width": 6,
            "lwd_factor": null,
            "gsd": {
                "1.0": 0.002487278247574674,
                "0.0": 0.0430047046679062,
                "-1.0": 0.02438427406139651,
                "-2.0": 0.019755795024875462,
                "-2.5": 0.019496452833700408,
                "-3.0": 0.07150355267513457,
                "-3.5": 0.06722063090266019,
                "-4.0": 0.06313681338999426,
                "-4.5": 0.07838100109363191,
                "-5.0": 0.07095279397918347,
                "-5.5": 0.06841122826917176,
                "-6.0": 0.06735013229805016,
                "-6.5": 0.06732102178984577,
                "-7.0": 0.0673204619396918,
                "-7.5": 0.0673192120416693,
                "-8.0": 0.06731851157798346,
                "-8.5": 0.06731810275716381,
                "-9.0": 0.0673180324503663
            },
            "Qs_in": 0.0,
            "Qs_out": 0.0,
            "D50": 0.04538179605408953,
            "D84": 0.2564770704643158
        },
        "deposit_upstream": {
            "flow_scale": 0.79,
            "elevation": 1745.7642506841141,
            "length": 55,
            "width": 3.18903291464772,
            "bankfull_width": 6,
            "lwd_factor": null,
            "gsd_bed": {
                "1.0": 7.294182060087286e-05,
                "0.0": 0.0004594415633893131,
                "-1.0": 0.000475029953798833,
                "-2.0": 0.000237560453570996,
                "-2.5": 0.00015140143239747133,
                "-3.0": 0.010808204327685523,
                "-3.5": 0.0027015275261970517,
                "-4.0": 0.0012883807738257405,
                "-4.5": 0.001538479677986414,
                "-5.0": 0.0031787674608160297,
                "-5.5": 0.008373511094667172,
                "-6.0": 0.0115312299997604,
                "-6.5": 0.1747896198325172,
                "-7.0": 0.26737626989653235,
                "-7.5": 0.48020049833784767,
                "-8.0": 0.020004827067848858,
                "-8.5": 0.008406154390283404,
                "-9.0": 0.008406154390274525
            },
            "gsd_wall": {
                "1.0": 0.5499541850204144,
                "0.0": 0.20786676344525423,
                "-1.0": 0.09779511973157425,
                "-2.0": 0.0372261448588342,
                "-2.5": 0.03454728844155986,
                "-3.0": 0.032482862928106954,
                "-3.5": 0.02066424897729595,
                "-4.0": 0.010344991046875578,
                "-4.5": 0.004500928248372279,
                "-5.0": 0.0017878837188535883,
                "-5.5": 0.0008222004161077533,
                "-6.0": 0.000333725123930077,
                "-6.5": 0.00039488829620693266,
                "-7.0": 0.0004856893370972521,
                "-7.5": 0.0007043792212760213,
                "-8.0": 8.870118824061957e-05,
                "-8.5": 0.0,
                "-9.0": 0.0
            },
            "Qs_in": 0.0,
            "Qs_out_bed": 0.0,
            "Qs_out_wall": 0.0,
            "D50": 0.16724759561714234,
            "D84": 0.2508713934257135
        },
        "deposit_downstream": {
            "flow_scale": 0.83,
            "elevation": 1743.6620685188138,
            "length": 47,
            "width": 8.851823093308907,
            "bankfull_width": 6,
            "lwd_factor": 1,
            "gsd_bed": {
                "1.0": 4.845452622080359e-05,
                "0.0": 0.11480832061173063,
                "-1.0": 0.07847799858198322,
                "-2.0": 0.041935814141372985,
                "-2.5": 0.036000898247556784,
                "-3.0": 0.0008491647693215356,
                "-3.5": 0.0008041105547717936,
                "-4.0": 0.0007758539957707093,
                "-4.5": 0.0014909028170369508,
                "-5.0": 0.0014913490172489307,
                "-5.5": 0.004601754145661258,
                "-6.0": 0.006676750823442741,
                "-6.5": 0.007545067412609099,
                "-7.0": 0.021629551051454834,
                "-7.5": 0.4650067816424139,
                "-8.0": 0.14851765915711568,
                "-8.5": 0.05148705132939335,
                "-9.0": 0.017852517174894875
            },
            "gsd_wall": {
                "1.0": 0.41693522141634665,
                "0.0": 0.23357107218854772,
                "-1.0": 0.24057212245747522,
                "-2.0": 0.07336503450973698,
                "-2.5": 0.019964437073071658,
                "-3.0": 0.007532712392930976,
                "-3.5": 0.004167205230022521,
                "-4.0": 0.002508117852992627,
                "-4.5": 0.0011901549982313746,
                "-5.0": 0.00019373688316052417,
                "-5.5": 2.4675814990681777e-08,
                "-6.0": 2.017095409868428e-08,
                "-6.5": 2.3077540090626618e-08,
                "-7.0": 2.5589580810398512e-08,
                "-7.5": 2.4932890427713694e-08,
                "-8.0": 2.0508873991695412e-08,
                "-8.5": 1.1958668542475589e-08,
                "-9.0": 3.408316088015096e-08
            },
            "Qs_in": 0.0,
            "Qs_out_bed": 0.0,
            "Qs_out_wall": 0.0,
            "D50": 0.168658214353837,
            "D84": 0.26682587998592766
        },
        "downstream": {
            "flow_scale": 0.835,
            "elevation": 1742.4938953742069,
            "length": 65,
            "bankfull_width": 6,
            "lwd_factor": null,
            "gsd": {
                "1.0": 0.0021853412218220004,
                "0.0": 0.000948676669359231,
                "-1.0": 0.009283035307565954,
                "-2.0": 0.02171180827128336,
                "-2.5": 0.021693872902849312,
                "-3.0": 0.06026825214448576,
                "-3.5": 0.07397653431341863,
                "-4.0": 0.07385237319850967,
                "-4.5": 0.0737436211148441,
                "-5.0": 0.07366428083226391,
                "-5.5": 0.07360797137625942,
                "-6.0": 0.073584703851533,
                "-6.5": 0.07359319368072524,
                "-7.0": 0.07359205538275723,
                "-7.5": 0.07358090931078529,
                "-8.0": 0.07357180151407738,
                "-8.5": 0.0735707919264234,
                "-9.0": 0.07357077698103702
            },
            "Qs_in": 0.0,
            "Qs_out": 0.0,
            "D50": 0.06355791514921437,
            "D84": 0.2573304088531933
        }
    },
    "dep_masses": {
        "deposit_upstream": {
            "1.0": 9.532955386121431,
            "0.0": 28.57359840395899,
            "-1.0": 109.81000518849243,
            "-2.0": 300.8042081477834,
            "-2.5": 785.6632818734294,
            "-3.0": 2044.6392377711175,
            "-3.5": 3650.8954660091276,
            "-4.0": 5167.561099407927,
            "-4.5": 6389.182158001887,
            "-5.0": 7086.677239721888,
            "-5.5": 9229.880129766581,
            "-6.0": 10427.350432790261,
            "-6.5": 35929.75108695145,
            "-7.0": 126526.33631392427,
            "-7.5": 519770.1606229384,
            "-8.0": 181046.28643002163,
            "-8.5": 0,
            "-9.0": 0
        },
        "deposit_downstream": {
            "1.0": 0.196064266605779,
            "0.0": 0.0002725257261597718,
            "-1.0": 0.0628811607796487,
            "-2.0": 7.66318554564631,
            "-2.5": 5.776417401502718,
            "-3.0": 8.512812874098625,
            "-3.5": 13.251630095911088,
            "-4.0": 18.25908201724159,
            "-4.5": 4.427676228156962,
            "-5.0": 5.2446280914102825,
            "-5.5": 0,
            "-6.0": 0,
            "-6.5": 0,
            "-7.0": 0,
            "-7.5": 0,