{
    "timestep": "2017-04-16 00:00",
    "deposit_mass": 2401711,
    "reaches": {
        "upstream": {
            "flow_scale": 0.78,
            "elevation": 1746.4710427546133,
            "length": 50,
            "bankfull_width": 6,
            "lwd_factor": null,
            "gsd": {
                "1.0": 0.9839007563787247,
                "0.0": 0.0009470143307260019,
                "-1.0": 0.0009470143307284517,
                "-2.0": 0.0009470143307235297,
                "-2.5": 0.0009470143300637788,
                "-3.0": 0.0009470143302551394,
                "-3.5": 0.0009470143307900939,
                "-4.0": 0.000947014330768763,
                "-4.5": 0.0009470143306993869,
                "-5.0": 0.0009470143307366806,
                "-5.5": 0.0009470143307220507,
                "-6.0": 0.0009470143307246656,
                "-6.5": 0.0009470143307220507,
                "-7.0": 0.0009470143307226578,
                "-7.5": 0.0009470143307236321,
                "-8.0": 0.0009470143307239873,
                "-8.5": 0.0009470143307236321,
                "-9.0": 0.0009470143307208706
            },
            "Qs_in": 0.0,
            "Qs_out": 0.0,
            "D50": 0.0007071067811865476,
            "D84": 0.0014142135623730952
        },
        "deposit_upstream": {
            "flow_scale": 0.79,
            "elevation": 1745.8644140408016,
            "length": 55,
            "width": 2.621155056048677,
            "bankfull_width": 6,
            "lwd_factor": null,
            "gsd_bed": {
                "1.0": 9.477529383674327e-06,
                "0.0": 5.297931908161629e-05,
                "-1.0": 3.91370606516443e-05,
                "-2.0": 2.3377408559097567e-05,
                "-2.5": 0.0004865448956727714,
                "-3.0": 2.326077157002361e-05,
                "-3.5": 0.0001884215643483697,
                "-4.0": 0.0006875791874088244,
                "-4.5": 0.0010879578217625064,
                "-5.0": 0.0012806745008624484,
                "-5.5": 0.0010843509065013885,
                "-6.0": 0.0010655970848285597,
                "-6.5": 0.7623885423377357,
                "-7.0": 0.010105811624626298,
                "-7.5": 0.2185146379256539,
                "-8.0": 0.0009918644544199585,
                "-8.5": 0.0009848928034680846,
                "-9.0": 0.0009848928034650697
            },
            "gsd_wall": {
                "1.0": 0.32466485095787756,
                "0.0": 0.30329015023658057,
                "-1.0": 0.19454430629333166,
                "-2.0": 0.04912980738898413,
                "-2.5": 0.0422058556266295,
                "-3.0": 0.03272440337530675,
                "-3.5": 0.017118012221828894,
                "-4.0": 0.010151465978880142,
                "-4.5": 0.004536255957107162,
                "-5.0": 0.005936726945905666,
                "-5.5": 0.0038691689996202066,
                "-6.0": 0.0035036550115685925,
                "-6.5": 0.003645470671829273,
                "-7.0": 0.0019414822130223352,
                "-7.5": 0.0024228899376227387,
                "-8.0": 0.0003154981839047427,
                "-8.5": 0.0,
                "-9.0": 0.0
            },
            "Qs_in": 0.0,
            "Qs_out_bed": 0.0,
            "Qs_out_wall": 0.0,
            "D50": 0.08438250679405214,
            "D84": 0.1759236501439025
        },
        "deposit_downstream": {
            "flow_scale": 0.83,
            "elevation": 1744.0626863360862,
            "length": 47,
            "width": 6.528409744784556,
            "bankfull_width": 6,
            "lwd_factor": 1,
            "gsd_bed": {
                "1.0": 9.536154891323339e-06,
                "0.0": 0.0024044776836928414,
                "-1.0": 0.000219919358535087,
                "-2.0": 0.015622738293630723,
                "-2.5": 0.010371696301994799,
                "-3.0": 0.015002539608469838,
                "-3.5": 0.0037908516305943025,
                "-4.0": 0.005010775050125266,
                "-4.5": 0.003806547898255734,
                "-5.0": 0.0033413322218475926,
                "-5.5": 0.005528087919715366,
                "-6.0": 0.01651441063968166,
                "-6.5": 0.032621092728981345,
                "-7.0": 0.024565396055722437,
                "-7.5": 0.03262109272906195,
                "-8.0": 0.7633273202668184,
                "-8.5": 0.03262109272906195,
                "-9.0": 0.03262109272891948
            },
            "gsd_wall": {
                "1.0": 0.523069209979524,
                "0.0": 0.16482229636415974,
                "-1.0": 0.1498801416175363,
                "-2.0": 0.050417518410803115,
                "-2.5": 0.0389675894982402,
                "-3.0": 0.03161799661259306,
                "-3.5": 0.018285570689335544,
                "-4.0": 0.010980866000923227,
                "-4.5": 0.006672305710782356,
                "-5.0": 0.003530621187121621,
                "-5.5": 7.480800374945907e-05,
                "-6.0": 2.229946539519606e-05,
                "-6.5": 2.9342642887961644e-05,
                "-7.0": 6.190757351453976e-05,
                "-7.5": 1.0682197905553686e-06,
                "-8.0": 0.0015664580236430597,
                "-8.5": 0.0,
                "-9.0": 0.0
            },
            "Qs_in": 0.0,
            "Qs_out_bed": 0.0,
            "Qs_out_wall": 0.0,
            "D50": 0.2330240279016525,
            "D84": 0.34953604185247894
        },
        "downstream": {
            "flow_scale": 0.835,
            "elevation": 1742.5354129072555,
            "length": 65,
            "bankfull_width": 6,
            "lwd_factor": null,
            "gsd": {
                "1.0": 0.0010000000000637361,
                "0.0": 0.0010000000000705874,
                "-1.0": 0.004414363608856389,
                "-2.0": 0.06514433059706552,
                "-2.5": 0.06493699264191276,
                "-3.0": 0.06355474114580166,
                "-3.5": 0.10084747795264155,
                "-4.0": 0.06355474162007489,
                "-4.5": 0.06355473863117894,
                "-5.0": 0.06355473632651085,
                "-5.5": 0.06355473547672093,
                "-6.0": 0.0635547354520846,
                "-6.5": 0.06355473560712047,
                "-7.0": 0.06355473469009958,
                "-7.5": 0.06355473455131655,
                "-8.0": 0.06355473390940142,
                "-8.5": 0.0635547338951588,
                "-9.0": 0.0635547338939207
            },
            "Qs_in": 0.0,
            "Qs_out": 0.0,
            "D50": 0.04491306077739612,
            "D84": 0.2559729347568293
        }
    },
    "dep_masses": {
        "deposit_upstream": {
            "1.0": 1.0995920601700513,
            "0.0": 8.520954901231876,
            "-1.0": 43.72628542481151,
            "-2.0": 88.45861310503352,
            "-2.5": 273.226906880409,
            "-3.0": 596.6931542151849,
            "-3.5": 875.3040438043054,
            "-4.0": 1505.7536715628412,
            "-4.5": 1848.205746473768,
            "-5.0": 6873.399080244103,
            "-5.5": 12722.002461325626,
            "-6.0": 32746.9296296881,
            "-6.5": 97811.66686147543,
            "-7.0": 146632.31200474247,
            "-7.5": 519770.1606229384,
            "-8.0": 181046.28643002163,
            "-8.5": 0,
            "-9.0": 0
        },
        "deposit_downstream": {
            "1.0": 0.12281905991589798,
            "0.0": 0.18716652980757745,
            "-1.0": 31.047793546021836,
            "-2.0": 76.2342628403685,
            "-2.5": 145.8665664898855,
            "-3.0": 298.8056487671043,
            "-3.5": 426.9390891049771,
            "-4.0": 665.1305517030015,
            "-4.5": 797.983547143477,
            "-5.0": 1073.3549235682567,
            "-5.5": 3.1938344364590914,
            "-6.0": 84.07738594117873,
            "-6.5": 0,