{
    "timestep": "2012-04-21 20:00",
    "deposit_mass": 2401711,
    "reaches": {
        "upstream": {
            "flow_scale": 0.78,
            "elevation": 1746.1185000009941,
            "length": 50,
            "bankfull_width": 6,
            "lwd_factor": null,
            "gsd": {
                "1.0": 0.7393407251446961,
                "0.0": 0.0012982332645552243,
                "-1.0": 0.0018434912356699578,
                "-2.0": 0.0024406785373617935,
                "-2.5": 0.0044139930984842795,
                "-3.0": 0.008386586887671358,
                "-3.5": 0.012826544654087748,
                "-4.0": 0.017110714427089065,
                "-4.5": 0.0252895839933045,
                "-5.0": 0.03281933692807671,
                "-5.5": 0.03775262333321519,
                "-6.0": 0.037415082684465105,
                "-6.5": 0.03110566901870104,
                "-7.0": 0.02552326598112619,
                "-7.5": 0.01306022664141493,
                "-8.0": 0.0060757316781143355,
                "-8.5": 0.0019992792274134176,
                "-9.0": 0.0012982332645529431
            },
            "Qs_in": 0.0006243915399009732,
            "Qs_out": 0.0,
            "D50": 0.04543415634574092,
            "D84": 0.12766173715108337
        },
        "deposit_upstream": {
            "flow_scale": 0.79,
            "elevation": 1746.2987006857277,
            "length": 55,
            "width": 1.0003464905369497,
            "bankfull_width": 6,
            "lwd_factor": null,
            "gsd_bed": {
                "1.0": 1.6739949439514452e-05,
                "0.0": 1.6760717934136178e-05,
                "-1.0": 9.462922250271975e-06,
                "-2.0": 0.00021851194684315063,
                "-2.5": 0.0002188692185432946,
                "-3.0": 5.7278549204450265e-05,
                "-3.5": 5.727675133477734e-05,
                "-4.0": 8.687756459219659e-05,
                "-4.5": 8.68775645901978e-05,
                "-5.0": 0.00010846874602616048,
                "-5.5": 0.0073875625007287105,
                "-6.0": 0.34453308846803216,
                "-6.5": 0.3445330884677261,
                "-7.0": 0.1428281841817702,
                "-7.5": 0.14282818418181867,
                "-8.0": 0.016777946123400122,
                "-8.5": 0.00011741107288300606,
                "-9.0": 0.00011741107288289848
            },
            "gsd_wall": {
                "1.0": 0.29158249096087197,
                "0.0": 0.6868392678978922,
                "-1.0": 0.012262533201725694,
                "-2.0": 0.0016631640843432992,
                "-2.5": 0.00166318557224158,
                "-3.0": 0.00043823642858952856,
                "-3.5": 0.0004382364541279298,
                "-4.0": 0.000662634479029684,
                "-4.5": 0.0006626344790139068,
                "-5.0": 0.0008263130383630324,
                "-5.5": 0.0008263038302548829,
                "-6.0": 0.0007418509708999473,
                "-6.5": 0.0007418509708992831,
                "-7.0": 0.00030756454843339573,
                "-7.5": 0.0003075645484334977,
                "-8.0": 3.616853488016686e-05,
                "-8.5": 0.0,
                "-9.0": 0.0
            },
            "Qs_in": 0.0,
            "Qs_out_bed": 0.0,
            "Qs_out_wall": 0.14413631437190078,
            "D50": 0.0906357058197739,
            "D84": 0.13595355872966083
        },
        "deposit_downstream": {
            "flow_scale": 0.83,
            "elevation": 1744.5094960320146,
            "length": 47,
            "width": 3.8064879475334705,
            "bankfull_width": 6,
            "lwd_factor": 1,
            "gsd_bed": {
                "1.0": 1e-05,
                "0.0": 1e-05,
                "-1.0": 1e-05,
                "-2.0": 1e-05,
                "-2.5": 1e-05,
                "-3.0": 1e-05,
                "-3.5": 1e-05,
                "-4.0": 1e-05,
                "-4.5": 1e-05,
                "-5.0": 0.0008409196292033473,
                "-5.5": 0.0008409196292032618,
                "-6.0": 0.0008409196292032768,
                "-6.5": 0.086439575482019,
                "-7.0": 0.1841425952767119,
                "-7.5": 0.6506217469853243,
                "-8.0": 0.07450148410992843,
                "-8.5": 0.0008409196292032712,
                "-9.0": 0.0008409196292032551
            },
            "gsd_wall": {
                "1.0": 0.25109140698575355,
                "0.0": 0.2642467233155911,
                "-1.0": 0.00011304784384433035,
                "-2.0": 6.676190885552908e-05,
                "-2.5": 9.912375012353698e-05,
                "-3.0": 4.7737687061313937e-05,
                "-3.5": 4.773768133008946e-05,
                "-4.0": 7.510515305857957e-05,
                "-4.5": 7.510515413433649e-05,
                "-5.0": 8.168927483553334e-05,
                "-5.5": 8.168927511721614e-05,
                "-6.0": 0.00011975845311868464,
                "-6.5": 0.06365236810523234,
                "-7.0": 0.12630463203092795,
                "-7.5": 0.257664214627664,
                "-8.0": 0.03623289875335183,
                "-8.5": 0.0,
                "-9.0": 0.0
            },
            "Qs_in": 0.14413631437190078,
            "Qs_out_bed": 0.14469647178503967,
            "Qs_out_wall": 0.0,
            "D50": 0.12714053293777408,
            "D84": 0.1907107994066611
        },
        "downstream": {
            "flow_scale": 0.835,
            "elevation": 1742.088566446164,
            "length": 65,
            "bankfull_width": 6,
            "lwd_factor": null,
            "gsd": {
                "1.0": 0.0014460810218290814,
                "0.0": 0.0015386398807319792,
                "-1.0": 0.001,
                "-2.0": 0.001,
                "-2.5": 0.001,
                "-3.0": 0.001,
                "-3.5": 0.001,
                "-4.0": 0.0020499512615691456,
                "-4.5": 0.0020510719250602565,
                "-5.0": 0.09692118019243391,
                "-5.5": 0.09692459434968755,
                "-6.0": 0.09680648917053833,
                "-6.5": 0.09671785004248543,
                "-7.0": 0.2167828211724211,
                "-7.5": 0.09597484885858121,
                "-8.0": 0.09592986588369751,
                "-8.5": 0.09592860481222276,
                "-9.0": 0.09592800142874174
            },
            "Qs_in": 0.14469647178503967,
            "Qs_out": 0.1465938511574224,
            "D50": 0.0009359209633181781,
            "D84": 0.18240021542080162
        }
    },
    "dep_masses": {
        "deposit_upstream": {
            "1.0": 22.504603986582037,
            "0.0": 180.07570246188502,
            "-1.0": 29.102110163159782,
            "-2.0": 31.5775786367262,
            "-2.5": 89.56499880669466,
            "-3.0": 66.7543345716959,
            "-3.5": 188.80389922105905,
            "-4.0": 807.4365479073086,
            "-4.5": 2283.775433612459,
            "-5.0": 8054.969620128342,
            "-5.5": 22735.77232214567,
            "-6.0": 58022.36141290611,
            "-6.5": 164112.0208620904,
            "-7.0": 192444.27344067078,
            "-7.5": 544314.6030016665,
            "-8.0": 181046.28643002163,
            "-8.5": 0,
            "-9.0": 0
        },
        "deposit_downstream": {
            "1.0": 0.011011428372532184,
            "0.0": 0.09264093093629806,
            "-1.0": 6.52570912515452e-06,
            "-2.0": 0,
            "-2.5": 0,
            "-3.0": 0,
            "-3.5": 0,
            "-4.0": 0,
            "-4.5": 0,
            "-5.0": 0,
            "-5.5": 0,
            "-6.0": 0,
            "-6.5": 15272.799635887133,
            "-7.0": 91274.96271038735,
            "-7.5": 535739.563966069,
            "-8.0": 202075.9691259074,
            "-8.5": 0,
            "-9.0": 0
        }
    },