{
    "timestep": "2012-05-12 16:00",
    "deposit_mass": 2401711,
    "reaches": {
        "upstream": {
            "flow_scale": 0.78,
            "elevation": 1746.1930902001054,
            "length": 50,
            "bankfull_width": 6,
            "lwd_factor": null,
            "gsd": {
                "1.0": 0.8738091073423883,
                "0.0": 0.11019089265761192,
                "-1.0": 0.001,
                "-2.0": 0.001,
                "-2.5": 0.001,
                "-3.0": 0.001,
                "-3.5": 0.001,
                "-4.0": 0.001,
                "-4.5": 0.001,
                "-5.0": 0.001,
                "-5.5": 0.001,
                "-6.0": 0.001,
                "-6.5": 0.001,
                "-7.0": 0.001,
                "-7.5": 0.001,
                "-8.0": 0.001,
                "-8.5": 0.001,
                "-9.0": 0.001
            },
            "Qs_in": 0.07804894248762148,
            "Qs_out": 0.0,
            "D50": 0.0007071067811865476,
            "D84": 0.0014142135623730952
        },
        "deposit_upstream": {
            "flow_scale": 0.79,
            "elevation": 1745.9984111759122,
            "length": 55,
            "width": 1.822020158686882,
            "bankfull_width": 6,
            "lwd_factor": null,
            "gsd_bed": {
                "1.0": 3.110472744970399e-05,
                "0.0": 9.443406032005613e-05,
                "-1.0": 3.5328905521823734e-05,
                "-2.0": 3.3699129711175954e-05,
                "-2.5": 3.369464769688669e-05,
                "-3.0": 3.369230983039236e-05,
                "-3.5": 0.00043734192629988695,
                "-4.0": 0.0006605342977522957,
                "-4.5": 0.0006605235771636838,
                "-5.0": 0.0002715348708252716,
                "-5.5": 0.011004803682319701,
                "-6.0": 0.0213325324101192,
                "-6.5": 0.042251585377712425,
                "-7.0": 0.21023550937791136,
                "-7.5": 0.6495885695711903,
                "-8.0": 0.036269796275607266,
                "-8.5": 0.013512657426288596,
                "-9.0": 0.013512657426280042
            },
            "gsd_wall": {
                "1.0": 0.058623863938847894,
                "0.0": 0.9103082016776985,
                "-1.0": 0.021633525596220816,
                "-2.0": 3.00873239269043e-06,
                "-2.5": 4.860891497787431e-06,
                "-3.0": 4.0853644431732375e-06,
                "-3.5": 2.607354787909006e-06,
                "-4.0": 0.0012105584964948745,
                "-4.5": 0.0012105326411393318,
                "-5.0": 0.0015097896629705347,
                "-5.5": 0.0015045402672926099,
                "-6.0": 0.0013526568552341774,
                "-6.5": 0.00136175640652191,
                "-7.0": 0.0005723241632631001,
                "-7.5": 0.0006201502541387709,
                "-8.0": 7.753769705594869e-05,
                "-8.5": 0.0,
                "-9.0": 0.0
            },
            "Qs_in": 0.0,
            "Qs_out_bed": 0.0,
            "Qs_out_wall": 0.0,
            "D50": 0.16707339382839143,
            "D84": 0.2506100907425871
        },
        "deposit_downstream": {
            "flow_scale": 0.83,
            "elevation": 1744.1677837517923,
            "length": 47,
            "width": 5.888046033683801,
            "bankfull_width": 6,
            "lwd_factor": 1,
            "gsd_bed": {
                "1.0": 9.456123234196586e-06,
                "0.0": 2.1407915882451938e-05,
                "-1.0": 2.74457677691072e-05,
                "-2.0": 5.420173998222408e-05,
                "-2.5": 0.00020498278061252656,
                "-3.0": 0.00020022272798483591,
                "-3.5": 0.0002000940413586244,
                "-4.0": 0.0002000940413577254,
                "-4.5": 5.376238714483482e-05,
                "-5.0": 5.3778459390922e-05,
                "-5.5": 0.0028923488239033564,
                "-6.0": 0.0028920312275954366,
                "-6.5": 0.002893338622949074,
                "-7.0": 0.036315024168680876,
                "-7.5": 0.5937366622978107,
                "-8.0": 0.35446394734382813,
                "-8.5": 0.002890600765258264,
                "-9.0": 0.002890600765256573
            },
            "gsd_wall": {
                "1.0": 0.0012777127073938124,
                "0.0": 0.00418496110853138,
                "-1.0": 0.0013179744304466215,
                "-2.0": 0.0010004227214585198,
                "-2.5": 0.0007255841861610142,
                "-3.0": 0.1125259364572045,
                "-3.5": 0.013220415871468478,
                "-4.0": 0.0013559979378520166,
                "-4.5": 0.01228000526686529,
                "-5.0": 0.02028527870436435,
                "-5.5": 0.025337658417744456,
                "-6.0": 0.020051042716268768,
                "-6.5": 0.03886880406141255,
                "-7.0": 0.03279759145105633,
                "-7.5": 0.44609085946324756,
                "-8.0": 0.26867975449852444,
                "-8.5": 0.0,
                "-9.0": 0.0
            },
            "Qs_in": 0.0,
            "Qs_out_bed": 0.0,
            "Qs_out_wall": 0.0,
            "D50": 0.17443241243555174,
            "D84": 0.2686590662486694
        },
        "downstream": {
            "flow_scale": 0.835,
            "elevation": 1742.650359054359,
            "length": 65,
            "bankfull_width": 6,
            "lwd_factor": null,
            "gsd": {
                "1.0": 0.001,
                "0.0": 0.001,
                "-1.0": 0.001,
                "-2.0": 0.001,
                "-2.5": 0.001,
                "-3.0": 0.001,
                "-3.5": 0.001,
                "-4.0": 0.001,
                "-4.5": 0.001,
                "-5.0": 0.001,
                "-5.5": 0.001,
                "-6.0": 0.001,
                "-6.5": 0.18189845842683888,
                "-7.0": 0.1677896827579948,
                "-7.5": 0.1652585620691794,
                "-8.0": 0.15771077028861868,
                "-8.5": 0.1576788900742695,
                "-9.0": 0.15766363638309877
            },
            "Qs_in": 0.0,
            "Qs_out": 4.0080852357176336e-08,
            "D50": 0.18543986801732865,
            "D84": 0.3684162145898815
        }
    },
    "dep_masses": {
        "deposit_upstream": {
            "1.0": 14.309400605130062,
            "0.0": 111.99632018892011,
            "-1.0": 24.78924214018995,
            "-2.0": 1.6265942630677532,
            "-2.5": 1.61089807114457,
            "-3.0": 0.14532807436441808,
            "-3.5": 0.9842863216118101,
            "-4.0": 698.8798837931514,
            "-4.5": 1976.6362503528105,
            "-5.0": 6967.260882634095,
            "-5.5": 19662.41172427734,
            "-6.0": 49968.94721337437,
            "-6.5": 142171.44301827755,
            "-7.0": 169264.21003488277,
            "-7.5": 519770.1606229384,
            "-8.0": 181046.28643002163,
            "-8.5": 0,
            "-9.0": 0
        },
        "deposit_downstream": {
            "1.0": 0.0576293801671925,
            "0.0": 0.23281876556472436,
            "-1.0": 0.2709414451131147,
            "-2.0": 0.6420391679900062,
            "-2.5": 0.9337526169668284,
            "-3.0": 0.06952058846013609,
            "-3.5": 0,
            "-4.0": 0,
            "-4.5": 5.3859395008430315,
            "-5.0": 26.701726103861528,
            "-5.5": 92.47069866939175,
            "-6.0": 214.02749140344955,
            "-6.5": 1158.6412810014856,
            "-7.0": 2964.325339535887,
            "-7.5": 118944.71935208593,
            "-8.0": 202075.9691259074,
            "-8.5": 0,
            "-9.0": 0
        }
    },
    "sed_masses": {
        "upstream": {
            "1.0": 33.800263241927794,
            "0.0": 80.38380244253186,
            "-1.0": 267.74488801029264,
            "-2.0": 685.0470922986831,