{
    "timestep": "2022-05-03 05:00:00",
    "deposit_mass": 2401711,
    "reaches": {
        "upstream": {
            "flow_scale": 0.78,
            "elevation": 1746.5915927493738,
            "length": 50,
            "bankfull_width": 6,
            "lwd_factor": null,
            "gsd": {
                "1.0": 0.8876588274977658,
                "0.0": 0.09634117250223445,
                "-1.0": 0.001,
                "-2.0": 0.001,
                "-2.5": 0.001,
                "-3.0": 0.001,
                "-3.5": 0.001,
                "-4.0": 0.001,
                "-4.5": 0.001,
                "-5.0": 0.001,
                "-5.5": 0.001,
                "-6.0": 0.001,
                "-6.5": 0.001,
                "-7.0": 0.001,
                "-7.5": 0.001,
                "-8.0": 0.001,
                "-8.5": 0.001,
                "-9.0": 0.001
            },
            "Qs_in": 0.05432206397138456,
            "Qs_out": 0.0018731746197029194,
            "D50": 0.031820253597139136,
            "D84": 0.2550819632572601
        },
        "deposit_upstream": {
            "flow_scale": 0.79,
            "elevation": 1745.6963674437375,
            "length": 55,
            "width": 3.6163872032676534,
            "bankfull_width": 6,
            "lwd_factor": null,
            "gsd_bed": {
                "1.0": 0.0012097399042729933,
                "0.0": 0.0004866549167285615,
                "-1.0": 0.00014766120765668096,
                "-2.0": 0.0010870514268857768,
                "-2.5": 0.0010511643333651927,
                "-3.0": 0.0010174118645023035,
                "-3.5": 0.0010070996133350984,
                "-4.0": 0.0010069212147407352,
                "-4.5": 0.0010068940596966267,
                "-5.0": 0.0010076172799842445,
                "-5.5": 0.0010710213055535093,
                "-6.0": 0.0810927751580951,
                "-6.5": 0.11833217877712077,
                "-7.0": 0.26337834853409237,
                "-7.5": 0.4687978920674096,
                "-8.0": 0.05628582810941075,
                "-8.5": 0.0010068701135748576,
                "-9.0": 0.0010068701135748557
            },
            "gsd_wall": {
                "1.0": 0.6456016799464488,
                "0.0": 0.24706039004309005,
                "-1.0": 0.07496754423407485,
                "-2.0": 0.013402467422112494,
                "-2.5": 0.010362432166251496,
                "-3.0": 0.00509943828270673,
                "-3.5": 3.6457151452329856e-06,
                "-4.0": 2.038756309124697e-06,
                "-4.5": 2.2457951078027262e-06,
                "-5.0": 0.0004299405347417014,
                "-5.5": 0.0005608577255205168,
                "-6.0": 0.0002118559142965044,
                "-6.5": 0.00030127235082786274,
                "-7.0": 0.0006650412187806051,
                "-7.5": 0.0011817075948722957,
                "-8.0": 0.00014744229971394086,
                "-8.5": 0.0,
                "-9.0": 0.0
            },
            "Qs_in": 0.0018731746197029194,
            "Qs_out_bed": 0.09805115069492928,
            "Qs_out_wall": 0.0,
            "D50": 0.0007071067811865476,
            "D84": 0.0014142135623730952
        },
        "deposit_downstream": {
            "flow_scale": 0.83,
            "elevation": 1743.5043576197418,
            "length": 47,
            "width": 9.770243093993628,
            "bankfull_width": 6,
            "lwd_factor": 1,
            "gsd_bed": {
                "1.0": 0.8839909582879242,
                "0.0": 0.109905561552834,
                "-1.0": 2.9661769196976726e-05,
                "-2.0": 1.5316212805216754e-05,
                "-2.5": 1.3493931408008633e-05,
                "-3.0": 1.2672621174634435e-05,
                "-3.5": 1.0741494725272926e-05,
                "-4.0": 1.0669706527688474e-05,
                "-4.5": 1.0672988379627898e-05,
                "-5.0": 1.0659182722126262e-05,
                "-5.5": 1.0659182722125832e-05,
                "-6.0": 6.968100035521693e-05,
                "-6.5": 0.00026161587390267975,
                "-7.0": 0.0026529934430428413,
                "-7.5": 0.001687933933000339,
                "-8.0": 0.0006110039924645219,
                "-8.5": 0.0004340889529118772,
                "-9.0": 0.00026161587390267276
            },
            "gsd_wall": {
                "1.0": 0.7947908000653916,
                "0.0": 0.028525418498525062,
                "-1.0": 0.10660182853925335,
                "-2.0": 0.02945836383252131,
                "-2.5": 0.023139494736753235,
                "-3.0": 0.017075883599854704,
                "-3.5": 0.0001259872508134235,
                "-4.0": 4.443526959016009e-05,
                "-4.5": 3.145761364548119e-05,
                "-5.0": 3.334533350951473e-05,
                "-5.5": 3.766256894968343e-05,
                "-6.0": 3.856822668088679e-05,
                "-6.5": 3.5249668198531195e-05,
                "-7.0": 2.872160275601798e-05,
                "-7.5": 1.781538703636119e-05,
                "-8.0": 9.21887902406359e-06,
                "-8.5": 4.078326624314838e-06,
                "-9.0": 1.6706008716503259e-06
            },
            "Qs_in": 0.09805115069492928,
            "Qs_out_bed": 0.0,
            "Qs_out_wall": 0.0,
            "D50": 0.12859133678158902,
            "D84": 0.26198587760870057
        },
        "downstream": {
            "flow_scale": 0.835,
            "elevation": 1742.5397421849254,
            "length": 65,
            "bankfull_width": 6,
            "lwd_factor": null,
            "gsd": {
                "1.0": 0.06544147811718061,
                "0.0": 0.004589992885557906,
                "-1.0": 0.001,
                "-2.0": 0.001,
                "-2.5": 0.001,
                "-3.0": 0.07151781431359622,
                "-3.5": 0.07138297625731341,
                "-4.0": 0.07135066043414821,
                "-4.5": 0.07131546713382565,
                "-5.0": 0.0712849063041808,
                "-5.5": 0.07126680170419161,
                "-6.0": 0.07126362799898432,
                "-6.5": 0.0712679578411672,
                "-7.0": 0.07126721375868433,
                "-7.5": 0.07126411474320203,
                "-8.0": 0.07126244939004828,
                "-8.5": 0.07126227088023812,
                "-9.0": 0.07126226823768123
            },
            "Qs_in": 0.0,
            "Qs_out": 0.6849648539637081,
            "D50": 0.0007071067811865476,
            "D84": 0.0014142135623730952
        }
    },
    "dep_masses": {
        "deposit_upstream": {
            "1.0": 5.590737873892578,
            "0.0": 17.99236391135145,
            "-1.0": 43.67405473444317,
            "-2.0": 66.34561913711381,
            "-2.5": 142.3057000146222,
            "-3.0": 199.5491227293649,
            "-3.5": 12.287521806977962,
            "-4.0": 7.738519253586878,
            "-4.5": 10.256690233967765,
            "-5.0": 905.1788230369337,
            "-5.5": 3763.3129051079877,
            "-6.0": 4040.1113447508806,
            "-6.5": 16570.1174177847,
            "-7.0": 103525.39384310553,
            "-7.5": 519770.1606229384,
            "-8.0": 181046.28643002163,
            "-8.5": 0,
            "-9.0": 0
        },
        "deposit_downstream": {
            "1.0": 0.08341533812083618,
            "0.0": 0.0823824603725461,
            "-1.0": 0.00010186907150695109,
            "-2.0": 15.61587393560658,
            "-2.5": 26.87329532844311,
            "-3.0": 53.94309542078978,
            "-3.5": 5.768284007716689,
            "-4.0": 0.4329616838517913,
            "-4.5": 0.7973919625950623,
            "-5.0": 0.0,
            "-5.5": 0.0,
            "-6.0": 0.0,
            "-6.5": 0.0,
            "-7.0": 0.0,
            "-7.5": 0.0,
            "-8.0": 0.0,
            "-8.5": 0.0,
            "-9.0": 0.0
        }
    },