{
    "timestep": "2012-04-09 08:00",
    "deposit_mass": 2401711,
    "reaches": {
        "upstream": {
            "flow_scale": 0.78,
            "elevation": 1746.1185,
            "length": 50,
            "bankfull_width": 6,
            "lwd_factor": null,
            "gsd": {
                "1.0": 0.004955892556260904,
                "0.0": 0.0049558925562652985,
                "-1.0": 0.007037367429899082,
                "-2.0": 0.009317078005775659,
                "-2.5": 0.016850034689765106,
                "-3.0": 0.03201506591139801,
                "-3.5": 0.0489642184563332,
                "-4.0": 0.06531866389196136,
                "-4.5": 0.0965407869956937,
                "-5.0": 0.12528496382257123,
                "-5.5": 0.14411735553611724,
                "-6.0": 0.14282882347154066,
                "-6.5": 0.1187431856480521,
                "-7.0": 0.09743284765613056,
                "-7.5": 0.04985627911601273,
                "-8.0": 0.023193577163315233,
                "-8.5": 0.007632074536646067,
                "-9.0": 0.004955892556261803
            },
            "Qs_in": 0.0,
            "Qs_out": 0.0,
            "D50": 0.045434156345702206,
            "D84": 0.12766173715106718
        },
        "deposit_upstream": {
            "flow_scale": 0.79,
            "elevation": 1746.2987006857277,
            "length": 55,
            "width": 1.0000889079760895,
            "bankfull_width": 6,
            "lwd_factor": null,
            "gsd_bed": {
                "1.0": 1.6739949439527e-05,
                "0.0": 1.6760717934126335e-05,
                "-1.0": 9.462922250261638e-06,
                "-2.0": 0.00021851194684313358,
                "-2.5": 0.00021886921857296358,
                "-3.0": 5.7278549209960844e-05,
                "-3.5": 5.7276751333989204e-05,
                "-4.0": 8.68775645913818e-05,
                "-4.5": 8.68775645906217e-05,
                "-5.0": 0.00010846874602585899,
                "-5.5": 0.007387562500730357,
                "-6.0": 0.344533088467925,
                "-6.5": 0.34453308846780045,
                "-7.0": 0.14282818418178486,
                "-7.5": 0.14282818418180443,
                "-8.0": 0.016777946123397208,
                "-8.5": 0.00011741107288299473,
                "-9.0": 0.00011741107288295341
            },
            "gsd_wall": {
                "1.0": 0.029618791781247725,
                "0.0": 0.9421626708361153,
                "-1.0": 0.0160360962364625,
                "-2.0": 0.002174971425140003,
                "-2.5": 0.00217499952582822,
                "-3.0": 0.0005730954141579834,
                "-3.5": 0.0005730954474923256,
                "-4.0": 0.0008665477271641351,
                "-4.5": 0.0008665477271558592,
                "-5.0": 0.0010805952723329693,
                "-5.5": 0.0010805832306066674,
                "-6.0": 0.0009701415985401572,
                "-6.5": 0.0009701415985398086,
                "-7.0": 0.0004022117303555064,
                "-7.5": 0.000402211730355558,
                "-8.0": 4.729871850533421e-05,
                "-8.5": 0.0,
                "-9.0": 0.0
            },
            "Qs_in": 0.0,
            "Qs_out_bed": 0.0,
            "Qs_out_wall": 0.0,
            "D50": 0.09063570581977144,
            "D84": 0.13595355872965714
        },
        "deposit_downstream": {
            "flow_scale": 0.83,
            "elevation": 1744.5773510702056,
            "length": 47,
            "width": 3.413036245486179,
            "bankfull_width": 6,
            "lwd_factor": 1,
            "gsd_bed": {
                "1.0": 9.9999999999988e-06,
                "0.0": 1.0000000000001024e-05,
                "-1.0": 1.0000000000001856e-05,
                "-2.0": 1.0000000000000175e-05,
                "-2.5": 9.99999999977414e-06,
                "-3.0": 9.999999999839707e-06,
                "-3.5": 1.000000000002298e-05,
                "-4.0": 1.0000000000015666e-05,
                "-4.5": 9.999999999991898e-06,
                "-5.0": 1.0000000000004661e-05,
                "-5.5": 9.999999999999667e-06,
                "-6.0": 0.015002382406942471,
                "-6.5": 0.17307416859185928,
                "-7.0": 0.33424068237713483,
                "-7.5": 0.42136518313055954,
                "-8.0": 0.05618758349350415,
                "-8.5": 1.0000000000000207e-05,
                "-9.0": 9.99999999999926e-06
            },
            "gsd_wall": {
                "1.0": 0.0007814670946647155,
                "0.0": 0.0007814669565396789,
                "-1.0": 0.0007899024827101918,
                "-2.0": 0.0005972859015184335,
                "-2.5": 0.0008868113491268384,
                "-3.0": 0.0004270855633751968,
                "-3.5": 0.0004270855120537876,
                "-4.0": 0.0006719287962531284,
                "-4.5": 0.0006719288058869784,
                "-5.0": 0.0007308336894617724,
                "-5.5": 0.0007308336919840446,
                "-6.0": 0.001071419868928842,
                "-6.5": 0.1738728082131672,
                "-7.0": 0.3365522131198095,
                "-7.5": 0.4242256648242352,
                "-8.0": 0.056781264130284545,
                "-8.5": 0.0,
                "-9.0": 0.0
            },
            "Qs_in": 0.0,
            "Qs_out_bed": 0.0,
            "Qs_out_wall": 0.0,
            "D50": 0.13150826110524594,
            "D84": 0.1972623916578689
        },
        "downstream": {
            "flow_scale": 0.835,
            "elevation": 1742.0010638998447,
            "length": 65,
            "bankfull_width": 6,
            "lwd_factor": null,
            "gsd": {
                "1.0": 0.11553112475815046,
                "0.0": 0.11922546207633346,
                "-1.0": 0.0022931649889317146,
                "-2.0": 0.0010000000000000876,
                "-2.5": 0.0009999999999779352,
                "-3.0": 0.0009999999999843587,
                "-3.5": 0.0010000000000023209,
                "-4.0": 0.0010000000000016033,
                "-4.5": 0.1288588234274519,
                "-5.0": 0.1586340173003138,
                "-5.5": 0.15863514557911262,
                "-6.0": 0.04475215189074693,
                "-6.5": 0.0447047140967303,
                "-7.0": 0.04450038117603236,
                "-7.5": 0.04447766106678288,
                "-8.0": 0.0444627955114562,
                "-8.5": 0.044462378764279074,
                "-9.0": 0.0444621793637119
            },
            "Qs_in": 0.0,
            "Qs_out": 0.0,
            "D50": 0.03245700357133005,
            "D84": 0.1808678091084086
        }
    },
    "dep_masses": {
        "deposit_upstream": {
            "1.0": 23.53984159236283,
            "0.0": 188.54245174294311,
            "-1.0": 29.102110163159782,
            "-2.0": 31.5775786367262,
            "-2.5": 89.56499880669466,
            "-3.0": 66.7543345716959,
            "-3.5": 188.80389922105905,
            "-4.0": 807.4365479073086,
            "-4.5": 2283.775433612459,
            "-5.0": 8054.969620128342,
            "-5.5": 22735.77232214567,
            "-6.0": 58022.36141290611,
            "-6.5": 164112.0208620904,
            "-7.0": 192444.27344067078,
            "-7.5": 544314.6030016665,
            "-8.0": 181046.28643002163,
            "-8.5": 0,
            "-9.0": 0
        },
        "deposit_downstream": {
            "1.0": 0.0,
            "0.0": 0,
            "-1.0": 0,
            "-2.0": 0,
            "-2.5": 0,
            "-3.0": 0,
            "-3.5": 0,
            "-4.0": 0,
            "-4.5": 0,
            "-5.0": 0,
            "-5.5": 0,
            "-6.0": 0,
            "-6.5": 27347.20309863481,
            "-7.0": 150250.53728921825,
            "-7.5": 535739.563966069,
            "-8.0": 202075.9691259074,
            "-8.5": 0,
            "-9.0": 0
        }
    },