{
    "timestep": "2012-04-03 02:00",
    "deposit_mass": 2401711,
    "reaches": {
        "upstream": {
            "flow_scale": 0.78,
            "elevation": 1746.1185,
            "length": 50,
            "bankfull_width": 6,
            "lwd_factor": null,
            "gsd": {
                "1.0": 0.004955892556252302,
                "0.0": 0.004955892556253421,
                "-1.0": 0.00703736742988045,
                "-2.0": 0.009317078005755645,
                "-2.5": 0.01685003469087167,
                "-3.0": 0.032015065912870365,
                "-3.5": 0.04896421845589337,
                "-4.0": 0.0653186638915177,
                "-4.5": 0.09654078699572674,
                "-5.0": 0.12528496382213336,
                "-5.5": 0.14411735553582986,
                "-6.0": 0.14282882347121725,
                "-6.5": 0.11874318564781564,
                "-7.0": 0.09743284765593074,
                "-7.5": 0.049856279115905275,
                "-8.0": 0.023193577163264367,
                "-8.5": 0.007632074536629636,
                "-9.0": 0.004955892556252534
            },
            "Qs_in": 0.0,
            "Qs_out": 0.0,
            "D50": 0.04543415634568291,
            "D84": 0.12766173715105908
        },
        "deposit_upstream": {
            "flow_scale": 0.79,
            "elevation": 1746.2987006857277,
            "length": 55,
            "width": 1.0000820516883502,
            "bankfull_width": 6,
            "lwd_factor": null,
            "gsd_bed": {
                "1.0": 1.673994943953322e-05,
                "0.0": 1.676071793412139e-05,
                "-1.0": 9.462922250256463e-06,
                "-2.0": 0.00021851194684312494,
                "-2.5": 0.00021886921858779785,
                "-3.0": 5.727854921271616e-05,
                "-3.5": 5.727675133359512e-05,
                "-4.0": 8.687756459097437e-05,
                "-4.5": 8.687756459083387e-05,
                "-5.0": 0.00010846874602570826,
                "-5.5": 0.007387562500731179,
                "-6.0": 0.3445330884678707,
                "-6.5": 0.34453308846783876,
                "-7.0": 0.14282818418179202,
                "-7.5": 0.1428281841817969,
                "-8.0": 0.01677794612339575,
                "-8.5": 0.00011741107288298893,
                "-9.0": 0.00011741107288298124
            },
            "gsd_wall": {
                "1.0": 0.029618791781199114,
                "0.0": 0.942162670836062,
                "-1.0": 0.01603609623642144,
                "-2.0": 0.002174971425135529,
                "-2.5": 0.00217499952597124,
                "-3.0": 0.0005730954141843941,
                "-3.5": 0.0005730954474872256,
                "-4.0": 0.0008665477271583265,
                "-4.5": 0.0008665477271562281,
                "-5.0": 0.0010805952723292888,
                "-5.5": 0.0010805832306046111,
                "-6.0": 0.0009701415985380521,
                "-6.5": 0.000970141598537963,
                "-7.0": 0.00040221173035471613,
                "-7.5": 0.000402211730354729,
                "-8.0": 4.72987185052349e-05,
                "-8.5": 0.0,
                "-9.0": 0.0
            },
            "Qs_in": 0.0,
            "Qs_out_bed": 0.0,
            "Qs_out_wall": 0.005619523859108737,
            "D50": 0.09063570581977011,
            "D84": 0.13595355872965514
        },
        "deposit_downstream": {
            "flow_scale": 0.83,
            "elevation": 1743.8126738051087,
            "length": 47,
            "width": 1.7294931913001999,
            "bankfull_width": 6,
            "lwd_factor": 1,
            "gsd_bed": {
                "1.0": 0.4913480036058543,
                "0.0": 0.4913480036058704,
                "-1.0": 0.00937638748575103,
                "-2.0": 0.0013202944427340101,
                "-2.5": 0.0013736890816325883,
                "-3.0": 0.00037171370392749737,
                "-3.5": 0.0003717137039284959,
                "-4.0": 0.000559302651984356,
                "-4.5": 0.0005593026519841605,
                "-5.0": 0.0006960094868576569,
                "-5.5": 0.0006960094868576054,
                "-6.0": 0.0006252664927135124,
                "-6.5": 0.0006252664927135042,
                "-7.0": 0.0003019948010994491,
                "-7.5": 0.0003769542784790561,
                "-8.0": 5.006923444084943e-05,
                "-8.5": 9.396585889891279e-09,
                "-9.0": 9.396585889890379e-09
            },
            "gsd_wall": {
                "1.0": 0.4911929440350144,
                "0.0": 0.4911929440349643,
                "-1.0": 0.009376422487914917,
                "-2.0": 0.0013507753246996997,
                "-2.5": 0.0014060440827335851,
                "-3.0": 0.000384280953765014,
                "-3.5": 0.0003842809537623942,
                "-4.0": 0.000574044789441182,
                "-4.5": 0.000574044789441697,
                "-5.0": 0.000713651714188974,
                "-5.5": 0.0007136517141891101,
                "-6.0": 0.0006428772904748839,
                "-6.5": 0.0006428772904749066,
                "-7.0": 0.0003491525238680876,
                "-7.5": 0.0004409317731562163,
                "-8.0": 6.10762419102911e-05,
                "-8.5": 0.0,
                "-9.0": 0.0
            },
            "Qs_in": 0.005619523859108737,
            "Qs_out_bed": 2835.9731724851204,
            "Qs_out_wall": 0.3128965765614962,
            "D50": 0.0007532086089375547,
            "D84": 0.0011298129134063321
        },
        "downstream": {
            "flow_scale": 0.835,
            "elevation": 1741.8426376604073,
            "length": 65,
            "bankfull_width": 6,
            "lwd_factor": null,
            "gsd": {
                "1.0": 0.479501821832187,
                "0.0": 0.49557028557083105,
                "-1.0": 0.0073289998743847375,
                "-2.0": 0.001190938673186041,
                "-2.5": 0.0012387689177783695,
                "-3.0": 0.001,
                "-3.5": 0.001,
                "-4.0": 0.001,
                "-4.5": 0.00125179741537433,
                "-5.0": 0.0015585234405982567,
                "-5.5": 0.0015585234405981162,
                "-6.0": 0.0014001704175313245,
                "-6.5": 0.0014001704175313017,
                "-7.0": 0.001,
                "-7.5": 0.001,
                "-8.0": 0.001,
                "-8.5": 0.001,
                "-9.0": 0.001
            },
            "Qs_in": 2836.2860690616817,
            "Qs_out": 0.019980529276831097,
            "D50": 0.04576406821589564,
            "D84": 0.09026408442003815
        }
    },
    "dep_masses": {
        "deposit_upstream": {
            "1.0": 23.53984159236283,
            "0.0": 188.72727163875385,
            "-1.0": 29.102110163159782,
            "-2.0": 31.5775786367262,
            "-2.5": 89.56499880669466,
            "-3.0": 66.7543345716959,
            "-3.5": 188.80389922105905,
            "-4.0": 807.4365479073086,
            "-4.5": 2283.775433612459,
            "-5.0": 8054.969620128342,
            "-5.5": 22735.77232214567,
            "-6.0": 58022.36141290611,
            "-6.5": 164112.0208620904,
            "-7.0": 192444.27344067078,
            "-7.5": 544314.6030016665,
            "-8.0": 181046.28643002163,
            "-8.5": 0,
            "-9.0": 0
        },
        "deposit_downstream": {
            "1.0": 12.609933822167617,
            "0.0": 100.8794705773386,
            "-1.0": 15.403578310316083,
            "-2.0": 17.734515533407997,
            "-2.5": 52.2485761901135,
            "-3.0": 40.14866299371942,
            "-3.5": 113.55756743352434,
            "-4.0": 482.2707723017381,
            "-4.5": 1364.0677338508517,
            "-5.0": 4798.251523466706,
            "-5.5": 13571.504760328646,
            "-6.0": 34501.930938331985,
            "-6.5": 97586.19732209887,