{
    "timestep": "2015-05-21 16:00",
    "deposit_mass": 2401711,
    "reaches": {
        "upstream": {
            "flow_scale": 0.78,
            "elevation": 1746.4715005676067,
            "length": 50,
            "bankfull_width": 6,
            "lwd_factor": null,
            "gsd": {
                "1.0": 0.24681950537099517,
                "0.0": 0.07343783730292494,
                "-1.0": 0.028878287229094128,
                "-2.0": 0.008666365458401076,
                "-2.5": 0.007487705109549358,
                "-3.0": 0.006330026671565349,
                "-3.5": 0.03612452725816877,
                "-4.0": 0.01435522048345855,
                "-4.5": 0.06346181611401204,
                "-5.0": 0.05902970332872598,
                "-5.5": 0.05758686804162076,
                "-6.0": 0.056833612651874144,
                "-6.5": 0.0568330420972609,
                "-7.0": 0.05683253728556642,
                "-7.5": 0.05683141026410889,
                "-8.0": 0.056830778662500345,
                "-8.5": 0.05683041003256522,
                "-9.0": 0.05683034663760792
            },
            "Qs_in": 0.13923931339791656,
            "Qs_out": 0.38841213605270075,
            "D50": 0.0007071067811865476,
            "D84": 0.011325845619114263
        },
        "deposit_upstream": {
            "flow_scale": 0.79,
            "elevation": 1745.8644127019625,
            "length": 55,
            "width": 2.6204313474044114,
            "bankfull_width": 6,
            "lwd_factor": null,
            "gsd_bed": {
                "1.0": 0.9860035265782647,
                "0.0": 0.00014110244580366486,
                "-1.0": 4.6514303505995654e-05,
                "-2.0": 1.3365890485359848e-05,
                "-2.5": 1.2277916878764077e-05,
                "-3.0": 1e-05,
                "-3.5": 1e-05,
                "-4.0": 1e-05,
                "-4.5": 1e-05,
                "-5.0": 5.5925076375756784e-05,
                "-5.5": 5.522213279002971e-05,
                "-6.0": 0.0001778316611116088,
                "-6.5": 0.006470148988794594,
                "-7.0": 0.002843950293190231,
                "-7.5": 0.0038795991414697045,
                "-8.0": 0.0001527408501713407,
                "-8.5": 5.389736057920913e-05,
                "-9.0": 5.389736057920873e-05
            },
            "gsd_wall": {
                "1.0": 0.4815298747110989,
                "0.0": 0.322059546843937,
                "-1.0": 0.09487127260743072,
                "-2.0": 0.02760189892075715,
                "-2.5": 0.024308956886219146,
                "-3.0": 0.01884843556873529,
                "-3.5": 0.009859688602757648,
                "-4.0": 0.005846510605037646,
                "-4.5": 0.0026129041372885404,
                "-5.0": 0.0034195249906213876,
                "-5.5": 0.002228578516818541,
                "-6.0": 0.002017991886465613,
                "-6.5": 0.0020994965236804147,
                "-7.0": 0.0011181674673526722,
                "-7.5": 0.001395393390567745,
                "-8.0": 0.00018175834123172882,
                "-8.5": 0.0,
                "-9.0": 0.0
            },
            "Qs_in": 0.38841213605270075,
            "Qs_out_bed": 2.8067807929528983,
            "Qs_out_wall": 0.3404034883549105,
            "D50": 0.000708408285671101,
            "D84": 0.0010626124285066517
        },
        "deposit_downstream": {
            "flow_scale": 0.83,
            "elevation": 1744.0658976130424,
            "length": 47,
            "width": 6.528340094633385,
            "bankfull_width": 6,
            "lwd_factor": 1,
            "gsd_bed": {
                "1.0": 0.341538198097754,
                "0.0": 0.5555693126697866,
                "-1.0": 0.08047985921401522,
                "-2.0": 0.01026175739187992,
                "-2.5": 0.0017099576308155038,
                "-3.0": 0.0016362255534699273,
                "-3.5": 0.000853936852566446,
                "-4.0": 0.0008534836082994308,
                "-4.5": 5.063180421942027e-05,
                "-5.0": 9.876828164307561e-06,
                "-5.5": 1.52893172306018e-05,
                "-6.0": 1.3552797930277367e-05,
                "-6.5": 1.2653134848144751e-05,
                "-7.0": 0.0005190479200085309,
                "-7.5": 1.2653134848145587e-05,
                "-8.0": 0.006438257774467311,
                "-8.5": 1.2653134848145587e-05,
                "-9.0": 1.26531348481441e-05
            },
            "gsd_wall": {
                "1.0": 0.02236391966864883,
                "0.0": 0.4255452164004702,
                "-1.0": 0.2621054933555485,
                "-2.0": 0.08869118709611006,
                "-2.5": 0.06925575131338083,
                "-3.0": 0.056702886478966964,
                "-3.5": 0.03313091909777065,
                "-4.0": 0.01998788837000124,
                "-4.5": 0.012345409815011471,
                "-5.0": 0.006558623331298343,
                "-5.5": 0.00014222246957669449,
                "-6.0": 3.9621237695670654e-05,
                "-6.5": 5.6510652817619325e-05,
                "-7.0": 0.00011416512188243535,
                "-7.5": 2.057272003314407e-06,
                "-8.0": 0.002958128318816983,
                "-8.5": 0.0,
                "-9.0": 0.0
            },
            "Qs_in": 3.147184281307809,
            "Qs_out_bed": 0.0,
            "Qs_out_wall": 0.0,
            "D50": 0.23083286838243675,
            "D84": 0.3462493025736551
        },
        "downstream": {
            "flow_scale": 0.835,
            "elevation": 1742.5461915036162,
            "length": 65,
            "bankfull_width": 6,
            "lwd_factor": null,
            "gsd": {
                "1.0": 0.001,
                "0.0": 0.0011516791499907174,
                "-1.0": 0.001,
                "-2.0": 0.001,
                "-2.5": 0.001,
                "-3.0": 0.07654672973782574,
                "-3.5": 0.07654362590209135,
                "-4.0": 0.07654653231672975,
                "-4.5": 0.0765345191701687,
                "-5.0": 0.07652543622048555,
                "-5.5": 0.0765220268907413,
                "-6.0": 0.07652189413983758,
                "-6.5": 0.07652246609834294,
                "-7.0": 0.07651894645390588,
                "-7.5": 0.07651841321982762,
                "-8.0": 0.07651594796759044,
                "-8.5": 0.07651589337006344,
                "-9.0": 0.07651588936239914
            },
            "Qs_in": 0.0,
            "Qs_out": 0.6139125902388065,
            "D50": 0.0007071067811865476,
            "D84": 0.0014142135623730952
        }
    },
    "dep_masses": {
        "deposit_upstream": {
            "1.0": 2.5539832642625795,
            "0.0": 17.448176988920647,
            "-1.0": 47.190973414654046,
            "-2.0": 104.4809829866913,
            "-2.5": 271.99930816016087,
            "-3.0": 593.3777987424642,
            "-3.5": 873.6286707546524,
            "-4.0": 1487.7811985142364,
            "-4.5": 1857.8887568306795,
            "-5.0": 6884.562654916173,
            "-5.5": 12722.002461325626,
            "-6.0": 32746.9296296881,
            "-6.5": 97811.66686147543,
            "-7.0": 146632.31200474247,
            "-7.5": 519770.1606229384,
            "-8.0": 181046.28643002163,
            "-8.5": 0,
            "-9.0": 0
        },
        "deposit_downstream": {
            "1.0": 0.3784462074685384,
            "0.0": 8.815941936618007,
            "-1.0": 42.584295047675205,
            "-2.0": 107.58739699169658,
            "-2.5": 213.05150771462863,
            "-3.0": 435.27841602481413,
            "-3.5": 614.0230046296583,
            "-4.0": 947.6927425592719,
            "-4.5": 1213.1173553898238,
            "-5.0": 1648.9199533023902,
            "-5.5": 85.3517201768426,
            "-6.0": 251.17834532967888,
            "-6.5": 0.0,