{
    "timestep": "2012-06-02 12:00",
    "deposit_mass": 2401711,
    "reaches": {
        "upstream": {
            "flow_scale": 0.78,
            "elevation": 1746.1967809800983,
            "length": 50,
            "bankfull_width": 6,
            "lwd_factor": null,
            "gsd": {
                "1.0": 0.786062194603007,
                "0.0": 0.17144790491017212,
                "-1.0": 0.027489900486821248,
                "-2.0": 0.001,
                "-2.5": 0.001,
                "-3.0": 0.001,
                "-3.5": 0.001,
                "-4.0": 0.001,
                "-4.5": 0.001,
                "-5.0": 0.001,
                "-5.5": 0.001,
                "-6.0": 0.001,
                "-6.5": 0.001,
                "-7.0": 0.001,
                "-7.5": 0.001,
                "-8.0": 0.001,
                "-8.5": 0.001,
                "-9.0": 0.001
            },
            "Qs_in": 0.4970156657611725,
            "Qs_out": 0.0,
            "D50": 0.0007071067811865476,
            "D84": 0.0010439398246608886
        },
        "deposit_upstream": {
            "flow_scale": 0.79,
            "elevation": 1745.9974719464474,
            "length": 55,
            "width": 1.8554451839803205,
            "bankfull_width": 6,
            "lwd_factor": null,
            "gsd_bed": {
                "1.0": 4.1287430655175434e-05,
                "0.0": 0.00011284735154889451,
                "-1.0": 4.524314747623806e-05,
                "-2.0": 4.298859223064695e-05,
                "-2.5": 4.298789618969772e-05,
                "-3.0": 4.298713392981745e-05,
                "-3.5": 4.298711292003358e-05,
                "-4.0": 0.0003924588309137749,
                "-4.5": 0.0003918639212560384,
                "-5.0": 0.0004928158124859726,
                "-5.5": 0.014797367397271909,
                "-6.0": 0.03200129865851833,
                "-6.5": 0.08193384389882306,
                "-7.0": 0.08607093281296609,
                "-7.5": 0.6651570239557494,
                "-8.0": 0.06037859552391975,
                "-8.5": 0.02900623526158422,
                "-9.0": 0.029006235261560983
            },
            "gsd_wall": {
                "1.0": 0.06737137002348274,
                "0.0": 0.8953897593166203,
                "-1.0": 0.025858349636358295,
                "-2.0": 0.0004985117629355447,
                "-2.5": 0.0004593284733760615,
                "-3.0": 0.00044753101108922224,
                "-3.5": 0.00020349061233271935,
                "-4.0": 0.0012556911447147569,
                "-4.5": 0.0012553013801833055,
                "-5.0": 0.0015609529257721866,
                "-5.5": 0.0015612214245781981,
                "-6.0": 0.0014026938368838558,
                "-6.5": 0.001411084411919969,
                "-7.0": 0.0005940271897822573,
                "-7.5": 0.0006470075670658921,
                "-8.0": 8.367928290480666e-05,
                "-8.5": 0.0,
                "-9.0": 0.0
            },
            "Qs_in": 0.0,
            "Qs_out_bed": 0.0,
            "Qs_out_wall": 0.0006243915399009732,
            "D50": 0.16673252603720856,
            "D84": 0.25009878905581284
        },
        "deposit_downstream": {
            "flow_scale": 0.83,
            "elevation": 1744.1581157444389,
            "length": 47,
            "width": 5.911814361262793,
            "bankfull_width": 6,
            "lwd_factor": 1,
            "gsd_bed": {
                "1.0": 1.0767486826375403e-05,
                "0.0": 8.889002933596817e-05,
                "-1.0": 0.0001648114927737225,
                "-2.0": 8.76705202427233e-05,
                "-2.5": 8.156295785171837e-05,
                "-3.0": 7.755919816721093e-05,
                "-3.5": 7.486981167757403e-05,
                "-4.0": 7.39208992952006e-05,
                "-4.5": 7.392089929443435e-05,
                "-5.0": 7.393041640245362e-05,
                "-5.5": 7.393575981556553e-05,
                "-6.0": 7.392916430725628e-05,
                "-6.5": 0.02063174274428595,
                "-7.0": 0.11111119887097448,
                "-7.5": 0.23122262868790847,
                "-8.0": 0.41548860654786907,
                "-8.5": 0.11029502725651182,
                "-9.0": 0.11029502725646008
            },
            "gsd_wall": {
                "1.0": 0.691914998644267,
                "0.0": 0.24360423481490007,
                "-1.0": 0.05925561065076149,
                "-2.0": 0.0004921569471131521,
                "-2.5": 0.0003053092321148389,
                "-3.0": 0.00016028556048343394,
                "-3.5": 4.6077779055707416e-05,
                "-4.0": 7.65518999032083e-06,
                "-4.5": 6.33910663923571e-05,
                "-5.0": 9.242128305229765e-05,
                "-5.5": 0.0001138220565802123,
                "-6.0": 0.00010310941280563926,
                "-6.5": 0.0002044050564810521,
                "-7.0": 0.00016253979023376827,
                "-7.5": 0.0020989307702797004,
                "-8.0": 0.001375051745488962,
                "-8.5": 0.0,
                "-9.0": 0.0
            },
            "Qs_in": 0.0006243915399009732,
            "Qs_out_bed": 0.0007001086882629204,
            "Qs_out_wall": 0.0,
            "D50": 0.0007071067811865476,
            "D84": 0.18113740344978657
        },
        "downstream": {
            "flow_scale": 0.835,
            "elevation": 1742.591305464599,
            "length": 65,
            "bankfull_width": 6,
            "lwd_factor": null,
            "gsd": {
                "1.0": 0.001,
                "0.0": 0.001,
                "-1.0": 0.0010263652712856342,
                "-2.0": 0.0010263655117790796,
                "-2.5": 0.0010263654263923288,
                "-3.0": 0.001026366850187301,
                "-3.5": 0.0010263664206358063,
                "-4.0": 0.0010263679097529531,
                "-4.5": 0.0010263686318251254,
                "-5.0": 0.0010263689973661848,
                "-5.5": 0.0010263690175315635,
                "-6.0": 0.0010263687626519246,
                "-6.5": 0.1875589189559282,
                "-7.0": 0.1687415509280707,
                "-7.5": 0.16554732455542082,
                "-8.0": 0.15533119482384405,
                "-8.5": 0.15528880909517503,
                "-9.0": 0.15526852884215336
            },
            "Qs_in": 0.0007001086882629204,
            "Qs_out": 0.0007005423757939033,
            "D50": 0.1849307433211842,
            "D84": 0.36809468938318723
        }
    },
    "dep_masses": {
        "deposit_upstream": {
            "1.0": 13.628215525668743,
            "0.0": 92.4538604066216,
            "-1.0": 24.60246421367512,
            "-2.0": 0.25029916642215116,
            "-2.5": 0.37485114011424925,
            "-3.0": 0.028443548393796536,
            "-3.5": 0,
            "-4.0": 694.8924842738721,
            "-4.5": 1962.600011651101,
            "-5.0": 6920.282725169977,
            "-5.5": 19530.63909763871,
            "-6.0": 49719.8542335592,
            "-6.5": 141600.87538321232,
            "-7.0": 169264.21003488277,
            "-7.5": 519770.1606229384,
            "-8.0": 181046.28643002163,
            "-8.5": 0,
            "-9.0": 0
        },
        "deposit_downstream": {
            "1.0": 1.0500406621127552,
            "0.0": 3.339167729832714,
            "-1.0": 12.176372860778153,
            "-2.0": 34.536399662713826,
            "-2.5": 54.29273138182971,
            "-3.0": 73.10964839747994,
            "-3.5": 53.93211227644908,
            "-4.0": 0,
            "-4.5": 0,
            "-5.0": 12.239432359342693,
            "-5.5": 54.05493165046854,
            "-6.0": 85.03345019507579,
            "-6.5": 1345.7089527754986,
            "-7.0": 2782.444644662045,
            "-7.5": 109552.35730801884,
            "-8.0": 202075.9691259074,
            "-8.5": 0,
            "-9.0": 0
        }
    },