{
    "timestep": "2015-05-21 16:00",
    "deposit_mass": 2401711,
    "reaches": {
        "upstream": {
            "flow_scale": 0.78,
            "elevation": 1747.0574755922196,
            "length": 50,
            "bankfull_width": 6,
            "lwd_factor": null,
            "gsd": {
                "1.0": 0.13056082027347787,
                "0.0": 0.03965485903083384,
                "-1.0": 0.039814341567538596,
                "-2.0": 0.012714937613276604,
                "-2.5": 0.01790201628406207,
                "-3.0": 0.02834442466079676,
                "-3.5": 0.04001535167010188,
                "-4.0": 0.05127677246854113,
                "-4.5": 0.07277584853828627,
                "-5.0": 0.06299340309923274,
                "-5.5": 0.06299340309923149,
                "-6.0": 0.0629934030992317,
                "-6.5": 0.06299340309923149,
                "-7.0": 0.06299340309923153,
                "-7.5": 0.0629934030992316,
                "-8.0": 0.06299340309923164,
                "-8.5": 0.0629934030992316,
                "-9.0": 0.06299340309923136
            },
            "Qs_in": 0.18419550427078651,
            "Qs_out": 5.897806185456922,
            "D50": 0.0010235486848726146,
            "D84": 0.04526789735390691
        },
        "deposit_upstream": {
            "flow_scale": 0.79,
            "elevation": 1745.9710670738639,
            "length": 55,
            "width": 2.7248705010373473,
            "bankfull_width": 6,
            "lwd_factor": null,
            "gsd_bed": {
                "1.0": 0.0005511744067896926,
                "0.0": 0.5802361185123867,
                "-1.0": 0.29785987818111953,
                "-2.0": 0.11404430091053443,
                "-2.5": 0.0004993645978213397,
                "-3.0": 0.0004993645980051123,
                "-3.5": 0.0004993645985187263,
                "-4.0": 0.0004993645984982377,
                "-4.5": 0.0004993645984316301,
                "-5.0": 0.0004993645984674465,
                "-5.5": 0.0004993645984533864,
                "-6.0": 0.0004993645984559165,
                "-6.5": 0.0008167882102463354,
                "-7.0": 0.0004993645984539724,
                "-7.5": 0.0004993645984549157,
                "-8.0": 0.000499364598455258,
                "-8.5": 0.0004993645984549157,
                "-9.0": 0.00049936459845227
            },
            "gsd_wall": {
                "1.0": 0.00036091254342225,
                "0.0": 0.00036091256195902,
                "-1.0": 0.0006308077762646395,
                "-2.0": 0.0002400901327005973,
                "-2.5": 0.00024009008189454295,
                "-3.0": 4.795679206015689e-06,
                "-3.5": 0.00026726261030018305,
                "-4.0": 0.00020586766600988213,
                "-4.5": 0.00020586765990537935,
                "-5.0": 5.7881924389357564e-05,
                "-5.5": 0.0004906327593668866,
                "-6.0": 0.027352609738278206,
                "-6.5": 0.07309686574064478,
                "-7.0": 0.21937420292080018,
                "-7.5": 0.5158139433995093,
                "-8.0": 0.06189664613375846,
                "-8.5": 0.049700305336144786,
                "-9.0": 0.04970030533544555
            },
            "Qs_in": 5.897806185456922,
            "Qs_out_bed": 5.897806185456922,
            "Qs_out_wall": 0.0,
            "D50": 0.0007987959384247274,
            "D84": 0.0019712048921195894
        },
        "deposit_downstream": {
            "flow_scale": 0.83,
            "elevation": 1744.0236787839726,
            "length": 47,
            "width": 7.40762509037339,
            "bankfull_width": 6,
            "lwd_factor": 1,
            "gsd_bed": {
                "1.0": 0.20593010706616194,
                "0.0": 0.006413370604960279,
                "-1.0": 0.02663605309043948,
                "-2.0": 0.0017802794089979287,
                "-2.5": 0.0017802794089939052,
                "-3.0": 0.01950129427872023,
                "-3.5": 0.020202862707565793,
                "-4.0": 0.020879814700275497,
                "-4.5": 0.022172177595446145,
                "-5.0": 0.010702796253585415,
                "-5.5": 0.010702796253584883,
                "-6.0": 0.010702796253584975,
                "-6.5": 0.10702796253584883,
                "-7.0": 0.10702796253584905,
                "-7.5": 0.10702796253584941,
                "-8.0": 0.10706359888633392,
                "-8.5": 0.10717122456258174,
                "-9.0": 0.10727666132122063
            },
            "gsd_wall": {
                "1.0": 0.0004336898007153134,
                "0.0": 0.0007499296463878186,
                "-1.0": 0.0020359503325509632,
                "-2.0": 0.0021793370068688817,
                "-2.5": 0.029069271400791758,
                "-3.0": 0.0238871660327246,
                "-3.5": 0.026740177214750173,
                "-4.0": 0.019239398452053417,
                "-4.5": 0.028466528695478013,
                "-5.0": 0.027155379036853316,
                "-5.5": 0.024380183206332503,
                "-6.0": 0.021938712269573928,
                "-6.5": 0.020116146713540083,
                "-7.0": 0.020402485886316782,
                "-7.5": 0.02099695324597556,
                "-8.0": 0.10186467320132084,
                "-8.5": 0.22650348413931082,
                "-9.0": 0.4038405337184554
            },
            "Qs_in": 5.897806185456922,
            "Qs_out_bed": 0.0018731746197029194,
            "Qs_out_wall": 0.0,
            "D50": 0.12733875605337258,
            "D84": 0.36222703234172177
        },
        "downstream": {
            "flow_scale": 0.835,
            "elevation": 1742.5496126965122,
            "length": 65,
            "bankfull_width": 6.5,
            "lwd_factor": null,
            "gsd": {
                "1.0": 0.042600530137679275,
                "0.0": 0.04146650308638551,
                "-1.0": 0.005283617120225422,
                "-2.0": 0.005283617120225384,
                "-2.5": 0.00767405407605675,
                "-3.0": 0.011988204648978379,
                "-3.5": 0.025052181736014173,
                "-4.0": 0.03355895751360792,
                "-4.5": 0.04893191659739699,
                "-5.0": 0.06169039009950434,
                "-5.5": 0.07563221989442051,
                "-6.0": 0.10170089216790401,
                "-6.5": 0.08985615263360003,
                "-7.0": 0.08985615263360013,
                "-7.5": 0.08985615263360044,
                "-8.0": 0.0898561526336005,
                "-8.5": 0.08985615263360044,
                "-9.0": 0.08985615263359972
            },
            "Qs_in": 0.0018731746197029194,
            "Qs_out": 0.0021803446188449404,
            "D50": 0.09046972287660154,
            "D84": 0.3601945979499986
        }
    }
}