{
    "timestep": "2012-04-21 20:00",
    "deposit_mass": 2401711,
    "reaches": {
        "upstream": {
            "flow_scale": 0.78,
            "elevation": 1746.1185000084793,
            "length": 50,
            "bankfull_width": 6,
            "lwd_factor": null,
            "gsd": {
                "1.0": 0.9150000000000003,
                "0.0": 0.005,
                "-1.0": 0.005,
                "-2.0": 0.005,
                "-2.5": 0.005,
                "-3.0": 0.005,
                "-3.5": 0.005,
                "-4.0": 0.005,
                "-4.5": 0.005,
                "-5.0": 0.005,
                "-5.5": 0.005,
                "-6.0": 0.005,
                "-6.5": 0.005,
                "-7.0": 0.005,
                "-7.5": 0.005,
                "-8.0": 0.005,
                "-8.5": 0.005,
                "-9.0": 0.005
            },
            "Qs_in": 0.0006243915399009732,
            "Qs_out": 0.0,
            "D50": 0.0007071067811865476,
            "D84": 0.0014142135623730952
        },
        "deposit_upstream": {
            "flow_scale": 0.79,
            "elevation": 1746.1489255812157,
            "length": 55,
            "width": 1.0000749250808376,
            "bankfull_width": 6,
            "lwd_factor": null,
            "gsd_bed": {
                "1.0": 0.2915186004376433,
                "0.0": 0.291518600437383,
                "-1.0": 0.10967794241098659,
                "-2.0": 0.007377907702003833,
                "-2.5": 0.007377907702675143,
                "-3.0": 0.011319693517880824,
                "-3.5": 0.012607064015234315,
                "-4.0": 0.03484527564712076,
                "-4.5": 0.03484527564667734,
                "-5.0": 0.045233929255934106,
                "-5.5": 0.022488582777062314,
                "-6.0": 0.04997671043941787,
                "-6.5": 0.04157150363827271,
                "-7.0": 0.017155100709834212,
                "-7.5": 0.017155100709840013,
                "-8.0": 0.002040184611272783,
                "-8.5": 0.0016453101703810772,
                "-9.0": 0.001645310170379514
            },
            "gsd_wall": {
                "1.0": 0.3606714232494157,
                "0.0": 0.36067142325016355,
                "-1.0": 0.1356952850665914,
                "-2.0": 0.009128064101208746,
                "-2.5": 0.009128064099276965,
                "-3.0": 0.003846545596690966,
                "-3.5": 0.00395909826133026,
                "-4.0": 0.010942743692185898,
                "-4.5": 0.010942743691943176,
                "-5.0": 0.01420517659405821,
                "-5.5": 0.016778045004655462,
                "-6.0": 0.021579104419070173,
                "-6.5": 0.021730706708427867,
                "-7.0": 0.00896750007704125,
                "-7.5": 0.008967500077043573,
                "-8.0": 0.0010664674004669174,
                "-8.5": 0.000860054355215171,
                "-9.0": 0.000860054355214539
            },
            "Qs_in": 0.0,
            "Qs_out_bed": 119.76834914719126,
            "Qs_out_wall": 0.0,
            "D50": 0.0008983104472506696,
            "D84": 0.03207507551367579
        },
        "deposit_downstream": {
            "flow_scale": 0.83,
            "elevation": 1744.3526751081704,
            "length": 47,
            "width": 2.029732691399515,
            "bankfull_width": 6,
            "lwd_factor": 1,
            "gsd_bed": {
                "1.0": 0.18440246428402596,
                "0.0": 0.18440246428441265,
                "-1.0": 0.06952190743126989,
                "-2.0": 0.0048503176143538836,
                "-2.5": 0.0048503176133244345,
                "-3.0": 0.002212796405572252,
                "-3.5": 0.00236978887798657,
                "-4.0": 0.005661775014021146,
                "-4.5": 0.0058289403119644164,
                "-5.0": 0.007780758352309093,
                "-5.5": 0.007884601620332953,
                "-6.0": 0.0071364609730360205,
                "-6.5": 0.009654715654684658,
                "-7.0": 0.15042873190758227,
                "-7.5": 0.24891303910571022,
                "-8.0": 0.039240759722828346,
                "-8.5": 0.03243008041330426,
                "-9.0": 0.032430080413280965
            },
            "gsd_wall": {
                "1.0": 0.008227698175955298,
                "0.0": 0.008227698135630103,
                "-1.0": 0.007328900528964096,
                "-2.0": 0.000572484898926109,
                "-2.5": 0.0005724850460680262,
                "-3.0": 0.005349137982199946,
                "-3.5": 0.00795049106805597,
                "-4.0": 0.0037496598089729392,
                "-4.5": 0.007229440738349581,
                "-5.0": 0.006732605655197889,
                "-5.5": 0.0034276616348604527,
                "-6.0": 0.007896043530445086,
                "-6.5": 0.0979179120184242,
                "-7.0": 0.1421884099102926,
                "-7.5": 0.2531688215738081,
                "-8.0": 0.1775303764654399,
                "-8.5": 0.1309650864142643,
                "-9.0": 0.13096508641414528
            },
            "Qs_in": 119.76834914719126,
            "Qs_out_bed": 0.006425785927445676,
            "Qs_out_wall": 8.607626534197265e-09,
            "D50": 0.12264867418503009,
            "D84": 0.18397301127754512
        },
        "downstream": {
            "flow_scale": 0.835,
            "elevation": 1741.8259295023267,
            "length": 65,
            "bankfull_width": 6.5,
            "lwd_factor": null,
            "gsd": {
                "1.0": 0.0058873224821913645,
                "0.0": 0.005887322482191393,
                "-1.0": 0.005887322482191403,
                "-2.0": 0.006358308280766692,
                "-2.5": 0.013423095257511316,
                "-3.0": 0.022063347865199538,
                "-3.5": 0.049133944575271066,
                "-4.0": 0.06676130987368757,
                "-4.5": 0.14683370620329333,
                "-5.0": 0.19909437266482022,
                "-5.5": 0.19909437266478616,
                "-6.0": 0.11268389538035166,
                "-6.5": 0.09639135238064811,
                "-7.0": 0.014821451138842034,
                "-7.5": 0.01391971906706484,
                "-8.0": 0.013919719067066424,
                "-8.5": 0.01391971906706484,
                "-9.0": 0.013919719067052238
            },
            "Qs_in": 0.00642579453507221,
            "Qs_out": 0.14148527488337975,
            "D50": 0.03268937431065837,
            "D84": 0.0899372621375312
        }
    }
}