{
    "timestep": "2012-05-12 16:00",
    "deposit_mass": 2401711,
    "reaches": {
        "upstream": {
            "flow_scale": 0.78,
            "elevation": 1746.308402849589,
            "length": 50,
            "bankfull_width": 6,
            "lwd_factor": null,
            "gsd": {
                "1.0": 0.8321967537883375,
                "0.0": 0.08281939753053641,
                "-1.0": 0.009983848681126407,
                "-2.0": 0.005,
                "-2.5": 0.005,
                "-3.0": 0.005,
                "-3.5": 0.005,
                "-4.0": 0.005,
                "-4.5": 0.005,
                "-5.0": 0.005,
                "-5.5": 0.005,
                "-6.0": 0.005,
                "-6.5": 0.005,
                "-7.0": 0.005,
                "-7.5": 0.005,
                "-8.0": 0.005,
                "-8.5": 0.005,
                "-9.0": 0.005
            },
            "Qs_in": 0.15422471035553986,
            "Qs_out": 0.0,
            "D50": 0.0007071067811865476,
            "D84": 0.0011072414873770405
        },
        "deposit_upstream": {
            "flow_scale": 0.79,
            "elevation": 1746.0343862057662,
            "length": 55,
            "width": 1.869983336951323,
            "bankfull_width": 6,
            "lwd_factor": null,
            "gsd_bed": {
                "1.0": 0.9915000000001205,
                "0.0": 0.0005000000000007231,
                "-1.0": 0.0005000000000010276,
                "-2.0": 0.0005000000000004179,
                "-2.5": 0.0004999999999183653,
                "-3.0": 0.0004999999999421691,
                "-3.5": 0.0005000000000086965,
                "-4.0": 0.0005000000000060385,
                "-4.5": 0.0004999999999974123,
                "-5.0": 0.0005000000000020516,
                "-5.5": 0.0005000000000002326,
                "-6.0": 0.0005000000000005575,
                "-6.5": 0.0005000000000002326,
                "-7.0": 0.0005000000000003104,
                "-7.5": 0.0005000000000004313,
                "-8.0": 0.00050000000000047,
                "-8.5": 0.0005000000000004313,
                "-9.0": 0.000500000000000087
            },
            "gsd_wall": {
                "1.0": 0.00023974783410907706,
                "0.0": 0.0002397478464131647,
                "-1.0": 0.00041903447482392474,
                "-2.0": 0.0005877307443875998,
                "-2.5": 0.0005877307124732102,
                "-3.0": 3.185685083468478e-06,
                "-3.5": 0.0006057809415917519,
                "-4.0": 0.00013675425784865264,
                "-4.5": 0.00013675425385204211,
                "-5.0": 3.844994101163835e-05,
                "-5.5": 0.0003259186845764822,
                "-6.0": 0.1741482505786352,
                "-6.5": 0.296988547763635,
                "-7.0": 0.227007027750821,
                "-7.5": 0.2270070277509302,
                "-8.0": 0.027594294248096833,
                "-8.5": 0.021967008265870495,
                "-9.0": 0.02196700826584025
            },
            "Qs_in": 0.0,
            "Qs_out_bed": 0.0,
            "Qs_out_wall": 0.0,
            "D50": 0.0007071067811865476,
            "D84": 0.0014142135623730952
        },
        "deposit_downstream": {
            "flow_scale": 0.83,
            "elevation": 1744.3802136603492,
            "length": 47,
            "width": 5.253165424052656,
            "bankfull_width": 6,
            "lwd_factor": 1,
            "gsd_bed": {
                "1.0": 0.00048739818832618787,
                "0.0": 0.0005984053097138864,
                "-1.0": 0.0017472311675283013,
                "-2.0": 0.0017472311675266884,
                "-2.5": 0.0018317463298652306,
                "-3.0": 0.003615575244718959,
                "-3.5": 0.011907460039345891,
                "-4.0": 0.013331876696702744,
                "-4.5": 0.013331876696515215,
                "-5.0": 0.013331876696616124,
                "-5.5": 0.03452993242739262,
                "-6.0": 0.03452993242741082,
                "-6.5": 0.03452993242739262,
                "-7.0": 0.03452993242739659,
                "-7.5": 0.19998739818840927,
                "-8.0": 0.19998739818842354,
                "-8.5": 0.19998739818840927,
                "-9.0": 0.1999873981883061
            },
            "gsd_wall": {
                "1.0": 0.0005018842353851935,
                "0.0": 0.0005018842353860116,
                "-1.0": 0.0005018842353863214,
                "-2.0": 0.0005018842353857017,
                "-2.5": 0.0006477778605418643,
                "-3.0": 0.00044222188086852685,
                "-3.5": 0.0006186462751725663,
                "-4.0": 0.0005089782246456664,
                "-4.5": 0.0004436288664080786,
                "-5.0": 0.0007780249688632267,
                "-5.5": 0.000430821009071309,
                "-6.0": 0.0006054304612765042,
                "-6.5": 0.0004493614230956936,
                "-7.0": 0.0005353456353776547,
                "-7.5": 0.004380667134643826,
                "-8.0": 0.08613351141612453,
                "-8.5": 0.33286125799345584,
                "-9.0": 0.5691567899089116
            },
            "Qs_in": 0.0,
            "Qs_out_bed": 0.0,
            "Qs_out_wall": 0.0,
            "D50": 0.25690390039322586,
            "D84": 0.506466566404773
        },
        "downstream": {
            "flow_scale": 0.835,
            "elevation": 1742.215100900033,
            "length": 65,
            "bankfull_width": 6.5,
            "lwd_factor": null,
            "gsd": {
                "1.0": 0.0050001332905946,
                "0.0": 0.005000000325247147,
                "-1.0": 0.013060589832143091,
                "-2.0": 0.012803493393955938,
                "-2.5": 0.014450747937091118,
                "-3.0": 0.010026276681169724,
                "-3.5": 0.0132690485532453,
                "-4.0": 0.012762209702499529,
                "-4.5": 0.01276220970231422,
                "-5.0": 0.012762209702413905,
                "-5.5": 0.008474999575919595,
                "-6.0": 0.1394808846279163,
                "-6.5": 0.13948088462784033,
                "-7.0": 0.13948088462785715,
                "-7.5": 0.11529635685496231,
                "-8.0": 0.11529635685497028,
                "-8.5": 0.11529635685496231,
                "-9.0": 0.11529635685489695
            },
            "Qs_in": 0.0,
            "Qs_out": 3.357969607845714e-06,
            "D50": 0.12967178628149276,
            "D84": 0.3631673869787365
        }
    }
}