{
    "timestep": "2012-04-09 08:00",
    "deposit_mass": 2401711,
    "reaches": {
        "upstream": {
            "flow_scale": 0.78,
            "elevation": 1746.1185,
            "length": 50,
            "bankfull_width": 6,
            "lwd_factor": null,
            "gsd": {
                "1.0": 0.00495589255624938,
                "0.0": 0.00495589255624938,
                "-1.0": 0.007037367429874122,
                "-2.0": 0.009317078005748835,
                "-2.5": 0.016850034691247892,
                "-3.0": 0.03201506591337101,
                "-3.5": 0.04896421845574386,
                "-4.0": 0.06531866389136683,
                "-4.5": 0.09654078699573797,
                "-5.0": 0.12528496382198437,
                "-5.5": 0.14411735553573202,
                "-6.0": 0.14282882347110715,
                "-6.5": 0.11874318564773519,
                "-7.0": 0.09743284765586281,
                "-7.5": 0.04985627911586876,
                "-8.0": 0.023193577163247096,
                "-8.5": 0.0076320745366240455,
                "-9.0": 0.00495589255624938
            },
            "Qs_in": 0.0,
            "Qs_out": 0.0,
            "D50": 0.04543415634567647,
            "D84": 0.12766173715105633
        },
        "deposit_upstream": {
            "flow_scale": 0.79,
            "elevation": 1746.298785857263,
            "length": 55,
            "width": 1.0000940734060515,
            "bankfull_width": 6,
            "lwd_factor": null,
            "gsd_bed": {
                "1.0": 6.719447771683094e-05,
                "0.0": 6.738731120220873e-05,
                "-1.0": 0.00012910364469708975,
                "-2.0": 0.00017561349998268487,
                "-2.5": 0.00017623578497526056,
                "-3.0": 9.471534371062901e-05,
                "-3.5": 0.0009454797243230211,
                "-4.0": 0.0017287789888758734,
                "-4.5": 0.001728778988875889,
                "-5.0": 0.005783645968384483,
                "-5.5": 0.0051842797651839145,
                "-6.0": 0.3418834907964415,
                "-6.5": 0.34188349079644165,
                "-7.0": 0.1417417319494144,
                "-7.5": 0.1417417319494143,
                "-8.0": 0.01666834101036032,
                "-8.5": 0.0,
                "-9.0": 0.0
            },
            "gsd_wall": {
                "1.0": 0.03437675189841577,
                "0.0": 0.9375254453009729,
                "-1.0": 0.015967454860329144,
                "-2.0": 0.0021656613112344433,
                "-2.5": 0.0021657011109972747,
                "-3.0": 0.0005706450548420494,
                "-3.5": 0.0005706450548311401,
                "-4.0": 0.000862842863963541,
                "-4.5": 0.0008628428639635386,
                "-5.0": 0.0010759772868893943,
                "-5.5": 0.0010759682245598573,
                "-6.0": 0.0009659923723126241,
                "-6.5": 0.0009659923723126227,
                "-7.0": 0.0004004914995530984,
                "-7.5": 0.00040049149955309794,
                "-8.0": 4.7096425269334075e-05,
                "-8.5": 0.0,
                "-9.0": 0.0
            },
            "Qs_in": 0.0,
            "Qs_out_bed": 0.0,
            "Qs_out_wall": 0.0,
            "D50": 0.09049334510776863,
            "D84": 0.13574001766165292
        },
        "deposit_downstream": {
            "flow_scale": 0.83,
            "elevation": 1744.5371880398072,
            "length": 47,
            "width": 3.3528334800246755,
            "bankfull_width": 7.5,
            "lwd_factor": 1,
            "gsd_bed": {
                "1.0": 0.4837189380469567,
                "0.0": 0.4837189372032237,
                "-1.0": 0.009995994573558292,
                "-2.0": 0.001637426002397843,
                "-2.5": 0.0016821908834669577,
                "-3.0": 0.0004501889262334525,
                "-3.5": 0.00045018892651179217,
                "-4.0": 0.0006802225688749535,
                "-4.5": 0.0006802225689094461,
                "-5.0": 0.0008477199859234306,
                "-5.5": 0.0008477199859277472,
                "-6.0": 0.0007617536483818949,
                "-6.5": 0.004599696409266575,
                "-7.0": 0.004257076620733923,
                "-7.5": 0.005014972837224822,
                "-8.0": 0.0006567508124085734,
                "-8.5": 0.0,
                "-9.0": 0.0
            },
            "gsd_wall": {
                "1.0": 0.0003168686391434053,
                "0.0": 0.00032943846863197317,
                "-1.0": 0.00040254123266196393,
                "-2.0": 1.581026303715765e-05,
                "-2.5": 0.0003814311465260179,
                "-3.0": 6.803555744708892e-05,
                "-3.5": 6.803556672738732e-05,
                "-4.0": 0.000283550809233733,
                "-4.5": 0.0002835508081399233,
                "-5.0": 0.0009084220669251895,
                "-5.5": 0.0009084220666555784,
                "-6.0": 3.5035810766135204e-05,
                "-6.5": 0.3150733559577176,
                "-7.0": 0.29178846690289695,
                "-7.5": 0.34320556007355313,
                "-8.0": 0.04593147462993684,
                "-8.5": 0.0,
                "-9.0": 0.0
            },
            "Qs_in": 0.0,
            "Qs_out_bed": 2.318285372519087e-10,
            "Qs_out_wall": 0.0,
            "D50": 0.0007569159029900465,
            "D84": 0.0011353738544850698
        },
        "downstream": {
            "flow_scale": 0.835,
            "elevation": 1742.0153997337527,
            "length": 65,
            "bankfull_width": 6,
            "lwd_factor": null,
            "gsd": {
                "1.0": 1.8490986499413207e-06,
                "0.0": 2.3694470908836906e-05,
                "-1.0": 0.00019022451201356158,
                "-2.0": 0.009636058800325833,
                "-2.5": 0.022050722950792422,
                "-3.0": 0.005935399108740878,
                "-3.5": 0.0059353991079432586,
                "-4.0": 0.009108379185177477,
                "-4.5": 0.20146959748404983,
                "-5.0": 0.2532179451129365,
                "-5.5": 0.25321794894527083,
                "-6.0": 0.2273357967647286,
                "-6.5": 0.011873729781295903,
                "-7.0": 3.2179194467339055e-06,
                "-7.5": 3.6724377456888476e-08,
                "-8.0": 2.1143781805267492e-11,
                "-8.5": 9.00353346103422e-12,
                "-9.0": 3.1948021958508363e-12
            },
            "Qs_in": 2.318285372519087e-10,
            "Qs_out": 0.0,
            "D50": 0.03332106731437553,
            "D84": 0.06384081455704715
        }
    },
    "dep_masses": {
        "deposit_upstream": {
            "1.0": 23.47266076434694,
            "0.0": 188.45850406303524,
            "-1.0": 29.062273669157513,
            "-2.0": 31.533687407842027,
            "-2.5": 89.56208042684929,
            "-3.0": 66.74777610838596,
            "-3.5": 188.79200750058246,
            "-4.0": 807.3880179619196,
            "-4.5": 2283.6381701985806,
            "-5.0": 8054.110742590847,
            "-5.5": 22746.05473056209,
            "-6.0": 58022.36141290611,
            "-6.5": 164112.0208620904,
            "-7.0": 192444.27344067078,
            "-7.5": 544314.6030016664,
            "-8.0": 181046.28643002163,
            "-8.5": 0,
            "-9.0": 0
        },
        "deposit_downstream": {
            "1.0": 2.359922512883216e-11,
            "0.0": 2.359922512883216e-11,
            "-1.0": 2.359922512883216e-11,
            "-2.0": 2.359922512883216e-11,
            "-2.5": 2.359922512883216e-11,
            "-3.0": 2.359922512883216e-11,
            "-3.5": 2.359922512883216e-11,
            "-4.0": 2.359922512883216e-11,
            "-4.5": 2.359922512883216e-11,
            "-5.0": 2.359922512883216e-11,
            "-5.5": 2.359922512883216e-11,
            "-6.0": 0.00021134258068061868,