{
    "timestep": "2017-04-16 00:00",
    "deposit_mass": 2401711,
    "reaches": {
        "upstream": {
            "flow_scale": 0.78,
            "elevation": 1746.2318479775033,
            "length": 50,
            "bankfull_width": 6,
            "lwd_factor": null,
            "gsd": {
                "1.0": 0.008817387261353091,
                "0.0": 0.0022184502800009793,
                "-1.0": 0.002513941293043358,
                "-2.0": 0.000213544659915067,
                "-2.5": 0.00016291382497109251,
                "-3.0": 0.0002567634692734309,
                "-3.5": 0.00046189030355210577,
                "-4.0": 0.0022762424516944934,
                "-4.5": 0.011856827433561057,
                "-5.0": 0.5078454835786627,
                "-5.5": 0.45991525206899025,
                "-6.0": 0.0011118453328911283,
                "-6.5": 0.0009243516369212778,
                "-7.0": 0.0007584621528327225,
                "-7.5": 0.00038810423486760904,
                "-8.0": 0.0001805494850079918,
                "-8.5": 5.941158267357133e-05,
                "-9.0": 3.857894978803112e-05
            },
            "Qs_in": 0.0,
            "Qs_out": 0.0,
            "D50": 0.031672048727278405,
            "D84": 0.047508073090917605
        },
        "deposit_upstream": {
            "flow_scale": 0.79,
            "elevation": 1745.8637994078551,
            "length": 55,
            "width": 2.396713467887971,
            "bankfull_width": 6,
            "lwd_factor": null,
            "gsd_bed": {
                "1.0": 2.6386999576972057e-07,
                "0.0": 5.042496317054445e-07,
                "-1.0": 1.5232136999210705e-06,
                "-2.0": 0.2659180225480216,
                "-2.5": 0.33825094528502314,
                "-3.0": 0.38234174196350623,
                "-3.5": 5.3630786775228895e-06,
                "-4.0": 1.1688825703931558e-05,
                "-4.5": 2.001703777584305e-05,
                "-5.0": 1.603820990313329e-05,
                "-5.5": 0.00010020021021502407,
                "-6.0": 0.00020971880696213043,
                "-6.5": 0.0008097557505198963,
                "-7.0": 0.003056502054398647,
                "-7.5": 0.008236238991864039,
                "-8.0": 0.0010214759041016336,
                "-8.5": 0.0,
                "-9.0": 0.0
            },
            "gsd_wall": {
                "1.0": 0.5308470934013954,
                "0.0": 0.4451705318304013,
                "-1.0": 0.0162878612303213,
                "-2.0": 4.395000212720307e-07,
                "-2.5": 1.1954523793489795e-06,
                "-3.0": 1.7236055769321854e-07,
                "-3.5": 0.0015940862437688276,
                "-4.0": 0.0016144450214395194,
                "-4.5": 0.0012022817154494307,
                "-5.0": 0.0008114741030333609,
                "-5.5": 0.0006325136089256615,
                "-6.0": 0.0005679746257233666,
                "-6.5": 0.0005686406461756894,
                "-7.0": 0.0002906420127477571,
                "-7.5": 0.00036481914987355026,
                "-8.0": 4.5829097786478504e-05,
                "-8.5": 0.0,
                "-9.0": 0.0
            },
            "Qs_in": 0.0,
            "Qs_out_bed": -5.2514294269851464e-23,
            "Qs_out_wall": -2.2858041461154162e-23,
            "D50": 0.005756175183057446,
            "D84": 0.008634262774586168
        },
        "deposit_downstream": {
            "flow_scale": 0.83,
            "elevation": 1743.9724135236186,
            "length": 47,
            "width": 6.33856387810407,
            "bankfull_width": 7.5,
            "lwd_factor": 1,
            "gsd_bed": {
                "1.0": 0.15375102279378045,
                "0.0": 0.031068747506346063,
                "-1.0": 0.012238864887413565,
                "-2.0": 0.10896220934150488,
                "-2.5": 0.10577311552319782,
                "-3.0": 3.3505090998687154e-05,
                "-3.5": 0.07941901440332065,
                "-4.0": 0.003621380375002388,
                "-4.5": 0.43397132543786354,
                "-5.0": 0.04331838182663922,
                "-5.5": 0.00042946198021655437,
                "-6.0": 0.0004466459226092944,
                "-6.5": 0.0037175186037440005,
                "-7.0": 0.0008053218130979884,
                "-7.5": 0.010232474861822669,
                "-8.0": 0.012211009632442206,
                "-8.5": 0.0,
                "-9.0": 0.0
            },
            "gsd_wall": {
                "1.0": 0.0003609606736157691,
                "0.0": 0.00019129018438909304,
                "-1.0": 0.0002567981914601262,
                "-2.0": 2.392365885241175e-06,
                "-2.5": 0.00026814544547668756,
                "-3.0": 0.7445244388926747,
                "-3.5": 0.0005358747677087638,
                "-4.0": 0.0001873480616379644,
                "-4.5": 0.11850124445625254,
                "-5.0": 0.00027680812458008916,
                "-5.5": 0.0011503790381644236,
                "-6.0": 0.0022593523852977903,
                "-6.5": 0.0034630623158977726,
                "-7.0": 0.005009260253597504,
                "-7.5": 0.08374756202173934,
                "-8.0": 0.03926508282162225,
                "-8.5": 0.0,
                "-9.0": 0.0
            },
            "Qs_in": -7.537233573100562e-23,
            "Qs_out_bed": -8.017509585786876e-23,
            "Qs_out_wall": -2.2858041461154162e-23,
            "D50": 0.02057293461032671,
            "D84": 0.030859401915490064
        },
        "downstream": {
            "flow_scale": 0.835,
            "elevation": 1742.8218775045818,
            "length": 65,
            "bankfull_width": 6,
            "lwd_factor": null,
            "gsd": {
                "1.0": 0.9806568785340248,
                "0.0": 0.00031059364017154296,
                "-1.0": 1.1741832436267205e-05,
                "-2.0": 3.0013966318433798e-05,
                "-2.5": 4.133907327613292e-05,
                "-3.0": 4.687166267794568e-05,
                "-3.5": 0.00012478222659534092,
                "-4.0": 2.921323186365573e-05,
                "-4.5": 5.479515522097551e-05,
                "-5.0": 5.992374033734444e-05,
                "-5.5": 0.0003124382497636139,
                "-6.0": 0.0004971214093692878,
                "-6.5": 0.0004899231718273916,
                "-7.0": 0.004187259232034002,
                "-7.5": 0.013042257546009033,
                "-8.0": 9.317918331465084e-05,
                "-8.5": 8.612202084322337e-06,
                "-9.0": 3.055942675081497e-06
            },
            "Qs_in": -1.0303313731902292e-22,
            "Qs_out": 8.048033422218998e-24,
            "D50": 0.0007071067811865476,
            "D84": 0.0014142135623730952
        }
    },
    "dep_masses": {
        "deposit_upstream": {
            "1.0": 19.616458667817778,
            "0.0": 111.65519494890059,
            "-1.0": 48.97304084773869,
            "-2.0": 2.0161983441316853e-23,
            "-2.5": 2.0161983441316853e-23,
            "-3.0": 1.5498622386140375e-23,
            "-3.5": 884.4947337861362,
            "-4.0": 1783.8707769359498,
            "-4.5": 3641.672138044348,
            "-5.0": 6524.917419165908,
            "-5.5": 13799.984286936164,
            "-6.0": 35041.91163659939,
            "-6.5": 99448.9529333666,
            "-7.0": 143992.66479378322,
            "-7.5": 515912.5869993815,
            "-8.0": 181046.28643002163,
            "-8.5": 0.0,
            "-9.0": 0.0
        },
        "deposit_downstream": {
            "1.0": 4.864111836460151e-24,
            "0.0": 4.864111836460151e-24,
            "-1.0": 4.864111836460151e-24,
            "-2.0": 4.864111836460153e-24,
            "-2.5": 4.864111836460153e-24,
            "-3.0": 706.1326276226465,
            "-3.5": 6.991506374310642e-21,
            "-4.0": 3.328344542180389e-12,