{
    "timestep": "2018-07-11 08:00",
    "deposit_mass": 2401711,
    "reaches": {
        "upstream": {
            "flow_scale": 0.78,
            "elevation": 1746.2906429429768,
            "length": 50,
            "bankfull_width": 6,
            "lwd_factor": null,
            "gsd": {
                "1.0": 0.0015243394868701085,
                "0.0": 0.0001686331030706768,
                "-1.0": 0.0002586706368524038,
                "-2.0": 9.243426428202327e-05,
                "-2.5": 0.020457206138822206,
                "-3.0": 0.040636324609268124,
                "-3.5": 0.07243045166917846,
                "-4.0": 0.1148275111177073,
                "-4.5": 0.13003184914305624,
                "-5.0": 0.05738308017943252,
                "-5.5": 0.5511836938080059,
                "-6.0": 0.009569734485878273,
                "-6.5": 0.0005649962188425644,
                "-7.0": 0.000463598733824905,
                "-7.5": 0.00023722295332037388,
                "-8.0": 0.00011035819299595922,
                "-8.5": 3.631444812260177e-05,
                "-9.0": 2.358081046922128e-05
            },
            "Qs_in": 0.0,
            "Qs_out": 0.0,
            "D50": 0.040976184461071256,
            "D84": 0.06146427669160688
        },
        "deposit_upstream": {
            "flow_scale": 0.79,
            "elevation": 1745.8425367706518,
            "length": 55,
            "width": 2.4910937197648155,
            "bankfull_width": 6,
            "lwd_factor": null,
            "gsd_bed": {
                "1.0": 1.3585856580141815e-06,
                "0.0": 6.415634257686676e-07,
                "-1.0": 1.949600791347953e-06,
                "-2.0": 0.44269258514452037,
                "-2.5": 0.44846972799842305,
                "-3.0": 0.0364126679219859,
                "-3.5": 2.6989766760071904e-05,
                "-4.0": 2.654090069054756e-05,
                "-4.5": 0.00014259679636030896,
                "-5.0": 0.00014740506292591622,
                "-5.5": 0.0005103141919421568,
                "-6.0": 0.0014464314875914798,
                "-6.5": 0.004028846418446747,
                "-7.0": 0.017462904696403134,
                "-7.5": 0.04326377711799549,
                "-8.0": 0.005365262746079688,
                "-8.5": 0.0,
                "-9.0": 0.0
            },
            "gsd_wall": {
                "1.0": 0.5638309981997006,
                "0.0": 0.3833127903109761,
                "-1.0": 0.04341348114987683,
                "-2.0": 8.027156043532443e-07,
                "-2.5": 4.1927039336370924e-07,
                "-3.0": 3.223369227378405e-08,
                "-3.5": 0.003099035613555334,
                "-4.0": 0.0022599225835691337,
                "-4.5": 0.0013507250380269673,
                "-5.0": 0.00077275252247321,
                "-5.5": 0.0004937744071406017,
                "-6.0": 0.0004406401543322653,
                "-6.5": 0.000442611770166101,
                "-7.0": 0.00023343551020703256,
                "-7.5": 0.0003094858194689743,
                "-8.0": 3.909270081676785e-05,
                "-8.5": 0.0,
                "-9.0": 0.0
            },
            "Qs_in": 0.0,
            "Qs_out_bed": -9.69732353564116e-14,
            "Qs_out_wall": -1.2985500213249578e-13,
            "D50": 0.005435478220089224,
            "D84": 0.008153217330133834
        },
        "deposit_downstream": {
            "flow_scale": 0.83,
            "elevation": 1743.9742907907685,
            "length": 47,
            "width": 6.33856387810367,
            "bankfull_width": 7.5,
            "lwd_factor": 1,
            "gsd_bed": {
                "1.0": 0.1500908021030216,
                "0.0": 0.030329141026579215,
                "-1.0": 0.0119475215353486,
                "-2.0": 0.10636842466688541,
                "-2.5": 0.10325524576204433,
                "-3.0": 1.3976917451205676e-05,
                "-3.5": 0.07752848936815585,
                "-4.0": 0.003535175443487032,
                "-4.5": 0.42364088187848287,
                "-5.0": 0.042287212086821256,
                "-5.5": 0.0012926526538744945,
                "-6.0": 0.0007157648002398007,
                "-6.5": 0.0018745263551551167,
                "-7.0": 0.0008586401544616491,
                "-7.5": 0.026573267602922893,
                "-8.0": 0.019688277645068586,
                "-8.5": 0.0,
                "-9.0": 0.0
            },
            "gsd_wall": {
                "1.0": 0.00017030297117788512,
                "0.0": 8.89315293695486e-05,
                "-1.0": 0.00011889097103561861,
                "-2.0": 1.1134890976086787e-06,
                "-2.5": 0.00012409358171230477,
                "-3.0": 0.8727341196916502,
                "-3.5": 0.0002479903797369799,
                "-4.0": 8.670029563780243e-05,
                "-4.5": 0.05483955905414421,
                "-5.0": 0.0001281002270603324,
                "-5.5": 0.0005516959081601549,
                "-6.0": 0.0011789120667596098,
                "-6.5": 0.001845649959220238,
                "-7.0": 0.0026707212601661786,
                "-7.5": 0.04439922370512011,
                "-8.0": 0.020813994909951273,
                "-8.5": 0.0,
                "-9.0": 0.0
            },
            "Qs_in": -2.2682823748890737e-13,
            "Qs_out_bed": -3.227708787232188e-13,
            "Qs_out_wall": -1.2985500213249578e-13,
            "D50": 0.020633845132542815,
            "D84": 0.030950767698814222
        },
        "downstream": {
            "flow_scale": 0.835,
            "elevation": 1742.7384872956056,
            "length": 65,
            "bankfull_width": 6,
            "lwd_factor": null,
            "gsd": {
                "1.0": 0.9758082317082738,
                "0.0": 8.592200645662355e-06,
                "-1.0": 5.2539305101856e-06,
                "-2.0": 1.0813185124478489e-05,
                "-2.5": 3.8121804166398104e-06,
                "-3.0": 3.850288490337486e-06,
                "-3.5": 7.332148892010413e-06,
                "-4.0": 2.3381403616239963e-05,
                "-4.5": 1.7853622545935674e-05,
                "-5.0": 4.548725497299959e-05,
                "-5.5": 0.00010227287275342217,
                "-6.0": 0.00021463930395720218,
                "-6.5": 0.0007487481366171498,
                "-7.0": 0.004111528430323595,
                "-7.5": 0.01861532138941977,
                "-8.0": 0.00024154287063501775,
                "-8.5": 2.3131220403957545e-05,
                "-9.0": 8.207852401403403e-06
            },
            "Qs_in": -4.5262588085571455e-13,
            "Qs_out": -1.3650925115947137e-14,
            "D50": 0.0007071067811865476,
            "D84": 0.0014142135623730952
        }
    },
    "dep_masses": {
        "deposit_upstream": {
            "1.0": 20.48328868798705,
            "0.0": 108.28886403181373,
            "-1.0": 112.42300364972319,
            "-2.0": 5.0463530226540546e-14,
            "-2.5": 5.0463530226540546e-14,
            "-3.0": 2.8556371685672267e-14,
            "-3.5": 1800.2068934581564,
            "-4.0": 2687.94827127396,
            "-4.5": 4387.363387173165,
            "-5.0": 7847.552427539972,
            "-5.5": 12678.648254890997,
            "-6.0": 32080.175503791277,
            "-6.5": 91193.36328298834,
            "-7.0": 136604.55305799455,
            "-7.5": 515912.5869993815,
            "-8.0": 181046.28643002163,
            "-8.5": 0.0,
            "-9.0": 0.0
        },
        "deposit_downstream": {
            "1.0": 3.2943869749954216e-14,
            "0.0": 3.2943869749954216e-14,
            "-1.0": 3.2943869749954216e-14,
            "-2.0": 3.2943869749954216e-14,
            "-2.5": 3.2943869749954216e-14,
            "-3.0": 1962.717308929917,
            "-3.5": 3.2943869441857156e-14,
            "-4.0": 1.4509849369423962e-12,