{
    "timestep": "2012-06-02 12:00",
    "deposit_mass": 2401711,
    "reaches": {
        "upstream": {
            "flow_scale": 0.78,
            "elevation": 1746.1619124442946,
            "length": 50,
            "bankfull_width": 6,
            "lwd_factor": null,
            "gsd": {
                "1.0": 0.3883998580418091,
                "0.0": 0.018984959239273982,
                "-1.0": 0.004649908090293678,
                "-2.0": 0.00015931434093261496,
                "-2.5": 0.0001367418757380325,
                "-3.0": 0.00011139648141977696,
                "-3.5": 0.0011396511445710964,
                "-4.0": 0.006953189416314497,
                "-4.5": 0.26890309296339243,
                "-5.0": 0.2671912051959175,
                "-5.5": 0.042038587939855106,
                "-6.0": 0.00042789774515495537,
                "-6.5": 0.0003557401101288232,
                "-7.0": 0.0002918969351057051,
                "-7.5": 0.00014936333505408966,
                "-8.0": 6.948513002516311e-05,
                "-8.5": 2.2864765008280065e-05,
                "-9.0": 1.4847250005376471e-05
            },
            "Qs_in": 0.4970156657611725,
            "Qs_out": 0.9151656438206885,
            "D50": 0.021829814268841386,
            "D84": 0.032744721403262074
        },
        "deposit_upstream": {
            "flow_scale": 0.79,
            "elevation": 1745.8779175209038,
            "length": 55,
            "width": 2.26728948456752,
            "bankfull_width": 6,
            "lwd_factor": null,
            "gsd_bed": {
                "1.0": 0.006574126039381614,
                "0.0": 0.6849166973927124,
                "-1.0": 0.2679939729454175,
                "-2.0": 2.5144486075548656e-07,
                "-2.5": 2.1624881992292136e-06,
                "-3.0": 0.034244704134654816,
                "-3.5": 4.078847462216901e-06,
                "-4.0": 2.644899784675659e-06,
                "-4.5": 9.184596360097303e-06,
                "-5.0": 2.5107628680825035e-05,
                "-5.5": 2.7391875165851375e-05,
                "-6.0": 0.0001481950604254331,
                "-6.5": 0.00034623016822587474,
                "-7.0": 0.0024422109107372267,
                "-7.5": 0.002903163021359086,
                "-8.0": 0.00035987854657212523,
                "-8.5": 0.0,
                "-9.0": 0.0
            },
            "gsd_wall": {
                "1.0": 0.0032334527240646797,
                "0.0": 0.988203640389313,
                "-1.0": 4.665547019973859e-05,
                "-2.0": 5.7019648648721606e-05,
                "-2.5": 0.0016762869043217205,
                "-3.0": 0.00045388471714609077,
                "-3.5": 0.00047255298097392346,
                "-4.0": 0.0007269805718044233,
                "-4.5": 0.000731579099732513,
                "-5.0": 0.0009076425010557068,
                "-5.5": 0.0009060932556573116,
                "-6.0": 0.0008159249721942166,
                "-6.5": 0.0008138504939521638,
                "-7.0": 0.0004066034170987787,
                "-7.5": 0.0004845898579661183,
                "-8.0": 6.324299587131152e-05,
                "-8.5": 0.0,
                "-9.0": 0.0
            },
            "Qs_in": 0.9151656438206885,
            "Qs_out_bed": 0.4078348913589649,
            "Qs_out_wall": 2.421337061754116e-11,
            "D50": 0.0007071067811865476,
            "D84": 0.007844775768157213
        },
        "deposit_downstream": {
            "flow_scale": 0.83,
            "elevation": 1744.0356581000221,
            "length": 47,
            "width": 6.006745470488768,
            "bankfull_width": 7.5,
            "lwd_factor": 1,
            "gsd_bed": {
                "1.0": 0.7884571496712841,
                "0.0": 0.1362951376575663,
                "-1.0": 0.06321040708175962,
                "-2.0": 2.9941072097697048e-05,
                "-2.5": 0.00027361569058721865,
                "-3.0": 0.00043667379318633524,
                "-3.5": 0.0037292247626435114,
                "-4.0": 0.0010622390375107135,
                "-4.5": 4.382423935537815e-05,
                "-5.0": 6.334789583832289e-05,
                "-5.5": 6.690803926661129e-05,
                "-6.0": 1.9857607731743188e-05,
                "-6.5": 2.1989666681474538e-05,
                "-7.0": 0.00013675006613289678,
                "-7.5": 0.004697711045700836,
                "-8.0": 0.001455222672657466,
                "-8.5": 0.0,
                "-9.0": 0.0
            },
            "gsd_wall": {
                "1.0": 0.9029182169876375,
                "0.0": 0.0002509443866942836,
                "-1.0": 0.006948807932718866,
                "-2.0": 0.0003534489717680863,
                "-2.5": 0.0002340072565736444,
                "-3.0": 0.00021610835747937486,
                "-3.5": 5.761318257081823e-05,
                "-4.0": 0.0002241629165090362,
                "-4.5": 0.00016355471343866446,
                "-5.0": 9.829813277720232e-05,
                "-5.5": 0.0003182548250044588,
                "-6.0": 0.0006524244560184187,
                "-6.5": 0.005606742472800939,
                "-7.0": 0.005263504407293923,
                "-7.5": 0.059645257682880405,
                "-8.0": 0.01704865331783459,
                "-8.5": 0.0,
                "-9.0": 0.0
            },
            "Qs_in": 0.40783489138317824,
            "Qs_out_bed": 0.40780884720170085,
            "Qs_out_wall": 0.0,
            "D50": 0.0007071067811865476,
            "D84": 0.0010706185878328008
        },
        "downstream": {
            "flow_scale": 0.835,
            "elevation": 1742.7996139172938,
            "length": 65,
            "bankfull_width": 6,
            "lwd_factor": null,
            "gsd": {
                "1.0": 0.9748633891164389,
                "0.0": 0.00030900091637574837,
                "-1.0": 0.003164934104761646,
                "-2.0": 2.8579929786651425e-06,
                "-2.5": 4.870959287981627e-06,
                "-3.0": 2.144136633377867e-05,
                "-3.5": 0.00011829984886801242,
                "-4.0": 1.0207766764190509e-05,
                "-4.5": 0.00014890489036479564,
                "-5.0": 0.00017281766191182797,
                "-5.5": 0.00024722853452230115,
                "-6.0": 0.0027548071271620293,
                "-6.5": 0.008229046208524835,
                "-7.0": 0.00301447656748794,
                "-7.5": 0.006918135979657171,
                "-8.0": 1.7889415953408606e-05,
                "-8.5": 1.248519542906744e-06,
                "-9.0": 4.430230636120527e-07
            },
            "Qs_in": 0.40780884720170085,
            "Qs_out": 0.258368070078954,
            "D50": 0.0007071067811865476,
            "D84": 0.0014142135623730952
        }
    },
    "dep_masses": {
        "deposit_upstream": {
            "1.0": 14.916780235447586,
            "0.0": 118.56203336669054,
            "-1.0": 14.086859626197842,
            "-2.0": 8.912647584718774,
            "-2.5": 27.45349422487416,
            "-3.0": 2.1927387232184108e-12,
            "-3.5": 44.38991736056751,
            "-4.0": 488.58312680301646,
            "-4.5": 1595.278613019198,
            "-5.0": 5332.244063593764,
            "-5.5": 15061.207009874493,
            "-6.0": 38244.2626876184,
            "-6.5": 108159.66574253765,
            "-7.0": 152818.13055450027,
            "-7.5": 515912.5869993815,
            "-8.0": 181046.28643002163,
            "-8.5": 0.0,
            "-9.0": 0.0
        },
        "deposit_downstream": {
            "1.0": -2.9530379789830178e-12,
            "0.0": -2.953027570642162e-12,
            "-1.0": -2.953025320922654e-12,
            "-2.0": 9.942561029825605,
            "-2.5": 10.242730502881969,
            "-3.0": 8.628363903752415,
            "-3.5": 8.639708713747687,
            "-4.0": 0.015872271258178125,