{
    "timestep": "2012-04-05 04:00",
    "deposit_mass": 2401711,
    "reaches": {
        "upstream": {
            "flow_scale": 0.78,
            "elevation": 1746.1185,
            "length": 50,
            "bankfull_width": 6,
            "lwd_factor": null,
            "gsd": {
                "1.0": 0.00495589255624938,
                "0.0": 0.00495589255624938,
                "-1.0": 0.007037367429874122,
                "-2.0": 0.009317078005748835,
                "-2.5": 0.016850034691247892,
                "-3.0": 0.03201506591337101,
                "-3.5": 0.04896421845574386,
                "-4.0": 0.06531866389136683,
                "-4.5": 0.09654078699573797,
                "-5.0": 0.12528496382198437,
                "-5.5": 0.14411735553573202,
                "-6.0": 0.14282882347110715,
                "-6.5": 0.11874318564773519,
                "-7.0": 0.09743284765586281,
                "-7.5": 0.04985627911586876,
                "-8.0": 0.023193577163247096,
                "-8.5": 0.0076320745366240455,
                "-9.0": 0.00495589255624938
            },
            "Qs_in": 0.0,
            "Qs_out": 0.0,
            "D50": 0.04543415634567647,
            "D84": 0.12766173715105633
        },
        "deposit_upstream": {
            "flow_scale": 0.79,
            "elevation": 1746.298785857263,
            "length": 55,
            "width": 1.0000940734060528,
            "bankfull_width": 6,
            "lwd_factor": null,
            "gsd_bed": {
                "1.0": 6.719447771683094e-05,
                "0.0": 6.738731120220873e-05,
                "-1.0": 0.00012910364469708975,
                "-2.0": 0.00017561349998268487,
                "-2.5": 0.00017623578497526056,
                "-3.0": 9.471534371062901e-05,
                "-3.5": 0.0009454797243230211,
                "-4.0": 0.0017287789888758734,
                "-4.5": 0.001728778988875889,
                "-5.0": 0.005783645968384483,
                "-5.5": 0.0051842797651839145,
                "-6.0": 0.3418834907964415,
                "-6.5": 0.34188349079644165,
                "-7.0": 0.1417417319494144,
                "-7.5": 0.1417417319494143,
                "-8.0": 0.01666834101036032,
                "-8.5": 0.0,
                "-9.0": 0.0
            },
            "gsd_wall": {
                "1.0": 0.03437675139448743,
                "0.0": 0.9375254457918761,
                "-1.0": 0.01596745486649338,
                "-2.0": 0.0021656613124430763,
                "-2.5": 0.0021657011122141,
                "-3.0": 0.0005706450551562889,
                "-3.5": 0.0005706450551564868,
                "-4.0": 0.0008628428644554814,
                "-4.5": 0.0008628428644554796,
                "-5.0": 0.001075977287502852,
                "-5.5": 0.001075968225173309,
                "-6.0": 0.0009659923728633736,
                "-6.5": 0.0009659923728633734,
                "-7.0": 0.0004004914997814345,
                "-7.5": 0.00040049149978143363,
                "-8.0": 4.7096425296185636e-05,
                "-8.5": 0.0,
                "-9.0": 0.0
            },
            "Qs_in": 0.0,
            "Qs_out_bed": 0.0,
            "Qs_out_wall": 0.0,
            "D50": 0.09049334510776863,
            "D84": 0.13574001766165292
        },
        "deposit_downstream": {
            "flow_scale": 0.83,
            "elevation": 1743.8274167071208,
            "length": 47,
            "width": 2.056394942075773,
            "bankfull_width": 7.5,
            "lwd_factor": 1,
            "gsd_bed": {
                "1.0": 0.4909277531364741,
                "0.0": 0.49092775313647197,
                "-1.0": 0.009362224072641595,
                "-2.0": 0.0014070491710521191,
                "-2.5": 0.0014454178714806674,
                "-3.0": 0.0003863158637861266,
                "-3.5": 0.00038631586378598515,
                "-4.0": 0.0005840302169183784,
                "-4.5": 0.0005840302169184059,
                "-5.0": 0.0007281457658841606,
                "-5.5": 0.000728145765884168,
                "-6.0": 0.0006542476478949711,
                "-6.5": 0.0006542476478949724,
                "-7.0": 0.0005250016760023763,
                "-7.5": 0.0006181207192945115,
                "-8.0": 8.120122761533947e-05,
                "-8.5": 0.0,
                "-9.0": 0.0
            },
            "gsd_wall": {
                "1.0": 0.4907917403431465,
                "0.0": 0.49079174049813445,
                "-1.0": 0.009370211056665632,
                "-2.0": 0.0014234189175738661,
                "-2.5": 0.0014635621604428728,
                "-3.0": 0.0003968275575143079,
                "-3.5": 0.0003968275575311803,
                "-4.0": 0.0005982607318817698,
                "-4.5": 0.0005982607318816538,
                "-5.0": 0.0007445735558773661,
                "-5.5": 0.0007445735558772107,
                "-6.0": 0.0006651862148490923,
                "-6.5": 0.0006651862148490428,
                "-7.0": 0.0005775809087441867,
                "-7.5": 0.0006824137743072222,
                "-8.0": 8.963622072361752e-05,
                "-8.5": 0.0,
                "-9.0": 0.0
            },
            "Qs_in": 0.0,
            "Qs_out_bed": 809.705806909812,
            "Qs_out_wall": 0.07575194664100302,
            "D50": 0.0007534125743062928,
            "D84": 0.0011301188614594392
        },
        "downstream": {
            "flow_scale": 0.835,
            "elevation": 1741.9516192861513,
            "length": 65,
            "bankfull_width": 6,
            "lwd_factor": null,
            "gsd": {
                "1.0": 0.0018532267556165365,
                "0.0": 0.10713606277321822,
                "-1.0": 0.00153351815025265,
                "-2.0": 0.00036901929755956433,
                "-2.5": 0.00038902783365322774,
                "-3.0": 0.00010406593621955666,
                "-3.5": 0.00010406593621951904,
                "-4.0": 0.016477359617646917,
                "-4.5": 0.11972536925803275,
                "-5.0": 0.19819772631106558,
                "-5.5": 0.19819781988018229,
                "-6.0": 0.17791663680997188,
                "-6.5": 0.1779166366298564,
                "-7.0": 7.856734969029184e-05,
                "-7.5": 8.966467475567682e-07,
                "-8.0": 5.162375647891868e-10,
                "-8.5": 2.1982643555583486e-10,
                "-9.0": 7.80029287456188e-11
            },
            "Qs_in": 809.7815588564531,
            "Qs_out": 2.0869791971943874,
            "D50": 0.0008049336577711467,
            "D84": 0.06365388476911915
        }
    },
    "dep_masses": {
        "deposit_upstream": {
            "1.0": 23.47266076433182,
            "0.0": 188.45850406302011,
            "-1.0": 29.062273669153885,
            "-2.0": 31.5336874078384,
            "-2.5": 89.56208042684742,
            "-3.0": 66.74777610838409,
            "-3.5": 188.79200750058246,
            "-4.0": 807.3880179619196,
            "-4.5": 2283.6381701985806,
            "-5.0": 8054.110742590847,
            "-5.5": 22746.05473056209,
            "-6.0": 58022.36141290611,
            "-6.5": 164112.0208620904,
            "-7.0": 192444.27344067078,
            "-7.5": 544314.6030016664,
            "-8.0": 181046.28643002163,
            "-8.5": 0,
            "-9.0": 0
        },
        "deposit_downstream": {
            "1.0": 10.46397328470158,
            "0.0": 83.71178627843435,
            "-1.0": 12.772459667538898,
            "-2.0": 15.517688835734022,
            "-2.5": 45.09392151380375,
            "-3.0": 34.11786871252206,
            "-3.5": 96.49990530520353,
            "-4.0": 412.60199232564713,
            "-4.5": 1167.014666818208,
            "-5.0": 4115.618577735232,
            "-5.5": 11640.727220375642,
            "-6.0": 29561.00496524878,
            "-6.5": 83611.1482784663,