{
    "timestep": "2015-05-21 16:00",
    "deposit_mass": 2401711,
    "reaches": {
        "upstream": {
            "flow_scale": 0.78,
            "elevation": 1746.2318433806252,
            "length": 50,
            "bankfull_width": 6,
            "lwd_factor": null,
            "gsd": {
                "1.0": 0.0008345832843251688,
                "0.0": 0.12485208921604017,
                "-1.0": 0.015132337609697975,
                "-2.0": 1.7110210404885545e-05,
                "-2.5": 4.7521406583611805e-05,
                "-3.0": 3.459793253429343e-05,
                "-3.5": 0.00032401173236254276,
                "-4.0": 0.0018921252119074655,
                "-4.5": 0.01034835663006723,
                "-5.0": 0.44246437746049516,
                "-5.5": 0.40103755283081083,
                "-6.0": 0.0009685911413608166,
                "-6.5": 0.0008052548142611107,
                "-7.0": 0.0006607391339053927,
                "-7.5": 0.0003380994754368396,
                "-8.0": 0.0001572868335034209,
                "-8.5": 5.175677854599771e-05,
                "-9.0": 3.360829775714052e-05
            },
            "Qs_in": 0.13923931339791656,
            "Qs_out": 0.09462573354687952,
            "D50": 0.03160515586480647,
            "D84": 0.0474077337972097
        },
        "deposit_upstream": {
            "flow_scale": 0.79,
            "elevation": 1745.8637912691447,
            "length": 55,
            "width": 2.3967134678880373,
            "bankfull_width": 6,
            "lwd_factor": null,
            "gsd_bed": {
                "1.0": 9.986594492616395e-06,
                "0.0": 1.670064935719198e-05,
                "-1.0": 0.0004250090957408701,
                "-2.0": 0.26580529006325015,
                "-2.5": 0.33810754787341624,
                "-3.0": 0.3821796526779319,
                "-3.5": 1.2504685923848432e-05,
                "-4.0": 2.0390508176077305e-05,
                "-4.5": 1.3562926110087356e-05,
                "-5.0": 4.6964868079707556e-05,
                "-5.5": 8.33545970669005e-05,
                "-6.0": 0.0001945445798279611,
                "-6.5": 0.000794276086956946,
                "-7.0": 0.003047457795666678,
                "-7.5": 0.008222931937783718,
                "-8.0": 0.0010198250602192632,
                "-8.5": 0.0,
                "-9.0": 0.0
            },
            "gsd_wall": {
                "1.0": 0.5308352543186062,
                "0.0": 0.44518523765643936,
                "-1.0": 0.016285086338431988,
                "-2.0": 4.3967433565088894e-07,
                "-2.5": 1.1959623378188534e-06,
                "-3.0": 1.7243485515812382e-07,
                "-3.5": 0.0015938018441491082,
                "-4.0": 0.001614448178745145,
                "-4.5": 0.001202299961494438,
                "-5.0": 0.0008115071469546834,
                "-5.5": 0.0006325494165941033,
                "-6.0": 0.0005680068261764975,
                "-6.5": 0.0005686724140557009,
                "-7.0": 0.00029065808032422026,
                "-7.5": 0.00036483805878055305,
                "-8.0": 4.5831687719478725e-05,
                "-8.5": 0.0,
                "-9.0": 0.0
            },
            "Qs_in": 0.09462573354687952,
            "Qs_out_bed": 0.10093189365668175,
            "Qs_out_wall": -3.027783602360748e-11,
            "D50": 0.0057504741542772925,
            "D84": 0.00862571123141594
        },
        "deposit_downstream": {
            "flow_scale": 0.83,
            "elevation": 1743.9724135247823,
            "length": 47,
            "width": 6.338563878104287,
            "bankfull_width": 7.5,
            "lwd_factor": 1,
            "gsd_bed": {
                "1.0": 0.1537499625545433,
                "0.0": 0.03106852182846867,
                "-1.0": 0.012238770999606186,
                "-2.0": 0.1089613531147399,
                "-2.5": 0.1057722841775586,
                "-3.0": 4.134676816076129e-05,
                "-3.5": 0.07941839012906575,
                "-4.0": 0.0036213519114591036,
                "-4.5": 0.433967914131781,
                "-5.0": 0.04331804131505255,
                "-5.5": 0.00042945799991115556,
                "-6.0": 0.00044664015329205027,
                "-6.5": 0.0037174841768545246,
                "-7.0": 0.0008053097377435258,
                "-7.5": 0.010232301079426165,
                "-8.0": 0.012210869922336701,
                "-8.5": 0.0,
                "-9.0": 0.0
            },
            "gsd_wall": {
                "1.0": 0.0003552862985571577,
                "0.0": 0.0001905825377140114,
                "-1.0": 0.0002567123647542351,
                "-2.0": 2.381302170806194e-06,
                "-2.5": 0.00026814455149661937,
                "-3.0": 0.7445281972507115,
                "-3.5": 0.0005358803279484274,
                "-4.0": 0.00018735008044240418,
                "-4.5": 0.11850258220025056,
                "-5.0": 0.00027681124542326,
                "-5.5": 0.0011503914248057077,
                "-6.0": 0.002259375648723633,
                "-6.5": 0.003463096241963065,
                "-7.0": 0.005009311098549668,
                "-7.5": 0.08374841475686548,
                "-8.0": 0.03926548266962345,
                "-8.5": 0.0,
                "-9.0": 0.0
            },
            "Qs_in": 0.10093189362640391,
            "Qs_out_bed": 0.1009318935893608,
            "Qs_out_wall": -3.027783602360748e-11,
            "D50": 0.02057293266482621,
            "D84": 0.030859398997239315
        },
        "downstream": {
            "flow_scale": 0.835,
            "elevation": 1742.8218765976392,
            "length": 65,
            "bankfull_width": 6,
            "lwd_factor": null,
            "gsd": {
                "1.0": 0.9806438532949856,
                "0.0": 0.0003105896643955941,
                "-1.0": 7.572931205042945e-05,
                "-2.0": 2.7432715323912928e-05,
                "-2.5": 4.788600642187064e-05,
                "-3.0": 4.778789755282678e-05,
                "-3.5": 8.012090495978068e-05,
                "-4.0": 2.595758290253355e-05,
                "-4.5": 5.296694965839358e-05,
                "-5.0": 5.652825432779492e-05,
                "-5.5": 0.0003119058857738279,
                "-6.0": 0.0004966109142141909,
                "-6.5": 0.0004894205473574562,
                "-7.0": 0.004186700100966618,
                "-7.5": 0.013041676234241474,
                "-8.0": 9.316717312949633e-05,
                "-8.5": 8.611033663659277e-06,
                "-9.0": 3.055528074201372e-06
            },
            "Qs_in": 0.10093189355908297,
            "Qs_out": 0.12221617386137756,
            "D50": 0.0007071067811865476,
            "D84": 0.0014142135623730952
        }
    },
    "dep_masses": {
        "deposit_upstream": {
            "1.0": 17.720670602067873,
            "0.0": 110.5018735550972,
            "-1.0": 49.25385882831781,
            "-2.0": -1.2762006289267895e-11,
            "-2.5": -1.2762006289267895e-11,
            "-3.0": -1.6126210291890948e-11,
            "-3.5": 884.5183880407711,
            "-4.0": 1783.92030439476,
            "-4.5": 3641.7440367432723,
            "-5.0": 6525.294643155496,
            "-5.5": 13799.984286936164,
            "-6.0": 35041.91163659939,
            "-6.5": 99448.9529333666,
            "-7.0": 143992.66479378322,
            "-7.5": 515912.5869993815,
            "-8.0": 181046.28643002163,
            "-8.5": 0,
            "-9.0": 0
        },
        "deposit_downstream": {
            "1.0": 8.739447418408699e-13,
            "0.0": 8.739479944473874e-13,
            "-1.0": 8.73944559941614e-13,
            "-2.0": 8.739475619688621e-13,
            "-2.5": 8.73947562426894e-13,
            "-3.0": 706.1333536270571,
            "-3.5": 8.73947562426894e-13,
            "-4.0": 8.73947562426894e-13,