{
    "timestep": "2012-04-03 02:00",
    "deposit_mass": 2401711,
    "reaches": {
        "upstream": {
            "flow_scale": 0.78,
            "elevation": 1746.1185,
            "length": 50,
            "bankfull_width": 6,
            "lwd_factor": null,
            "gsd": {
                "1.0": 0.00495589255624938,
                "0.0": 0.00495589255624938,
                "-1.0": 0.007037367429874122,
                "-2.0": 0.009317078005748835,
                "-2.5": 0.016850034691247892,
                "-3.0": 0.03201506591337101,
                "-3.5": 0.04896421845574386,
                "-4.0": 0.06531866389136683,
                "-4.5": 0.09654078699573797,
                "-5.0": 0.12528496382198437,
                "-5.5": 0.14411735553573202,
                "-6.0": 0.14282882347110715,
                "-6.5": 0.11874318564773519,
                "-7.0": 0.09743284765586281,
                "-7.5": 0.04985627911586876,
                "-8.0": 0.023193577163247096,
                "-8.5": 0.0076320745366240455,
                "-9.0": 0.00495589255624938
            },
            "Qs_in": 0.0,
            "Qs_out": 0.0,
            "D50": 0.04543415634567647,
            "D84": 0.12766173715105633
        },
        "deposit_upstream": {
            "flow_scale": 0.79,
            "elevation": 1746.298785857263,
            "length": 55,
            "width": 1.000088059567539,
            "bankfull_width": 6,
            "lwd_factor": null,
            "gsd_bed": {
                "1.0": 6.719447771683094e-05,
                "0.0": 6.738731120220873e-05,
                "-1.0": 0.00012910364469708975,
                "-2.0": 0.00017561349998268487,
                "-2.5": 0.00017623578497526056,
                "-3.0": 9.471534371062901e-05,
                "-3.5": 0.0009454797243230211,
                "-4.0": 0.0017287789888758734,
                "-4.5": 0.001728778988875889,
                "-5.0": 0.005783645968384483,
                "-5.5": 0.0051842797651839145,
                "-6.0": 0.3418834907964415,
                "-6.5": 0.34188349079644165,
                "-7.0": 0.1417417319494144,
                "-7.5": 0.1417417319494143,
                "-8.0": 0.01666834101036032,
                "-8.5": 0.0,
                "-9.0": 0.0
            },
            "gsd_wall": {
                "1.0": 0.034694612386788705,
                "0.0": 0.9372156419519158,
                "-1.0": 0.015962876137786176,
                "-2.0": 0.002165040300785035,
                "-2.5": 0.0021650800891433192,
                "-3.0": 0.0005704814205058376,
                "-3.5": 0.0005704814205060362,
                "-4.0": 0.0008625954409664949,
                "-4.5": 0.0008625954409664941,
                "-5.0": 0.0010756687469035023,
                "-5.5": 0.0010756596871726194,
                "-6.0": 0.0009657153708586365,
                "-6.5": 0.0009657153708586349,
                "-7.0": 0.00040037665731327757,
                "-7.5": 0.0004003766573132778,
                "-8.0": 4.708292021623948e-05,
                "-8.5": 0.0,
                "-9.0": 0.0
            },
            "Qs_in": 0.0,
            "Qs_out_bed": 0.0,
            "Qs_out_wall": 0.005619523859108737,
            "D50": 0.09049334510776863,
            "D84": 0.13574001766165292
        },
        "deposit_downstream": {
            "flow_scale": 0.83,
            "elevation": 1743.8275581158084,
            "length": 47,
            "width": 1.6504342626051862,
            "bankfull_width": 7.5,
            "lwd_factor": 1,
            "gsd_bed": {
                "1.0": 0.49152634531189576,
                "0.0": 0.49152634531189354,
                "-1.0": 0.009374224334353774,
                "-2.0": 0.001294394642808649,
                "-2.5": 0.0013286319701068005,
                "-3.0": 0.0003551612285787583,
                "-3.5": 0.0003551612285786282,
                "-4.0": 0.0005369424504765099,
                "-4.5": 0.0005369424504765352,
                "-5.0": 0.0006698484086041051,
                "-5.5": 0.000669848408604112,
                "-6.0": 0.0006013445473345324,
                "-6.5": 0.0006013445473345333,
                "-7.0": 0.0002685821271221782,
                "-7.5": 0.000313785253011852,
                "-8.0": 4.1097778819788645e-05,
                "-8.5": 0.0,
                "-9.0": 0.0
            },
            "gsd_wall": {
                "1.0": 0.49144770013684175,
                "0.0": 0.4914477001271546,
                "-1.0": 0.00937488722506587,
                "-2.0": 0.0013106856253915276,
                "-2.5": 0.0013461826352098908,
                "-3.0": 0.0003612046274802165,
                "-3.5": 0.00036120462748297856,
                "-4.0": 0.0005461640562341467,
                "-4.5": 0.0005461640562340009,
                "-5.0": 0.0006783998057245178,
                "-5.5": 0.0006783998057244645,
                "-6.0": 0.0006092745472599291,
                "-6.5": 0.0006092745472599204,
                "-7.0": 0.0002921440325988559,
                "-7.5": 0.0003447421041496518,
                "-8.0": 4.587204018761296e-05,
                "-8.5": 0.0,
                "-9.0": 0.0
            },
            "Qs_in": 0.005619523859108737,
            "Qs_out_bed": 2634.4987950366585,
            "Qs_out_wall": 0.32808669353011005,
            "D50": 0.0007531268732410845,
            "D84": 0.0011296903098616266
        },
        "downstream": {
            "flow_scale": 0.835,
            "elevation": 1741.8233372388545,
            "length": 65,
            "bankfull_width": 6,
            "lwd_factor": null,
            "gsd": {
                "1.0": 0.42865149346151293,
                "0.0": 0.5194358942034045,
                "-1.0": 0.0037922867012159917,
                "-2.0": 0.0022767534065201607,
                "-2.5": 0.00233653402157732,
                "-3.0": 0.0006246834110699216,
                "-3.5": 0.0006246834110696933,
                "-4.0": 0.0009444911304059444,
                "-4.5": 0.004990300648519234,
                "-5.0": 0.009439006776843742,
                "-5.5": 0.009439593165182215,
                "-6.0": 0.00847314136253479,
                "-6.5": 0.008473140233766658,
                "-7.0": 0.0004923737686859025,
                "-7.5": 5.619196014817761e-06,
                "-8.0": 3.2352094898765785e-09,
                "-8.5": 1.3776304146452473e-09,
                "-9.0": 4.888365987450877e-10
            },
            "Qs_in": 2634.8268817301887,
            "Qs_out": 0.5644499520704767,
            "D50": 0.03246921416490168,
            "D84": 0.0892805176767601
        }
    },
    "dep_masses": {
        "deposit_upstream": {
            "1.0": 23.474533938786436,
            "0.0": 188.6183482976647,
            "-1.0": 29.062273669153885,
            "-2.0": 31.5336874078384,
            "-2.5": 89.56208042684742,
            "-3.0": 66.74777610838409,
            "-3.5": 188.79200750058246,
            "-4.0": 807.3880179619196,
            "-4.5": 2283.6381701985806,
            "-5.0": 8054.110742590847,
            "-5.5": 22746.05473056209,
            "-6.0": 58022.36141290611,
            "-6.5": 164112.0208620904,
            "-7.0": 192444.27344067078,
            "-7.5": 544314.6030016664,
            "-8.0": 181046.28643002163,
            "-8.5": 0,
            "-9.0": 0
        },
        "deposit_downstream": {
            "1.0": 20.558041138013436,
            "0.0": 164.46432910284608,
            "-1.0": 25.093506273088323,
            "-2.0": 28.048308072743268,
            "-2.5": 81.49915611405409,
            "-3.0": 61.648820724219874,
            "-3.5": 174.36919674508357,
            "-4.0": 745.6247264689304,
            "-4.5": 2108.9452012261927,
            "-5.0": 7437.870598746471,
            "-5.5": 21037.474951846707,
            "-6.0": 53419.96083334673,