{
    "timestep": "2012-04-21 20:00",
    "deposit_mass": 2401711,
    "reaches": {
        "upstream": {
            "flow_scale": 0.78,
            "elevation": 1746.1185000009941,
            "length": 50,
            "bankfull_width": 6,
            "lwd_factor": null,
            "gsd": {
                "1.0": 0.739199797114984,
                "0.0": 0.0012989351672727152,
                "-1.0": 0.001844487937527256,
                "-2.0": 0.0024419981144727042,
                "-2.5": 0.004416379568727231,
                "-3.0": 0.008391121180581744,
                "-3.5": 0.012833479452654423,
                "-4.0": 0.01711996550465438,
                "-4.5": 0.025303257058472504,
                "-5.0": 0.03283708102865425,
                "-5.5": 0.037773034664290564,
                "-6.0": 0.03743531152079965,
                "-6.5": 0.03112248660785426,
                "-7.0": 0.025537065388581574,
                "-7.5": 0.013067287782763514,
                "-8.0": 0.006079016582836305,
                "-8.5": 0.0020003601575999813,
                "-9.0": 0.0012989351672727152
            },
            "Qs_in": 0.0006243915399009732,
            "Qs_out": 0.0,
            "D50": 0.04543415634567647,
            "D84": 0.12766173715105633
        },
        "deposit_upstream": {
            "flow_scale": 0.79,
            "elevation": 1746.298785857263,
            "length": 55,
            "width": 1.0000940734058987,
            "bankfull_width": 6,
            "lwd_factor": null,
            "gsd_bed": {
                "1.0": 6.719447771683094e-05,
                "0.0": 6.738731120220873e-05,
                "-1.0": 0.00012910364469708975,
                "-2.0": 0.00017561349998268487,
                "-2.5": 0.00017623578497526056,
                "-3.0": 9.471534371062901e-05,
                "-3.5": 0.0009454797243230211,
                "-4.0": 0.0017287789888758734,
                "-4.5": 0.001728778988875889,
                "-5.0": 0.005783645968384483,
                "-5.5": 0.0051842797651839145,
                "-6.0": 0.3418834907964415,
                "-6.5": 0.34188349079644165,
                "-7.0": 0.1417417319494144,
                "-7.5": 0.1417417319494143,
                "-8.0": 0.01666834101036032,
                "-8.5": 0.0,
                "-9.0": 0.0
            },
            "gsd_wall": {
                "1.0": 0.03437675443327568,
                "0.0": 0.937525442678332,
                "-1.0": 0.015967454989480247,
                "-2.0": 0.002165661326133179,
                "-2.5": 0.002165701105994056,
                "-3.0": 0.0005706450545040179,
                "-3.5": 0.000570645052005403,
                "-4.0": 0.000862842858114675,
                "-4.5": 0.0008628428578037082,
                "-5.0": 0.0010759772790560442,
                "-5.5": 0.0010759682166877093,
                "-6.0": 0.0009659923652333726,
                "-6.5": 0.000965992365226005,
                "-7.0": 0.0004004914966150518,
                "-7.5": 0.00040049149661505187,
                "-8.0": 4.7096424923829485e-05,
                "-8.5": 0.0,
                "-9.0": 0.0
            },
            "Qs_in": 0.0,
            "Qs_out_bed": 0.0,
            "Qs_out_wall": -7.660677094591319e-11,
            "D50": 0.09049334510776863,
            "D84": 0.13574001766165292
        },
        "deposit_downstream": {
            "flow_scale": 0.83,
            "elevation": 1744.5090046342345,
            "length": 47,
            "width": 3.4807917859104616,
            "bankfull_width": 7.5,
            "lwd_factor": 1,
            "gsd_bed": {
                "1.0": 0.486070983437968,
                "0.0": 0.4860709868842805,
                "-1.0": 0.010044599312762262,
                "-2.0": 0.001645387861980393,
                "-2.5": 0.0016903704178659635,
                "-3.0": 0.00045237793769646264,
                "-3.5": 0.0004523779390533421,
                "-4.0": 0.0006835301047862005,
                "-4.5": 0.0006835301049555087,
                "-5.0": 0.000851841966850386,
                "-5.5": 0.0008518419668715507,
                "-6.0": 0.0007654571029591993,
                "-6.5": 0.00012639071323323808,
                "-7.0": 0.000926473557757566,
                "-7.5": 0.007677650425703371,
                "-8.0": 0.0010062002652761056,
                "-8.5": 0.0,
                "-9.0": 0.0
            },
            "gsd_wall": {
                "1.0": 0.0001751568211900372,
                "0.0": 0.0001797568057532514,
                "-1.0": 0.0002192273025947965,
                "-2.0": 8.614481556757907e-06,
                "-2.5": 0.00020768757000339677,
                "-3.0": 3.7045428273977746e-05,
                "-3.5": 3.7044952487312526e-05,
                "-4.0": 0.00015439068885079484,
                "-4.5": 0.00015439062815026476,
                "-5.0": 0.0004946267933128622,
                "-5.5": 0.0004946267856529426,
                "-6.0": 1.907665200336414e-05,
                "-6.5": 0.30093943326505435,
                "-7.0": 0.284315295642964,
                "-7.5": 0.36464950856679,
                "-8.0": 0.04791411761536186,
                "-8.5": 0.0,
                "-9.0": 0.0
            },
            "Qs_in": -7.660677094591319e-11,
            "Qs_out_bed": -1.5321354189182638e-10,
            "Qs_out_wall": -7.660677094591319e-11,
            "D50": 0.0007557633120476986,
            "D84": 0.0011336449680715477
        },
        "downstream": {
            "flow_scale": 0.835,
            "elevation": 1742.045731206943,
            "length": 65,
            "bankfull_width": 6,
            "lwd_factor": null,
            "gsd": {
                "1.0": 0.013677481393668022,
                "0.0": 0.009301817014890272,
                "-1.0": 0.00014991253149972323,
                "-2.0": 0.00019386728014082858,
                "-2.5": 0.0004966427171853717,
                "-3.0": 0.0008277052114921057,
                "-3.5": 0.0007633223846948711,
                "-4.0": 0.010688765392527616,
                "-4.5": 0.059277245032713026,
                "-5.0": 0.2735707188366056,
                "-5.5": 0.2931764365785208,
                "-6.0": 0.2632077070550637,
                "-6.5": 0.0498139924055252,
                "-7.0": 0.024784703278763726,
                "-7.5": 6.507727985352206e-05,
                "-8.0": 2.9206287376707506e-06,
                "-8.5": 1.2436743251070497e-06,
                "-9.0": 4.4130379277992084e-07
            },
            "Qs_in": -2.2982031283773959e-10,
            "Qs_out": 163.68147438805784,
            "D50": 0.04530813177606265,
            "D84": 0.06796219766409398
        }
    },
    "dep_masses": {
        "deposit_upstream": {
            "1.0": 23.472660763742617,
            "0.0": 188.45850406253476,
            "-1.0": 29.062273669777586,
            "-2.0": 31.5336874084621,
            "-2.5": 89.56208042746945,
            "-3.0": 66.74777610900613,
            "-3.5": 188.7920075012025,
            "-4.0": 807.3880179625395,
            "-4.5": 2283.6381701992,
            "-5.0": 8054.110742591467,
            "-5.5": 22746.0547305627,
            "-6.0": 58022.36141290675,
            "-6.5": 164112.0208620904,
            "-7.0": 192444.27344067078,
            "-7.5": 544314.6030016664,
            "-8.0": 181046.28643002163,
            "-8.5": 0,
            "-9.0": 0
        },
        "deposit_downstream": {
            "1.0": 1.1963503168544743e-11,
            "0.0": 1.2067106844076985e-11,
            "-1.0": 1.2067106844076985e-11,
            "-2.0": 1.2067106844076985e-11,
            "-2.5": 1.2067106844076985e-11,
            "-3.0": 1.2067106844076985e-11,
            "-3.5": 1.2067106844076985e-11,
            "-4.0": 1.2067106844076985e-11,
            "-4.5": 1.2067106844076985e-11,