{
    "timestep": "2012-05-12 16:00",
    "deposit_mass": 2401711,
    "reaches": {
        "upstream": {
            "flow_scale": 0.78,
            "elevation": 1746.1676460572526,
            "length": 50,
            "bankfull_width": 6,
            "lwd_factor": null,
            "gsd": {
                "1.0": 0.2458591571973399,
                "0.0": 0.0034835269012262753,
                "-1.0": 0.0005697628315288044,
                "-2.0": 0.0012490977400627862,
                "-2.5": 0.00343553707758693,
                "-3.0": 0.0032402020228096333,
                "-3.5": 0.00265204188116067,
                "-4.0": 0.025961236140110474,
                "-4.5": 0.449518168697816,
                "-5.0": 0.22729629972660173,
                "-5.5": 0.03594452249436728,
                "-6.0": 0.0002539087258158959,
                "-6.5": 0.00021109136261446377,
                "-7.0": 0.00017320768735393856,
                "-7.5": 8.863017979555602e-05,
                "-8.0": 4.123153493471179e-05,
                "-8.5": 1.3567641837490673e-05,
                "-9.0": 8.810157037331495e-06
            },
            "Qs_in": 0.07804894248762148,
            "Qs_out": 0.0787069712575174,
            "D50": 0.0216585926650907,
            "D84": 0.033825691840404605
        },
        "deposit_upstream": {
            "flow_scale": 0.79,
            "elevation": 1745.878952138573,
            "length": 55,
            "width": 2.267284321887017,
            "bankfull_width": 6,
            "lwd_factor": null,
            "gsd_bed": {
                "1.0": 0.0007013632623655402,
                "0.0": 0.024902084612199366,
                "-1.0": 0.0001875808610931747,
                "-2.0": 4.473854282913781e-05,
                "-2.5": 0.00036958592673947777,
                "-3.0": 0.00027297897646363277,
                "-3.5": 0.0004711464978594332,
                "-4.0": 0.0013386878819826868,
                "-4.5": 0.00133867828258357,
                "-5.0": 0.0037089067368648366,
                "-5.5": 0.007981131498917769,
                "-6.0": 0.015313756900872092,
                "-6.5": 0.0682070793093769,
                "-7.0": 0.3747002617922886,
                "-7.5": 0.44527007923831013,
                "-8.0": 0.05519193967925371,
                "-8.5": 0.0,
                "-9.0": 0.0
            },
            "gsd_wall": {
                "1.0": 0.12221957410832968,
                "0.0": 0.8548866752452431,
                "-1.0": 0.013802528214617672,
                "-2.0": 0.0004616797349365976,
                "-2.5": 0.0017197510874009834,
                "-3.0": 0.0004736256925957081,
                "-3.5": 0.0004868601064376653,
                "-4.0": 0.0007395748654215013,
                "-4.5": 0.0007424990068059078,
                "-5.0": 0.0009219082415452764,
                "-5.5": 0.0009203262597030255,
                "-6.0": 0.0008288157471679948,
                "-6.5": 0.0008266535065676544,
                "-7.0": 0.00041300546952151914,
                "-7.5": 0.0004921994965410652,
                "-8.0": 6.432321716458844e-05,
                "-8.5": 0.0,
                "-9.0": 0.0
            },
            "Qs_in": 0.0787069712575174,
            "Qs_out_bed": 0.07967316222230085,
            "Qs_out_wall": 0.0,
            "D50": 0.12532067709067263,
            "D84": 0.1879810156360089
        },
        "deposit_downstream": {
            "flow_scale": 0.83,
            "elevation": 1744.0815272984091,
            "length": 47,
            "width": 5.736711799328759,
            "bankfull_width": 7.5,
            "lwd_factor": 1,
            "gsd_bed": {
                "1.0": 2.563105166869481e-05,
                "0.0": 0.9927416123873731,
                "-1.0": 8.522501060189563e-06,
                "-2.0": 1.5158146666468103e-07,
                "-2.5": 4.0938923146098376e-07,
                "-3.0": 7.651189345409161e-07,
                "-3.5": 4.7350249189599773e-07,
                "-4.0": 4.0907119154764024e-06,
                "-4.5": 1.732506294050989e-06,
                "-5.0": 3.2993559994624053e-06,
                "-5.5": 3.0058640555704496e-06,
                "-6.0": 3.7696525389919646e-05,
                "-6.5": 0.00020221108261142133,
                "-7.0": 0.0014915886203979544,
                "-7.5": 0.004405874624251568,
                "-8.0": 0.0010729351768581491,
                "-8.5": 0.0,
                "-9.0": 0.0
            },
            "gsd_wall": {
                "1.0": 0.1321530693093976,
                "0.0": 0.14743938846561339,
                "-1.0": 0.12038222065596083,
                "-2.0": 0.004414379328785909,
                "-2.5": 0.010823403892262919,
                "-3.0": 0.0024750477134306476,
                "-3.5": 0.011348583104366974,
                "-4.0": 0.007155698784841085,
                "-4.5": 0.005180740888592375,
                "-5.0": 0.0038325131423987907,
                "-5.5": 0.0029664714860303957,
                "-6.0": 0.020696663098563155,
                "-6.5": 0.10473623941839254,
                "-7.0": 0.09211659819400327,
                "-7.5": 0.2692898265152581,
                "-8.0": 0.06498915600210192,
                "-8.5": 0.0,
                "-9.0": 0.0
            },
            "Qs_in": 0.07967316222230085,
            "Qs_out_bed": 0.1450327823120179,
            "Qs_out_wall": 0.0005857504897189103,
            "D50": 0.0006840310504281908,
            "D84": 0.0010260465756422863
        },
        "downstream": {
            "flow_scale": 0.835,
            "elevation": 1742.7044979347472,
            "length": 65,
            "bankfull_width": 6,
            "lwd_factor": null,
            "gsd": {
                "1.0": 0.9739907217154533,
                "0.0": 0.0004327346364440811,
                "-1.0": 6.839629022255167e-06,
                "-2.0": 2.2718082902490298e-05,
                "-2.5": 6.44597604738844e-05,
                "-3.0": 0.0002110364250748993,
                "-3.5": 0.0012568722170024336,
                "-4.0": 0.0018318374945419905,
                "-4.5": 0.00018862690430039464,
                "-5.0": 0.0006366730105521111,
                "-5.5": 0.0035710838036029013,
                "-6.0": 0.005144917010295359,
                "-6.5": 0.005860251168708915,
                "-7.0": 0.0008755873095616257,
                "-7.5": 0.00588722154868952,
                "-8.0": 1.6863173910117994e-05,
                "-8.5": 1.1485569851615802e-06,
                "-9.0": 4.0755247860571396e-07
            },
            "Qs_in": 0.1456185328017368,
            "Qs_out": 0.158098133132389,
            "D50": 0.0007071067811865476,
            "D84": 0.0014142135623730952
        }
    },
    "dep_masses": {
        "deposit_upstream": {
            "1.0": 14.846042549943286,
            "0.0": 118.32304848331826,
            "-1.0": 16.93874670082903,
            "-2.0": 17.690906719556587,
            "-2.5": 40.18463947829917,
            "-3.0": 8.83164699341201,
            "-3.5": 87.5312135297879,
            "-4.0": 535.1420313844516,
            "-4.5": 1513.6037284968804,
            "-5.0": 5338.149697457418,
            "-5.5": 15077.12048018987,
            "-6.0": 38281.50191068071,
            "-6.5": 108330.0179580538,
            "-7.0": 152818.13055450027,
            "-7.5": 515912.5869993815,
            "-8.0": 181046.28643002163,
            "-8.5": 0,
            "-9.0": 0
        },
        "deposit_downstream": {
            "1.0": 0.03989408387406042,
            "0.0": 0.00714795450462403,
            "-1.0": 0.5918006674603269,
            "-2.0": 0.0333801966577852,
            "-2.5": 0.23470171046019309,
            "-3.0": 0.12636034843047736,
            "-3.5": 2.2044919345433365,
            "-4.0": 5.592321405631768,
            "-4.5": 1.9437888381874884,
            "-5.0": 9.864504309881838,