{
    "timestep": "2022-05-03 05:00:00",
    "deposit_mass": 2401711,
    "reaches": {
        "upstream": {
            "flow_scale": 0.78,
            "elevation": 1746.1652572923117,
            "length": 50,
            "bankfull_width": 6,
            "lwd_factor": null,
            "gsd": {
                "1.0": 1.603626027680527e-07,
                "0.0": 0.12217500218601184,
                "-1.0": 6.172952251560799e-05,
                "-2.0": 0.0007674198864329196,
                "-2.5": 0.0005885348018316304,
                "-3.0": 0.00045181217692882804,
                "-3.5": 0.00023116844034872427,
                "-4.0": 0.0007665512697006231,
                "-4.5": 3.79771130039736e-05,
                "-5.0": 0.02365996313057878,
                "-5.5": 0.8013399332259453,
                "-6.0": 0.04011614874910357,
                "-6.5": 0.0038570481982601046,
                "-7.0": 0.003164840049162467,
                "-7.5": 0.0016194451116315327,
                "-8.0": 0.0007533800320521003,
                "-8.5": 0.00024790710456388236,
                "-9.0": 0.0001609786393257672
            },
            "Qs_in": 0.05432206397138456,
            "Qs_out": 0.057157057332149305,
            "D50": 0.0007071067811865476,
            "D84": 0.04415891814632944
        },
        "deposit_upstream": {
            "flow_scale": 0.79,
            "elevation": 1745.6597088797346,
            "length": 55,
            "width": 3.4704757389700727,
            "bankfull_width": 6,
            "lwd_factor": null,
            "gsd_bed": {
                "1.0": 0.9685670315041538,
                "0.0": 7.672288895946666e-10,
                "-1.0": 3.824374693481664e-07,
                "-2.0": 2.2887945325252397e-06,
                "-2.5": 5.617305341292922e-06,
                "-3.0": 5.43098121538282e-10,
                "-3.5": 1.7308671972199076e-10,
                "-4.0": 2.2851117528690242e-11,
                "-4.5": 4.479000955525912e-05,
                "-5.0": 7.151168583698463e-05,
                "-5.5": 9.266364362924717e-05,
                "-6.0": 0.0005030385378542579,
                "-6.5": 0.0013462133652105781,
                "-7.0": 0.009038866079062307,
                "-7.5": 0.018116675999160094,
                "-8.0": 0.0022109191319295944,
                "-8.5": 0.0,
                "-9.0": 0.0
            },
            "gsd_wall": {
                "1.0": 0.3633051573762915,
                "0.0": 0.4439850327030581,
                "-1.0": 0.07697950442319604,
                "-2.0": 0.03740186213386598,
                "-2.5": 0.04822916282793401,
                "-3.0": 0.001821304440548701,
                "-3.5": 0.0005876581510662097,
                "-4.0": 1.472428194862011e-05,
                "-4.5": 0.011371817661080679,
                "-5.0": 0.00856655777800703,
                "-5.5": 0.0015249270671591345,
                "-6.0": 0.0005660319374710833,
                "-6.5": 0.0007098385903807415,
                "-7.0": 0.001516519181090734,
                "-7.5": 0.003038712536935328,
                "-8.0": 0.00038118890996595363,
                "-8.5": 0.0,
                "-9.0": 0.0
            },
            "Qs_in": 0.057157057332149305,
            "Qs_out_bed": 0.057200191175226935,
            "Qs_out_wall": 0.2622329764937921,
            "D50": 0.0007239413354996577,
            "D84": 0.1274186189015737
        },
        "deposit_downstream": {
            "flow_scale": 0.83,
            "elevation": 1743.4576932317875,
            "length": 47,
            "width": 7.52111213825477,
            "bankfull_width": 7.5,
            "lwd_factor": 1,
            "gsd_bed": {
                "1.0": 0.0,
                "0.0": 0.8952174347780557,
                "-1.0": 0.10064736930046081,
                "-2.0": 4.712807371152697e-05,
                "-2.5": 4.254021392575741e-05,
                "-3.0": 2.2664501515627904e-05,
                "-3.5": 1.5347833618784e-05,
                "-4.0": 7.210991531857378e-06,
                "-4.5": 1.048139271770512e-05,
                "-5.0": 1.1112689025841323e-05,
                "-5.5": 0.0,
                "-6.0": 1.3549151394255561e-05,
                "-6.5": 0.0,
                "-7.0": 0.0,
                "-7.5": 0.0,
                "-8.0": 0.002514492388417128,
                "-8.5": 0.0010707316489138503,
                "-9.0": 0.000379937036711267
            },
            "gsd_wall": {
                "1.0": 0.17855096314091187,
                "0.0": 0.03459896855108012,
                "-1.0": 0.172385325924135,
                "-2.0": 0.33311349263753176,
                "-2.5": 0.22253934209900325,
                "-3.0": 0.029470325016123282,
                "-3.5": 0.015286187974754395,
                "-4.0": 0.009617627801117726,
                "-4.5": 0.002382160518843013,
                "-5.0": 0.0002539851231819852,
                "-5.5": 0.001551262331880915,
                "-6.0": 9.268296755575773e-05,
                "-6.5": 5.853676090320273e-05,
                "-7.0": 4.6559111360888026e-05,
                "-7.5": 2.8908713077046593e-05,
                "-8.0": 1.5011086390934825e-05,
                "-8.5": 6.3920834906451e-06,
                "-9.0": 2.2681586579702483e-06
            },
            "Qs_in": 0.3194331676690191,
            "Qs_out_bed": 0.07089636973808361,
            "Qs_out_wall": 0.0,
            "D50": 0.0007071067811865476,
            "D84": 0.0014142135623730952
        },
        "downstream": {
            "flow_scale": 0.835,
            "elevation": 1742.0523949503513,
            "length": 65,
            "bankfull_width": 6,
            "lwd_factor": null,
            "gsd": {
                "1.0": 0.0008966326726073168,
                "0.0": 0.0007871101733154435,
                "-1.0": 0.00044607812745739824,
                "-2.0": 0.00017447274911022804,
                "-2.5": 0.00015505462640883708,
                "-3.0": 0.00016461420844679085,
                "-3.5": 0.0003642524332857767,
                "-4.0": 4.814575774657701e-07,
                "-4.5": 0.0015697378521668008,
                "-5.0": 0.0001346544288121178,
                "-5.5": 1.638531458370602e-05,
                "-6.0": 0.00043774944675992444,
                "-6.5": 0.11865338015145446,
                "-7.0": 0.4852690007890301,
                "-7.5": 0.3616384902030674,
                "-8.0": 0.028539313076285988,
                "-8.5": 0.000555484785203909,
                "-9.0": 0.00019710750442629484
            },
            "Qs_in": 0.07089636973808361,
            "Qs_out": 0.39763304667089144,
            "D50": 0.0007604239892103715,
            "D84": 0.001140635983815557
        }
    },
    "dep_masses": {
        "deposit_upstream": {
            "1.0": 0.04638212477435686,
            "0.0": 6.896817748345458,
            "-1.0": 8.500061246097651,
            "-2.0": 40.11465950500353,
            "-2.5": 199.54784846011842,
            "-3.0": 0.018758365904915565,
            "-3.5": 0.01508267915131356,
            "-4.0": 0.00046915988897833216,
            "-4.5": 3803.7221457479604,
            "-5.0": 8101.656752487143,
            "-5.5": 4079.0414685395267,
            "-6.0": 4261.76510668605,
            "-6.5": 15328.67110519122,
            "-7.0": 92515.32383308334,
            "-7.5": 524472.0257582332,
            "-8.0": 181046.28643002163,
            "-8.5": 0,
            "-9.0": 0
        },
        "deposit_downstream": {
            "1.0": 0.24667788166990778,
            "0.0": 0.43607662461558494,
            "-1.0": 7.921482641878809,
            "-2.0": 53.18966742098293,
            "-2.5": 135.78792436120466,
            "-3.0": 204.56977854413185,
            "-3.5": 391.49321278455005,
            "-4.0": 519.0689865156752,
            "-4.5": 983.8989401112303,
            "-5.0": 0.8681626300990095,