{
    "timestep": "2017-04-16 00:00",
    "deposit_mass": 2401711,
    "reaches": {
        "upstream": {
            "flow_scale": 0.78,
            "elevation": 1746.1820042296658,
            "length": 50,
            "bankfull_width": 6,
            "lwd_factor": null,
            "gsd": {
                "1.0": 2.2013889335182942e-07,
                "0.0": 0.0003477317770102814,
                "-1.0": 0.00042025338519251703,
                "-2.0": 0.00011947714038684216,
                "-2.5": 8.431635675557263e-05,
                "-3.0": 0.00036980048065488215,
                "-3.5": 0.00045780823252741223,
                "-4.0": 0.0028259981326518115,
                "-4.5": 0.002620629900628681,
                "-5.0": 0.08449302738208259,
                "-5.5": 0.8970122239524737,
                "-6.0": 0.003613265137563025,
                "-6.5": 0.003003949781220773,
                "-7.0": 0.0024648436017947082,
                "-7.5": 0.001261257712827367,
                "-8.0": 0.0005867481208790693,
                "-8.5": 0.00019307523635724472,
                "-9.0": 0.00012537353010023128
            },
            "Qs_in": 0.0,
            "Qs_out": 0.0,
            "D50": 0.04104849534971824,
            "D84": 0.06157274302457735
        },
        "deposit_upstream": {
            "flow_scale": 0.79,
            "elevation": 1745.7240070836178,
            "length": 55,
            "width": 3.1266472578563955,
            "bankfull_width": 6,
            "lwd_factor": null,
            "gsd_bed": {
                "1.0": 6.5146085521814115e-06,
                "0.0": 0.00013445584138284194,
                "-1.0": 0.00013354775268175018,
                "-2.0": 0.0005060016918281433,
                "-2.5": 0.0002896731609659368,
                "-3.0": 0.00014244062060687752,
                "-3.5": 0.00022130214173047625,
                "-4.0": 0.000988349623802827,
                "-4.5": 0.000747194718076289,
                "-5.0": 0.001729574202085878,
                "-5.5": 0.006506821386961406,
                "-6.0": 0.024063484582756135,
                "-6.5": 0.06131476368106954,
                "-7.0": 0.30752003414711154,
                "-7.5": 0.5309053091558801,
                "-8.0": 0.0647905326845081,
                "-8.5": 0.0,
                "-9.0": 0.0
            },
            "gsd_wall": {
                "1.0": 0.4802691088942312,
                "0.0": 0.1625430078811192,
                "-1.0": 0.01968041766500378,
                "-2.0": 0.17139566042954457,
                "-2.5": 0.08923613481601439,
                "-3.0": 0.045742939156445075,
                "-3.5": 0.006995698863049656,
                "-4.0": 0.008104490975592217,
                "-4.5": 0.00563857445228903,
                "-5.0": 0.0034207358624753913,
                "-5.5": 0.0012030624082208226,
                "-6.0": 0.0010822115406391448,
                "-6.5": 0.0012939463449399323,
                "-7.0": 0.001156248247742384,
                "-7.5": 0.0019927144830242352,
                "-8.0": 0.00024504797966896984,
                "-8.5": 0.0,
                "-9.0": 0.0
            },
            "Qs_in": 0.0,
            "Qs_out_bed": 0.0,
            "Qs_out_wall": 0.0,
            "D50": 0.16881966151356978,
            "D84": 0.25322949227035463
        },
        "deposit_downstream": {
            "flow_scale": 0.83,
            "elevation": 1743.8260514856815,
            "length": 47,
            "width": 7.113950245508638,
            "bankfull_width": 7.5,
            "lwd_factor": 1,
            "gsd_bed": {
                "1.0": 0.4300814975100729,
                "0.0": 2.306361452523615e-05,
                "-1.0": 1.9391662444715745e-06,
                "-2.0": 7.785133223614938e-07,
                "-2.5": 0.00020275925498179577,
                "-3.0": 0.00013741355139013984,
                "-3.5": 0.00011971477181573333,
                "-4.0": 4.126922619168901e-06,
                "-4.5": 3.6623293644809565e-07,
                "-5.0": 1.162501187487833e-06,
                "-5.5": 0.0,
                "-6.0": 0.00018279301156314153,
                "-6.5": 0.0,
                "-7.0": 0.018842870908779855,
                "-7.5": 1.8038026917379098e-05,
                "-8.0": 0.5503834760136437,
                "-8.5": 0.0,
                "-9.0": 0.0
            },
            "gsd_wall": {
                "1.0": 0.5709790126115706,
                "0.0": 0.11846820285797963,
                "-1.0": 0.2076608279934142,
                "-2.0": 0.044316977360809216,
                "-2.5": 0.03300862935801392,
                "-3.0": 0.021909911717535757,
                "-3.5": 0.0024140273417372405,
                "-4.0": 0.0007429704533643424,
                "-4.5": 1.5419367956081368e-05,
                "-5.0": 6.05609501452454e-06,
                "-5.5": 1.5281445160496513e-06,
                "-6.0": 5.409681871615324e-06,
                "-6.5": 4.8860199708434565e-06,
                "-7.0": 4.8197708739275845e-05,
                "-7.5": 8.528852710623733e-08,
                "-8.0": 0.0004178579989798682,
                "-8.5": 0.0,
                "-9.0": 0.0
            },
            "Qs_in": 0.0,
            "Qs_out_bed": 0.0,
            "Qs_out_wall": 0.0,
            "D50": 0.23072034920744786,
            "D84": 0.34608052381117177
        },
        "downstream": {
            "flow_scale": 0.835,
            "elevation": 1742.106141997845,
            "length": 65,
            "bankfull_width": 6,
            "lwd_factor": null,
            "gsd": {
                "1.0": 2.1017608639623043e-07,
                "0.0": 0.00024227716696337265,
                "-1.0": 4.1381832558388756e-05,
                "-2.0": 1.885387064134287e-05,
                "-2.5": 0.006603189457601807,
                "-3.0": 0.002537348671480658,
                "-3.5": 0.0004222715961883119,
                "-4.0": 3.629648091687718e-05,
                "-4.5": 0.00014744341715643172,
                "-5.0": 0.0013311966306139356,
                "-5.5": 1.1548836923753257e-05,
                "-6.0": 0.011004555958416554,
                "-6.5": 0.2386554686387485,
                "-7.0": 0.34638754411484335,
                "-7.5": 0.31168959928709294,
                "-8.0": 0.08006401286536177,
                "-8.5": 0.0005954959750158792,
                "-9.0": 0.0002113050233896311
            },
            "Qs_in": 0.0,
            "Qs_out": 0.0,
            "D50": 0.1292217628269115,
            "D84": 0.19383264424036725
        }
    },
    "dep_masses": {
        "deposit_upstream": {
            "1.0": 5.51037391370886,
            "0.0": 14.912442755316118,
            "-1.0": 14.444578677157274,
            "-2.0": 314.03537390192747,
            "-2.5": 708.9572493815411,
            "-3.0": 986.0311608513491,
            "-3.5": 91.56833828478415,
            "-4.0": 1196.4596838381385,
            "-4.5": 2872.461319239102,
            "-5.0": 4933.434681089768,
            "-5.5": 4871.674669828806,
            "-6.0": 12493.927682046622,
            "-6.5": 42006.74216829986,
            "-7.0": 107406.74817097964,
            "-7.5": 524472.0257582332,
            "-8.0": 181046.28643002163,
            "-8.5": 0,
            "-9.0": 0
        },
        "deposit_downstream": {
            "1.0": 4.595599502912021,
            "0.0": 9.473110267431583,
            "-1.0": 22.100075357810304,
            "-2.0": 70.97979614853077,
            "-2.5": 157.65284632482252,
            "-3.0": 302.20085351551097,
            "-3.5": 6.344756244492523,
            "-4.0": 0.6381975760560686,
            "-4.5": 0.16018845667708304,
            "-5.0": 0.41804438179522685,
            "-5.5": 0.0,
            "-6.0": 15.242605352165679,
            "-6.5": 0.0,
            "-7.0": 1783.549809941619,
            "-7.5": 0.0,