{
    "timestep": "2012-04-09 08:00",
    "deposit_mass": 2401711,
    "reaches": {
        "upstream": {
            "flow_scale": 0.78,
            "elevation": 1746.1185,
            "length": 50,
            "bankfull_width": 6,
            "lwd_factor": null,
            "gsd": {
                "1.0": 0.004955892556260889,
                "0.0": 0.0049558925562653,
                "-1.0": 0.007037367429899096,
                "-2.0": 0.009317078005775636,
                "-2.5": 0.016850034689765158,
                "-3.0": 0.03201506591139788,
                "-3.5": 0.04896421845633339,
                "-4.0": 0.06531866389196121,
                "-4.5": 0.09654078699569353,
                "-5.0": 0.1252849638225718,
                "-5.5": 0.1441173555361171,
                "-6.0": 0.1428288234715406,
                "-6.5": 0.11874318564805204,
                "-7.0": 0.0974328476561307,
                "-7.5": 0.04985627911601268,
                "-8.0": 0.023193577163315226,
                "-8.5": 0.007632074536646069,
                "-9.0": 0.00495589255626181
            },
            "Qs_in": 0.0,
            "Qs_out": 0.0,
            "D50": 0.04543415634570226,
            "D84": 0.12766173715106727
        },
        "deposit_upstream": {
            "flow_scale": 0.79,
            "elevation": 1746.2987085926904,
            "length": 55,
            "width": 1.0000848991282296,
            "bankfull_width": 6,
            "lwd_factor": null,
            "gsd_bed": {
                "1.0": 1.7345080709204454e-05,
                "0.0": 1.7366192690543662e-05,
                "-1.0": 3.3356991087098315e-07,
                "-2.0": 0.00021948742659878923,
                "-2.5": 0.00021984542252766117,
                "-3.0": 5.792752403251115e-05,
                "-3.5": 5.792569489425778e-05,
                "-4.0": 8.758644227963375e-05,
                "-4.5": 8.758644227885948e-05,
                "-5.0": 0.00010922134037216392,
                "-5.5": 0.007396077896329296,
                "-6.0": 0.3445974186322302,
                "-6.5": 0.3445974186321075,
                "-7.0": 0.1428669013190168,
                "-7.5": 0.14286690131903565,
                "-8.0": 0.016800657064986135,
                "-8.5": 0.0,
                "-9.0": 0.0
            },
            "gsd_wall": {
                "1.0": 0.029616518205540125,
                "0.0": 0.9421651128510385,
                "-1.0": 0.016036003610929602,
                "-2.0": 0.0021749585091236177,
                "-2.5": 0.0021749860968763527,
                "-3.0": 0.0005730915747475983,
                "-3.5": 0.0005730916090313954,
                "-4.0": 0.000866542131725647,
                "-4.5": 0.0008665421317173716,
                "-5.0": 0.00108058839533438,
                "-5.5": 0.0010805773914425109,
                "-6.0": 0.0009701353844325424,
                "-6.5": 0.0009701353844321986,
                "-7.0": 0.0004022091540439855,
                "-7.5": 0.0004022091540440404,
                "-8.0": 4.729841553994538e-05,
                "-8.5": 0.0,
                "-9.0": 0.0
            },
            "Qs_in": 0.0,
            "Qs_out_bed": 0.0,
            "Qs_out_wall": 0.0,
            "D50": 0.0906326238449923,
            "D84": 0.13594893576748843
        },
        "deposit_downstream": {
            "flow_scale": 0.83,
            "elevation": 1744.3965735094023,
            "length": 47,
            "width": 2.889063713666956,
            "bankfull_width": 7.5,
            "lwd_factor": 1,
            "gsd_bed": {
                "1.0": 0.48618565965987603,
                "0.0": 0.4861856596599233,
                "-1.0": 0.01009150476813297,
                "-2.0": 0.0016201843451673168,
                "-2.5": 0.0016715833091079256,
                "-3.0": 0.00044927879516057487,
                "-3.5": 0.0004492787951639765,
                "-4.0": 0.0006786513819350705,
                "-4.5": 0.0006786513819344034,
                "-5.0": 0.000846619061219775,
                "-5.5": 0.0008466190612195993,
                "-6.0": 0.0007601117905437184,
                "-6.5": 0.003341667144667196,
                "-7.0": 0.0026517344811792538,
                "-7.5": 0.0031330253474134745,
                "-8.0": 0.00040977101735532466,
                "-8.5": 0.0,
                "-9.0": 0.0
            },
            "gsd_wall": {
                "1.0": 0.4584417664011137,
                "0.0": 0.45844176639695017,
                "-1.0": 0.013392062685992924,
                "-2.0": 0.002272564755404156,
                "-2.5": 0.0023380651342937465,
                "-3.0": 0.0006273026100836013,
                "-3.5": 0.0006273026078723486,
                "-4.0": 0.0009813983321225483,
                "-4.5": 0.0009813983325541334,
                "-5.0": 0.001179545128485604,
                "-5.5": 0.0011795451285989507,
                "-6.0": 0.0010658780314954013,
                "-6.5": 0.020487914705181284,
                "-7.0": 0.01624686469143032,
                "-7.5": 0.01921042951366279,
                "-8.0": 0.002526195544758281,
                "-8.5": 0.0,
                "-9.0": 0.0
            },
            "Qs_in": 0.0,
            "Qs_out_bed": 567.1686069351555,
            "Qs_out_wall": 0.01343124722833523,
            "D50": 0.0007555662200253803,
            "D84": 0.0011333493300380705
        },
        "downstream": {
            "flow_scale": 0.835,
            "elevation": 1741.9954568408275,
            "length": 65,
            "bankfull_width": 6,
            "lwd_factor": null,
            "gsd": {
                "1.0": 0.40715749652127164,
                "0.0": 0.40715749652127337,
                "-1.0": 0.008302246157903774,
                "-2.0": 0.001331799222766172,
                "-2.5": 0.0013742011432885967,
                "-3.0": 0.00036919081934391393,
                "-3.5": 0.0003691908193467625,
                "-4.0": 0.0005580695752762634,
                "-4.5": 0.03644635618335268,
                "-5.0": 0.045858906382236025,
                "-5.5": 0.04585916177100042,
                "-6.0": 0.04116999924087909,
                "-6.5": 0.0040126023951621405,
                "-7.0": 3.149419665290243e-05,
                "-7.5": 1.773307906824956e-06,
                "-8.0": 9.98294688512366e-09,
                "-8.5": 4.2509801296540955e-09,
                "-9.0": 1.5084123040702374e-09
            },
            "Qs_in": 567.1820381823838,
            "Qs_out": 0.0,
            "D50": 0.04395969506163282,
            "D84": 0.06593954259244922
        }
    },
    "dep_masses": {
        "deposit_upstream": {
            "1.0": 23.554426200670434,
            "0.0": 188.720207303394,
            "-1.0": 29.10159613796279,
            "-2.0": 31.576376718587174,
            "-2.5": 89.5628121741801,
            "-3.0": 66.74830681817753,
            "-3.5": 188.78676014244476,
            "-4.0": 807.3877583622934,
            "-4.5": 2283.6374359399338,
            "-5.0": 8054.57747784535,
            "-5.5": 22736.69519840111,
            "-6.0": 58022.36141290611,
            "-6.5": 164112.0208620904,
            "-7.0": 192444.27344067078,
            "-7.5": 544314.6030016665,
            "-8.0": 181046.28643002163,
            "-8.5": 0,
            "-9.0": 0
        },
        "deposit_downstream": {
            "1.0": 0.34402605138553444,
            "0.0": 2.7522084110837493,
            "-1.0": 0.6426571044782876,
            "-2.0": 0.8619092991727612,
            "-2.5": 2.5152191325553876,
            "-3.0": 1.9120279767992847,
            "-3.5": 5.408031792089837,
            "-4.0": 23.116173107672324,
            "-4.5": 65.38241103926195,
            "-5.0": 230.5586802304714,
            "-5.5": 652.1184250120559,
            "-6.0": 1656.4343573015215,
            "-6.5": 91054.46078152927,