{
    "timestep": "2015-05-21 16:00",
    "deposit_mass": 2401711,
    "reaches": {
        "upstream": {
            "flow_scale": 0.78,
            "elevation": 1746.1820064849753,
            "length": 50,
            "bankfull_width": 6,
            "lwd_factor": null,
            "gsd": {
                "1.0": 2.4702077593402418e-05,
                "0.0": 0.0003420979981076271,
                "-1.0": 0.00013461926479712736,
                "-2.0": 0.0012751688919165102,
                "-2.5": 0.013662357158446251,
                "-3.0": 0.0030202438512473297,
                "-3.5": 0.0013028890832595553,
                "-4.0": 0.0018930173267042083,
                "-4.5": 0.0024442262063490445,
                "-5.0": 0.08304259454489757,
                "-5.5": 0.8818024264083504,
                "-6.0": 0.003551315650563578,
                "-6.5": 0.0029524470155119433,
                "-7.0": 0.0024225838199097853,
                "-7.5": 0.0012396334297222942,
                "-8.0": 0.0005766883152191344,
                "-8.5": 0.00018976495842666958,
                "-9.0": 0.00012322399897766935
            },
            "Qs_in": 0.13923931339791656,
            "Qs_out": 0.27043962367964763,
            "D50": 0.0007071067811865476,
            "D84": 0.04405355689614798
        },
        "deposit_upstream": {
            "flow_scale": 0.79,
            "elevation": 1745.7239421049107,
            "length": 55,
            "width": 3.1262956426269404,
            "bankfull_width": 6,
            "lwd_factor": null,
            "gsd_bed": {
                "1.0": 0.850463290330904,
                "0.0": 0.13110582085038686,
                "-1.0": 0.011946853040637606,
                "-2.0": 2.050973642296481e-06,
                "-2.5": 2.107619317483243e-05,
                "-3.0": 2.4729200589167807e-05,
                "-3.5": 4.055284306541505e-06,
                "-4.0": 8.697652447558074e-06,
                "-4.5": 1.5965931322824663e-05,
                "-5.0": 1.693996379004922e-05,
                "-5.5": 3.245136903866522e-05,
                "-6.0": 0.000147106501228593,
                "-6.5": 0.00038679703964898074,
                "-7.0": 0.001982967460660964,
                "-7.5": 0.003423412498102222,
                "-8.0": 0.00041778571011872803,
                "-8.5": 0.0,
                "-9.0": 0.0
            },
            "gsd_wall": {
                "1.0": 0.05211859121681718,
                "0.0": 0.2919969795080474,
                "-1.0": 0.06540631220666622,
                "-2.0": 0.2987237678916421,
                "-2.5": 0.1567207783224038,
                "-3.0": 0.08034032854253854,
                "-3.5": 0.012299336500426963,
                "-4.0": 0.014236919315542662,
                "-4.5": 0.009902703812597207,
                "-5.0": 0.006007634182521913,
                "-5.5": 0.0021128876214723687,
                "-6.0": 0.0019006219968180145,
                "-6.5": 0.002272496748246413,
                "-7.0": 0.002030632256401268,
                "-7.5": 0.00349964704765621,
                "-8.0": 0.00043036283020170046,
                "-8.5": 0.0,
                "-9.0": 0.0
            },
            "Qs_in": 0.27043962367964763,
            "Qs_out_bed": 0.0012487830798019464,
            "Qs_out_wall": 0.0,
            "D50": 0.16876829114086372,
            "D84": 0.25315243671129556
        },
        "deposit_downstream": {
            "flow_scale": 0.83,
            "elevation": 1743.8260172546597,
            "length": 47,
            "width": 7.113766156029578,
            "bankfull_width": 7.5,
            "lwd_factor": 1,
            "gsd_bed": {
                "1.0": 0.002771547896418601,
                "0.0": 0.0010405915056627961,
                "-1.0": 0.0012845933237574558,
                "-2.0": 0.024150820044416633,
                "-2.5": 0.0057856569751049206,
                "-3.0": 0.00799429615668684,
                "-3.5": 0.0001757659359262204,
                "-4.0": 0.00043795250489944725,
                "-4.5": 9.678393039785575e-07,
                "-5.0": 1.143436177042528e-06,
                "-5.5": 0.0,
                "-6.0": 0.000290092824079035,
                "-6.5": 0.0,
                "-7.0": 0.031474003539552486,
                "-7.5": 3.037820494683372e-05,
                "-8.0": 0.9245621898130677,
                "-8.5": 0.0,
                "-9.0": 0.0
            },
            "gsd_wall": {
                "1.0": 0.47666367610320054,
                "0.0": 0.11578084464083532,
                "-1.0": 0.27538333543600757,
                "-2.0": 0.056929021125901015,
                "-2.5": 0.042399954412324026,
                "-3.0": 0.028142884970718037,
                "-3.5": 0.0031033745987662543,
                "-4.0": 0.0009551807193283473,
                "-4.5": 1.9823020424754373e-05,
                "-5.0": 7.785367788704913e-06,
                "-5.5": 1.9646331559267395e-06,
                "-6.0": 6.952380562155021e-06,
                "-6.5": 6.281628952250011e-06,
                "-7.0": 6.192821603101002e-05,
                "-7.5": 1.096497526328942e-07,
                "-8.0": 0.0005368830962514483,
                "-8.5": 0.0,
                "-9.0": 0.0
            },
            "Qs_in": 0.0012487830798019464,
            "Qs_out_bed": 0.11831573223990165,
            "Qs_out_wall": 0.0,
            "D50": 0.0007071067811865476,
            "D84": 0.0014142135623730952
        },
        "downstream": {
            "flow_scale": 0.835,
            "elevation": 1742.1061170619096,
            "length": 65,
            "bankfull_width": 6,
            "lwd_factor": null,
            "gsd": {
                "1.0": 0.8106760591099788,
                "0.0": 0.13807991440460252,
                "-1.0": 0.011097127025708147,
                "-2.0": 9.558615051327855e-06,
                "-2.5": 4.1787842519494564e-06,
                "-3.0": 1.1254910391541875e-05,
                "-3.5": 1.1556260777112948e-05,
                "-4.0": 3.9855905493705785e-06,
                "-4.5": 3.5179074147181453e-05,
                "-5.0": 2.832636843386347e-05,
                "-5.5": 3.7473411736048126e-07,
                "-6.0": 0.0004464418711212955,
                "-6.5": 0.009682392977478898,
                "-7.0": 0.014024482655399694,
                "-7.5": 0.012609697408643714,
                "-8.0": 0.0032468337862621194,
                "-8.5": 2.408878846757478e-05,
                "-9.0": 8.547634617482567e-06
            },
            "Qs_in": 0.11831573223990165,
            "Qs_out": 0.0024975661596038927,
            "D50": 0.12944569575894213,
            "D84": 0.19416854363841318
        }
    },
    "dep_masses": {
        "deposit_upstream": {
            "1.0": 0.8595054319163997,
            "0.0": 6.076948389919744,
            "-1.0": 9.443043310197337,
            "-2.0": 324.52577178331165,
            "-2.5": 708.4281909620581,
            "-3.0": 985.7404043137811,
            "-3.5": 91.20423926964745,
            "-4.0": 1196.4901569201945,
            "-4.5": 2872.618559811698,
            "-5.0": 4933.611153497621,
            "-5.5": 4871.674669828806,
            "-6.0": 12493.927682046622,
            "-6.5": 42006.74216829986,
            "-7.0": 107406.74817097964,
            "-7.5": 524472.0257582332,
            "-8.0": 181046.28643002163,
            "-8.5": 0.0,
            "-9.0": 0.0
        },
        "deposit_downstream": {
            "1.0": 0.6933741903485112,
            "0.0": 2.0826464335105306,
            "-1.0": 20.567945747593658,
            "-2.0": 68.26266004770106,
            "-2.5": 156.27785295602973,
            "-3.0": 302.0426268092311,
            "-3.5": 5.7298288005474705,
            "-4.0": 0.6428105368203396,
            "-4.5": 0.16189956695969274,
            "-5.0": 0.41872317303925044,
            "-5.5": 0,