{
    "timestep": "2012-06-02 12:00",
    "deposit_mass": 2401711,
    "reaches": {
        "upstream": {
            "flow_scale": 0.78,
            "elevation": 1746.1164150245852,
            "length": 50,
            "bankfull_width": 6,
            "lwd_factor": null,
            "gsd": {
                "1.0": 0.6735822743237686,
                "0.0": 0.15018826189673068,
                "-1.0": 1.969939484688999e-06,
                "-2.0": 1.698309788621147e-05,
                "-2.5": 1.0972852446180875e-05,
                "-3.0": 7.1740392779796736e-06,
                "-3.5": 5.906615540975022e-05,
                "-4.0": 0.00018186687862373194,
                "-4.5": 9.216838617590901e-15,
                "-5.0": 0.1352156221382876,
                "-5.5": 0.037454217367325286,
                "-6.0": 0.0010541179399897404,
                "-6.5": 0.0008763589813364612,
                "-7.0": 0.0007190825364390883,
                "-7.5": 0.00036795372922590673,
                "-8.0": 0.0001711752935166578,
                "-8.5": 5.632691282384629e-05,
                "-9.0": 3.6575917418024485e-05
            },
            "Qs_in": 0.4970156657611725,
            "Qs_out": 0.5537493476122392,
            "D50": 0.02961977544978943,
            "D84": 0.04806767829490327
        },
        "deposit_upstream": {
            "flow_scale": 0.79,
            "elevation": 1745.7566221945326,
            "length": 55,
            "width": 2.968922205973496,
            "bankfull_width": 6,
            "lwd_factor": null,
            "gsd_bed": {
                "1.0": 0.0,
                "0.0": 0.0,
                "-1.0": 0.9532611387581801,
                "-2.0": 1.0435037620807635e-06,
                "-2.5": 6.596768052466689e-07,
                "-3.0": 4.421081866807127e-06,
                "-3.5": 0.0,
                "-4.0": 1.7533019247321693e-05,
                "-4.5": 4.0024921428407385e-05,
                "-5.0": 0.0001242331426523512,
                "-5.5": 0.0004803018788049007,
                "-6.0": 0.0011926465565751806,
                "-6.5": 0.005130031977867203,
                "-7.0": 0.013957476529104647,
                "-7.5": 0.022984206804641995,
                "-8.0": 0.0028062821490637386,
                "-8.5": 0.0,
                "-9.0": 0.0
            },
            "gsd_wall": {
                "1.0": 0.4300207585919108,
                "0.0": 0.5137343012718535,
                "-1.0": 0.02752260591130431,
                "-2.0": 0.0037798915847551714,
                "-2.5": 0.002369934026129412,
                "-3.0": 0.012126821214726385,
                "-3.5": 0.0005552990916853154,
                "-4.0": 0.0007453457679083115,
                "-4.5": 0.0010506620343774514,
                "-5.0": 0.0013139262988107125,
                "-5.5": 0.0013109253097689712,
                "-6.0": 0.0011807673522995668,
                "-6.5": 0.0013746385421144658,
                "-7.0": 0.0010215525631202614,
                "-7.5": 0.0016837822371268268,
                "-8.0": 0.0002087882021084464,
                "-8.5": 0.0,
                "-9.0": 0.0
            },
            "Qs_in": 0.5537493476122392,
            "Qs_out_bed": 0.47908638052463687,
            "Qs_out_wall": 0.0,
            "D50": 0.0007071067811865476,
            "D84": 0.0010314746498023245
        },
        "deposit_downstream": {
            "flow_scale": 0.83,
            "elevation": 1744.0965461512662,
            "length": 47,
            "width": 5.691836102516304,
            "bankfull_width": 7.5,
            "lwd_factor": 1,
            "gsd_bed": {
                "1.0": 0.8158125155471467,
                "0.0": 0.18274658339981975,
                "-1.0": 1.7589532611952087e-07,
                "-2.0": 1.014886458866443e-07,
                "-2.5": 6.171022464139206e-08,
                "-3.0": 1.2852984200144563e-07,
                "-3.5": 6.490131687416554e-07,
                "-4.0": 9.78177354043349e-07,
                "-4.5": 2.2856531323941233e-09,
                "-5.0": 3.7920324017824565e-09,
                "-5.5": 2.9212289526238743e-08,
                "-6.0": 3.5858255399702543e-06,
                "-6.5": 1.418503705138306e-05,
                "-7.0": 3.117131303620558e-05,
                "-7.5": 0.0006167817549606136,
                "-8.0": 0.0007730470179086261,
                "-8.5": 0.0,
                "-9.0": 0.0
            },
            "gsd_wall": {
                "1.0": 0.1231486691926615,
                "0.0": 9.065601891620088e-05,
                "-1.0": 0.20766449565752318,
                "-2.0": 0.11108243586046945,
                "-2.5": 0.17599822819639893,
                "-3.0": 0.13133298619506972,
                "-3.5": 0.1275780070161164,
                "-4.0": 0.041527361658096236,
                "-4.5": 0.00011096041294910812,
                "-5.0": 5.2930160061982646e-05,
                "-5.5": 0.00028746682385260186,
                "-6.0": 0.0010450955975154176,
                "-6.5": 0.005042196357896355,
                "-7.0": 0.010526017366893696,
                "-7.5": 0.049512429010059665,
                "-8.0": 0.015000064475519706,
                "-8.5": 0.0,
                "-9.0": 0.0
            },
            "Qs_in": 0.47908638052463687,
            "Qs_out_bed": 0.7390168566658682,
            "Qs_out_wall": 0.005301653515937257,
            "D50": 0.0013740339950389395,
            "D84": 0.0020610509925584096
        },
        "downstream": {
            "flow_scale": 0.835,
            "elevation": 1742.507009110913,
            "length": 65,
            "bankfull_width": 6,
            "lwd_factor": null,
            "gsd": {
                "1.0": 0.0,
                "0.0": 0.0,
                "-1.0": 0.5200081831581966,
                "-2.0": 8.680911530625056e-07,
                "-2.5": 1.9121415968132544e-05,
                "-3.0": 4.652496216243028e-06,
                "-3.5": 3.5344350727400706e-06,
                "-4.0": 0.00015642364313806187,
                "-4.5": 0.00018967783317594094,
                "-5.0": 0.00033472241374977167,
                "-5.5": 0.0006949292903415669,
                "-6.0": 0.0033903643987524676,
                "-6.5": 0.05528353735589845,
                "-7.0": 0.21277698737993592,
                "-7.5": 0.2058093005063733,
                "-8.0": 0.0008419545642127334,
                "-8.5": 0.0003585246083872564,
                "-9.0": 0.00012721840942764106
            },
            "Qs_in": 0.7443185101818055,
            "Qs_out": 0.5552777109495182,
            "D50": 0.0007071067811865476,
            "D84": 0.0010248988225921081
        }
    },
    "dep_masses": {
        "deposit_upstream": {
            "1.0": 2.0084105113655166,
            "0.0": 18.972049348104832,
            "-1.0": 7.91394143760569,
            "-2.0": 1.0617483705581705,
            "-2.5": 1.89847023176119,
            "-3.0": 326.97760388333813,
            "-3.5": 0.0,
            "-4.0": 73.16961060097078,
            "-4.5": 637.2708237138072,
            "-5.0": 2247.611671082976,
            "-5.5": 6346.537050038506,
            "-6.0": 16134.327465603834,
            "-6.5": 53556.39512344622,
            "-7.0": 112516.45938320305,
            "-7.5": 524472.0257582332,
            "-8.0": 181046.28643002163,
            "-8.5": 0.0,
            "-9.0": 0.0
        },
        "deposit_downstream": {
            "1.0": 0.7560129245470032,
            "0.0": 2.6831518141038693,
            "-1.0": 5.232942896095214,
            "-2.0": 0.8549847631234846,
            "-2.5": 1.4704255420909074,
            "-3.0": 78.25989911180157,
            "-3.5": 159.32657019039493,
            "-4.0": 170.12696907046356,
            "-4.5": 0.6173840344199594,
            "-5.0": 1.34268419656077,
            "-5.5": 8.058486584312238,
            "-6.0": 270.9072866361412,