{
    "timestep": "2015-04-16 00:00",
    "deposit_mass": "",
    "reaches": {
        "upstream": {
            "flow_scale": 0.6,
            "elevation": 1500.8014311414586,
            "length": 150,
            "bankfull_width": 10.5,
            "lwd_factor": null,
            "gsd": {
                "1.0": 1.2826991012166882e-08,
                "0.0": 1.2826991012166882e-08,
                "-1.0": 0.1914862541652111,
                "-2.0": 0.12299162371634938,
                "-2.5": 0.1926200520824755,
                "-3.0": 0.17666053688999764,
                "-3.5": 0.1272636125244278,
                "-4.0": 0.09787774347356801,
                "-4.5": 0.05815607519258124,
                "-5.0": 0.025171644235798065,
                "-5.5": 0.00716650537941769,
                "-6.0": 0.0005382386546204358,
                "-6.5": 2.1215843134124078e-05,
                "-7.0": 2.058732057452781e-05,
                "-7.5": 1.393011223921325e-05,
                "-8.0": 7.4011738140202945e-06,
                "-8.5": 3.347844654175558e-06,
                "-9.0": 1.2057371551436857e-06
            },
            "Qs_in": 0.0,
            "Qs_out": 0.0,
            "D50": 0.005779874269320619,
            "D84": 0.01599054748765795
        },
        "deposit_upstream": {
            "flow_scale": 0.61,
            "elevation": 1501.7149910644807,
            "length": 200,
            "width": 6.0,
            "bankfull_width": 11,
            "lwd_factor": null,
            "gsd_bed": {
                "1.0": 0.0,
                "0.0": 0.0,
                "-1.0": 0.0,
                "-2.0": 0.0005574648829531342,
                "-2.5": 9.552348448941807e-05,
                "-3.0": 0.0003493386558290361,
                "-3.5": 0.0005876738748955298,
                "-4.0": 0.0012381457251748884,
                "-4.5": 0.001543128790484328,
                "-5.0": 0.0016688382807356196,
                "-5.5": 0.08005195719207003,
                "-6.0": 0.11283089230971434,
                "-6.5": 0.15620166020346818,
                "-7.0": 0.17225664883251848,
                "-7.5": 0.16846588762843712,
                "-8.0": 0.1390317418085116,
                "-8.5": 0.09276215652340151,
                "-9.0": 0.0723589418073168
            },
            "gsd_wall": {
                "1.0": 0.0,
                "0.0": 0.0,
                "-1.0": 0.0,
                "-2.0": 0.0005,
                "-2.5": 0.0014,
                "-3.0": 0.004,
                "-3.5": 0.0075,
                "-4.0": 0.0166,
                "-4.5": 0.0298,
                "-5.0": 0.0487,
                "-5.5": 0.0718,
                "-6.0": 0.1012,
                "-6.5": 0.1401,
                "-7.0": 0.1545,
                "-7.5": 0.1511,
                "-8.0": 0.1247,
                "-8.5": 0.0832,
                "-9.0": 0.0649
            },
            "Qs_in": 0.0,
            "Qs_out_bed": 0.0,
            "Qs_out_wall": 0.0,
            "D50": 0.13072798930243354,
            "D84": 0.36090779062717177
        },
        "deposit_downstream": {
            "flow_scale": 0.61,
            "elevation": 1496.9642449439705,
            "length": 200,
            "width": 6.0,
            "bankfull_width": 11,
            "lwd_factor": null,
            "gsd_bed": {
                "1.0": 0.0,
                "0.0": 0.0,
                "-1.0": 0.0,
                "-2.0": 8.217348194155737e-05,
                "-2.5": 8.462029571660097e-05,
                "-3.0": 0.00013120573850018333,
                "-3.5": 0.0004551670923266532,
                "-4.0": 0.0022468230768954204,
                "-4.5": 0.005136189574431613,
                "-5.0": 0.0015975237727780796,
                "-5.5": 0.012383309884821966,
                "-6.0": 0.03539148942644505,
                "-6.5": 0.02416486207140567,
                "-7.0": 0.020971191593074447,
                "-7.5": 0.3198641367943861,
                "-8.0": 0.2639778812591657,
                "-8.5": 0.17612638108069434,
                "-9.0": 0.1373870448574166
            },
            "gsd_wall": {
                "1.0": 0.0,
                "0.0": 0.0,
                "-1.0": 0.0,
                "-2.0": 0.0005,
                "-2.5": 0.0014,
                "-3.0": 0.004,
                "-3.5": 0.0075,
                "-4.0": 0.0166,
                "-4.5": 0.0298,
                "-5.0": 0.0487,
                "-5.5": 0.0718,
                "-6.0": 0.1012,
                "-6.5": 0.1401,
                "-7.0": 0.1545,
                "-7.5": 0.1511,
                "-8.0": 0.1247,
                "-8.5": 0.0832,
                "-9.0": 0.0649
            },
            "Qs_in": 0.0,
            "Qs_out_bed": 0.0,
            "Qs_out_wall": 0.0,
            "D50": 0.25585136624013777,
            "D84": 0.38377704936020685
        },
        "downstream": {
            "flow_scale": 0.615,
            "elevation": 1488.2146399175226,
            "length": 200,
            "bankfull_width": 11,
            "lwd_factor": null,
            "gsd": {
                "1.0": 0.0,
                "0.0": 2.0083587704201783e-07,
                "-1.0": 1.964677590255759e-05,
                "-2.0": 0.00013349541492381844,
                "-2.5": 0.0002846712796565146,
                "-3.0": 1.1632755588881733e-05,
                "-3.5": 0.00059591751680029,
                "-4.0": 5.121019057610278e-05,
                "-4.5": 0.0032169998449941427,
                "-5.0": 0.005596786867265244,
                "-5.5": 0.02644552063124539,
                "-6.0": 0.04117786121574247,
                "-6.5": 0.30709019132598186,
                "-7.0": 0.2592426221571317,
                "-7.5": 0.19245744092370254,
                "-8.0": 0.10136829879383184,
                "-8.5": 0.043014317116883395,
                "-9.0": 0.019293186353896236
            },
            "Qs_in": 0.0,
            "Qs_out": 0.0,
            "D50": 0.12958528824061216,
            "D84": 0.2562148428933459
        }
    },
    "sed_masses": {
        "upstream": {
            "1.0": 7.143133447849165e-07,
            "0.0": 5.714506758279332e-06,
            "-1.0": 441.3349684176282,
            "-2.0": 2348.948936457212,
            "-2.5": 10486.433305373132,
            "-3.0": 27761.120581122403,
            "-3.5": 57592.9081493819,
            "-4.0": 126656.49167201942,
            "-4.5": 215021.26624877827,
            "-5.0": 262559.4953477734,
            "-5.5": 210024.565109751,
            "-6.0": 54628.63991809741,
            "-6.5": 7008.081944542475,
            "-7.0": 19234.62378980807,
            "-7.5": 36811.49693723395,
            "-8.0": 55319.01770327376,
            "-8.5": 70775.69576882549,
            "-9.0": 72096.8826912681
        },
        "downstream": {
            "1.0": 0.0,
            "0.0": 3.797631091569361e-07,
            "-1.0": 9.11939003159492e-06,
            "-2.0": 0.00031553636149519825,
            "-2.5": 0.001788737637670115,
            "-3.0": 0.011262220902597845,
            "-3.5": 0.07138930677367403,
            "-4.0": 0.396632061475399,
            "-4.5": 2.016473342099467,
            "-5.0": 9.28539716610646,
            "-5.5": 40.30450781330884,
            "-6.0": 154.12476995068832,
            "-6.5": 524.890015000498,
            "-7.0": 1266.8289380012336,
            "-7.5": 2781.04162207173,
            "-8.0": 4143.047700299952,
            "-8.5": 4972.511560910505,
            "-9.0": 6308.291038210224
        },
        "deposit_upstream": {
            "1.0": 0.0,
            "0.0": 0.0,
            "-1.0": 0.0,
            "-2.0": 0.03158338075473715,
            "-2.5": 0.25012761429007896,
            "-3.0": 2.0213363683031775,
            "-3.5": 10.71975489814624,
            "-4.0": 67.10836742766546,
            "-4.5": 340.7452756957419,
            "-5.0": 1575.0252981818353,