{
    "timestep": "2020-05-01 02:00",
    "deposit_mass": "",
    "reaches": {
        "upstream": {
            "flow_scale": 0.6,
            "elevation": 1501.0026139422769,
            "length": 150,
            "bankfull_width": 10.5,
            "lwd_factor": null,
            "gsd": {
                "1.0": 1.0281354592802597e-08,
                "0.0": 1.0281354592802597e-08,
                "-1.0": 0.2104630931910384,
                "-2.0": 0.12329987440678784,
                "-2.5": 0.19239659358234698,
                "-3.0": 0.17146538077725584,
                "-3.5": 0.12270900091064946,
                "-4.0": 0.09355239264981739,
                "-4.5": 0.055175964497585654,
                "-5.0": 0.02346523817575951,
                "-5.5": 0.006712066268791329,
                "-6.0": 0.0007061202690718959,
                "-6.5": 1.7005360496495503e-05,
                "-7.0": 1.650157412144813e-05,
                "-7.5": 1.1165551087783697e-05,
                "-8.0": 5.932341600047118e-06,
                "-8.5": 2.683433548721481e-06,
                "-9.0": 9.664473317234488e-07
            },
            "Qs_in": 0.03996105855366204,
            "Qs_out": 0.0,
            "D50": 0.00573808093460246,
            "D84": 0.015966116948174815
        },
        "deposit_upstream": {
            "flow_scale": 0.61,
            "elevation": 1501.7149910644807,
            "length": 200,
            "width": 6.0,
            "bankfull_width": 11,
            "lwd_factor": null,
            "gsd_bed": {
                "1.0": 0.0,
                "0.0": 0.0,
                "-1.0": 0.0,
                "-2.0": 0.0005574648829531342,
                "-2.5": 9.552348448941807e-05,
                "-3.0": 0.0003493386558290361,
                "-3.5": 0.0005876738748955298,
                "-4.0": 0.0012381457251748884,
                "-4.5": 0.001543128790484328,
                "-5.0": 0.0016688382807356196,
                "-5.5": 0.08005195719207003,
                "-6.0": 0.11283089230971434,
                "-6.5": 0.15620166020346818,
                "-7.0": 0.17225664883251848,
                "-7.5": 0.16846588762843712,
                "-8.0": 0.1390317418085116,
                "-8.5": 0.09276215652340151,
                "-9.0": 0.0723589418073168
            },
            "gsd_wall": {
                "1.0": 0.0,
                "0.0": 0.0,
                "-1.0": 0.0,
                "-2.0": 0.0005,
                "-2.5": 0.0014,
                "-3.0": 0.004,
                "-3.5": 0.0075,
                "-4.0": 0.0166,
                "-4.5": 0.0298,
                "-5.0": 0.0487,
                "-5.5": 0.0718,
                "-6.0": 0.1012,
                "-6.5": 0.1401,
                "-7.0": 0.1545,
                "-7.5": 0.1511,
                "-8.0": 0.1247,
                "-8.5": 0.0832,
                "-9.0": 0.0649
            },
            "Qs_in": 0.0,
            "Qs_out_bed": 0.0,
            "Qs_out_wall": 0.0,
            "D50": 0.13072798930243354,
            "D84": 0.36090779062717177
        },
        "deposit_downstream": {
            "flow_scale": 0.61,
            "elevation": 1496.9642449439705,
            "length": 200,
            "width": 6.0,
            "bankfull_width": 11,
            "lwd_factor": null,
            "gsd_bed": {
                "1.0": 0.0,
                "0.0": 0.0,
                "-1.0": 0.0,
                "-2.0": 8.217348194155737e-05,
                "-2.5": 8.462029571660097e-05,
                "-3.0": 0.00013120573850018333,
                "-3.5": 0.0004551670923266532,
                "-4.0": 0.0022468230768954204,
                "-4.5": 0.005136189574431613,
                "-5.0": 0.0015975237727780796,
                "-5.5": 0.012383309884821966,
                "-6.0": 0.03539148942644505,
                "-6.5": 0.02416486207140567,
                "-7.0": 0.020971191593074447,
                "-7.5": 0.3198641367943861,
                "-8.0": 0.2639778812591657,
                "-8.5": 0.17612638108069434,
                "-9.0": 0.1373870448574166
            },
            "gsd_wall": {
                "1.0": 0.0,
                "0.0": 0.0,
                "-1.0": 0.0,
                "-2.0": 0.0005,
                "-2.5": 0.0014,
                "-3.0": 0.004,
                "-3.5": 0.0075,
                "-4.0": 0.0166,
                "-4.5": 0.0298,
                "-5.0": 0.0487,
                "-5.5": 0.0718,
                "-6.0": 0.1012,
                "-6.5": 0.1401,
                "-7.0": 0.1545,
                "-7.5": 0.1511,
                "-8.0": 0.1247,
                "-8.5": 0.0832,
                "-9.0": 0.0649
            },
            "Qs_in": 0.0,
            "Qs_out_bed": 0.0,
            "Qs_out_wall": 0.0,
            "D50": 0.25585136624013777,
            "D84": 0.38377704936020685
        },
        "downstream": {
            "flow_scale": 0.615,
            "elevation": 1488.2146399169942,
            "length": 200,
            "bankfull_width": 11,
            "lwd_factor": null,
            "gsd": {
                "1.0": 0.0,
                "0.0": 6.661156520869423e-07,
                "-1.0": 2.0958922425585423e-05,
                "-2.0": 0.00013895532737764503,
                "-2.5": 1.2129803760039655e-05,
                "-3.0": 3.8582551528056025e-05,
                "-3.5": 0.0006537875280480938,
                "-4.0": 0.00016984968020410302,
                "-4.5": 0.0034163889562524243,
                "-5.0": 0.005919804607564035,
                "-5.5": 0.02686203553539867,
                "-6.0": 0.04171692838545526,
                "-6.5": 0.30659707247688567,
                "-7.0": 0.2588342569808638,
                "-7.5": 0.19217931423955917,
                "-8.0": 0.10122180807523211,
                "-8.5": 0.042952155688710025,
                "-9.0": 0.01926530512508318
            },
            "Qs_in": 0.0,
            "Qs_out": 0.0,
            "D50": 0.12954298509613782,
            "D84": 0.2562017474614845
        }
    },
    "sed_masses": {
        "upstream": {
            "1.0": 7.422874144379417e-07,
            "0.0": 5.938299315503534e-06,
            "-1.0": 810.8433668194998,
            "-2.0": 4189.982799372079,
            "-2.5": 18635.742515954964,
            "-3.0": 48750.54214143795,
            "-3.5": 100419.58473992125,
            "-4.0": 218656.4566932691,
            "-4.5": 367030.6936168175,
            "-5.0": 441920.9997048502,
            "-5.5": 358004.83780502394,
            "-6.0": 106721.27764372191,
            "-6.5": 7282.533729437746,
            "-7.0": 19987.89363920146,
            "-7.5": 38253.11550263336,
            "-8.0": 57485.431176669445,
            "-8.5": 73547.4264912505,
            "-9.0": 74920.35397721923
        },
        "downstream": {
            "1.0": 0.0,
            "0.0": 3.576503833147772e-07,
            "-1.0": 8.588389081913306e-06,
            "-2.0": 0.0002971634103402921,
            "-2.5": 0.0016845835899713829,
            "-3.0": 0.010606447876761195,
            "-3.5": 0.06723247286673528,
            "-4.0": 0.3735370956292262,
            "-4.5": 1.8990587720511665,
            "-5.0": 8.74473000566139,
            "-5.5": 37.957669718746715,
            "-6.0": 145.15044174126504,
            "-6.5": 494.3268857256209,
            "-7.0": 1193.0644244940559,
            "-7.5": 2619.1080127724344,
            "-8.0": 3901.8076331667844,
            "-8.5": 4682.973735244714,
            "-9.0": 5940.9738689091755
        },
        "deposit_upstream": {
            "1.0": 0.0,
            "0.0": 0.0,
            "-1.0": 0.0,
            "-2.0": 0.03158338075473715,
            "-2.5": 0.25012761429007896,
            "-3.0": 2.0213363683031775,
            "-3.5": 10.71975489814624,
            "-4.0": 67.10836742766546,
            "-4.5": 340.7452756957419,