{
    "timestep": "2010-04-21 20:00",
    "deposit_mass": "",
    "reaches": {
        "upstream": {
            "flow_scale": 0.6,
            "elevation": 1500.465,
            "length": 150,
            "bankfull_width": 10.5,
            "lwd_factor": null,
            "gsd": {
                "1.0": 0.0001,
                "0.0": 0.0001,
                "-1.0": 0.0004,
                "-2.0": 0.0012,
                "-2.5": 0.004,
                "-3.0": 0.0083,
                "-3.5": 0.0149,
                "-4.0": 0.0305,
                "-4.5": 0.0549,
                "-5.0": 0.0859,
                "-5.5": 0.1226,
                "-6.0": 0.1494,
                "-6.5": 0.1654,
                "-7.0": 0.1605,
                "-7.5": 0.1086,
                "-8.0": 0.0577,
                "-8.5": 0.0261,
                "-9.0": 0.0094
            },
            "Qs_in": 0.0,
            "Qs_out": 0.0,
            "D50": 0.08881072713969106,
            "D84": 0.18167530485424413
        },
        "deposit_upstream": {
            "flow_scale": 0.61,
            "elevation": 1501.715,
            "length": 200,
            "width": 6.0,
            "bankfull_width": 11,
            "lwd_factor": null,
            "gsd_bed": {
                "1.0": 0.0,
                "0.0": 0.0,
                "-1.0": 0.0,
                "-2.0": 0.0005,
                "-2.5": 0.0014,
                "-3.0": 0.004,
                "-3.5": 0.0075,
                "-4.0": 0.0166,
                "-4.5": 0.0298,
                "-5.0": 0.0487,
                "-5.5": 0.0718,
                "-6.0": 0.1012,
                "-6.5": 0.1401,
                "-7.0": 0.1545,
                "-7.5": 0.1511,
                "-8.0": 0.1247,
                "-8.5": 0.0832,
                "-9.0": 0.0649
            },
            "gsd_wall": {
                "1.0": 0.0,
                "0.0": 0.0,
                "-1.0": 0.0,
                "-2.0": 0.0005,
                "-2.5": 0.0014,
                "-3.0": 0.004,
                "-3.5": 0.0075,
                "-4.0": 0.0166,
                "-4.5": 0.0298,
                "-5.0": 0.0487,
                "-5.5": 0.0718,
                "-6.0": 0.1012,
                "-6.5": 0.1401,
                "-7.0": 0.1545,
                "-7.5": 0.1511,
                "-8.0": 0.1247,
                "-8.5": 0.0832,
                "-9.0": 0.0649
            },
            "Qs_in": 0.0,
            "Qs_out_bed": 0.0,
            "Qs_out_wall": 0.0,
            "D50": 0.1279478050775954,
            "D84": 0.25972490210481197
        },
        "deposit_downstream": {
            "flow_scale": 0.61,
            "elevation": 1496.965,
            "length": 200,
            "width": 6.0,
            "bankfull_width": 11,
            "lwd_factor": null,
            "gsd_bed": {
                "1.0": 0.0,
                "0.0": 0.0,
                "-1.0": 0.0,
                "-2.0": 0.0005,
                "-2.5": 0.0014,
                "-3.0": 0.004,
                "-3.5": 0.0075,
                "-4.0": 0.0166,
                "-4.5": 0.0298,
                "-5.0": 0.0487,
                "-5.5": 0.0718,
                "-6.0": 0.1012,
                "-6.5": 0.1401,
                "-7.0": 0.1545,
                "-7.5": 0.1511,
                "-8.0": 0.1247,
                "-8.5": 0.0832,
                "-9.0": 0.0649
            },
            "gsd_wall": {
                "1.0": 0.0,
                "0.0": 0.0,
                "-1.0": 0.0,
                "-2.0": 0.0005,
                "-2.5": 0.0014,
                "-3.0": 0.004,
                "-3.5": 0.0075,
                "-4.0": 0.0166,
                "-4.5": 0.0298,
                "-5.0": 0.0487,
                "-5.5": 0.0718,
                "-6.0": 0.1012,
                "-6.5": 0.1401,
                "-7.0": 0.1545,
                "-7.5": 0.1511,
                "-8.0": 0.1247,
                "-8.5": 0.0832,
                "-9.0": 0.0649
            },
            "Qs_in": 0.0,
            "Qs_out_bed": 0.0,
            "Qs_out_wall": 0.0,
            "D50": 0.1279478050775954,
            "D84": 0.25972490210481197
        },
        "downstream": {
            "flow_scale": 0.615,
            "elevation": 1488.215,
            "length": 200,
            "bankfull_width": 11,
            "lwd_factor": null,
            "gsd": {
                "1.0": 0.0,
                "0.0": 0.0001,
                "-1.0": 0.0003,
                "-2.0": 0.0013,
                "-2.5": 0.0026,
                "-3.0": 0.0058,
                "-3.5": 0.013,
                "-4.0": 0.0255,
                "-4.5": 0.0459,
                "-5.0": 0.0746,
                "-5.5": 0.1128,
                "-6.0": 0.1525,
                "-6.5": 0.1836,
                "-7.0": 0.1568,
                "-7.5": 0.1217,
                "-8.0": 0.0641,
                "-8.5": 0.0272,
                "-9.0": 0.0122
            },
            "Qs_in": 0.0,
            "Qs_out": 0.0,
            "D50": 0.0894172156784006,
            "D84": 0.18199501323241238
        }
    },
    "sed_masses": {
        "upstream": {
            "1.0": 7.739988082024573e-07,
            "0.0": 6.191990465619659e-06,
            "-1.0": 0.00019814369489982908,
            "-2.0": 0.004755448677595897,
            "-2.5": 0.0448348001001688,
            "-3.0": 0.26313482682697303,
            "-3.5": 1.3360770429850306,
            "-4.0": 7.735529848889327,
            "-4.5": 39.38288840798828,
            "-5.0": 174.29036433300809,
            "-5.5": 703.5835510119292,
            "-6.0": 2425.0505640373835,
            "-6.5": 7593.652159045551,
            "-7.0": 20841.800028273094,
            "-7.5": 39887.3337108753,
            "-8.0": 59941.2765922172,
            "-8.5": 76689.4592894177,
            "-9.0": 78121.03985675446
        },
        "downstream": {
            "1.0": 0.0,
            "0.0": 7.2108091764884186e-06,
            "-1.0": 0.00017305942023572205,
            "-2.0": 0.005999393234838366,
            "-2.5": 0.03393769311487127,
            "-3.0": 0.2141321893050001,
            "-3.5": 1.3575077245948501,
            "-4.0": 7.531545968658625,
            "-4.5": 38.344372036248394,
            "-5.0": 176.26771114099876,
            "-5.5": 753.8553665688571,
            "-6.0": 2882.6623001611056,
            "-6.5": 9816.159241279589,
            "-7.0": 23711.551405390757,
            "-7.5": 52053.44573698152,
            "-8.0": 77546.45127987486,
            "-8.5": 93071.73206546572,
            "-9.0": 118073.84781459888
        },
        "deposit_upstream": {
            "1.0": 0.0,
            "0.0": 0.0,
            "-1.0": 0.0,
            "-2.0": 0.031951441132651644,
            "-2.5": 0.25304250376810455,
            "-3.0": 2.044892232489705,
            "-3.5": 10.844678732918766,
            "-4.0": 67.8904221186582,
            "-4.5": 344.71618799037776,
            "-5.0": 1593.3800275559777,
            "-5.5": 6644.462361801106,
            "-6.0": 26488.716022778633,
            "-6.5": 103720.24255023235,
            "-7.0": 323518.3103177312,
            "-7.5": 894910.9864005771,
            "-8.0": 2088944.1189188906,
            "-8.5": 3942109.5469769957,
            "-9.0": 8697512.3219141
        },
        "deposit_downstream": {
            "1.0": 0.0,
            "0.0": 0.0,
            "-1.0": 0.0,
            "-2.0": 0.034303057717194226,
            "-2.5": 0.27166635694532965,
            "-3.0": 2.1953956939004304,
            "-3.5": 11.642843869085556,
            "-4.0": 72.88713703749431,
            "-4.5": 370.0871971186662,
            "-5.0": 1710.6523246872155,
            "-5.5": 7133.492819629593,
            "-6.0": 28438.27766050862,
            "-6.5": 111354.0216189533,
            "-7.0": 347329.1619405993,
            "-7.5": 960776.1694003625,
            "-8.0": 2242689.7860967107,