{
    "timestep": "2010-06-02 12:00",
    "deposit_mass": "",
    "reaches": {
        "upstream": {
            "flow_scale": 0.6,
            "elevation": 1500.465,
            "length": 150,
            "bankfull_width": 10.5,
            "lwd_factor": null,
            "gsd": {
                "1.0": 0.0001,
                "0.0": 0.0001,
                "-1.0": 0.0004,
                "-2.0": 0.0012,
                "-2.5": 0.004,
                "-3.0": 0.0083,
                "-3.5": 0.0149,
                "-4.0": 0.0305,
                "-4.5": 0.0549,
                "-5.0": 0.0859,
                "-5.5": 0.1226,
                "-6.0": 0.1494,
                "-6.5": 0.1654,
                "-7.0": 0.1605,
                "-7.5": 0.1086,
                "-8.0": 0.0577,
                "-8.5": 0.0261,
                "-9.0": 0.0094
            },
            "Qs_in": 0.0,
            "Qs_out": 0.0,
            "D50": 0.08881072713969106,
            "D84": 0.18167530485424413
        },
        "deposit_upstream": {
            "flow_scale": 0.61,
            "elevation": 1501.715,
            "length": 200,
            "width": 6.0,
            "bankfull_width": 11,
            "lwd_factor": null,
            "gsd_bed": {
                "1.0": 0.0,
                "0.0": 0.0,
                "-1.0": 0.0,
                "-2.0": 0.0005,
                "-2.5": 0.0014,
                "-3.0": 0.004,
                "-3.5": 0.0075,
                "-4.0": 0.0166,
                "-4.5": 0.0298,
                "-5.0": 0.0487,
                "-5.5": 0.0718,
                "-6.0": 0.1012,
                "-6.5": 0.1401,
                "-7.0": 0.1545,
                "-7.5": 0.1511,
                "-8.0": 0.1247,
                "-8.5": 0.0832,
                "-9.0": 0.0649
            },
            "gsd_wall": {
                "1.0": 0.0,
                "0.0": 0.0,
                "-1.0": 0.0,
                "-2.0": 0.0005,
                "-2.5": 0.0014,
                "-3.0": 0.004,
                "-3.5": 0.0075,
                "-4.0": 0.0166,
                "-4.5": 0.0298,
                "-5.0": 0.0487,
                "-5.5": 0.0718,
                "-6.0": 0.1012,
                "-6.5": 0.1401,
                "-7.0": 0.1545,
                "-7.5": 0.1511,
                "-8.0": 0.1247,
                "-8.5": 0.0832,
                "-9.0": 0.0649
            },
            "Qs_in": 0.0,
            "Qs_out_bed": 0.0,
            "Qs_out_wall": 0.0,
            "D50": 0.1279478050775954,
            "D84": 0.25972490210481197
        },
        "deposit_downstream": {
            "flow_scale": 0.61,
            "elevation": 1496.9649995630546,
            "length": 200,
            "width": 6.0,
            "bankfull_width": 11,
            "lwd_factor": null,
            "gsd_bed": {
                "1.0": 0.0,
                "0.0": 0.0,
                "-1.0": 0.0,
                "-2.0": 0.0005290300065326245,
                "-2.5": 9.921465664037702e-05,
                "-3.0": 0.00044469562371291394,
                "-3.5": 0.0006308653303831765,
                "-4.0": 0.001396315264581431,
                "-4.5": 0.002111854834202311,
                "-5.0": 0.05152752263627763,
                "-5.5": 0.0759687089380849,
                "-6.0": 0.10707567332220322,
                "-6.5": 0.14823420783044133,
                "-7.0": 0.16347027201858097,
                "-7.5": 0.15987286797415917,
                "-8.0": 0.13194008362923648,
                "-8.5": 0.08803059308702872,
                "-9.0": 0.0686680948479347
            },
            "gsd_wall": {
                "1.0": 0.0,
                "0.0": 0.0,
                "-1.0": 0.0,
                "-2.0": 0.0005,
                "-2.5": 0.0014,
                "-3.0": 0.004,
                "-3.5": 0.0075,
                "-4.0": 0.0166,
                "-4.5": 0.0298,
                "-5.0": 0.0487,
                "-5.5": 0.0718,
                "-6.0": 0.1012,
                "-6.5": 0.1401,
                "-7.0": 0.1545,
                "-7.5": 0.1511,
                "-8.0": 0.1247,
                "-8.5": 0.0832,
                "-9.0": 0.0649
            },
            "Qs_in": 0.0,
            "Qs_out_bed": 0.0,
            "Qs_out_wall": 0.0,
            "D50": 0.1293029951197813,
            "D84": 0.26051248856998654
        },
        "downstream": {
            "flow_scale": 0.615,
            "elevation": 1488.215000233834,
            "length": 200,
            "bankfull_width": 11,
            "lwd_factor": null,
            "gsd": {
                "1.0": 0.0,
                "0.0": 4.727137512384388e-06,
                "-1.0": 1.6663132268167843e-05,
                "-2.0": 6.145278766099707e-05,
                "-2.5": 1.7643698543661707e-05,
                "-3.0": 0.006071812592957907,
                "-3.5": 0.013524476034892879,
                "-4.0": 0.02666036480346809,
                "-4.5": 0.04801132613722881,
                "-5.0": 0.07461083645741563,
                "-5.5": 0.11281638542086433,
                "-6.0": 0.15252215227554805,
                "-6.5": 0.18362666988715162,
                "-7.0": 0.1568227768970881,
                "-7.5": 0.12171767824219143,
                "-8.0": 0.06410931121877132,
                "-8.5": 0.027203951094392827,
                "-9.0": 0.012201772182043843
            },
            "Qs_in": 0.0,
            "Qs_out": 0.0,
            "D50": 0.0894191939373379,
            "D84": 0.18199608272106008
        }
    },
    "sed_masses": {
        "upstream": {
            "1.0": 7.739988082024573e-07,
            "0.0": 6.191990465619659e-06,
            "-1.0": 0.00019814369489982908,
            "-2.0": 0.004755448677595897,
            "-2.5": 0.0448348001001688,
            "-3.0": 0.26313482682697303,
            "-3.5": 1.3360770429850306,
            "-4.0": 7.735529848889327,
            "-4.5": 39.38288840798828,
            "-5.0": 174.29036433300809,
            "-5.5": 703.5835510119292,
            "-6.0": 2425.0505640373835,
            "-6.5": 7593.652159045551,
            "-7.0": 20841.800028273094,
            "-7.5": 39887.3337108753,
            "-8.0": 59941.2765922172,
            "-8.5": 76689.4592894177,
            "-9.0": 78121.03985675446
        },
        "downstream": {
            "1.0": 0.0,
            "0.0": 4.19800196884794e-06,
            "-1.0": 0.00010075204725235054,
            "-2.0": 0.003492737638081487,
            "-2.5": 0.019757907750343254,
            "-3.0": 0.12466386646690843,
            "-3.5": 0.7903163100137298,
            "-4.0": 4.384729096422296,
            "-4.5": 22.32339607977243,
            "-5.0": 102.61985587234618,
            "-5.5": 438.88088501931674,
            "-6.0": 1678.233567885554,
            "-6.5": 5714.789396421742,
            "-7.0": 13804.434016758287,
            "-7.5": 30304.56947906432,
            "-8.0": 45146.13369766358,
            "-8.5": 54184.669832739484,
            "-9.0": 68740.44694059227
        },
        "deposit_upstream": {
            "1.0": 0.0,
            "0.0": 0.0,
            "-1.0": 0.0,
            "-2.0": 0.031951441132651644,
            "-2.5": 0.25304250376810455,
            "-3.0": 2.044892232489705,
            "-3.5": 10.844678732918766,
            "-4.0": 67.8904221186582,
            "-4.5": 344.71618799037776,
            "-5.0": 1593.3800275559777,
            "-5.5": 6644.462361801106,
            "-6.0": 26488.716022778633,
            "-6.5": 103720.24255023235,
            "-7.0": 323518.3103177312,
            "-7.5": 894910.9864005771,
            "-8.0": 2088944.1189188906,
            "-8.5": 3942109.5469769957,
            "-9.0": 8697512.3219141
        },
        "deposit_downstream": {
            "1.0": 0.0,
            "0.0": 0.0,
            "-1.0": 0.0,
            "-2.0": 0.034214530011232376,