{
    "timestep": "2017-04-16 00:00",
    "deposit_mass": 2401711,
    "reaches": {
        "upstream": {
            "flow_scale": 0.78,
            "elevation": 1746.3483104524873,
            "length": 50,
            "bankfull_width": 6,
            "lwd_factor": null,
            "gsd": {
                "1.0": 0.15381534745091258,
                "0.0": 0.009155498615931026,
                "-1.0": 0.01988363487758639,
                "-2.0": 0.024817087581325063,
                "-2.5": 0.004706306073640797,
                "-3.0": 0.003698306457758837,
                "-3.5": 0.0009738001256122088,
                "-4.0": 0.0016860965945724477,
                "-4.5": 0.06702966715962703,
                "-5.0": 0.6242964887600911,
                "-5.5": 0.08874246766748235,
                "-6.0": 0.00038395571415467816,
                "-6.5": 0.0003192081509766142,
                "-7.0": 0.00026192121236227005,
                "-7.5": 0.00013402479126981283,
                "-8.0": 6.23495052825757e-05,
                "-8.5": 2.0516717550250085e-05,
                "-9.0": 1.3322543863796918e-05
            },
            "Qs_in": 0.0,
            "Qs_out": 0.0,
            "D50": 0.02930114004588116,
            "D84": 0.04395171006882173
        },
        "deposit_upstream": {
            "flow_scale": 0.79,
            "elevation": 1746.0331316942074,
            "length": 55,
            "width": 1.6071675721338496,
            "bankfull_width": 6,
            "lwd_factor": null,
            "gsd_bed": {
                "1.0": 1.825536564380941e-13,
                "0.0": 0.027658975857737297,
                "-1.0": 0.061413830480099685,
                "-2.0": 0.3310220962367164,
                "-2.5": 0.26802494768974516,
                "-3.0": 0.2664340587052333,
                "-3.5": 0.012270725908255892,
                "-4.0": 4.4670536956328675e-05,
                "-4.5": 0.003855890036889534,
                "-5.0": 3.16875766873051e-05,
                "-5.5": 0.00020340348971159365,
                "-6.0": 0.00018268264991017674,
                "-6.5": 0.0013549882430327538,
                "-7.0": 0.005287803668356665,
                "-7.5": 0.019800419645071822,
                "-8.0": 0.002413819275413544,
                "-8.5": 0.0,
                "-9.0": 0.0
            },
            "gsd_wall": {
                "1.0": 0.9487999476294182,
                "0.0": 1.8294058808117294e-06,
                "-1.0": 3.912312393128717e-06,
                "-2.0": 3.7560563305405473e-06,
                "-2.5": 2.6831484476823175e-06,
                "-3.0": 8.482118170844924e-07,
                "-3.5": 8.143777009502858e-07,
                "-4.0": 0.026609648153877757,
                "-4.5": 3.7822547729053647e-06,
                "-5.0": 0.0053125140476754555,
                "-5.5": 0.005289865577732018,
                "-6.0": 0.004750255962871325,
                "-6.5": 0.004786783404521358,
                "-7.0": 0.0020092504382395234,
                "-7.5": 0.0021630111261040893,
                "-8.0": 0.00026109789221704754,
                "-8.5": 0.0,
                "-9.0": 0.0
            },
            "Qs_in": 0.0,
            "Qs_out_bed": 0.0,
            "Qs_out_wall": 0.0,
            "D50": 0.005665311950031425,
            "D84": 0.008497967925047136
        },
        "deposit_downstream": {
            "flow_scale": 0.83,
            "elevation": 1744.07122144078,
            "length": 47,
            "width": 6.425948830854842,
            "bankfull_width": 7.5,
            "lwd_factor": 1,
            "gsd_bed": {
                "1.0": 0.5993486216582319,
                "0.0": 0.22980664154252528,
                "-1.0": 0.11142217246931094,
                "-2.0": 8.256286644565553e-09,
                "-2.5": 7.891645001872604e-09,
                "-3.0": 0.032593928872577255,
                "-3.5": 0.020104975193542846,
                "-4.0": 0.0016630457877631175,
                "-4.5": 0.003948239070552302,
                "-5.0": 6.11598494355558e-05,
                "-5.5": 2.4704381167124454e-05,
                "-6.0": 2.674497138371995e-05,
                "-6.5": 0.0002802722404041556,
                "-7.0": 7.441789386228181e-06,
                "-7.5": 0.0001940615281400746,
                "-8.0": 0.0005179744976478031,
                "-8.5": 0.0,
                "-9.0": 0.0
            },
            "gsd_wall": {
                "1.0": 2.0661640127176086e-05,
                "0.0": 2.167010113037312e-05,
                "-1.0": 1.1952844540406668e-05,
                "-2.0": 0.5007767364889276,
                "-2.5": 0.49358245070155066,
                "-3.0": 6.862672576199559e-06,
                "-3.5": 7.729018371809145e-06,
                "-4.0": 1.0557674242723975e-05,
                "-4.5": 8.748464707833282e-06,
                "-5.0": 1.1107301345113876e-05,
                "-5.5": 2.4536090924583313e-05,
                "-6.0": 3.6787393645774463e-05,
                "-6.5": 0.00021028146114132802,
                "-7.0": 0.00030820813321119454,
                "-7.5": 0.0035334734713680658,
                "-8.0": 0.0014282365421890422,
                "-8.5": 0.0,
                "-9.0": 0.0
            },
            "Qs_in": 0.0,
            "Qs_out_bed": 0.0,
            "Qs_out_wall": 0.0,
            "D50": 0.0007071067811865476,
            "D84": 0.0016975883692805203
        },
        "downstream": {
            "flow_scale": 0.835,
            "elevation": 1742.6756881591587,
            "length": 65,
            "bankfull_width": 6,
            "lwd_factor": null,
            "gsd": {
                "1.0": 0.49599230805675665,
                "0.0": 0.3209308582688563,
                "-1.0": 5.2856694042518423e-08,
                "-2.0": 1.9659483153900313e-06,
                "-2.5": 1.1289606469349525e-06,
                "-3.0": 7.107016679713553e-06,
                "-3.5": 4.505265140620732e-05,
                "-4.0": 2.1881287824707515e-05,
                "-4.5": 7.049507070774445e-05,
                "-5.0": 0.00025986974689754037,
                "-5.5": 0.0006921245013471206,
                "-6.0": 0.0007649176094259262,
                "-6.5": 0.00854496615967809,
                "-7.0": 0.058501593449627944,
                "-7.5": 0.11290415431098777,
                "-8.0": 0.0010750157166746265,
                "-8.5": 0.00013766095265889473,
                "-9.0": 4.884743481444654e-05
            },
            "Qs_in": 0.0,
            "Qs_out": 0.0,
            "D50": 0.0008339967120894417,
            "D84": 0.12693437365574906
        }
    },
    "dep_masses": {
        "deposit_upstream": {
            "1.0": 0.0,
            "0.0": 0.0,
            "-1.0": 0.0,
            "-2.0": 0.0,
            "-2.5": 0.0,
            "-3.0": 0.0,
            "-3.5": 0.0,
            "-4.0": 4193.937848852463,
            "-4.5": 0.0,
            "-5.0": 7149.012201469273,
            "-5.5": 20116.106506397606,
            "-6.0": 51100.81454760991,
            "-6.5": 145623.73135259148,
            "-7.0": 173065.046559359,
            "-7.5": 528350.0803872517,
            "-8.0": 181046.28643002163,
            "-8.5": 0.0,
            "-9.0": 0.0
        },
        "deposit_downstream": {
            "1.0": 0.0,
            "0.0": 0.0,
            "-1.0": 0.0,
            "-2.0": 507.90851166601936,
            "-2.5": 1373.1350806398327,
            "-3.0": 0.0,
            "-3.5": 0.0,
            "-4.0": 0.0,
            "-4.5": 0.0,
            "-5.0": 0.34832017369257207,
            "-5.5": 12.981307752056763,
            "-6.0": 93.71148670112147,
            "-6.5": 2441.101518530455,
            "-7.0": 6538.192377996137,
            "-7.5": 211192.0698342504,
            "-8.0": 241040.79662247625,
            "-8.5": 0.0,
            "-9.0": 0.0
        }
    },