{
    "timestep": "2012-05-12 16:00",
    "deposit_mass": 2401711,
    "reaches": {
        "upstream": {
            "flow_scale": 0.78,
            "elevation": 1746.1929897238554,
            "length": 50,
            "bankfull_width": 6,
            "lwd_factor": null,
            "gsd": {
                "1.0": 8.02961696622716e-05,
                "0.0": 0.009942888102975235,
                "-1.0": 0.025377418608452385,
                "-2.0": 0.03176281181560243,
                "-2.5": 0.045047095425921606,
                "-3.0": 0.028589781618211556,
                "-3.5": 0.39485546844755515,
                "-4.0": 0.32495589989781154,
                "-4.5": 0.1144979137362058,
                "-5.0": 0.022649980836472027,
                "-5.5": 0.0022245509384316094,
                "-6.0": 5.105625120061816e-06,
                "-6.5": 4.24464878128665e-06,
                "-7.0": 3.4828795926584248e-06,
                "-7.5": 1.7821855901395494e-06,
                "-8.0": 8.290883262279458e-07,
                "-8.5": 2.72819662904068e-07,
                "-9.0": 1.7715562526237943e-07
            },
            "Qs_in": 0.07804894248762148,
            "Qs_out": 0.14161004078827044,
            "D50": 0.010973776073415206,
            "D84": 0.016518765170636718
        },
        "deposit_upstream": {
            "flow_scale": 0.79,
            "elevation": 1746.072366758844,
            "length": 55,
            "width": 1.4093244424675573,
            "bankfull_width": 6,
            "lwd_factor": null,
            "gsd_bed": {
                "1.0": 0.19698313317029964,
                "0.0": 0.007897175610840065,
                "-1.0": 0.05177296873065461,
                "-2.0": 0.28021834563210024,
                "-2.5": 0.22680305406059562,
                "-3.0": 0.22556761087527766,
                "-3.5": 0.010214050155515585,
                "-4.0": 2.4350344092209517e-06,
                "-4.5": 5.1659832060826285e-06,
                "-5.0": 6.442032908180137e-06,
                "-5.5": 6.429175030214199e-06,
                "-6.0": 1.8358717944212764e-05,
                "-6.5": 1.847361504206488e-05,
                "-7.0": 6.015025993418218e-05,
                "-7.5": 0.000371449111800598,
                "-8.0": 5.475783444170025e-05,
                "-8.5": 0.0,
                "-9.0": 0.0
            },
            "gsd_wall": {
                "1.0": 0.5381986962701044,
                "0.0": 0.44731346439335534,
                "-1.0": 0.0012037283846168638,
                "-2.0": 0.0022550040211288093,
                "-2.5": 0.0021405884551612647,
                "-3.0": 0.001723787142065944,
                "-3.5": 0.0007145486334597117,
                "-4.0": 0.0008317713734001006,
                "-4.5": 0.0008317713854810444,
                "-5.0": 0.0010385921786077502,
                "-5.5": 0.0010354712877169259,
                "-6.0": 0.0009304301822394118,
                "-6.5": 0.0009364910841044421,
                "-7.0": 0.00039274857101142613,
                "-7.5": 0.00040390904184162704,
                "-8.0": 4.89975957048762e-05,
                "-8.5": 0.0,
                "-9.0": 0.0
            },
            "Qs_in": 0.14161004078827044,
            "Qs_out_bed": 0.05931719629059226,
            "Qs_out_wall": 0.2180243275973634,
            "D50": 0.005664312139625366,
            "D84": 0.008496468209438047
        },
        "deposit_downstream": {
            "flow_scale": 0.83,
            "elevation": 1744.2115692090651,
            "length": 47,
            "width": 5.57266320123699,
            "bankfull_width": 7.5,
            "lwd_factor": 1,
            "gsd_bed": {
                "1.0": 0.9970169499301662,
                "0.0": 1.795457430696441e-07,
                "-1.0": 2.6577291176194287e-09,
                "-2.0": 3.2229675708659753e-07,
                "-2.5": 8.464160711485605e-07,
                "-3.0": 2.2648173811944836e-06,
                "-3.5": 2.5175262193171346e-06,
                "-4.0": 1.4584409474341625e-06,
                "-4.5": 8.378793326068776e-07,
                "-5.0": 1.0396496868128552e-06,
                "-5.5": 1.0383826019504664e-06,
                "-6.0": 1.5450081432801355e-05,
                "-6.5": 0.00014948858019652665,
                "-7.0": 0.0001844640552591937,
                "-7.5": 0.001858979485104626,
                "-8.0": 0.0007641602553708691,
                "-8.5": 0.0,
                "-9.0": 0.0
            },
            "gsd_wall": {
                "1.0": 0.00010814105941387864,
                "0.0": 0.7566664343116428,
                "-1.0": 0.011450675220712086,
                "-2.0": 0.009913346386644435,
                "-2.5": 0.025672966145837122,
                "-3.0": 0.06920912563947289,
                "-3.5": 0.0002503678586645433,
                "-4.0": 0.00010585989472453047,
                "-4.5": 0.0001309233683822703,
                "-5.0": 0.00024694266165167306,
                "-5.5": 0.00021094975474791034,
                "-6.0": 0.0007931446896009607,
                "-6.5": 0.007646379187668421,
                "-7.0": 0.005716142158386719,
                "-7.5": 0.09406798824402456,
                "-8.0": 0.017810613418425093,
                "-8.5": 0.0,
                "-9.0": 0.0
            },
            "Qs_in": 0.27734152388795563,
            "Qs_out_bed": 0.49799996038871536,
            "Qs_out_wall": 0.0,
            "D50": 0.0007071067811865476,
            "D84": 0.001037989178727119
        },
        "downstream": {
            "flow_scale": 0.835,
            "elevation": 1742.4645425517547,
            "length": 65,
            "bankfull_width": 6,
            "lwd_factor": null,
            "gsd": {
                "1.0": 0.5531596452411381,
                "0.0": 0.3579208726088181,
                "-1.0": 1.7413223585642683e-08,
                "-2.0": 1.1695046893037798e-06,
                "-2.5": 5.803081158722431e-07,
                "-3.0": 1.4691296654399306e-07,
                "-3.5": 8.852326836694928e-07,
                "-4.0": 8.993204022944174e-06,
                "-4.5": 3.507436650586335e-05,
                "-5.0": 1.7023532917956695e-05,
                "-5.5": 3.6544410140811986e-05,
                "-6.0": 0.0009937616370999723,
                "-6.5": 0.0033193523651560506,
                "-7.0": 0.05787832581201949,
                "-7.5": 0.025963620076407127,
                "-8.0": 0.0006181813692905736,
                "-8.5": 3.380919402188859e-05,
                "-9.0": 1.1996810781960463e-05
            },
            "Qs_in": 0.49799996038871536,
            "Qs_out": 0.5379165742381922,
            "D50": 0.0007071067811865476,
            "D84": 0.0009565720224673783
        }
    },
    "dep_masses": {
        "deposit_upstream": {
            "1.0": 9.253598137719953,
            "0.0": 61.5275967002351,
            "-1.0": 0.0,
            "-2.0": 0.0,
            "-2.5": 0.0,
            "-3.0": 0.0,
            "-3.5": 0.0,
            "-4.0": 751.1363049705436,
            "-4.5": 2124.600518083121,
            "-5.0": 7493.629649256571,
            "-5.5": 21152.881153708753,
            "-6.0": 53747.68763246917,
            "-6.5": 152972.83586352083,
            "-7.0": 180989.17214496247,
            "-7.5": 528350.0803872517,
            "-8.0": 181046.28643002163,
            "-8.5": 0.0,
            "-9.0": 0.0
        },
        "deposit_downstream": {
            "1.0": 0.0,
            "0.0": 0.6179274522139457,
            "-1.0": 0.07317505854357953,
            "-2.0": 0.5071026762936177,
            "-2.5": 3.7667679040840594,
            "-3.0": 28.642220698094192,
            "-3.5": 0.0,
            "-4.0": 0.0,
            "-4.5": 0.0,
            "-5.0": 0.0,
            "-5.5": 0.0,
            "-6.0": 160.5611213789102,
            "-6.5": 4630.436556676466,