{
    "timestep": "2012-04-05 04:00",
    "deposit_mass": 2401711,
    "reaches": {
        "upstream": {
            "flow_scale": 0.78,
            "elevation": 1746.1185,
            "length": 50,
            "bankfull_width": 6,
            "lwd_factor": null,
            "gsd": {
                "1.0": 0.00495589255624937,
                "0.0": 0.00495589255624937,
                "-1.0": 0.00703736742987412,
                "-2.0": 0.009317078005748837,
                "-2.5": 0.016850034691247875,
                "-3.0": 0.03201506591337102,
                "-3.5": 0.048964218455743835,
                "-4.0": 0.06531866389136681,
                "-4.5": 0.09654078699573802,
                "-5.0": 0.12528496382198429,
                "-5.5": 0.1441173555357321,
                "-6.0": 0.1428288234711072,
                "-6.5": 0.11874318564773509,
                "-7.0": 0.09743284765586274,
                "-7.5": 0.049856279115868825,
                "-8.0": 0.0231935771632471,
                "-8.5": 0.0076320745366240264,
                "-9.0": 0.00495589255624937
            },
            "Qs_in": 0.0,
            "Qs_out": 0.0,
            "D50": 0.04543415634567647,
            "D84": 0.12766173715105641
        },
        "deposit_upstream": {
            "flow_scale": 0.79,
            "elevation": 1746.2987085926904,
            "length": 55,
            "width": 1.0000848991282296,
            "bankfull_width": 6,
            "lwd_factor": null,
            "gsd_bed": {
                "1.0": 1.734508077267171e-05,
                "0.0": 1.7366192754102382e-05,
                "-1.0": 3.335699120920752e-07,
                "-2.0": 0.00021948742659901922,
                "-2.5": 0.00021984542254635279,
                "-3.0": 5.792752403603011e-05,
                "-3.5": 5.792569489380312e-05,
                "-4.0": 8.758644227918037e-05,
                "-4.5": 8.758644227917976e-05,
                "-5.0": 0.00010922134037204453,
                "-5.5": 0.007396077896329548,
                "-6.0": 0.34459741863211363,
                "-6.5": 0.34459741863211407,
                "-7.0": 0.14286690131900812,
                "-7.5": 0.14286690131900806,
                "-8.0": 0.016800657064982072,
                "-8.5": 0.0,
                "-9.0": 0.0
            },
            "gsd_wall": {
                "1.0": 0.029616518201674304,
                "0.0": 0.942165112854872,
                "-1.0": 0.01603600361081546,
                "-2.0": 0.002174958509109598,
                "-2.5": 0.002174986097059888,
                "-3.0": 0.0005730915747808594,
                "-3.5": 0.0005730916090224485,
                "-4.0": 0.0008665421317146657,
                "-4.5": 0.0008665421317146657,
                "-5.0": 0.0010805883953254594,
                "-5.5": 0.0010805773914357674,
                "-6.0": 0.0009701353844261442,
                "-6.5": 0.0009701353844261444,
                "-7.0": 0.00040220915404144225,
                "-7.5": 0.0004022091540414436,
                "-8.0": 4.729841553963736e-05,
                "-8.5": 0.0,
                "-9.0": 0.0
            },
            "Qs_in": 0.0,
            "Qs_out_bed": 0.0,
            "Qs_out_wall": 0.0,
            "D50": 0.09063262384498827,
            "D84": 0.1359489357674824
        },
        "deposit_downstream": {
            "flow_scale": 0.83,
            "elevation": 1743.7399821236768,
            "length": 47,
            "width": 1.8336000678503612,
            "bankfull_width": 7.5,
            "lwd_factor": 1,
            "gsd_bed": {
                "1.0": 0.4911295953387708,
                "0.0": 0.4911295953387689,
                "-1.0": 0.009366770026981209,
                "-2.0": 0.0013674681395167256,
                "-2.5": 0.0014104275608065617,
                "-3.0": 0.0003783101051366872,
                "-3.5": 0.00037831010513654864,
                "-4.0": 0.0005723799270382722,
                "-4.5": 0.0005723799270382997,
                "-5.0": 0.0007140389098063159,
                "-5.5": 0.0007140389098063233,
                "-6.0": 0.0006407826639594262,
                "-6.5": 0.0006407826639594277,
                "-7.0": 0.0004219744778387438,
                "-7.5": 0.00049859143494489,
                "-8.0": 6.455447049102055e-05,
                "-8.5": 0.0,
                "-9.0": 0.0
            },
            "gsd_wall": {
                "1.0": 0.4910377313882974,
                "0.0": 0.49103773124903166,
                "-1.0": 0.009368544410264348,
                "-2.0": 0.0013797975822640112,
                "-2.5": 0.0014252485937984599,
                "-3.0": 0.0003895103730181148,
                "-3.5": 0.0003895103730220236,
                "-4.0": 0.0005836696393882708,
                "-4.5": 0.0005836696393867655,
                "-5.0": 0.0007245685232132542,
                "-5.5": 0.0007245685232128912,
                "-6.0": 0.0006537264448057156,
                "-6.5": 0.0006537264448056765,
                "-7.0": 0.00044564224894317873,
                "-7.5": 0.0005257996730141376,
                "-8.0": 7.655489353457103e-05,
                "-8.5": 0.0,
                "-9.0": 0.0
            },
            "Qs_in": 0.0,
            "Qs_out_bed": 945.9900228695856,
            "Qs_out_wall": 0.10670864924799404,
            "D50": 0.0007533180593267009,
            "D84": 0.0011299770889900513
        },
        "downstream": {
            "flow_scale": 0.835,
            "elevation": 1741.9100400855323,
            "length": 65,
            "bankfull_width": 6,
            "lwd_factor": null,
            "gsd": {
                "1.0": 0.4354059442323177,
                "0.0": 0.43540594421696804,
                "-1.0": 0.008304406517743843,
                "-2.0": 0.0010683706623927519,
                "-2.5": 0.0011021973147806192,
                "-3.0": 0.0002962071651581338,
                "-3.5": 0.0002962071651580252,
                "-4.0": 0.00044781599046536826,
                "-4.5": 0.017571131406786407,
                "-5.0": 0.02628064249611912,
                "-5.5": 0.02628333842463302,
                "-6.0": 0.023593243711591515,
                "-6.5": 0.023593206943791453,
                "-7.0": 0.0003324582260491125,
                "-7.5": 1.871934716859895e-05,
                "-8.0": 1.0538172631446483e-07,
                "-8.5": 4.487408675478563e-08,
                "-9.0": 1.5923063042020732e-08
            },
            "Qs_in": 946.0967315188336,
            "Qs_out": 0.0,
            "D50": 0.04572681527075609,
            "D84": 0.0895907799477222
        }
    },
    "dep_masses": {
        "deposit_upstream": {
            "1.0": 23.554426200567725,
            "0.0": 188.7202073031619,
            "-1.0": 29.10159613797034,
            "-2.0": 31.576376718611893,
            "-2.5": 89.56281217420315,
            "-3.0": 66.7483068182006,
            "-3.5": 188.7867601424472,
            "-4.0": 807.3877583622958,
            "-4.5": 2283.637435939937,
            "-5.0": 8054.577477845354,
            "-5.5": 22736.695198401172,
            "-6.0": 58022.36141290611,
            "-6.5": 164112.0208620904,
            "-7.0": 192444.27344067078,
            "-7.5": 544314.6030016664,
            "-8.0": 181046.28643002163,
            "-8.5": 0.0,
            "-9.0": 0.0
        },
        "deposit_downstream": {
            "1.0": 13.451389106518993,
            "0.0": 107.61111285292445,
            "-1.0": 16.41885662261571,
            "-2.0": 19.30699855683613,
            "-2.5": 56.337610115760405,
            "-3.0": 42.803339840159076,
            "-3.5": 121.06612743367458,
            "-4.0": 517.7001955172639,
            "-4.5": 1464.2772754873538,
            "-5.0": 5164.096546544421,
            "-5.5": 14606.270747054203,
            "-6.0": 37090.88418276335,
            "-6.5": 104908.86290334721,