{
    "timestep": "2018-07-11 08:00",
    "deposit_mass": 2401711,
    "reaches": {
        "upstream": {
            "flow_scale": 0.78,
            "elevation": 1746.4872714466171,
            "length": 50,
            "bankfull_width": 6,
            "lwd_factor": null,
            "gsd": {
                "1.0": 0.05765620600494514,
                "0.0": 0.0,
                "-1.0": 0.0,
                "-2.0": 0.0,
                "-2.5": 0.0,
                "-3.0": 0.0,
                "-3.5": 0.0,
                "-4.0": 0.0,
                "-4.5": 0.0,
                "-5.0": 0.08578617344904779,
                "-5.5": 0.5241680995773154,
                "-6.0": 0.330339688658193,
                "-6.5": 0.0008481582907108362,
                "-7.0": 0.0006867706752625622,
                "-7.5": 0.00035141978601940034,
                "-8.0": 0.00016348355850604227,
                "-8.5": 0.0,
                "-9.0": 0.0
            },
            "Qs_in": 0.0006243915399009732,
            "Qs_out": 0.0,
            "D50": 0.04386216298135745,
            "D84": 0.06661581623585257
        },
        "deposit_upstream": {
            "flow_scale": 0.79,
            "elevation": 1745.9232600332793,
            "length": 55,
            "width": 2.8168621196191834,
            "bankfull_width": 6,
            "lwd_factor": null,
            "gsd_bed": {
                "1.0": 0.0,
                "0.0": 0.0,
                "-1.0": 0.0,
                "-2.0": 0.0,
                "-2.5": 0.0,
                "-3.0": 0.0,
                "-3.5": 0.0,
                "-4.0": 0.0,
                "-4.5": 0.0,
                "-5.0": 0.0,
                "-5.5": 0.08873930288424,
                "-6.0": 0.15461674538614775,
                "-6.5": 0.3204860116807257,
                "-7.0": 0.20101495348926557,
                "-7.5": 0.20839568545039827,
                "-8.0": 0.02674730110922272,
                "-8.5": 0.0,
                "-9.0": 0.0
            },
            "gsd_wall": {
                "1.0": 0.0,
                "0.0": 0.0,
                "-1.0": 0.0,
                "-2.0": 0.0,
                "-2.5": 0.0,
                "-3.0": 0.0,
                "-3.5": 0.0,
                "-4.0": 0.13812571664758178,
                "-4.5": 0.16413437665542294,
                "-5.0": 0.07930495655307619,
                "-5.5": 0.05348777165037002,
                "-6.0": 0.10529974594614482,
                "-6.5": 0.20036504836292826,
                "-7.0": 0.1195665360307654,
                "-7.5": 0.12368324758041804,
                "-8.0": 0.01603260057329261,
                "-8.5": 0.0,
                "-9.0": 0.0
            },
            "Qs_in": 0.0,
            "Qs_out_bed": 86.6342731237136,
            "Qs_out_wall": 0.0,
            "D50": 0.0007071067811865476,
            "D84": 0.0456364766901198
        },
        "deposit_downstream": {
            "flow_scale": 0.83,
            "elevation": 1744.1528284898359,
            "length": 47,
            "width": 6.5638203754707165,
            "bankfull_width": 7.5,
            "lwd_factor": 1,
            "gsd_bed": {
                "1.0": 0.7351996622875628,
                "0.0": 0.16620199181356524,
                "-1.0": 0.03169875438370236,
                "-2.0": 0.004462646374216014,
                "-2.5": 0.0019005468562664312,
                "-3.0": 0.0015699528110313039,
                "-3.5": 0.0007956035105615392,
                "-4.0": 0.0004913711018976204,
                "-4.5": 0.03287017545205874,
                "-5.0": 0.015023832589281687,
                "-5.5": 0.0005455872285364,
                "-6.0": 0.0004305051409787757,
                "-6.5": 0.0003939543891367861,
                "-7.0": 0.0005683081635442849,
                "-7.5": 0.003955434387442375,
                "-8.0": 0.0038916735102176503,
                "-8.5": 0.0,
                "-9.0": 0.0
            },
            "gsd_wall": {
                "1.0": 0.0,
                "0.0": 0.0,
                "-1.0": 0.0,
                "-2.0": 0.0,
                "-2.5": 0.05417095380256491,
                "-3.0": 0.31413594751341584,
                "-3.5": 0.1501638083503883,
                "-4.0": 0.06402243059895717,
                "-4.5": 0.06235162258723293,
                "-5.0": 0.013970642946752357,
                "-5.5": 0.00971932575182331,
                "-6.0": 0.015785409569808614,
                "-6.5": 0.016878303878757172,
                "-7.0": 0.022060939202066563,
                "-7.5": 0.1465903083361548,
                "-8.0": 0.13015030746207798,
                "-8.5": 0.0,
                "-9.0": 0.0
            },
            "Qs_in": 86.6342731237136,
            "Qs_out_bed": 0.0,
            "Qs_out_wall": 0.0,
            "D50": 0.17617520160132394,
            "D84": 0.26426280240198585
        },
        "downstream": {
            "flow_scale": 0.835,
            "elevation": 1742.7021745303036,
            "length": 65,
            "bankfull_width": 6,
            "lwd_factor": null,
            "gsd": {
                "1.0": 0.0,
                "0.0": 0.0,
                "-1.0": 0.0,
                "-2.0": 0.0,
                "-2.5": 0.0,
                "-3.0": 0.0,
                "-3.5": 0.0,
                "-4.0": 0.0,
                "-4.5": 0.0,
                "-5.0": 0.0,
                "-5.5": 0.011465470362522745,
                "-6.0": 0.02825871810662394,
                "-6.5": 0.01180914103476685,
                "-7.0": 0.12833199966703746,
                "-7.5": 0.7953260891380556,
                "-8.0": 0.024808581690993505,
                "-8.5": 0.0,
                "-9.0": 0.0
            },
            "Qs_in": 0.0,
            "Qs_out": 81.48151155497675,
            "D50": 0.0007071067811865476,
            "D84": 0.03198650904080258
        }
    },
    "sed_masses": {
        "upstream": {
            "1.0": 10.004269893469928,
            "0.0": 27.43471430807708,
            "-1.0": 93.38582967077743,
            "-2.0": 246.09187729706633,
            "-2.5": 711.3080203373518,
            "-3.0": 2166.52121184689,
            "-3.5": 4113.522928989725,
            "-4.0": 6662.9836088475495,
            "-4.5": 11371.00437440948,
            "-5.0": 25990.08383536791,
            "-5.5": 117919.62602410917,
            "-6.0": 55079.27648286019,
            "-6.5": 2393.059508505963,
            "-7.0": 5480.665831767055,
            "-7.5": 7932.184071028027,
            "-8.0": 10437.239508716102,
            "-8.5": 0.0,
            "-9.0": 0.0
        },
        "downstream": {
            "1.0": 0.09059540272517208,
            "0.0": 0.17431671635690874,
            "-1.0": 0.29328786327586015,
            "-2.0": 0.24240877923785484,
            "-2.5": 0.9833370800814022,
            "-3.0": 11.077511171221996,
            "-3.5": 30.404228033325488,
            "-4.0": 85.96216889804509,
            "-4.5": 168.10108101744106,
            "-5.0": 296.18490375545906,
            "-5.5": 153.32920461940805,
            "-6.0": 1068.883707657783,
            "-6.5": 1263.4012525244952,
            "-7.0": 38833.179367208955,
            "-7.5": 680703.8542255947,
            "-8.0": 60056.485063864166,
            "-8.5": 0.0,
            "-9.0": 0.0
        },
        "deposit_upstream": {
            "1.0": 5.978607779065421,
            "0.0": 14.782799727489602,
            "-1.0": 25.97462661369488,
            "-2.0": 37.682919972487824,
            "-2.5": 93.87964034783795,
            "-3.0": 1216.0825540764395,
            "-3.5": 2527.105607933558,
            "-4.0": 4223.65998999973,
            "-4.5": 7569.272974888824,
            "-5.0": 9615.441383543468,
            "-5.5": 3289.5010184582575,
            "-6.0": 16210.630123160276,
            "-6.5": 95037.97487108802,
            "-7.0": 168601.507820054,