{
    "timestep": "2012-04-03 02:00",
    "deposit_mass": 2401711,
    "reaches": {
        "upstream": {
            "flow_scale": 0.78,
            "elevation": 1746.1185,
            "length": 50,
            "bankfull_width": 6,
            "lwd_factor": null,
            "gsd": {
                "1.0": 0.004955892556249369,
                "0.0": 0.004955892556249369,
                "-1.0": 0.007037367429874123,
                "-2.0": 0.009317078005748828,
                "-2.5": 0.016850034691247875,
                "-3.0": 0.03201506591337101,
                "-3.5": 0.048964218455743884,
                "-4.0": 0.0653186638913668,
                "-4.5": 0.09654078699573794,
                "-5.0": 0.12528496382198429,
                "-5.5": 0.1441173555357321,
                "-6.0": 0.14282882347110729,
                "-6.5": 0.11874318564773508,
                "-7.0": 0.0974328476558627,
                "-7.5": 0.0498562791158688,
                "-8.0": 0.02319357716324709,
                "-8.5": 0.007632074536624032,
                "-9.0": 0.004955892556249369
            },
            "Qs_in": 0.0,
            "Qs_out": 0.0,
            "D50": 0.04543415634567647,
            "D84": 0.12766173715105641
        },
        "deposit_upstream": {
            "flow_scale": 0.79,
            "elevation": 1746.2987085926904,
            "length": 55,
            "width": 1.0000795891728422,
            "bankfull_width": 6,
            "lwd_factor": null,
            "gsd_bed": {
                "1.0": 1.734508077267171e-05,
                "0.0": 1.736619275410239e-05,
                "-1.0": 3.335699120920754e-07,
                "-2.0": 0.0002194874265990192,
                "-2.5": 0.000219845422546353,
                "-3.0": 5.792752403603014e-05,
                "-3.5": 5.79256948938032e-05,
                "-4.0": 8.758644227918045e-05,
                "-4.5": 8.75864422791798e-05,
                "-5.0": 0.00010922134037204453,
                "-5.5": 0.0073960778963295505,
                "-6.0": 0.34459741863211374,
                "-6.5": 0.3445974186321142,
                "-7.0": 0.1428669013190081,
                "-7.5": 0.142866901319008,
                "-8.0": 0.01680065706498206,
                "-8.5": 0.0,
                "-9.0": 0.0
            },
            "gsd_wall": {
                "1.0": 0.02961651820180661,
                "0.0": 0.942165112854614,
                "-1.0": 0.01603600361088711,
                "-2.0": 0.0021749585091193173,
                "-2.5": 0.002174986097069605,
                "-3.0": 0.0005730915747834204,
                "-3.5": 0.0005730916090250098,
                "-4.0": 0.0008665421317185382,
                "-4.5": 0.0008665421317185381,
                "-5.0": 0.0010805883953302889,
                "-5.5": 0.0010805773914405957,
                "-6.0": 0.0009701353844304782,
                "-6.5": 0.00097013538443048,
                "-7.0": 0.00040220915404324013,
                "-7.5": 0.0004022091540432411,
                "-8.0": 4.729841553984886e-05,
                "-8.5": 0.0,
                "-9.0": 0.0
            },
            "Qs_in": 0.0,
            "Qs_out_bed": 0.0,
            "Qs_out_wall": 0.004995132319207764,
            "D50": 0.0906326238449884,
            "D84": 0.13594893576748257
        },
        "deposit_downstream": {
            "flow_scale": 0.83,
            "elevation": 1743.7622241932622,
            "length": 47,
            "width": 1.5943090243006968,
            "bankfull_width": 7.5,
            "lwd_factor": 1,
            "gsd_bed": {
                "1.0": 0.49150974059238683,
                "0.0": 0.4915097405923846,
                "-1.0": 0.009374032971007718,
                "-2.0": 0.001290958282999461,
                "-2.5": 0.0013297933534886302,
                "-3.0": 0.00035716860172223605,
                "-3.5": 0.00035716860172210513,
                "-4.0": 0.0005399685827661013,
                "-4.5": 0.0005399685827661272,
                "-5.0": 0.000673410218563612,
                "-5.5": 0.0006734102185636187,
                "-6.0": 0.0006045894062108148,
                "-6.5": 0.0006045894062108157,
                "-7.0": 0.0002729688448840667,
                "-7.5": 0.0003206867469414488,
                "-8.0": 4.180499738164716e-05,
                "-8.5": 0.0,
                "-9.0": 0.0
            },
            "gsd_wall": {
                "1.0": 0.49143121720339306,
                "0.0": 0.49143121718865174,
                "-1.0": 0.009373483820185319,
                "-2.0": 0.0013061355823893906,
                "-2.5": 0.0013493872216432633,
                "-3.0": 0.0003621306158845741,
                "-3.5": 0.000362130615886587,
                "-4.0": 0.0005479659280030886,
                "-4.5": 0.0005479659280028438,
                "-5.0": 0.0006823493013910377,
                "-5.5": 0.000682349301390967,
                "-6.0": 0.0006125826906121189,
                "-6.5": 0.0006125826906121108,
                "-7.0": 0.00029867818794877024,
                "-7.5": 0.00035228318289016216,
                "-8.0": 4.75405411148711e-05,
                "-8.5": 0.0,
                "-9.0": 0.0
            },
            "Qs_in": 0.004995132319207764,
            "Qs_out_bed": 2609.8756468944553,
            "Qs_out_wall": 0.3437699692450137,
            "D50": 0.0007531343403224097,
            "D84": 0.0011297015104836145
        },
        "downstream": {
            "flow_scale": 0.835,
            "elevation": 1741.8254940700808,
            "length": 65,
            "bankfull_width": 6,
            "lwd_factor": null,
            "gsd": {
                "1.0": 0.4742757632740392,
                "0.0": 0.47540289124685453,
                "-1.0": 0.009045474496565198,
                "-2.0": 0.0010844624086668313,
                "-2.5": 0.0011172397668534637,
                "-3.0": 0.0002998761908768489,
                "-3.5": 0.00029987619087673903,
                "-4.0": 0.0004534125510896076,
                "-4.5": 0.004749533400012524,
                "-5.0": 0.00854993838922075,
                "-5.5": 0.00855618850199513,
                "-6.0": 0.007675445068073888,
                "-6.5": 0.007675359827350333,
                "-7.0": 0.000770755379850016,
                "-7.5": 4.339804645214713e-05,
                "-8.0": 2.4431199510388036e-07,
                "-8.5": 1.0403395395906958e-07,
                "-9.0": 3.6915273985476354e-08
            },
            "Qs_in": 2610.2194168637,
            "Qs_out": 0.0,
            "D50": 0.046164091360552474,
            "D84": 0.08996189626320895
        }
    },
    "dep_masses": {
        "deposit_upstream": {
            "1.0": 23.554426200567725,
            "0.0": 188.86007100824074,
            "-1.0": 29.10159613797034,
            "-2.0": 31.576376718611893,
            "-2.5": 89.56281217420315,
            "-3.0": 66.7483068182006,
            "-3.5": 188.7867601424472,
            "-4.0": 807.3877583622958,
            "-4.5": 2283.637435939937,
            "-5.0": 8054.577477845354,
            "-5.5": 22736.695198401172,
            "-6.0": 58022.36141290611,
            "-6.5": 164112.0208620904,
            "-7.0": 192444.27344067078,
            "-7.5": 544314.6030016664,
            "-8.0": 181046.28643002163,
            "-8.5": 0.0,
            "-9.0": 0.0
        },
        "deposit_downstream": {
            "1.0": 20.20184973794151,
            "0.0": 161.61479790360653,
            "-1.0": 24.658701167138304,
            "-2.0": 27.48365770013488,
            "-2.5": 80.18887006673592,
            "-3.0": 60.91602361310192,
            "-3.5": 172.29653351904986,
            "-4.0": 736.8148588718705,
            "-4.5": 2084.027132749235,
            "-5.0": 7349.978215594626,
            "-5.5": 20788.877751281405,
            "-6.0": 52790.07008540337,