{
    "timestep": "2018-04-19 00:00",
    "deposit_mass": 822761,
    "reaches": {
        "upstream": {
            "flow_scale": 0.78,
            "elevation": 1746.9965478494362,
            "length": 37.5,
            "bankfull_width": 5.5,
            "gsd": {
                "1.0": 0.007273397194956234,
                "0.0": 0.006741425237519491,
                "-1.0": 0.006144901649457455,
                "-2.0": 0.006193089480389686,
                "-2.5": 0.0031382588835665434,
                "-3.0": 0.007058800167794859,
                "-3.5": 0.012668365749756726,
                "-4.0": 0.024757921183964127,
                "-4.5": 0.048508462124896894,
                "-5.0": 0.07908718112598279,
                "-5.5": 0.14189685931708088,
                "-6.0": 0.19284609489374008,
                "-6.5": 0.22019289903685454,
                "-7.0": 0.1649983542037627,
                "-7.5": 0.07513326117563522,
                "-8.0": 0.003360728574641677,
                "-8.5": 0.0,
                "-9.0": 0.0
            },
            "Qs_in": 9.091792026551206,
            "Qs_out": 9.386358106256584
        },
        "deposit_upstream": {
            "flow_scale": 0.79,
            "elevation": 1745.9472363973491,
            "length": 41,
            "width": 2.1424425846790474,
            "bankfull_width": 5.5,
            "gsd_bed": {
                "1.0": 0.009305727376743123,
                "0.0": 0.008108719292757737,
                "-1.0": 0.007532068758237665,
                "-2.0": 0.00783655599043947,
                "-2.5": 0.004060058695831735,
                "-3.0": 0.009372551891032194,
                "-3.5": 0.01691383845541976,
                "-4.0": 0.03178236677988363,
                "-4.5": 0.057874184771970615,
                "-5.0": 0.08585022499495781,
                "-5.5": 0.14035850328413016,
                "-6.0": 0.18143490582661528,
                "-6.5": 0.20635312405718365,
                "-7.0": 0.15639827876772358,
                "-7.5": 0.0728393045287123,
                "-8.0": 0.003979586528361184,
                "-8.5": 0.0,
                "-9.0": 0.0
            },
            "gsd_wall": {
                "1.0": 5.733209574184862e-44,
                "0.0": 3.1535497100075356e-20,
                "-1.0": 5.7943276706355555e-09,
                "-2.0": 0.0002191586655718174,
                "-2.5": 0.002466214881351901,
                "-3.0": 0.01668382523257432,
                "-3.5": 0.035746252991945636,
                "-4.0": 0.09597631529554043,
                "-4.5": 0.12223965105506883,
                "-5.0": 0.23867037411532296,
                "-5.5": 0.2577689256104204,
                "-6.0": 0.07694204771737026,
                "-6.5": 0.07885195086339696,
                "-7.0": 0.033154555428591526,
                "-7.5": 0.03341457186440559,
                "-8.0": 0.007866150484111722,
                "-8.5": 0.0,
                "-9.0": 0.0
            },
            "Qs_in": 9.386358106256584,
            "Qs_out_bed": 9.526042125271976,
            "Qs_out_wall": 1.964450728060048e-08
        },
        "deposit_downstream": {
            "flow_scale": 0.83,
            "elevation": 1744.6128881590048,
            "length": 42,
            "width": 4.588233749907759,
            "bankfull_width": 5.5,
            "gsd_bed": {
                "1.0": 0.004400457280910255,
                "0.0": 0.004733361635135445,
                "-1.0": 0.005507284762365584,
                "-2.0": 0.005900885597854698,
                "-2.5": 0.003071382895196907,
                "-3.0": 0.00719235569597751,
                "-3.5": 0.013000999755094712,
                "-4.0": 0.024430198493900553,
                "-4.5": 0.04625656580150372,
                "-5.0": 0.07428797677828272,
                "-5.5": 0.1319406051245082,
                "-6.0": 0.1791706873800407,
                "-6.5": 0.20991939955070382,
                "-7.0": 0.17059085181767625,
                "-7.5": 0.10411719185603881,
                "-8.0": 0.015479795574810285,
                "-8.5": 0.0,
                "-9.0": 0.0
            },
            "gsd_wall": {
                "1.0": 0.05420031883154291,
                "0.0": 0.05567852014180226,
                "-1.0": 0.05777433045173865,
                "-2.0": 0.03159955644853877,
                "-2.5": 0.03161716030530065,
                "-3.0": 0.0551446904151169,
                "-3.5": 0.055154477633425285,
                "-4.0": 0.09642860843817638,
                "-4.5": 0.09643406149082051,
                "-5.0": 0.1642777775444845,
                "-5.5": 0.16428073763899412,
                "-6.0": 0.04695231800858466,
                "-6.5": 0.046952587585174885,
                "-7.0": 0.019470682577435124,
                "-7.5": 0.019470718198428633,
                "-8.0": 0.0045634542904357984,
                "-8.5": 0.0,
                "-9.0": 0.0
            },
            "Qs_in": 9.526042144916483,
            "Qs_out_bed": 4.9166276960690585,
            "Qs_out_wall": 9.292825679860475e-10
        },
        "downstream": {
            "flow_scale": 0.835,
            "elevation": 1742.637029779326,
            "length": 50,
            "bankfull_width": 5.5,
            "gsd": {
                "1.0": 0.004628468874472892,
                "0.0": 0.005743661631661838,
                "-1.0": 0.006773573935569836,
                "-2.0": 0.0067527424085065905,
                "-2.5": 0.003443463010184221,
                "-3.0": 0.007622971859457487,
                "-3.5": 0.012850581633346608,
                "-4.0": 0.02337309905604507,
                "-4.5": 0.04426960048471571,
                "-5.0": 0.07009238079884493,
                "-5.5": 0.12057393881727722,
                "-6.0": 0.16375784745656602,
                "-6.5": 0.20015014673405843,
                "-7.0": 0.1780734194663872,
                "-7.5": 0.12090148405111865,
                "-8.0": 0.03099261978178722,
                "-8.5": 0.0,
                "-9.0": 0.0
            },
            "Qs_in": 4.916627696998341,
            "Qs_out": 9.099603121642275
        }
    }
}