{
    "timestep": "2012-05-12 16:00",
    "deposit_mass": 2401711,
    "reaches": {
        "upstream": {
            "flow_scale": 0.78,
            "elevation": 1746.2638659431414,
            "length": 50,
            "bankfull_width": 6,
            "lwd_factor": null,
            "gsd": {
                "1.0": 0.46732101319591346,
                "0.0": 0.09272242325315704,
                "-1.0": 0.0,
                "-2.0": 0.0,
                "-2.5": 0.0,
                "-3.0": 0.0,
                "-3.5": 0.0,
                "-4.0": 0.03696103382790386,
                "-4.5": 0.2759033333607436,
                "-5.0": 0.10744332015319402,
                "-5.5": 0.01964887620908813,
                "-6.0": 1.9701739529099325e-23,
                "-6.5": 1.642713721725782e-23,
                "-7.0": 1.330138046504456e-23,
                "-7.5": 6.806301499407459e-24,
                "-8.0": 3.166350995748108e-24,
                "-8.5": 0.0,
                "-9.0": 0.0
            },
            "Qs_in": 0.3633958762223649,
            "Qs_out": 0.3196884684292963,
            "D50": 0.021494563174007122,
            "D84": 0.034036994943653955
        },
        "deposit_upstream": {
            "flow_scale": 0.79,
            "elevation": 1745.946939450624,
            "length": 55,
            "width": 2.3819927845004467,
            "bankfull_width": 6,
            "lwd_factor": null,
            "gsd_bed": {
                "1.0": 0.4506096726608824,
                "0.0": 0.38496005659018706,
                "-1.0": 0.011797728063791096,
                "-2.0": 0.002001792921032309,
                "-2.5": 0.001730912352004023,
                "-3.0": 0.0009125157268077562,
                "-3.5": 0.0007316518872473718,
                "-4.0": 0.0005848688831254297,
                "-4.5": 0.0003840632044709307,
                "-5.0": 0.00047252848242652456,
                "-5.5": 0.0004746559479633421,
                "-6.0": 0.0004990113143814349,
                "-6.5": 0.07206689912431828,
                "-7.0": 0.033831942768341,
                "-7.5": 0.03451165902028059,
                "-8.0": 0.004430041052740046,
                "-8.5": 0.0,
                "-9.0": 0.0
            },
            "gsd_wall": {
                "1.0": 0.0,
                "0.0": 0.0,
                "-1.0": 0.0,
                "-2.0": 0.0,
                "-2.5": 0.0,
                "-3.0": 0.1704242255425357,
                "-3.5": 0.13664741664376498,
                "-4.0": 0.10936262855533872,
                "-4.5": 0.07201299806659514,
                "-5.0": 0.08821717465349095,
                "-5.5": 0.08857268090432555,
                "-6.0": 0.09345827164830266,
                "-6.5": 0.11992288474957287,
                "-7.0": 0.05632244853777271,
                "-7.5": 0.05750156878820634,
                "-8.0": 0.007557701910094394,
                "-8.5": 0.0,
                "-9.0": 0.0
            },
            "Qs_in": 0.3196884684292963,
            "Qs_out_bed": 178.44974487672232,
            "Qs_out_wall": 0.0,
            "D50": 0.0007071067811865476,
            "D84": 0.0009878310915510257
        },
        "deposit_downstream": {
            "flow_scale": 0.83,
            "elevation": 1743.7392592119004,
            "length": 47,
            "width": 2.4172352233866645,
            "bankfull_width": 7.5,
            "lwd_factor": 1,
            "gsd_bed": {
                "1.0": 0.7005787559924127,
                "0.0": 0.27581254582129305,
                "-1.0": 0.02072446368193544,
                "-2.0": 0.0008272981376095034,
                "-2.5": 0.00014495958123033814,
                "-3.0": 8.891946635176385e-05,
                "-3.5": 4.509307113479085e-05,
                "-4.0": 0.000294820266359515,
                "-4.5": 0.00020120069250830118,
                "-5.0": 0.0002546426696176957,
                "-5.5": 0.00025551513249936814,
                "-6.0": 0.0002543577828041263,
                "-6.5": 7.987252389018346e-05,
                "-7.0": 3.5340220458208706e-05,
                "-7.5": 0.0003384120482367954,
                "-8.0": 6.38029116580379e-05,
                "-8.5": 0.0,
                "-9.0": 0.0
            },
            "gsd_wall": {
                "1.0": 0.507475146830039,
                "0.0": 0.46773860257383276,
                "-1.0": 0.010848737985566627,
                "-2.0": 0.002676340764321322,
                "-2.5": 0.0021494138076324776,
                "-3.0": 0.001203154839756398,
                "-3.5": 0.0010874570085932875,
                "-4.0": 0.0007719565422231685,
                "-4.5": 0.0005396159350783897,
                "-5.0": 0.0006923591855110078,
                "-5.5": 0.00101496436776068,
                "-6.0": 0.000931889252771106,
                "-6.5": 0.0007928232476338118,
                "-7.0": 0.000668989691880225,
                "-7.5": 0.0006965648016347788,
                "-8.0": 0.0007119831657651333,
                "-8.5": 0.0,
                "-9.0": 0.0
            },
            "Qs_in": 178.44974487672232,
            "Qs_out_bed": 1.8527844746701518,
            "Qs_out_wall": 0.0012487830798019464,
            "D50": 0.09061234302859525,
            "D84": 0.1783304597502413
        },
        "downstream": {
            "flow_scale": 0.835,
            "elevation": 1742.3319324389038,
            "length": 65,
            "bankfull_width": 6,
            "lwd_factor": null,
            "gsd": {
                "1.0": 0.1425524047399809,
                "0.0": 3.960479719161661e-16,
                "-1.0": 4.950599648952076e-17,
                "-2.0": 0.0,
                "-2.5": 0.025276671960174846,
                "-3.0": 0.013635824306348208,
                "-3.5": 0.010275502971927523,
                "-4.0": 0.0,
                "-4.5": 0.0031473031272339857,
                "-5.0": 0.004742072646317782,
                "-5.5": 0.009040397450094243,
                "-6.0": 0.2439464963703118,
                "-6.5": 0.2280625835842309,
                "-7.0": 0.1860903932507663,
                "-7.5": 0.12482325339232289,
                "-8.0": 0.00840709620029025,
                "-8.5": 0.0,
                "-9.0": 0.0
            },
            "Qs_in": 1.8540332577499539,
            "Qs_out": 0.0,
            "D50": 0.09295390560749822,
            "D84": 0.18003464315188514
        }
    },
    "sed_masses": {
        "upstream": {
            "1.0": 35.818306773840895,
            "0.0": 98.69012389673314,
            "-1.0": 335.2396809195119,
            "-2.0": 881.3466661179855,
            "-2.5": 2045.9169813243914,
            "-3.0": 4830.106959742711,
            "-3.5": 8692.927098460628,
            "-4.0": 13573.244639735738,
            "-4.5": 21246.855341733997,
            "-5.0": 18451.324766112666,
            "-5.5": 9954.729133812214,
            "-6.0": 1037.8341975875069,
            "-6.5": 2447.5427280707977,
            "-7.0": 5605.445144112736,
            "-7.5": 8112.777543457075,
            "-8.0": 10674.866032328633,
            "-8.5": 0.0,
            "-9.0": 0.0
        },
        "downstream": {
            "1.0": 0.42444687972053957,
            "0.0": 1.235712895933517,
            "-1.0": 0.9500405302408362,
            "-2.0": 0.315571947219926,
            "-2.5": 1.152119858105355,
            "-3.0": 1.5003560205551234,
            "-3.5": 2.3815584011803765,
            "-4.0": 7.62023368025452,
            "-4.5": 13.967138864829776,
            "-5.0": 64.3111469730859,
            "-5.5": 240.90455607745017,
            "-6.0": 22105.004172539488,
            "-6.5": 59079.686164993596,
            "-7.0": 138486.30765750597,
            "-7.5": 266835.2474980472,
            "-8.0": 50981.9801203953,
            "-8.5": 0.0,
            "-9.0": 0.0
        },