{
    "timestep": "4/16/2021 10:00",
    "deposit_mass": 822761,
    "reaches": {
        "upstream": {
            "flow_scale": 0.78,
            "elevation": 1746.698107813796,
            "length": 37.5,
            "bankfull_width": 5.5,
            "gsd": {
                "1.0": 0.0006256383617357889,
                "0.0": 0.0025343361454660124,
                "-1.0": 0.003413204620366105,
                "-2.0": 0.003802831848950251,
                "-2.5": 0.005000529954379457,
                "-3.0": 0.011097171594286689,
                "-3.5": 0.019191196660140127,
                "-4.0": 0.03487998560584518,
                "-4.5": 0.06295978162097522,
                "-5.0": 0.09473600738771437,
                "-5.5": 0.1630864604070773,
                "-6.0": 0.20755307681129564,
                "-6.5": 0.20994999448190202,
                "-7.0": 0.13510296807119612,
                "-7.5": 0.04506753740540306,
                "-8.0": 0.0009992790232664617,
                "-8.5": 0.0,
                "-9.0": 0.0
            },
            "Qs_in": 0.17497670651644173,
            "Qs_out": 1.825718126353516e-17
        },
        "deposit_upstream": {
            "flow_scale": 0.79,
            "elevation": 1746.692626075904,
            "length": 41,
            "width": 1.0000000039703785,
            "bankfull_width": 5.5,
            "gsd_bed": {
                "1.0": 0.05420756234813427,
                "0.0": 0.05516971952727973,
                "-1.0": 0.05744541958486491,
                "-2.0": 0.031552920914145896,
                "-2.5": 0.03160926423554843,
                "-3.0": 0.05516911555557381,
                "-3.5": 0.05520047854441589,
                "-4.0": 0.09653032844596172,
                "-4.5": 0.09654781727243092,
                "-5.0": 0.16448312649029248,
                "-5.5": 0.16449261752586486,
                "-6.0": 0.047013927552904206,
                "-6.5": 0.0470147919256184,
                "-7.0": 0.019496617154491334,
                "-7.5": 0.019496731391116566,
                "-8.0": 0.004569561531356414,
                "-8.5": 0.0,
                "-9.0": 0.0
            },
            "gsd_wall": {
                "1.0": 0.05620124643247416,
                "0.0": 0.05620132675366153,
                "-1.0": 0.057818657441709755,
                "-2.0": 0.03153745408947108,
                "-2.5": 0.031537455021354306,
                "-3.0": 0.05498838403139017,
                "-3.5": 0.05498838454910062,
                "-4.0": 0.09612859188256816,
                "-4.5": 0.09612859217106903,
                "-5.0": 0.16375217621542643,
                "-5.5": 0.16375217637196438,
                "-6.0": 0.04680077635872441,
                "-6.5": 0.04680077637298008,
                "-7.0": 0.019407665367510502,
                "-7.5": 0.019407665369394454,
                "-8.0": 0.004548671571201045,
                "-8.5": 0.0,
                "-9.0": 0.0
            },
            "Qs_in": 1.825718126353516e-17,
            "Qs_out_bed": 4.399697148733632,
            "Qs_out_wall": 4.630983713313138e-06
        },
        "deposit_downstream": {
            "flow_scale": 0.83,
            "elevation": 1746.1015643033825,
            "length": 42,
            "width": 1.000931047841857,
            "bankfull_width": 5.5,
            "gsd_bed": {
                "1.0": 0.0024117643681606823,
                "0.0": 0.004568831538415777,
                "-1.0": 0.0091942609804947,
                "-2.0": 0.00945274976081625,
                "-2.5": 0.012657554777714962,
                "-3.0": 0.028965256997647987,
                "-3.5": 0.03720915055413623,
                "-4.0": 0.08172654133575435,
                "-4.5": 0.10040572730297559,
                "-5.0": 0.2055016394880007,
                "-5.5": 0.24161170922217629,
                "-6.0": 0.07945426657921532,
                "-6.5": 0.08956584690490334,
                "-7.0": 0.04113668328884237,
                "-7.5": 0.04484594151438309,
                "-8.0": 0.011292075386362493,
                "-8.5": 0.0,
                "-9.0": 0.0
            },
            "gsd_wall": {
                "1.0": 0.03421268227562062,
                "0.0": 0.04730025141575122,
                "-1.0": 0.05594957230631952,
                "-2.0": 0.032115870775379356,
                "-2.5": 0.032445660102808055,
                "-3.0": 0.056897674437355814,
                "-3.5": 0.057081930342285606,
                "-4.0": 0.09997047740944118,
                "-4.5": 0.10007329259239042,
                "-5.0": 0.17057075152236123,
                "-5.5": 0.17062661653687858,
                "-6.0": 0.04877451856370751,
                "-6.5": 0.04877960511219291,
                "-7.0": 0.02022945029433286,
                "-7.5": 0.020230122417445113,
                "-8.0": 0.0047415238957298645,
                "-8.5": 0.0,
                "-9.0": 0.0
            },
            "Qs_in": 4.399701779717345,
            "Qs_out_bed": 608.2072267065905,
            "Qs_out_wall": 0.06210351563036944
        },
        "downstream": {
            "flow_scale": 0.835,
            "elevation": 1742.161769172219,
            "length": 50,
            "bankfull_width": 5.5,
            "gsd": {
                "1.0": 0.020071341225019485,
                "0.0": 0.021968379730361445,
                "-1.0": 0.02626776148557683,
                "-2.0": 0.015007237680217823,
                "-2.5": 0.0172385342169325,
                "-3.0": 0.028153901766173516,
                "-3.5": 0.029878896857811987,
                "-4.0": 0.05472198171047625,
                "-4.5": 0.06588639374662617,
                "-5.0": 0.10347207343943587,
                "-5.5": 0.1315486464792145,
                "-6.0": 0.13656250315927776,
                "-6.5": 0.154063095986099,
                "-7.0": 0.12557460309060753,
                "-7.5": 0.06287762947849618,
                "-8.0": 0.006707019947673102,
                "-8.5": 0.0,
                "-9.0": 0.0
            },
            "Qs_in": 608.2693302222209,
            "Qs_out": 0.044177903981257594
        }
    }
}