{
    "timestep": "2012-04-21 20:00",
    "deposit_mass": 2401711,
    "reaches": {
        "upstream": {
            "flow_scale": 0.78,
            "elevation": 1746.1185000009941,
            "length": 50,
            "bankfull_width": 6,
            "lwd_factor": null,
            "gsd": {
                "1.0": 0.7393276412499432,
                "0.0": 0.0012982984298737733,
                "-1.0": 0.0018435837704207612,
                "-2.0": 0.0024408010481626985,
                "-2.5": 0.004414214661570835,
                "-3.0": 0.008387007856984593,
                "-3.5": 0.012827188487152908,
                "-4.0": 0.017111573305736358,
                "-4.5": 0.025290853413941168,
                "-5.0": 0.032820984307208985,
                "-5.5": 0.03775451834072937,
                "-6.0": 0.037416960748962225,
                "-6.5": 0.031107230379775676,
                "-7.0": 0.02552454713131841,
                "-7.5": 0.013060882204530203,
                "-8.0": 0.006076036651809269,
                "-8.5": 0.0019993795820056086,
                "-9.0": 0.0012982984298737733
            },
            "Qs_in": 0.0006243915399009732,
            "Qs_out": 0.0,
            "D50": 0.04543415634567647,
            "D84": 0.12766173715105641
        },
        "deposit_upstream": {
            "flow_scale": 0.79,
            "elevation": 1746.2987085926904,
            "length": 55,
            "width": 1.0003402899329028,
            "bankfull_width": 6,
            "lwd_factor": null,
            "gsd_bed": {
                "1.0": 1.7345080772671684e-05,
                "0.0": 1.736619275410236e-05,
                "-1.0": 3.3356991209207506e-07,
                "-2.0": 0.0002194874265990188,
                "-2.5": 0.00021984542254635268,
                "-3.0": 5.7927524036030155e-05,
                "-3.5": 5.792569489380312e-05,
                "-4.0": 8.758644227918035e-05,
                "-4.5": 8.758644227917986e-05,
                "-5.0": 0.00010922134037204456,
                "-5.5": 0.007396077896329552,
                "-6.0": 0.3445974186321132,
                "-6.5": 0.3445974186321145,
                "-7.0": 0.14286690131900798,
                "-7.5": 0.14286690131900834,
                "-8.0": 0.016800657064982124,
                "-8.5": 0.0,
                "-9.0": 0.0
            },
            "gsd_wall": {
                "1.0": 0.29308443797960315,
                "0.0": 0.6853755650314685,
                "-1.0": 0.012240802088298744,
                "-2.0": 0.0016602164296293756,
                "-2.5": 0.001660237488407343,
                "-3.0": 0.0004374594017073333,
                "-3.5": 0.00043745942784504993,
                "-4.0": 0.000661459737283778,
                "-4.5": 0.0006614597372837815,
                "-5.0": 0.0008248481982861449,
                "-5.5": 0.0008248397986599596,
                "-6.0": 0.0007405358297379532,
                "-6.5": 0.0007405358297379552,
                "-7.0": 0.00030701930307640925,
                "-7.5": 0.000307019303076411,
                "-8.0": 3.6104415898255524e-05,
                "-8.5": 0.0,
                "-9.0": 0.0
            },
            "Qs_in": 0.0,
            "Qs_out_bed": 0.0,
            "Qs_out_wall": 0.14413498942701466,
            "D50": 0.09063262384498845,
            "D84": 0.13594893576748265
        },
        "deposit_downstream": {
            "flow_scale": 0.83,
            "elevation": 1744.5603073450552,
            "length": 47,
            "width": 3.5532212045334832,
            "bankfull_width": 7.5,
            "lwd_factor": 1,
            "gsd_bed": {
                "1.0": 0.4834769626786297,
                "0.0": 0.48347696267862517,
                "-1.0": 0.010253704501475365,
                "-2.0": 0.0016523374509421237,
                "-2.5": 0.0017046911478642683,
                "-3.0": 0.00045833363973356626,
                "-3.5": 0.00045833363973339674,
                "-4.0": 0.0006924456679728906,
                "-4.5": 0.0006924456679729247,
                "-5.0": 0.0008628364197757067,
                "-5.5": 0.0008628364197757173,
                "-6.0": 0.0007747516421223673,
                "-6.5": 9.453984946624272e-05,
                "-7.0": 0.0011443156765470926,
                "-7.5": 0.01184575129426436,
                "-8.0": 0.0015487516250991828,
                "-8.5": 0.0,
                "-9.0": 0.0
            },
            "gsd_wall": {
                "1.0": 0.00032107082197299256,
                "0.0": 0.00032113501516308895,
                "-1.0": 9.275093389571323e-07,
                "-2.0": 0.0002678403568499848,
                "-2.5": 0.0002701877637010582,
                "-3.0": 3.4478276917319652e-06,
                "-3.5": 3.4478361913617664e-06,
                "-4.0": 0.00014715644802524788,
                "-4.5": 0.00014715644803981324,
                "-5.0": 0.00044243072178752396,
                "-5.5": 0.0004424307216963142,
                "-6.0": 0.0003983669930848662,
                "-6.5": 0.32870931431210076,
                "-7.0": 0.2707658830549129,
                "-7.5": 0.35147931193154514,
                "-8.0": 0.04627989223789832,
                "-8.5": 0.0,
                "-9.0": 0.0
            },
            "Qs_in": 0.14413498942701466,
            "Qs_out_bed": 0.14413498942701466,
            "Qs_out_wall": 0.0,
            "D50": 0.0007570350915966331,
            "D84": 0.00113555263739495
        },
        "downstream": {
            "flow_scale": 0.835,
            "elevation": 1742.0332245964387,
            "length": 65,
            "bankfull_width": 6,
            "lwd_factor": null,
            "gsd": {
                "1.0": 6.0463045286704075e-05,
                "0.0": 6.0796263554694885e-05,
                "-1.0": 7.819237850882013e-06,
                "-2.0": 8.988918884421663e-06,
                "-2.5": 8.90398152070602e-06,
                "-3.0": 2.348356248317712e-06,
                "-3.5": 2.3618874204503266e-06,
                "-4.0": 3.8029376771940284e-06,
                "-4.5": 1.4918399924285483e-05,
                "-5.0": 0.004907676651042628,
                "-5.5": 0.3755569997237821,
                "-6.0": 0.33652126420705986,
                "-6.5": 0.2215940423059705,
                "-7.0": 0.044878439996021834,
                "-7.5": 0.01527018771944322,
                "-8.0": 0.0006981864774663073,
                "-8.5": 0.0002973046813386732,
                "-9.0": 0.00010549520950727152
            },
            "Qs_in": 0.14413498942701466,
            "Qs_out": 0.16506949347521635,
            "D50": 0.000843704457337772,
            "D84": 0.06398606507079917
        }
    },
    "dep_masses": {
        "deposit_upstream": {
            "1.0": 22.51395249131142,
            "0.0": 180.2085018296221,
            "-1.0": 29.10159613797034,
            "-2.0": 31.576376718611893,
            "-2.5": 89.56281217420315,
            "-3.0": 66.7483068182006,
            "-3.5": 188.7867601424472,
            "-4.0": 807.3877583622958,
            "-4.5": 2283.637435939937,
            "-5.0": 8054.577477845354,
            "-5.5": 22736.695198401172,
            "-6.0": 58022.36141290611,
            "-6.5": 164112.0208620904,
            "-7.0": 192444.27344067078,
            "-7.5": 544314.6030016664,
            "-8.0": 181046.28643002163,
            "-8.5": 0.0,
            "-9.0": 0.0
        },
        "deposit_downstream": {
            "1.0": 0.0,
            "0.0": 0.0,
            "-1.0": 0.0,
            "-2.0": 0.0,
            "-2.5": 0.0,
            "-3.0": 0.0,
            "-3.5": 0.0,
            "-4.0": 0.0,
            "-4.5": 0.0,
            "-5.0": 0.0,
            "-5.5": 0.0,
            "-6.0": 0.0,
            "-6.5": 78710.1676725989,
            "-7.0": 185582.2879394323,
            "-7.5": 682965.4274070758,