{
    "timestep": "2012-06-02 12:00",
    "deposit_mass": 2401711,
    "reaches": {
        "upstream": {
            "flow_scale": 0.78,
            "elevation": 1746.2423758279494,
            "length": 50,
            "bankfull_width": 6,
            "lwd_factor": null,
            "gsd": {
                "1.0": 0.6721362674579543,
                "0.0": 0.1700265656810628,
                "-1.0": 0.0,
                "-2.0": 0.0,
                "-2.5": 0.0,
                "-3.0": 0.0,
                "-3.5": 0.0,
                "-4.0": 0.0061197340611196,
                "-4.5": 0.03864423174570278,
                "-5.0": 0.09458137397979567,
                "-5.5": 0.017620282377049636,
                "-6.0": 0.0002890590157837785,
                "-6.5": 0.00024101486618235347,
                "-7.0": 0.00019515454156281175,
                "-7.5": 9.98603605351926e-05,
                "-8.0": 4.645591325096433e-05,
                "-8.5": 0.0,
                "-9.0": 0.0
            },
            "Qs_in": 1.7564134017414306,
            "Qs_out": 5.40492634097839,
            "D50": 0.02246199376458171,
            "D84": 0.03369299064687256
        },
        "deposit_upstream": {
            "flow_scale": 0.79,
            "elevation": 1745.9210259759682,
            "length": 55,
            "width": 2.51930193677968,
            "bankfull_width": 6,
            "lwd_factor": null,
            "gsd_bed": {
                "1.0": 0.0,
                "0.0": 0.0,
                "-1.0": 0.0,
                "-2.0": 2.4647131683626027e-16,
                "-2.5": 1.3555230850225373e-16,
                "-3.0": 0.0,
                "-3.5": 0.0,
                "-4.0": 0.0,
                "-4.5": 0.0,
                "-5.0": 0.0,
                "-5.5": 0.027996790396688027,
                "-6.0": 0.024730135719655558,
                "-6.5": 0.41972723108494964,
                "-7.0": 0.2452695380000659,
                "-7.5": 0.2501637813686107,
                "-8.0": 0.03211252343002978,
                "-8.5": 0.0,
                "-9.0": 0.0
            },
            "gsd_wall": {
                "1.0": 0.0,
                "0.0": 0.0,
                "-1.0": 0.0,
                "-2.0": 0.0,
                "-2.5": 0.0,
                "-3.0": 0.023124603248665485,
                "-3.5": 0.19257714546246885,
                "-4.0": 0.1362504032496563,
                "-4.5": 0.0909022596721732,
                "-5.0": 0.09259862815034872,
                "-5.5": 0.09282468501228872,
                "-6.0": 0.097834812289802,
                "-6.5": 0.13075414912532612,
                "-7.0": 0.06659204196775545,
                "-7.5": 0.06769245139750947,
                "-8.0": 0.008848820424005744,
                "-8.5": 0.0,
                "-9.0": 0.0
            },
            "Qs_in": 5.40492634097839,
            "Qs_out_bed": 12.221538238127494,
            "Qs_out_wall": 0.0,
            "D50": 0.0007071067811865476,
            "D84": 0.001013904664954412
        },
        "deposit_downstream": {
            "flow_scale": 0.83,
            "elevation": 1743.9289640623524,
            "length": 47,
            "width": 3.609281308873263,
            "bankfull_width": 7.5,
            "lwd_factor": 1,
            "gsd_bed": {
                "1.0": 0.6859061012248195,
                "0.0": 0.2468469333170359,
                "-1.0": 0.05729971328709483,
                "-2.0": 0.005812281270483466,
                "-2.5": 0.0025755161883487462,
                "-3.0": 0.0002655395956807773,
                "-3.5": 0.0001481345960562736,
                "-4.0": 0.0001527492665142132,
                "-4.5": 0.0001112914292461837,
                "-5.0": 0.00013278997824308855,
                "-5.5": 0.0001136106428508767,
                "-6.0": 0.00010321454804941159,
                "-6.5": 0.00010631265800004709,
                "-7.0": 6.94809320393017e-05,
                "-7.5": 0.0002989567123050203,
                "-8.0": 5.737435323269743e-05,
                "-8.5": 0.0,
                "-9.0": 0.0
            },
            "gsd_wall": {
                "1.0": 0.5351863997987997,
                "0.0": 0.4386994618965077,
                "-1.0": 0.011942378633476471,
                "-2.0": 0.002471683506955163,
                "-2.5": 0.002306286680598523,
                "-3.0": 0.0009369976586375576,
                "-3.5": 0.0005062178917810101,
                "-4.0": 0.0008508809432839546,
                "-4.5": 0.0005418694909174748,
                "-5.0": 0.0009368917667050941,
                "-5.5": 0.0012455282970941061,
                "-6.0": 0.0011788587316811233,
                "-6.5": 0.0005657025746036848,
                "-7.0": 0.0010622894959679097,
                "-7.5": 0.000721289106476789,
                "-8.0": 0.0008472635265136089,
                "-8.5": 0.0,
                "-9.0": 0.0
            },
            "Qs_in": 12.221538238127494,
            "Qs_out_bed": 0.31968846842929743,
            "Qs_out_wall": 0.0,
            "D50": 0.16559189510104538,
            "D84": 0.24838784265156807
        },
        "downstream": {
            "flow_scale": 0.835,
            "elevation": 1742.5578554485376,
            "length": 65,
            "bankfull_width": 6,
            "lwd_factor": null,
            "gsd": {
                "1.0": 0.0,
                "0.0": 0.0,
                "-1.0": 0.0,
                "-2.0": 4.357461266694654e-18,
                "-2.5": 0.0,
                "-3.0": 0.0,
                "-3.5": 0.0,
                "-4.0": 0.0,
                "-4.5": 0.0,
                "-5.0": 0.0,
                "-5.5": 0.0,
                "-6.0": 0.024390111366616524,
                "-6.5": 0.37804615629406196,
                "-7.0": 0.34034014491977177,
                "-7.5": 0.24575007481817762,
                "-8.0": 0.011473512601372263,
                "-8.5": 0.0,
                "-9.0": 0.0
            },
            "Qs_in": 0.31968846842929743,
            "Qs_out": 59.69742239785141,
            "D50": 0.0007071067811865476,
            "D84": 0.06397889490056115
        }
    },
    "sed_masses": {
        "upstream": {
            "1.0": 29.118740838562996,
            "0.0": 80.23082049130838,
            "-1.0": 272.5354229928897,
            "-2.0": 716.5783226087327,
            "-2.5": 1664.1795574885944,
            "-3.0": 3935.5267502741003,
            "-3.5": 7080.455614570063,
            "-4.0": 11046.760048859356,
            "-4.5": 17418.389375237955,
            "-5.0": 17365.71956487076,
            "-5.5": 9336.812404065802,
            "-6.0": 895.3598654502543,
            "-6.5": 2111.542992882002,
            "-7.0": 4835.927185371423,
            "-7.5": 6999.051897328816,
            "-8.0": 9209.41575891689,
            "-8.5": 0.0,
            "-9.0": 0.0
        },
        "downstream": {
            "1.0": 0.21568875665239212,
            "0.0": 0.7065453302934546,
            "-1.0": 1.3654795243119822,
            "-2.0": 0.9656625909623566,
            "-2.5": 8.498215786819442,
            "-3.0": 34.55343830446558,
            "-3.5": 79.49171889658675,
            "-4.0": 90.55316483535198,
            "-4.5": 20.395462365019014,
            "-5.0": 80.10122991406678,
            "-5.5": 329.38111207993046,
            "-6.0": 3478.0736796891724,
            "-6.5": 63347.362124083564,
            "-7.0": 164774.688228224,
            "-7.5": 341684.2157760322,
            "-8.0": 45120.36961356673,
            "-8.5": 0.0,
            "-9.0": 0.0
        },
        "deposit_upstream": {
            "1.0": 14.76758055730598,
            "0.0": 92.89330204860724,
            "-1.0": 32.92701573379776,
            "-2.0": 44.491995355540524,
            "-2.5": 107.36666684207243,
            "-3.0": 181.77426798154653,
            "-3.5": 360.9675896008878,
            "-4.0": 685.5517294982274,