{
    "timestep": "2012-04-05 04:00",
    "deposit_mass": 2401711,
    "reaches": {
        "upstream": {
            "flow_scale": 0.78,
            "elevation": 1746.1185000594903,
            "length": 50,
            "bankfull_width": 6,
            "lwd_factor": null,
            "gsd": {
                "1.0": 0.9390553772822752,
                "0.0": 0.00030353931027853726,
                "-1.0": 0.00043102582059552304,
                "-2.0": 0.0005706539033236502,
                "-2.5": 0.0010320336549470269,
                "-3.0": 0.002057996523688484,
                "-3.5": 0.003096100964841081,
                "-4.0": 0.004097780688760257,
                "-4.5": 0.0060100783435150405,
                "-5.0": 0.00777060634313056,
                "-5.5": 0.008924055722188998,
                "-6.0": 0.00883906471531101,
                "-6.5": 0.007369934453562886,
                "-7.0": 0.005967582840076045,
                "-7.5": 0.0030536054614020863,
                "-8.0": 0.0014205639721035549,
                "-8.5": 0.0,
                "-9.0": 0.0
            },
            "Qs_in": 0.0,
            "Qs_out": 0.0,
            "D50": 0.0007071067811865476,
            "D84": 0.0014142135623730952
        },
        "deposit_upstream": {
            "flow_scale": 0.79,
            "elevation": 1746.2998555457152,
            "length": 55,
            "width": 1.0000085977437505,
            "bankfull_width": 6,
            "lwd_factor": null,
            "gsd_bed": {
                "1.0": 0.0,
                "0.0": 0.0,
                "-1.0": 0.0,
                "-2.0": 0.0,
                "-2.5": 0.0,
                "-3.0": 0.0,
                "-3.5": 0.0012090877377196536,
                "-4.0": 0.0,
                "-4.5": 0.007613071898998742,
                "-5.0": 0.02022299806831263,
                "-5.5": 0.27093595938158627,
                "-6.0": 0.2432364363777179,
                "-6.5": 0.2432364363777179,
                "-7.0": 0.1008435759359578,
                "-7.5": 0.10084357593595783,
                "-8.0": 0.01185885828603109,
                "-8.5": 0.0,
                "-9.0": 0.0
            },
            "gsd_wall": {
                "1.0": 0.0,
                "0.0": 0.0,
                "-1.0": 0.0,
                "-2.0": 0.0,
                "-2.5": 0.0,
                "-3.0": 0.07316965663155112,
                "-3.5": 0.07316965663155113,
                "-4.0": 0.11063604707541763,
                "-4.5": 0.11063604707541763,
                "-5.0": 0.13796447304623796,
                "-5.5": 0.13796447304623796,
                "-6.0": 0.1238594789967823,
                "-6.5": 0.12385947899678229,
                "-7.0": 0.051350993961299427,
                "-7.5": 0.051350993961299427,
                "-8.0": 0.006038700577423194,
                "-8.5": 0.0,
                "-9.0": 0.0
            },
            "Qs_in": 0.0,
            "Qs_out_bed": 0.0,
            "Qs_out_wall": 0.0,
            "D50": 0.06690967150082323,
            "D84": 0.13035088184262034
        },
        "deposit_downstream": {
            "flow_scale": 0.83,
            "elevation": 1744.393031425414,
            "length": 47,
            "width": 1.0938976710863422,
            "bankfull_width": 7.5,
            "lwd_factor": 1,
            "gsd_bed": {
                "1.0": 0.45549479833571316,
                "0.0": 0.4554947983357112,
                "-1.0": 0.008654035504906456,
                "-2.0": 0.0014626538881532094,
                "-2.5": 0.0014626538881538705,
                "-3.0": 0.0003656634720384197,
                "-3.5": 0.00036566347203828564,
                "-4.0": 0.0004875512960510546,
                "-4.5": 0.0004875512960510778,
                "-5.0": 0.0007313269440765982,
                "-5.5": 0.0007313269440766054,
                "-6.0": 0.0006094391200638367,
                "-6.5": 0.002193980832229816,
                "-7.0": 0.008126077473800928,
                "-7.5": 0.05622778134991443,
                "-8.0": 0.007104697847020848,
                "-8.5": 0.0,
                "-9.0": 0.0
            },
            "gsd_wall": {
                "1.0": 0.491513568934246,
                "0.0": 0.4915135689342473,
                "-1.0": 0.009394638000477736,
                "-2.0": 0.001273353946932339,
                "-2.5": 0.0013057441794121708,
                "-3.0": 0.0003739643193989472,
                "-3.5": 0.0003904613736261743,
                "-4.0": 0.0005645746610933507,
                "-4.5": 0.0005645746610904521,
                "-5.0": 0.0006479914828985344,
                "-5.5": 0.0006486530543286204,
                "-6.0": 0.0006180959815039272,
                "-6.5": 0.0006208745871806254,
                "-7.0": 0.00024732729577543186,
                "-7.5": 0.0002775213409406101,
                "-8.0": 4.508724684760675e-05,
                "-8.5": 0.0,
                "-9.0": 0.0
            },
            "Qs_in": 0.0,
            "Qs_out_bed": 15.596740343002354,
            "Qs_out_wall": 0.0014321047894052803,
            "D50": 0.0007686268573361795,
            "D84": 0.0011529402860042692
        },
        "downstream": {
            "flow_scale": 0.835,
            "elevation": 1741.6682590563473,
            "length": 65,
            "bankfull_width": 6,
            "lwd_factor": null,
            "gsd": {
                "1.0": 0.3083538603055392,
                "0.0": 0.3091877857613145,
                "-1.0": 0.005979118700565674,
                "-2.0": 0.001649762893634552,
                "-2.5": 0.0016936259393450636,
                "-3.0": 0.000755196150146229,
                "-3.5": 0.001475240484930526,
                "-4.0": 0.0027081731155431873,
                "-4.5": 0.01062850785935845,
                "-5.0": 0.07596089666878011,
                "-5.5": 0.07770993006734431,
                "-6.0": 0.07273100462136436,
                "-6.5": 0.0705209739297205,
                "-7.0": 0.033226202067404266,
                "-7.5": 0.024069473401884294,
                "-8.0": 0.0033502480331250016,
                "-8.5": 0.0,
                "-9.0": 0.0
            },
            "Qs_in": 15.59817244779176,
            "Qs_out": 0.0,
            "D50": 0.06348084612089103,
            "D84": 0.12847093921488437
        }
    },
    "sed_masses": {
        "upstream": {
            "1.0": 0.0075127901015453,
            "0.0": 9.39833192181889e-05,
            "-1.0": 0.0010676505063186262,
            "-2.0": 0.011308072968332491,
            "-2.5": 0.05784351333064823,
            "-3.0": 0.32624993500125227,
            "-3.5": 1.3882443199355576,
            "-4.0": 5.196901619488976,
            "-4.5": 21.558617674293373,
            "-5.0": 78.83892234602536,
            "-5.5": 256.0902463128182,
            "-6.0": 717.4341933488307,
            "-6.5": 1691.937736183735,
            "-7.0": 3874.933033307145,
            "-7.5": 5608.202183198806,
            "-8.0": 7379.323131587971,
            "-8.5": 0.0,
            "-9.0": 0.0
        },
        "downstream": {
            "1.0": 8.26497184595416e-05,
            "0.0": 0.0011266291410509902,
            "-1.0": 0.000539220366586203,
            "-2.0": 0.003206111725112878,
            "-2.5": 0.018753383561588153,
            "-3.0": 0.09692759563821976,
            "-3.5": 0.8561253697895748,
            "-4.0": 4.764548160774809,
            "-4.5": 40.55762429611663,
            "-5.0": 880.063985830144,
            "-5.5": 2547.15863006884,
            "-6.0": 6713.997606680992,
            "-6.5": 18668.32185674539,
            "-7.0": 25206.028933173304,
            "-7.5": 51839.80449094482,
            "-8.0": 20408.899263507734,
            "-8.5": 0.0,
            "-9.0": 0.0
        },
        "deposit_upstream": {
            "1.0": 23.857755746415855,
            "0.0": 190.86204597132684,