{
    "timestep": "2015-04-10 00:00",
    "deposit_mass": 822761,
    "reaches": {
        "upstream": {
            "flow_scale": 0.78,
            "elevation": 1746.997095690525,
            "length": 37.5,
            "bankfull_width": 5.5,
            "gsd": {
                "1.0": 0.008072565082473317,
                "0.0": 0.007607524055746892,
                "-1.0": 0.007143772947617773,
                "-2.0": 0.006982425493044192,
                "-2.5": 0.0035004778794285496,
                "-3.0": 0.007775983897094965,
                "-3.5": 0.013469276642742781,
                "-4.0": 0.024709076575160013,
                "-4.5": 0.044870427996788545,
                "-5.0": 0.06964998869036687,
                "-5.5": 0.12604517283160768,
                "-6.0": 0.1801291112642162,
                "-6.5": 0.2210057889966619,
                "-7.0": 0.17992935061205725,
                "-7.5": 0.0946162365270049,
                "-8.0": 0.004492820507988267,
                "-8.5": 0.0,
                "-9.0": 0.0
            },
            "Qs_in": 3.5217133401376266,
            "Qs_out": 3.8889724189513473
        },
        "deposit_upstream": {
            "flow_scale": 0.79,
            "elevation": 1745.9575509195533,
            "length": 41,
            "width": 2.1417514284352297,
            "bankfull_width": 5.5,
            "gsd_bed": {
                "1.0": 0.008339204104974254,
                "0.0": 0.0073982985834616264,
                "-1.0": 0.006667119502021057,
                "-2.0": 0.006565945861644339,
                "-2.5": 0.003325413688471394,
                "-3.0": 0.007521548291121544,
                "-3.5": 0.013264923762370012,
                "-4.0": 0.02461114466104785,
                "-4.5": 0.04597769616951522,
                "-5.0": 0.07482667427200354,
                "-5.5": 0.13881354987852376,
                "-6.0": 0.19184789252457105,
                "-6.5": 0.21649589483590193,
                "-7.0": 0.16460510705680578,
                "-7.5": 0.0857307903369727,
                "-8.0": 0.004008796470593949,
                "-8.5": 0.0,
                "-9.0": 0.0
            },
            "gsd_wall": {
                "1.0": 6.921334530345541e-38,
                "0.0": 3.3838323720600035e-18,
                "-1.0": 2.5115125928925317e-08,
                "-2.0": 0.00034436545134936285,
                "-2.5": 0.003153241008867029,
                "-3.0": 0.018989495668653992,
                "-3.5": 0.03810197700031588,
                "-4.0": 0.0985816632963789,
                "-4.5": 0.1229604880294217,
                "-5.0": 0.2372616902370649,
                "-5.5": 0.25454651326431055,
                "-6.0": 0.07569506975987723,
                "-6.5": 0.07740956978005639,
                "-7.0": 0.032509116956412454,
                "-7.5": 0.03274192401455828,
                "-8.0": 0.007704860417607322,
                "-8.5": 0.0,
                "-9.0": 0.0
            },
            "Qs_in": 3.8889724189513473,
            "Qs_out_bed": 4.013066173033508,
            "Qs_out_wall": 2.605266423670956e-09
        },
        "deposit_downstream": {
            "flow_scale": 0.83,
            "elevation": 1744.636680515859,
            "length": 42,
            "width": 4.58819931201165,
            "bankfull_width": 5.5,
            "gsd_bed": {
                "1.0": 0.0044585742365212625,
                "0.0": 0.004741788169045502,
                "-1.0": 0.005259646723848513,
                "-2.0": 0.00572757864866052,
                "-2.5": 0.0029570163699356817,
                "-3.0": 0.006869228424323532,
                "-3.5": 0.012404771776375096,
                "-4.0": 0.023618240244666914,
                "-4.5": 0.04629335190928407,
                "-5.0": 0.07664393737404282,
                "-5.5": 0.13470133374989604,
                "-6.0": 0.17628399091685182,
                "-6.5": 0.2019173512974858,
                "-7.0": 0.16998915143533594,
                "-7.5": 0.10364650241687451,
                "-8.0": 0.024487536306851958,
                "-8.5": 0.0,
                "-9.0": 0.0
            },
            "gsd_wall": {
                "1.0": 0.0551314839551842,
                "0.0": 0.055923850421827924,
                "-1.0": 0.05779569841363511,
                "-2.0": 0.03157071039764447,
                "-2.5": 0.03158004452795261,
                "-3.0": 0.055071831042592674,
                "-3.5": 0.05507701900568125,
                "-4.0": 0.09628865868014636,
                "-4.5": 0.09629154893441763,
                "-5.0": 0.16403254717968632,
                "-5.5": 0.16403411605720863,
                "-6.0": 0.046881608501193724,
                "-6.5": 0.04688175137782352,
                "-7.0": 0.01944127807697623,
                "-7.5": 0.019441296956191914,
                "-8.0": 0.004556556471837385,
                "-8.5": 0.0,
                "-9.0": 0.0
            },
            "Qs_in": 4.013066175638774,
            "Qs_out_bed": 1.9272829677375505,
            "Qs_out_wall": 1.675207309713959e-10
        },
        "downstream": {
            "flow_scale": 0.835,
            "elevation": 1742.60986808737,
            "length": 50,
            "bankfull_width": 5.5,
            "gsd": {
                "1.0": 0.0053086667376770315,
                "0.0": 0.005997602498576484,
                "-1.0": 0.006848599994377573,
                "-2.0": 0.007035020094709008,
                "-2.5": 0.003615153642764464,
                "-3.0": 0.008142991392091995,
                "-3.5": 0.013921753449817734,
                "-4.0": 0.026003049082842112,
                "-4.5": 0.049304701393146896,
                "-5.0": 0.07468243636948582,
                "-5.5": 0.12555691846936934,
                "-6.0": 0.16868457788455174,
                "-6.5": 0.1979032050965734,
                "-7.0": 0.15889614886243605,
                "-7.5": 0.09390038843191072,
                "-8.0": 0.05419878659966951,
                "-8.5": 0.0,
                "-9.0": 0.0
            },
            "Qs_in": 1.9272829679050711,
            "Qs_out": 3.308553789275281
        }
    }
}