{
    "timestep": "2022-05-03 05:00:00",
    "deposit_mass": 2401711,
    "reaches": {
        "upstream": {
            "flow_scale": 0.78,
            "elevation": 1746.4000325234513,
            "length": 50,
            "bankfull_width": 6,
            "lwd_factor": null,
            "gsd": {
                "1.0": 0.6443896041304786,
                "0.0": 0.12392107771739921,
                "-1.0": 0.0123921077717399,
                "-2.0": 0.0,
                "-2.5": 0.0,
                "-3.0": 0.0058072944739246835,
                "-3.5": 0.005807294473922551,
                "-4.0": 0.011614588947845275,
                "-4.5": 0.005807294473922914,
                "-5.0": 0.0,
                "-5.5": 0.13277435089452475,
                "-6.0": 0.05564318171598992,
                "-6.5": 0.0007626623571595837,
                "-7.0": 0.0006175429135814393,
                "-7.5": 0.00031599601783465495,
                "-8.0": 0.00014700411167655866,
                "-8.5": 0.0,
                "-9.0": 0.0
            },
            "Qs_in": 0.24476148364118058,
            "Qs_out": 0.0,
            "D50": 0.042439737032426726,
            "D84": 0.06737386192820823
        },
        "deposit_upstream": {
            "flow_scale": 0.79,
            "elevation": 1745.8598504583563,
            "length": 55,
            "width": 2.927665810279859,
            "bankfull_width": 6,
            "lwd_factor": null,
            "gsd_bed": {
                "1.0": 0.0,
                "0.0": 0.0,
                "-1.0": 0.0,
                "-2.0": 0.0,
                "-2.5": 0.0,
                "-3.0": 0.0,
                "-3.5": 0.0,
                "-4.0": 0.0,
                "-4.5": 0.0,
                "-5.0": 0.12589279311002635,
                "-5.5": 0.02093142026667695,
                "-6.0": 0.09994029286482459,
                "-6.5": 0.2985631618940368,
                "-7.0": 0.2095454382208072,
                "-7.5": 0.21724495403862168,
                "-8.0": 0.02788193960500638,
                "-8.5": 0.0,
                "-9.0": 0.0
            },
            "gsd_wall": {
                "1.0": 0.0,
                "0.0": 0.0,
                "-1.0": 0.0,
                "-2.0": 0.0,
                "-2.5": 0.0,
                "-3.0": 0.0,
                "-3.5": 0.0,
                "-4.0": 0.30637639903951175,
                "-4.5": 0.20153487037962559,
                "-5.0": 0.11735650197947838,
                "-5.5": 0.02129977579950534,
                "-6.0": 0.04381563628626829,
                "-6.5": 0.1264323624663834,
                "-7.0": 0.08465610988642361,
                "-7.5": 0.0871040060962349,
                "-8.0": 0.011424338066568583,
                "-8.5": 0.0,
                "-9.0": 0.0
            },
            "Qs_in": 0.0,
            "Qs_out_bed": 0.5326059835355281,
            "Qs_out_wall": 0.0,
            "D50": 0.0007071067811865476,
            "D84": 0.0010525039791962486
        },
        "deposit_downstream": {
            "flow_scale": 0.83,
            "elevation": 1744.1469271463802,
            "length": 47,
            "width": 6.632493547485974,
            "bankfull_width": 7.5,
            "lwd_factor": 1,
            "gsd_bed": {
                "1.0": 0.8237392823097496,
                "0.0": 0.15469282296896636,
                "-1.0": 0.01933660287112076,
                "-2.0": 0.0,
                "-2.5": 0.0,
                "-3.0": 0.0,
                "-3.5": 0.0,
                "-4.0": 0.0009047883399623405,
                "-4.5": 0.0005107565445198352,
                "-5.0": 1.6702327846488825e-05,
                "-5.5": 6.833647384527652e-05,
                "-6.0": 3.445691380441094e-07,
                "-6.5": 1.1767876103684174e-05,
                "-7.0": 2.9187800180927788e-05,
                "-7.5": 0.00020161033906697048,
                "-8.0": 0.00048779757949985613,
                "-8.5": 0.0,
                "-9.0": 0.0
            },
            "gsd_wall": {
                "1.0": 0.0,
                "0.0": 0.0,
                "-1.0": 0.0,
                "-2.0": 0.0,
                "-2.5": 0.39027703397370267,
                "-3.0": 0.22231213606929562,
                "-3.5": 0.07330279588813302,
                "-4.0": 0.062337453083430985,
                "-4.5": 0.07528231472252378,
                "-5.0": 0.01734904609549446,
                "-5.5": 0.0034175632232464515,
                "-6.0": 0.006806750454670756,
                "-6.5": 0.00385939646518146,
                "-7.0": 0.009231899988248641,
                "-7.5": 0.0638065804337162,
                "-8.0": 0.07201702960235613,
                "-8.5": 0.0,
                "-9.0": 0.0
            },
            "Qs_in": 0.5326059835355281,
            "Qs_out_bed": 0.0,
            "Qs_out_wall": 0.0,
            "D50": 0.023691209852256267,
            "D84": 0.2504569779464389
        },
        "downstream": {
            "flow_scale": 0.835,
            "elevation": 1742.7214587055296,
            "length": 65,
            "bankfull_width": 6,
            "lwd_factor": null,
            "gsd": {
                "1.0": 0.7543377329255723,
                "0.0": 0.18391001484113978,
                "-1.0": 0.0398459583714787,
                "-2.0": 0.0032704609651661143,
                "-2.5": 0.0025975314400551747,
                "-3.0": 0.001313864412460814,
                "-3.5": 0.0006404345099132559,
                "-4.0": 0.0003031411307101678,
                "-4.5": 0.00019490127983967195,
                "-5.0": 0.0001102124468254926,
                "-5.5": 0.00010267776424899145,
                "-6.0": 7.243749541151311e-05,
                "-6.5": 0.00023309568750835713,
                "-7.0": 0.0017655349953225753,
                "-7.5": 0.010967072095576605,
                "-8.0": 0.000334929638770316,
                "-8.5": 0.0,
                "-9.0": 0.0
            },
            "Qs_in": 0.0,
            "Qs_out": 0.05885916862645958,
            "D50": 0.0007071067811865476,
            "D84": 0.0010532805283011834
        }
    },
    "sed_masses": {
        "upstream": {
            "1.0": 5.271707478297236,
            "0.0": 14.438751836995282,
            "-1.0": 49.046574780515414,
            "-2.0": 129.19403122954853,
            "-2.5": 373.42455835045865,
            "-3.0": 1137.5470882092748,
            "-3.5": 2159.9831263584224,
            "-4.0": 3504.418621157661,
            "-4.5": 6036.115640133733,
            "-5.0": 14272.50707940179,
            "-5.5": 82578.50222348917,
            "-6.0": 50822.34057344123,
            "-6.5": 1991.6643045513683,
            "-7.0": 4561.3769584525,
            "-7.5": 6601.694531725473,
            "-8.0": 8686.569345089618,
            "-8.5": 0.0,
            "-9.0": 0.0
        },
        "downstream": {
            "1.0": 1.0583489880034018,
            "0.0": 2.0642316521638504,
            "-1.0": 3.577892745090911,
            "-2.0": 2.3493190353271185,
            "-2.5": 5.277628714690514,
            "-3.0": 7.5504626581012655,
            "-3.5": 10.409808350424129,
            "-4.0": 13.936633131114547,
            "-4.5": 22.987719887729327,
            "-5.0": 36.42287222462213,
            "-5.5": 95.97650683307671,
            "-6.0": 191.51242475374093,
            "-6.5": 1743.0617045613437,
            "-7.0": 37342.195345283464,
            "-7.5": 656083.6396521507,
            "-8.0": 56671.81010184962,
            "-8.5": 0.0,
            "-9.0": 0.0
        },
        "deposit_upstream": {
            "1.0": 5.991798948658522,
            "0.0": 12.673036277469699,
            "-1.0": 29.361470114614043,
            "-2.0": 45.6947403732974,
            "-2.5": 47.702267961000956,
            "-3.0": 419.8503852440479,
            "-3.5": 809.7022375670492,
            "-4.0": 1330.4356160269558,