{
    "timestep": "2018-07-11 08:00",
    "deposit_mass": 2401711,
    "reaches": {
        "upstream": {
            "flow_scale": 0.78,
            "elevation": 1746.384262752713,
            "length": 50,
            "bankfull_width": 6,
            "lwd_factor": null,
            "gsd": {
                "1.0": 0.2813554695390121,
                "0.0": 0.2007226874219697,
                "-1.0": 0.061164232510779445,
                "-2.0": 0.058812210419713455,
                "-2.5": 0.02522955852072623,
                "-3.0": 0.005652064215343588,
                "-3.5": 9.324305618047309e-06,
                "-4.0": 0.00019000969398975145,
                "-4.5": 0.0017894688362776368,
                "-5.0": 0.07663831478195594,
                "-5.5": 0.28378866674399617,
                "-6.0": 0.0037302897157186292,
                "-6.5": 0.0003610537101114007,
                "-7.0": 0.0002962569257424945,
                "-7.5": 0.00015159433738400294,
                "-8.0": 7.052301182476414e-05,
                "-8.5": 2.3206290215841438e-05,
                "-9.0": 1.5069019620676058e-05
            },
            "Qs_in": 0.0,
            "Qs_out": 0.0,
            "D50": 0.0017694498161692175,
            "D84": 0.04425510339399628
        },
        "deposit_upstream": {
            "flow_scale": 0.79,
            "elevation": 1745.956119949058,
            "length": 55,
            "width": 2.0671619028076407,
            "bankfull_width": 6,
            "lwd_factor": null,
            "gsd_bed": {
                "1.0": 0.9539242995010239,
                "0.0": 1.881373641487491e-07,
                "-1.0": 9.977852110148077e-06,
                "-2.0": 1.371040242391965e-05,
                "-2.5": 2.0523433622893265e-05,
                "-3.0": 3.2718499798562875e-05,
                "-3.5": 2.762803682450245e-05,
                "-4.0": 2.5784486319079377e-05,
                "-4.5": 0.020997752961090528,
                "-5.0": 4.943230717259525e-05,
                "-5.5": 0.00020400046745536988,
                "-6.0": 0.0003864933848526158,
                "-6.5": 0.0007712810868043818,
                "-7.0": 0.006678407663793556,
                "-7.5": 0.01501316828592082,
                "-8.0": 0.0018446334934227903,
                "-8.5": 0.0,
                "-9.0": 0.0
            },
            "gsd_wall": {
                "1.0": 0.04774523182135291,
                "0.0": 0.2915985472936528,
                "-1.0": 0.17635239900126046,
                "-2.0": 0.09140368128222646,
                "-2.5": 0.07381933568334056,
                "-3.0": 0.10397059496380487,
                "-3.5": 0.08587296165456211,
                "-4.0": 0.08333458690570453,
                "-4.5": 1.797040759489617e-05,
                "-5.0": 0.012065235767694294,
                "-5.5": 0.009114861656121593,
                "-6.0": 0.008166843998725963,
                "-6.5": 0.0082446367079988,
                "-7.0": 0.0035411550562101522,
                "-7.5": 0.004222780374720431,
                "-8.0": 0.0005291774250291932,
                "-8.5": 0.0,
                "-9.0": 0.0
            },
            "Qs_in": 0.0,
            "Qs_out_bed": 0.0,
            "Qs_out_wall": 0.0,
            "D50": 0.0007071067811865476,
            "D84": 0.0014142135623730952
        },
        "deposit_downstream": {
            "flow_scale": 0.83,
            "elevation": 1744.025042494142,
            "length": 47,
            "width": 6.722525480695718,
            "bankfull_width": 7.5,
            "lwd_factor": 1,
            "gsd_bed": {
                "1.0": 2.2046777995510747e-11,
                "0.0": 1.4713421309601307e-07,
                "-1.0": 1.9169494920302456e-06,
                "-2.0": 8.881783678798202e-07,
                "-2.5": 8.55473013830017e-06,
                "-3.0": 5.950149880903953e-06,
                "-3.5": 0.8596865594565836,
                "-4.0": 6.338080580870667e-06,
                "-4.5": 0.13130767163103513,
                "-5.0": 2.2732753563628515e-05,
                "-5.5": 5.885838854611554e-07,
                "-6.0": 1.8379067511153168e-06,
                "-6.5": 0.00026152463441795286,
                "-7.0": 0.00014437173856936546,
                "-7.5": 0.0036426292263679583,
                "-8.0": 0.004908288824105849,
                "-8.5": 0.0,
                "-9.0": 0.0
            },
            "gsd_wall": {
                "1.0": 0.4830195139696814,
                "0.0": 0.11999272038822095,
                "-1.0": 0.06293371532477003,
                "-2.0": 0.1483676979323531,
                "-2.5": 0.13888476978029923,
                "-3.0": 0.03024713672184155,
                "-3.5": 8.221411569755505e-05,
                "-4.0": 0.006089729383368549,
                "-4.5": 3.504434394372897e-06,
                "-5.0": 0.004604782555605054,
                "-5.5": 3.800640008649564e-05,
                "-6.0": 7.839103008227352e-05,
                "-6.5": 9.327383602579373e-05,
                "-7.0": 0.0003293362277972056,
                "-7.5": 0.003057100028151696,
                "-8.0": 0.002178107871624685,
                "-8.5": 0.0,
                "-9.0": 0.0
            },
            "Qs_in": 0.0,
            "Qs_out_bed": 0.0,
            "Qs_out_wall": 0.0,
            "D50": 0.010384640146271244,
            "D84": 0.015576960219406862
        },
        "downstream": {
            "flow_scale": 0.835,
            "elevation": 1742.7323057032363,
            "length": 65,
            "bankfull_width": 6,
            "lwd_factor": null,
            "gsd": {
                "1.0": 0.4312523025635488,
                "0.0": 0.2790409636278166,
                "-1.0": 1.415651196132771e-05,
                "-2.0": 1.7161226492429928e-05,
                "-2.5": 9.947898967381809e-06,
                "-3.0": 1.8116408368229105e-05,
                "-3.5": 3.0053409394662266e-06,
                "-4.0": 5.85655731379e-05,
                "-4.5": 4.111500310662222e-05,
                "-5.0": 0.00019022903299594822,
                "-5.5": 0.001018729806222046,
                "-6.0": 0.002112749212227401,
                "-6.5": 0.014409658908001157,
                "-7.0": 0.06199690852263428,
                "-7.5": 0.2078187247025072,
                "-8.0": 0.0016388370977596517,
                "-8.5": 0.0002648496538743961,
                "-9.0": 9.397890943930126e-05
            },
            "Qs_in": 0.0,
            "Qs_out": 0.0,
            "D50": 0.0008752612228835455,
            "D84": 0.17669980513759698
        }
    },
    "dep_masses": {
        "deposit_upstream": {
            "1.0": 0.0,
            "0.0": 3.1395383030136204,
            "-1.0": 15.621852085724948,
            "-2.0": 66.17851063152517,
            "-2.5": 151.17097974618503,
            "-3.0": 685.1779378199867,
            "-3.5": 1961.7705403307104,
            "-4.0": 6911.737602774275,
            "-4.5": 0.0,
            "-5.0": 8038.298020177923,
            "-5.5": 17483.317484417872,
            "-6.0": 44409.89855515474,
            "-6.5": 126549.71975324358,
            "-7.0": 154922.50533567823,
            "-7.5": 520531.23535380716,
            "-8.0": 181046.28643002163,
            "-8.5": 0.0,
            "-9.0": 0.0
        },
        "deposit_downstream": {
            "1.0": 12.914603659272903,
            "0.0": 24.15876235111415,
            "-1.0": 70.9116889146906,
            "-2.0": 69.23658234474033,
            "-2.5": 283.52309813213014,
            "-3.0": 945.0128939290788,
            "-3.5": 0.0,
            "-4.0": 1815.3056601375172,
            "-4.5": 0.0,
            "-5.0": 4779.675487565787,
            "-5.5": 30.990428843106187,
            "-6.0": 547.2465522450495,
            "-6.5": 1219.466586588268,
            "-7.0": 6520.423726140328,
            "-7.5": 111034.2509253835,