{
    "timestep": "2015-05-21 16:00",
    "deposit_mass": 2401711,
    "reaches": {
        "upstream": {
            "flow_scale": 0.78,
            "elevation": 1746.3483127603029,
            "length": 50,
            "bankfull_width": 6,
            "lwd_factor": null,
            "gsd": {
                "1.0": 0.14218597308458075,
                "0.0": 0.09029344715702037,
                "-1.0": 0.018380311330313665,
                "-2.0": 0.02285938241023309,
                "-2.5": 0.00013802789330735735,
                "-3.0": 0.002991960287446457,
                "-3.5": 0.0007287977524478548,
                "-4.0": 0.0013778094250295743,
                "-4.5": 0.06173819167260409,
                "-5.0": 0.5762981007466189,
                "-5.5": 0.0819048552818491,
                "-6.0": 0.00035435332217314625,
                "-6.5": 0.00029459769601902904,
                "-7.0": 0.0002417274918086037,
                "-7.5": 0.00012369168705974462,
                "-8.0": 5.75424548150692e-05,
                "-8.5": 1.8934910345129986e-05,
                "-9.0": 1.2295396328005887e-05
            },
            "Qs_in": 0.13923931339791656,
            "Qs_out": 0.08429285788663114,
            "D50": 0.02930865333394743,
            "D84": 0.043962980000921144
        },
        "deposit_upstream": {
            "flow_scale": 0.79,
            "elevation": 1746.0331059630853,
            "length": 55,
            "width": 1.6070166322996582,
            "bankfull_width": 6,
            "lwd_factor": null,
            "gsd_bed": {
                "1.0": 3.9729782738464005e-08,
                "0.0": 0.027662066978908995,
                "-1.0": 0.06142069398772311,
                "-2.0": 0.33105909071602435,
                "-2.5": 0.26805490171243845,
                "-3.0": 0.2664638349328115,
                "-3.5": 0.012272097264189043,
                "-4.0": 6.44724208776416e-05,
                "-4.5": 0.003856320964751418,
                "-5.0": 0.000138667319526788,
                "-5.5": 0.00013794496573599362,
                "-6.0": 0.00012389242641879325,
                "-6.5": 0.0012958860058753278,
                "-7.0": 0.00526349759936728,
                "-7.5": 0.01977575958586464,
                "-8.0": 0.0024108333897038857,
                "-8.5": 0.0,
                "-9.0": 0.0
            },
            "gsd_wall": {
                "1.0": 0.9488219813126215,
                "0.0": 1.8294494028391154e-06,
                "-1.0": 3.912405468027403e-06,
                "-2.0": 3.756145688068158e-06,
                "-2.5": 2.6832122804606763e-06,
                "-3.0": 8.482319962576075e-07,
                "-3.5": 8.143970752012762e-07,
                "-4.0": 0.026598569697468183,
                "-4.5": 3.782344753700437e-06,
                "-5.0": 0.005310144950189674,
                "-5.5": 0.00528750888714753,
                "-6.0": 0.004748139332507353,
                "-6.5": 0.004784650846970407,
                "-7.0": 0.002008354338066196,
                "-7.5": 0.0021620437733894035,
                "-8.0": 0.00026098067497500326,
                "-8.5": 0.0,
                "-9.0": 0.0
            },
            "Qs_in": 0.08429285788663114,
            "Qs_out_bed": 0.12336419288861862,
            "Qs_out_wall": 0.007948019917088928,
            "D50": 0.0007071067811865476,
            "D84": 0.0014142135623730952
        },
        "deposit_downstream": {
            "flow_scale": 0.83,
            "elevation": 1744.0712209689507,
            "length": 47,
            "width": 6.425948830854842,
            "bankfull_width": 7.5,
            "lwd_factor": 1,
            "gsd_bed": {
                "1.0": 0.5993513698371886,
                "0.0": 0.2298076952694496,
                "-1.0": 0.11142268337074768,
                "-2.0": 8.24015182291797e-09,
                "-2.5": 7.87622602528509e-09,
                "-3.0": 0.032594078324743245,
                "-3.5": 0.020105067380406804,
                "-4.0": 0.0016630534132873844,
                "-4.5": 0.003948257174318973,
                "-5.0": 5.7199365296393326e-05,
                "-5.5": 2.470295667759106e-05,
                "-6.0": 2.6741169197856708e-05,
                "-6.5": 0.00028023737891368783,
                "-7.0": 7.407594485572826e-06,
                "-7.5": 0.00019367151458604144,
                "-8.0": 0.0005178191343228474,
                "-8.5": 0.0,
                "-9.0": 0.0
            },
            "gsd_wall": {
                "1.0": 2.0665037086275666e-05,
                "0.0": 2.1673663889513555e-05,
                "-1.0": 1.195480969533982e-05,
                "-2.0": 0.500775315022462,
                "-2.5": 0.4935835451473031,
                "-3.0": 6.863800861172545e-06,
                "-3.5": 7.73028909180655e-06,
                "-4.0": 1.055941001913714e-05,
                "-4.5": 8.749903033959391e-06,
                "-5.0": 1.1109015303557863e-05,
                "-5.5": 2.4538646735185436e-05,
                "-6.0": 3.6789669179416635e-05,
                "-6.5": 0.00021028128817795555,
                "-7.0": 0.00030822590351472405,
                "-7.5": 0.0035336786590271876,
                "-8.0": 0.0014283197346196118,
                "-8.5": 0.0,
                "-9.0": 0.0
            },
            "Qs_in": 0.13131221280570754,
            "Qs_out_bed": 0.13131221280570754,
            "Qs_out_wall": 0.0,
            "D50": 0.0007071067811865476,
            "D84": 0.0016975856735530874
        },
        "downstream": {
            "flow_scale": 0.835,
            "elevation": 1742.675688234908,
            "length": 65,
            "bankfull_width": 6,
            "lwd_factor": null,
            "gsd": {
                "1.0": 0.49601428513361784,
                "0.0": 0.32094507849369464,
                "-1.0": 5.2855355283837614e-08,
                "-2.0": 2.8996627921053473e-06,
                "-2.5": 1.665864133146119e-06,
                "-3.0": 2.813709881316615e-05,
                "-3.5": 3.583465852300452e-05,
                "-4.0": 5.101166027157657e-05,
                "-4.5": 6.198720189927279e-05,
                "-5.0": 0.00024335241260250507,
                "-5.5": 0.0006736522162913819,
                "-6.0": 0.0007482705165581376,
                "-6.5": 0.008535029294422921,
                "-7.0": 0.058495969006333394,
                "-7.5": 0.11290133259504267,
                "-8.0": 0.001074954953087939,
                "-8.5": 0.0001376447065092591,
                "-9.0": 4.884167005167288e-05
            },
            "Qs_in": 0.13131221280570754,
            "Qs_out": 0.17127343638146358,
            "D50": 0.0008375760121205567,
            "D84": 0.126897862394523
        }
    },
    "dep_masses": {
        "deposit_upstream": {
            "1.0": 0.0,
            "0.0": 0.0,
            "-1.0": 0.0,
            "-2.0": 0.0,
            "-2.5": 0.0,
            "-3.0": 0.0,
            "-3.5": 0.0,
            "-4.0": 4194.018501495678,
            "-4.5": 0.0,
            "-5.0": 7149.3605216429705,
            "-5.5": 20116.106506397606,
            "-6.0": 51100.81454760991,
            "-6.5": 145623.73135259148,
            "-7.0": 173065.046559359,
            "-7.5": 528350.0803872517,
            "-8.0": 181046.28643002163,
            "-8.5": 0.0,
            "-9.0": 0.0
        },
        "deposit_downstream": {
            "1.0": 0.0,
            "0.0": 0.0,
            "-1.0": 0.0,
            "-2.0": 507.9218578022612,
            "-2.5": 1373.1717278337208,
            "-3.0": 0.0,
            "-3.5": 0.0,
            "-4.0": 0.0,
            "-4.5": 0.0,
            "-5.0": 0.0,
            "-5.5": 12.981307752056763,
            "-6.0": 93.71148670112147,
            "-6.5": 2441.101518530455,
            "-7.0": 6538.192377996137,
            "-7.5": 211192.0698342504,