{
    "timestep": "2014-04-07 00:00",
    "deposit_mass": 822761,
    "reaches": {
        "upstream": {
            "flow_scale": 0.78,
            "elevation": 1747.01877365863,
            "length": 37.5,
            "bankfull_width": 5.5,
            "gsd": {
                "1.0": 0.009496089620005132,
                "0.0": 0.009490604672771854,
                "-1.0": 0.009488556896960865,
                "-2.0": 0.009504867432649696,
                "-2.5": 0.00476021916600861,
                "-3.0": 0.010582505989780219,
                "-3.5": 0.018310956189386995,
                "-4.0": 0.033238973824417616,
                "-4.5": 0.05995596581060508,
                "-5.0": 0.09065776349948801,
                "-5.5": 0.15210941764893546,
                "-6.0": 0.19480443413455495,
                "-6.5": 0.20722196972333187,
                "-7.0": 0.1389999960032296,
                "-7.5": 0.05031794902402244,
                "-8.0": 0.0010597303638514865,
                "-8.5": 0.0,
                "-9.0": 0.0
            },
            "Qs_in": 4.218637528648534,
            "Qs_out": 4.223447601775398
        },
        "deposit_upstream": {
            "flow_scale": 0.79,
            "elevation": 1745.992604650851,
            "length": 41,
            "width": 2.1288651548365016,
            "bankfull_width": 5.5,
            "gsd_bed": {
                "1.0": 0.012002920999450994,
                "0.0": 0.01159692194972517,
                "-1.0": 0.011597743977826968,
                "-2.0": 0.0116025306805167,
                "-2.5": 0.00570613760360768,
                "-3.0": 0.012343615929706073,
                "-3.5": 0.02102118672570513,
                "-4.0": 0.03799117219720953,
                "-4.5": 0.06799603575102464,
                "-5.0": 0.10037896448051259,
                "-5.5": 0.1606807470000672,
                "-6.0": 0.19248094624528755,
                "-6.5": 0.18971970293147625,
                "-7.0": 0.1182002421285061,
                "-7.5": 0.04224788788785738,
                "-8.0": 0.004433243511520073,
                "-8.5": 0.0,
                "-9.0": 0.0
            },
            "gsd_wall": {
                "1.0": 0.002405687496818717,
                "0.0": 0.021904609207577305,
                "-1.0": 0.04668930163923221,
                "-2.0": 0.03210292589490845,
                "-2.5": 0.03365085453843813,
                "-3.0": 0.060253220242004364,
                "-3.5": 0.061163568610705,
                "-4.0": 0.10783262651449914,
                "-4.5": 0.10834900615887283,
                "-5.0": 0.1850676622045147,
                "-5.5": 0.18534957431281454,
                "-6.0": 0.05301890069883108,
                "-6.5": 0.05304462129604651,
                "-7.0": 0.022002928608505064,
                "-7.5": 0.022006329210946037,
                "-8.0": 0.005158183365286132,
                "-8.5": 0.0,
                "-9.0": 0.0
            },
            "Qs_in": 4.223447601775398,
            "Qs_out_bed": 4.255075372062308,
            "Qs_out_wall": 2.6736184087852578e-08
        },
        "deposit_downstream": {
            "flow_scale": 0.83,
            "elevation": 1744.7537300974998,
            "length": 42,
            "width": 4.155643325412883,
            "bankfull_width": 5.5,
            "gsd_bed": {
                "1.0": 0.009705695566541793,
                "0.0": 0.009725611157185602,
                "-1.0": 0.009765041646961802,
                "-2.0": 0.00957795629497666,
                "-2.5": 0.004655260525499132,
                "-3.0": 0.010065194414038234,
                "-3.5": 0.017093923261160455,
                "-4.0": 0.030410408735289985,
                "-4.5": 0.053378767402135534,
                "-5.0": 0.07945595133866275,
                "-5.5": 0.13216559868649744,
                "-6.0": 0.16353871303011996,
                "-6.5": 0.1802133581872301,
                "-7.0": 0.13020928937593151,
                "-7.5": 0.10155614147199747,
                "-8.0": 0.05848308890577168,
                "-8.5": 0.0,
                "-9.0": 0.0
            },
            "gsd_wall": {
                "1.0": 0.0560006149494244,
                "0.0": 0.05614971560846364,
                "-1.0": 0.05781450715534771,
                "-2.0": 0.03154370260849918,
                "-2.5": 0.03154543757389894,
                "-3.0": 0.05500400908818168,
                "-3.5": 0.055004973066715264,
                "-4.0": 0.0961585420576464,
                "-4.5": 0.09615907904024117,
                "-5.0": 0.16380462575982763,
                "-5.5": 0.16380491723275686,
                "-6.0": 0.046815896825212956,
                "-6.5": 0.04681592336914588,
                "-7.0": 0.019413952837432975,
                "-7.5": 0.01941395634484898,
                "-8.0": 0.004550146482356469,
                "-8.5": 0.0,
                "-9.0": 0.0
            },
            "Qs_in": 4.255075398798492,
            "Qs_out_bed": 0.2676927229976153,
            "Qs_out_wall": 2.6136464987077592e-11
        },
        "downstream": {
            "flow_scale": 0.835,
            "elevation": 1742.7666644130236,
            "length": 50,
            "bankfull_width": 5.5,
            "gsd": {
                "1.0": 0.0067433374431112,
                "0.0": 0.007194449182434144,
                "-1.0": 0.007130376976055594,
                "-2.0": 0.006979796895594926,
                "-2.5": 0.0036054514189506567,
                "-3.0": 0.008280658094309818,
                "-3.5": 0.014022833364009111,
                "-4.0": 0.02388321445424461,
                "-4.5": 0.041214586197834205,
                "-5.0": 0.06467557711935139,
                "-5.5": 0.11717352063724917,
                "-6.0": 0.15617480752764837,
                "-6.5": 0.19702148995940041,
                "-7.0": 0.1446357706676401,
                "-7.5": 0.13612835161482895,
                "-8.0": 0.06513577844733724,
                "-8.5": 0.0,
                "-9.0": 0.0
            },
            "Qs_in": 0.2676927230237518,
            "Qs_out": 4.411737680470619
        }
    }
}