{
    "timestep": "2012-04-09 08:00",
    "deposit_mass": 2401711,
    "reaches": {
        "upstream": {
            "flow_scale": 0.78,
            "elevation": 1746.1185,
            "length": 50,
            "bankfull_width": 6,
            "lwd_factor": null,
            "gsd": {
                "1.0": 0.004955892556249374,
                "0.0": 0.004955892556249374,
                "-1.0": 0.007037367429874124,
                "-2.0": 0.009317078005748842,
                "-2.5": 0.01685003469124789,
                "-3.0": 0.032015065913371006,
                "-3.5": 0.04896421845574386,
                "-4.0": 0.06531866389136685,
                "-4.5": 0.09654078699573801,
                "-5.0": 0.12528496382198434,
                "-5.5": 0.14411735553573196,
                "-6.0": 0.1428288234711073,
                "-6.5": 0.1187431856477351,
                "-7.0": 0.09743284765586278,
                "-7.5": 0.04985627911586886,
                "-8.0": 0.023193577163247114,
                "-8.5": 0.007632074536624034,
                "-9.0": 0.004955892556249374
            },
            "Qs_in": 0.0,
            "Qs_out": 0.0,
            "D50": 0.0454341563456765,
            "D84": 0.12766173715105641
        },
        "deposit_upstream": {
            "flow_scale": 0.79,
            "elevation": 1746.2987085926904,
            "length": 55,
            "width": 1.0000848991282296,
            "bankfull_width": 6,
            "lwd_factor": null,
            "gsd_bed": {
                "1.0": 1.7345080772671697e-05,
                "0.0": 1.7366192754102372e-05,
                "-1.0": 3.335699120920749e-07,
                "-2.0": 0.00021948742659901906,
                "-2.5": 0.0002198454225463526,
                "-3.0": 5.792752403603013e-05,
                "-3.5": 5.7925694893803115e-05,
                "-4.0": 8.75864422791803e-05,
                "-4.5": 8.758644227917979e-05,
                "-5.0": 0.00010922134037204449,
                "-5.5": 0.007396077896329551,
                "-6.0": 0.3445974186321138,
                "-6.5": 0.34459741863211424,
                "-7.0": 0.14286690131900803,
                "-7.5": 0.1428669013190079,
                "-8.0": 0.0168006570649821,
                "-8.5": 0.0,
                "-9.0": 0.0
            },
            "gsd_wall": {
                "1.0": 0.029616518201674342,
                "0.0": 0.9421651128548718,
                "-1.0": 0.01603600361081545,
                "-2.0": 0.0021749585091096015,
                "-2.5": 0.0021749860970598878,
                "-3.0": 0.000573091574780859,
                "-3.5": 0.000573091609022449,
                "-4.0": 0.0008665421317146653,
                "-4.5": 0.000866542131714667,
                "-5.0": 0.0010805883953254598,
                "-5.5": 0.0010805773914357678,
                "-6.0": 0.0009701353844261441,
                "-6.5": 0.0009701353844261455,
                "-7.0": 0.00040220915404144187,
                "-7.5": 0.00040220915404144377,
                "-8.0": 4.7298415539637313e-05,
                "-8.5": 0.0,
                "-9.0": 0.0
            },
            "Qs_in": 0.0,
            "Qs_out_bed": 0.0,
            "Qs_out_wall": 0.0,
            "D50": 0.0906326238449884,
            "D84": 0.13594893576748257
        },
        "deposit_downstream": {
            "flow_scale": 0.83,
            "elevation": 1744.3965735094023,
            "length": 47,
            "width": 2.889063713666944,
            "bankfull_width": 7.5,
            "lwd_factor": 1,
            "gsd_bed": {
                "1.0": 0.4861856596598923,
                "0.0": 0.4861856596598899,
                "-1.0": 0.010091504768131901,
                "-2.0": 0.0016201843451672656,
                "-2.5": 0.00167158330912425,
                "-3.0": 0.00044927879516368376,
                "-3.5": 0.0004492787951635194,
                "-4.0": 0.0006786513819345933,
                "-4.5": 0.0006786513819346258,
                "-5.0": 0.0008466190612195824,
                "-5.5": 0.0008466190612195913,
                "-6.0": 0.0007601117905436811,
                "-6.5": 0.0033416671446671077,
                "-7.0": 0.0026517344811791688,
                "-7.5": 0.003133025347413346,
                "-8.0": 0.00040977101735530666,
                "-8.5": 0.0,
                "-9.0": 0.0
            },
            "gsd_wall": {
                "1.0": 0.4584417612408226,
                "0.0": 0.458441770663887,
                "-1.0": 0.013392062747077665,
                "-2.0": 0.0022725647794411743,
                "-2.5": 0.002338065147958489,
                "-3.0": 0.0006273026146206783,
                "-3.5": 0.0006273026155692087,
                "-4.0": 0.000981398344354962,
                "-4.5": 0.0009813983443489873,
                "-5.0": 0.0011795451430248692,
                "-5.5": 0.001179545143013106,
                "-6.0": 0.0010658780445448335,
                "-6.5": 0.020487914956162895,
                "-7.0": 0.01624686489046486,
                "-7.5": 0.019210429749002823,
                "-8.0": 0.002526195575705769,
                "-8.5": 0.0,
                "-9.0": 0.0
            },
            "Qs_in": 0.0,
            "Qs_out_bed": 567.1686069351525,
            "Qs_out_wall": 0.01343124717239406,
            "D50": 0.0007555662200253901,
            "D84": 0.0011333493300380853
        },
        "downstream": {
            "flow_scale": 0.835,
            "elevation": 1741.9954568408275,
            "length": 65,
            "bankfull_width": 6,
            "lwd_factor": null,
            "gsd": {
                "1.0": 0.4071574964654363,
                "0.0": 0.40715749655555245,
                "-1.0": 0.008302246158865519,
                "-2.0": 0.0013317992229205506,
                "-2.5": 0.0013742011434615929,
                "-3.0": 0.0003691908193893225,
                "-3.5": 0.0003691908193891875,
                "-4.0": 0.0005580695753405719,
                "-4.5": 0.036446356187607894,
                "-5.0": 0.04585890638753426,
                "-5.5": 0.045859161776320836,
                "-6.0": 0.041169999245651914,
                "-6.5": 0.0040126023956266995,
                "-7.0": 3.1494196656551124e-05,
                "-7.5": 1.7733079070301485e-06,
                "-8.0": 9.982946886278307e-09,
                "-8.5": 4.250980130145971e-09,
                "-9.0": 1.5084123042453451e-09
            },
            "Qs_in": 567.182038182325,
            "Qs_out": 0.0,
            "D50": 0.043959695061631485,
            "D84": 0.06593954259244722
        }
    },
    "dep_masses": {
        "deposit_upstream": {
            "1.0": 23.554426200567725,
            "0.0": 188.7202073031619,
            "-1.0": 29.10159613797034,
            "-2.0": 31.576376718611893,
            "-2.5": 89.56281217420315,
            "-3.0": 66.7483068182006,
            "-3.5": 188.7867601424472,
            "-4.0": 807.3877583622958,
            "-4.5": 2283.637435939937,
            "-5.0": 8054.577477845354,
            "-5.5": 22736.695198401172,
            "-6.0": 58022.36141290611,
            "-6.5": 164112.0208620904,
            "-7.0": 192444.27344067078,
            "-7.5": 544314.6030016664,
            "-8.0": 181046.28643002163,
            "-8.5": 0.0,
            "-9.0": 0.0
        },
        "deposit_downstream": {
            "1.0": 0.3440260516062086,
            "0.0": 2.75220841130441,
            "-1.0": 0.6426571042434177,
            "-2.0": 0.8619092990677885,
            "-2.5": 2.515219131911018,
            "-3.0": 1.9120279763972619,
            "-3.5": 5.40803179205603,
            "-4.0": 23.116173107827876,
            "-4.5": 65.38241103862002,
            "-5.0": 230.55868023107632,
            "-5.5": 652.1184250112038,
            "-6.0": 1656.434357300855,
            "-6.5": 91054.46078152813,