{
    "timestep": "2012-06-02 12:00",
    "deposit_mass": 2401711,
    "reaches": {
        "upstream": {
            "flow_scale": 0.78,
            "elevation": 1746.1934100450594,
            "length": 50,
            "bankfull_width": 6,
            "lwd_factor": null,
            "gsd": {
                "1.0": 0.2595415723399243,
                "0.0": 0.06346548815781573,
                "-1.0": 0.01655996545997148,
                "-2.0": 0.01888359635791957,
                "-2.5": 0.03017904611285469,
                "-3.0": 0.014810433257107035,
                "-3.5": 0.2732847290240664,
                "-4.0": 0.23535121545258436,
                "-4.5": 0.07186231714665786,
                "-5.0": 0.01450761208867115,
                "-5.5": 0.0015048719840439905,
                "-6.0": 1.5788881651944775e-05,
                "-6.5": 1.3126356848736942e-05,
                "-7.0": 1.077062502696865e-05,
                "-7.5": 5.511316773718404e-06,
                "-8.0": 2.5639127734594592e-06,
                "-8.5": 8.436806989588854e-07,
                "-9.0": 5.478446097135559e-07
            },
            "Qs_in": 0.4970156657611725,
            "Qs_out": 0.16796132423336083,
            "D50": 0.011279037022095472,
            "D84": 0.016918555533143205
        },
        "deposit_upstream": {
            "flow_scale": 0.79,
            "elevation": 1746.0723428403596,
            "length": 55,
            "width": 1.4110783053610327,
            "bankfull_width": 6,
            "lwd_factor": null,
            "gsd_bed": {
                "1.0": 7.614028494997315e-05,
                "0.0": 0.010322593150308673,
                "-1.0": 0.06443532370748954,
                "-2.0": 0.3487526454879679,
                "-2.5": 0.2822733284287943,
                "-3.0": 0.2807357271762505,
                "-3.5": 0.012712147753379633,
                "-4.0": 2.9283363076483322e-06,
                "-4.5": 2.0530040917407305e-06,
                "-5.0": 8.43257540211146e-06,
                "-5.5": 2.554993437434191e-06,
                "-6.0": 3.141932380097244e-05,
                "-6.5": 3.1615960032989386e-05,
                "-7.0": 7.846902204812596e-05,
                "-7.5": 0.0004660194997990056,
                "-8.0": 6.860129593945461e-05,
                "-8.5": 0.0,
                "-9.0": 0.0
            },
            "gsd_wall": {
                "1.0": 0.9814171276867996,
                "0.0": 0.014713617153095401,
                "-1.0": 0.0003211204230510464,
                "-2.0": 0.0006015707982803619,
                "-2.5": 0.0005710479864760885,
                "-3.0": 0.0004598572762628376,
                "-3.5": 0.00019062120857120455,
                "-4.0": 0.00022244935287165857,
                "-4.5": 0.00022244935195278907,
                "-5.0": 0.0002777607054809841,
                "-5.5": 0.0002769267787789498,
                "-6.0": 0.0002488344335551654,
                "-6.5": 0.00025045520330674493,
                "-7.0": 0.00010503601461958053,
                "-7.5": 0.00010802171831333889,
                "-8.0": 1.310390858438957e-05,
                "-8.5": 0.0,
                "-9.0": 0.0
            },
            "Qs_in": 0.16796132423336083,
            "Qs_out_bed": 0.16796132423336083,
            "Qs_out_wall": 0.0,
            "D50": 0.005652818371925525,
            "D84": 0.008479227557888287
        },
        "deposit_downstream": {
            "flow_scale": 0.83,
            "elevation": 1744.1604111153479,
            "length": 47,
            "width": 5.892348746906954,
            "bankfull_width": 7.5,
            "lwd_factor": 1,
            "gsd_bed": {
                "1.0": 0.40331552367276974,
                "0.0": 0.01548074116605758,
                "-1.0": 0.28297762276198407,
                "-2.0": 0.09744565944863848,
                "-2.5": 0.0937619019354934,
                "-3.0": 0.08485022474150575,
                "-3.5": 1.2112917832120554e-06,
                "-4.0": 5.460381732370398e-07,
                "-4.5": 2.2564017255511892e-09,
                "-5.0": 3.901260080437603e-07,
                "-5.5": 6.563560631537294e-09,
                "-6.0": 5.208456890700693e-07,
                "-6.5": 1.7534243262695953e-06,
                "-7.0": 0.0010549725744811048,
                "-7.5": 0.016995248667550648,
                "-8.0": 0.004113674485576924,
                "-8.5": 0.0,
                "-9.0": 0.0
            },
            "gsd_wall": {
                "1.0": 0.00022428141820958264,
                "0.0": 0.41644882204100353,
                "-1.0": 0.000740624132369961,
                "-2.0": 0.0004962040878802229,
                "-2.5": 4.7093787329662185e-05,
                "-3.0": 0.00045736592753297463,
                "-3.5": 0.033488145213616864,
                "-4.0": 0.00021955916088322195,
                "-4.5": 0.0002715647286722902,
                "-5.0": 0.0005122182017273938,
                "-5.5": 0.000437531352537394,
                "-6.0": 0.002381252508845279,
                "-6.5": 0.008467339490550898,
                "-7.0": 0.02742930571785887,
                "-7.5": 0.41213244046300423,
                "-8.0": 0.09624625176797781,
                "-8.5": 0.0,
                "-9.0": 0.0
            },
            "Qs_in": 0.16796132423336083,
            "Qs_out_bed": 0.16796132423336083,
            "Qs_out_wall": 0.0,
            "D50": 0.0015070280032560561,
            "D84": 0.005653533211258072
        },
        "downstream": {
            "flow_scale": 0.835,
            "elevation": 1742.5760544148848,
            "length": 65,
            "bankfull_width": 6,
            "lwd_factor": null,
            "gsd": {
                "1.0": 0.5409953946559242,
                "0.0": 0.35005001792599977,
                "-1.0": 2.1396587240519185e-07,
                "-2.0": 8.64485478496989e-07,
                "-2.5": 3.99164984445806e-06,
                "-3.0": 1.7282432341360891e-06,
                "-3.5": 1.4364279955437286e-06,
                "-4.0": 2.372759014138846e-05,
                "-4.5": 1.598219257190591e-05,
                "-5.0": 8.643086590932907e-05,
                "-5.5": 0.00026167827575913617,
                "-6.0": 0.0006064882672951744,
                "-6.5": 0.009747959196952241,
                "-7.0": 0.056993192812427845,
                "-7.5": 0.04055887612130045,
                "-8.0": 0.0006066441344576927,
                "-8.5": 3.3489734616715194e-05,
                "-9.0": 1.1883454218834421e-05
            },
            "Qs_in": 0.16796132423336083,
            "Qs_out": 0.5276122678807986,
            "D50": 0.0007071067811865476,
            "D84": 0.0009760685124939842
        }
    },
    "dep_masses": {
        "deposit_upstream": {
            "1.0": 0.0,
            "0.0": 0.0,
            "-1.0": 0.0,
            "-2.0": 0.0,
            "-2.5": 0.0,
            "-3.0": 0.0,
            "-3.5": 0.0,
            "-4.0": 751.0781340241965,
            "-4.5": 2124.2991521427325,
            "-5.0": 7492.9688480788545,
            "-5.5": 21149.769412372403,
            "-6.0": 53747.68763246917,
            "-6.5": 152972.83586352083,
            "-7.0": 180989.17214496247,
            "-7.5": 528350.0803872517,
            "-8.0": 181046.28643002163,
            "-8.5": 0.0,
            "-9.0": 0.0
        },
        "deposit_downstream": {
            "1.0": 0.0,
            "0.0": 0.0,
            "-1.0": 0.0,
            "-2.0": 0.0,
            "-2.5": 0.0,
            "-3.0": 0.0,
            "-3.5": 19.79986726678812,
            "-4.0": 0.0,
            "-4.5": 0.023984994084788505,
            "-5.0": 2.1196758634037647e-11,
            "-5.5": 0.5581522514634347,
            "-6.0": 91.27906417358702,
            "-6.5": 577.8299220414411,
            "-7.0": 8348.52827047396,
            "-7.5": 376817.76208396425,