{
    "timestep": "2017-04-16 00:00",
    "deposit_mass": 2401711,
    "reaches": {
        "upstream": {
            "flow_scale": 0.78,
            "elevation": 1746.3931760368148,
            "length": 50,
            "bankfull_width": 6,
            "lwd_factor": null,
            "gsd": {
                "1.0": 0.0,
                "0.0": 0.0,
                "-1.0": 0.0,
                "-2.0": 0.0,
                "-2.5": 0.0,
                "-3.0": 0.0,
                "-3.5": 0.0,
                "-4.0": 0.0024198527309211995,
                "-4.5": 0.03885583164051213,
                "-5.0": 0.39853113902274423,
                "-5.5": 0.5380411016450158,
                "-6.0": 0.018936349290872977,
                "-6.5": 0.0013305695171436475,
                "-7.0": 0.0010773886617398724,
                "-7.5": 0.0005512985725891728,
                "-8.0": 0.0002564689184609668,
                "-8.5": 0.0,
                "-9.0": 0.0
            },
            "Qs_in": 0.0,
            "Qs_out": 0.0,
            "D50": 0.042314948946997416,
            "D84": 0.06347242342049612
        },
        "deposit_upstream": {
            "flow_scale": 0.79,
            "elevation": 1745.8897249056788,
            "length": 55,
            "width": 2.7100961196479103,
            "bankfull_width": 6,
            "lwd_factor": null,
            "gsd_bed": {
                "1.0": 0.0,
                "0.0": 0.0,
                "-1.0": 0.0,
                "-2.0": 0.0,
                "-2.5": 0.0,
                "-3.0": 0.0,
                "-3.5": 0.0,
                "-4.0": 0.14629545704083344,
                "-4.5": 0.18969386966473242,
                "-5.0": 0.08938073516102409,
                "-5.5": 0.0625644626083686,
                "-6.0": 0.10575732135021129,
                "-6.5": 0.1842121927424462,
                "-7.0": 0.10235836420519213,
                "-7.5": 0.10611737602064927,
                "-8.0": 0.01362022120654248,
                "-8.5": 0.0,
                "-9.0": 0.0
            },
            "gsd_wall": {
                "1.0": 0.0,
                "0.0": 0.0,
                "-1.0": 0.0,
                "-2.0": 0.0,
                "-2.5": 0.0,
                "-3.0": 0.30311432787656944,
                "-3.5": 0.21401259634977804,
                "-4.0": 0.12133658877436382,
                "-4.5": 0.08732616802650568,
                "-5.0": 0.041275874047036365,
                "-5.5": 0.028999633690631497,
                "-6.0": 0.04416246192948517,
                "-6.5": 0.07225096689030691,
                "-7.0": 0.040558272582418335,
                "-7.5": 0.041546419320905,
                "-8.0": 0.005416690511999818,
                "-8.5": 0.0,
                "-9.0": 0.0
            },
            "Qs_in": 0.0,
            "Qs_out_bed": 0.0,
            "Qs_out_wall": 0.0,
            "D50": 0.0627312045510488,
            "D84": 0.12957252257629095
        },
        "deposit_downstream": {
            "flow_scale": 0.83,
            "elevation": 1744.1668184438404,
            "length": 47,
            "width": 6.470499136470141,
            "bankfull_width": 7.5,
            "lwd_factor": 1,
            "gsd_bed": {
                "1.0": 0.0,
                "0.0": 0.0,
                "-1.0": 0.0,
                "-2.0": 0.0,
                "-2.5": 0.0,
                "-3.0": 0.0,
                "-3.5": 0.3896041420070368,
                "-4.0": 0.31192534614123574,
                "-4.5": 0.014456456924324177,
                "-5.0": 0.02392731562999495,
                "-5.5": 0.009496542661482109,
                "-6.0": 0.007173287758013603,
                "-6.5": 0.00588181297914975,
                "-7.0": 0.019905722417519388,
                "-7.5": 0.12581937224018117,
                "-8.0": 0.09181000124106216,
                "-8.5": 0.0,
                "-9.0": 0.0
            },
            "gsd_wall": {
                "1.0": 0.0,
                "0.0": 0.0,
                "-1.0": 0.0,
                "-2.0": 0.21598174070250903,
                "-2.5": 0.17663513053931015,
                "-3.0": 0.14954606949147406,
                "-3.5": 0.11545046827976195,
                "-4.0": 0.11084090116771275,
                "-4.5": 0.07242331978923505,
                "-5.0": 0.031639975682212766,
                "-5.5": 0.0058410657318532806,
                "-6.0": 0.004453790648241231,
                "-6.5": 0.003584000695486045,
                "-7.0": 0.010800511858734116,
                "-7.5": 0.058567583571927734,
                "-8.0": 0.044235441841542,
                "-8.5": 0.0,
                "-9.0": 0.0
            },
            "Qs_in": 0.0,
            "Qs_out_bed": 0.0,
            "Qs_out_wall": 0.0,
            "D50": 0.016185433536555893,
            "D84": 0.17893381948854373
        },
        "downstream": {
            "flow_scale": 0.835,
            "elevation": 1742.7034698245784,
            "length": 65,
            "bankfull_width": 6,
            "lwd_factor": null,
            "gsd": {
                "1.0": 0.0,
                "0.0": 0.0,
                "-1.0": 0.0,
                "-2.0": 0.0,
                "-2.5": 0.0,
                "-3.0": 0.0,
                "-3.5": 0.0,
                "-4.0": 0.017194788394578994,
                "-4.5": 0.008709768201029646,
                "-5.0": 0.025646058039266353,
                "-5.5": 0.02902052698157756,
                "-6.0": 0.042158202956544245,
                "-6.5": 0.015295023227926259,
                "-7.0": 0.1775445152549362,
                "-7.5": 0.6629991698601796,
                "-8.0": 0.021431947083961157,
                "-8.5": 0.0,
                "-9.0": 0.0
            },
            "Qs_in": 0.0,
            "Qs_out": 0.0,
            "D50": 0.16552514472369356,
            "D84": 0.24828771708554032
        }
    },
    "sed_masses": {
        "upstream": {
            "1.0": 13.934264411950851,
            "0.0": 38.26600235937091,
            "-1.0": 129.86737515374384,
            "-2.0": 341.068797222783,
            "-2.5": 986.3845205822213,
            "-3.0": 2426.5206356534145,
            "-3.5": 4475.5459594673475,
            "-4.0": 7148.644657467686,
            "-4.5": 12245.489074933968,
            "-5.0": 30905.14893908204,
            "-5.5": 97941.45790849588,
            "-6.0": 10856.913920519595,
            "-6.5": 2317.0751736932243,
            "-7.0": 5306.643938004075,
            "-7.5": 7680.321663049053,
            "-8.0": 10105.836675425871,
            "-8.5": 0.0,
            "-9.0": 0.0
        },
        "downstream": {
            "1.0": 0.10937833230936297,
            "0.0": 0.29238754318092947,
            "-1.0": 0.19305943933149508,
            "-2.0": 0.1686115132148091,
            "-2.5": 1.229073224508037,
            "-3.0": 5.16993658942145,
            "-3.5": 7.449790488294923,
            "-4.0": 11.818834862237697,
            "-4.5": 16.90123940852318,
            "-5.0": 140.82902579767983,
            "-5.5": 450.7355806413357,
            "-6.0": 1852.0112970689772,
            "-6.5": 1900.4509959280688,
            "-7.0": 62396.292996399665,
            "-7.5": 659036.5579097429,
            "-8.0": 60256.3947554891,
            "-8.5": 0.0,
            "-9.0": 0.0
        },
        "deposit_upstream": {
            "1.0": 6.478836004683453,
            "0.0": 21.363326461756543,
            "-1.0": 12.044011967465847,
            "-2.0": 11.589971645807369,
            "-2.5": 80.11433793765904,
            "-3.0": 205.7030938128727,
            "-3.5": 410.7888881804542,
            "-4.0": 701.785194142679,
            "-4.5": 1730.5140673322505,
            "-5.0": 2306.2732085285897,
            "-5.5": 4566.038232030165,
            "-6.0": 21830.67985702581,
            "-6.5": 107552.41935131542,
            "-7.0": 169032.47178530658,