{
    "timestep": "2012-05-21 03:00",
    "deposit_mass": 12150000,
    "reaches": {
        "upstream": {
            "flow_scale": 0.658,
            "elevation": 1581.3041775020474,
            "length": 120,
            "bankfull_width": 10.5,
            "lwd_factor": null,
            "gsd": {
                "1.0": 0.09600866286637603,
                "0.0": 0.027717499093752103,
                "-1.0": 0.008127842827949105,
                "-2.0": 0.28529621460730914,
                "-2.5": 0.2,
                "-3.0": 0.12187142360414226,
                "-3.5": 0.0696332181150465,
                "-4.0": 0.017395012625947948,
                "-4.5": 0.0173950126259476,
                "-5.0": 0.017395012625947788,
                "-5.5": 0.01739501262594771,
                "-6.0": 0.017395012625947726,
                "-6.5": 0.01739501262594771,
                "-7.0": 0.01739501262594772,
                "-7.5": 0.017395012625947722,
                "-8.0": 0.017395012625947722,
                "-8.5": 0.017395012625947722,
                "-9.0": 0.017395012625947708
            },
            "Qs_in": 22.200969010806283,
            "Qs_out": 2.918634042094617,
            "D50": 0.0007071067811865476,
            "D84": 0.0010448965932337451
        },
        "deposit_upstream": {
            "flow_scale": 0.659,
            "elevation": 1580.2707174825844,
            "length": 118,
            "width": 2.543362587453869,
            "bankfull_width": 10.5,
            "lwd_factor": null,
            "gsd_bed": {
                "1.0": 0.17581695040465056,
                "0.0": 0.0004999999978341667,
                "-1.0": 0.0004999999978346455,
                "-2.0": 0.3170030079107973,
                "-2.5": 0.04432136927854504,
                "-3.0": 0.004165132872281984,
                "-3.5": 0.07861250913506512,
                "-4.0": 0.12107694000639431,
                "-4.5": 0.1959804365737358,
                "-5.0": 0.0008599062817433809,
                "-5.5": 0.002595254651584732,
                "-6.0": 0.004352492841415427,
                "-6.5": 0.029538182984825054,
                "-7.0": 0.007145869181443377,
                "-7.5": 0.007145869181458684,
                "-8.0": 0.004826036327269006,
                "-8.5": 0.0048260363272652155,
                "-9.0": 0.0007340060458564354
            },
            "gsd_wall": {
                "1.0": 3.976026028647948e-06,
                "0.0": 3.97606189621127e-06,
                "-1.0": 0.0004315365671968266,
                "-2.0": 0.00030542672530108896,
                "-2.5": 0.00038542838686542354,
                "-3.0": 0.00016854668670822985,
                "-3.5": 4.5861377290575796e-05,
                "-4.0": 0.0003283542189899341,
                "-4.5": 0.0003524819077384124,
                "-5.0": 0.00017775937469608237,
                "-5.5": 1.4831983638140595e-05,
                "-6.0": 0.047722992309928464,
                "-6.5": 0.5100398315713548,
                "-7.0": 0.12918431315084236,
                "-7.5": 0.1291843131529605,
                "-8.0": 0.08579730322707536,
                "-8.5": 0.08579730322656423,
                "-9.0": 0.010055764044924574
            },
            "Qs_in": 2.918634042094617,
            "Qs_out_bed": 2.918634042094617,
            "Qs_out_wall": 0.0,
            "D50": 0.006015772542082427,
            "D84": 0.02246646472902661
        },
        "deposit_downstream": {
            "flow_scale": 0.66,
            "elevation": 1578.5958409927875,
            "length": 120,
            "width": 6.844359595751001,
            "bankfull_width": 12,
            "lwd_factor": null,
            "gsd_bed": {
                "1.0": 0.0011162527640319738,
                "0.0": 0.22438573711358212,
                "-1.0": 0.035614733416680415,
                "-2.0": 0.0005,
                "-2.5": 0.0005,
                "-3.0": 0.0005,
                "-3.5": 0.0005,
                "-4.0": 0.0005,
                "-4.5": 0.0005,
                "-5.0": 0.0005,
                "-5.5": 0.0016834940489836119,
                "-6.0": 0.013077265205205588,
                "-6.5": 0.11619239129100066,
                "-7.0": 0.11940308331647313,
                "-7.5": 0.1244360145211741,
                "-8.0": 0.1218811549976711,
                "-8.5": 0.12188115499766843,
                "-9.0": 0.11682871832752886
            },
            "gsd_wall": {
                "1.0": 0.000492467390110715,
                "0.0": 0.000492467390110854,
                "-1.0": 0.000492467390110908,
                "-2.0": 0.0004924673901108016,
                "-2.5": 0.003935490506220354,
                "-3.0": 0.00391959649653275,
                "-3.5": 0.00393157022181669,
                "-4.0": 0.003931570221700322,
                "-4.5": 0.003931570221322008,
                "-5.0": 0.003931570221525451,
                "-5.5": 0.00393157022144568,
                "-6.0": 0.0039315702214598215,
                "-6.5": 0.003909047043994225,
                "-7.0": 0.140192618047882,
                "-7.5": 0.3006770547722453,
                "-8.0": 0.2453905246820509,
                "-8.5": 0.2453905246817862,
                "-9.0": 0.03102585287957495
            },
            "Qs_in": 2.918634042094617,
            "Qs_out_bed": 4.576540122789206,
            "Qs_out_wall": 7.018047067796281e-06,
            "D50": 0.0007623626562540929,
            "D84": 0.12804744130982348
        },
        "downstream": {
            "flow_scale": 0.689,
            "elevation": 1572.83863682223,
            "length": 145,
            "bankfull_width": 12,
            "lwd_factor": null,
            "gsd": {
                "1.0": 0.13274302938205,
                "0.0": 0.005,
                "-1.0": 0.006660385913062325,
                "-2.0": 0.005,
                "-2.5": 0.005,
                "-3.0": 0.005,
                "-3.5": 0.005,
                "-4.0": 0.013341957233845013,
                "-4.5": 0.09170938479279521,
                "-5.0": 0.09170938479279997,
                "-5.5": 0.09082235677156288,
                "-6.0": 0.07828764301626939,
                "-6.5": 0.07828764301626912,
                "-7.0": 0.0782876430162692,
                "-7.5": 0.0782876430162693,
                "-8.0": 0.0782876430162693,
                "-8.5": 0.0782876430162693,
                "-9.0": 0.07828764301626898
            },
            "Qs_in": 4.576547140836274,
            "Qs_out": 3.9560128783681225,
            "D50": 0.0007071067811865476,
            "D84": 0.127781182251087
        }
    }
}