{
    "timestep": "2008-07-31 11:00",
    "deposit_mass": 12150000,
    "reaches": {
        "upstream": {
            "flow_scale": 0.658,
            "elevation": 1580.508960649869,
            "length": 120,
            "bankfull_width": 10.5,
            "lwd_factor": null,
            "gsd": {
                "1.0": 0.9150000000003449,
                "0.0": 0.005000000000004454,
                "-1.0": 0.0050000000000054055,
                "-2.0": 0.005000000000003484,
                "-2.5": 0.00499999999974352,
                "-3.0": 0.0049999999998189305,
                "-3.5": 0.005000000000029696,
                "-4.0": 0.0050000000000212826,
                "-4.5": 0.0049999999999939555,
                "-5.0": 0.005000000000008641,
                "-5.5": 0.005000000000002889,
                "-6.0": 0.005000000000003904,
                "-6.5": 0.005000000000002889,
                "-7.0": 0.005000000000003133,
                "-7.5": 0.005000000000003514,
                "-8.0": 0.005000000000003659,
                "-8.5": 0.005000000000003514,
                "-9.0": 0.005000000000002419
            },
            "Qs_in": 0.0,
            "Qs_out": 0.0,
            "D50": 0.0007071067811865476,
            "D84": 0.0014142135623730952
        },
        "deposit_upstream": {
            "flow_scale": 0.659,
            "elevation": 1580.3343432896181,
            "length": 118,
            "width": 1.7366880030313043,
            "bankfull_width": 10.5,
            "lwd_factor": null,
            "gsd_bed": {
                "1.0": 0.0004997491196917926,
                "0.0": 0.0004997491196955142,
                "-1.0": 0.0004997491196969167,
                "-2.0": 0.000499749119694103,
                "-2.5": 0.000586099335989323,
                "-3.0": 0.001619342007266598,
                "-3.5": 0.005852194759979795,
                "-4.0": 0.01672249176196085,
                "-4.5": 0.03607419625074342,
                "-5.0": 0.09528117904323499,
                "-5.5": 0.17865596738621561,
                "-6.0": 0.19997067830129928,
                "-6.5": 0.1999706783007064,
                "-7.0": 0.07513558904575611,
                "-7.5": 0.07513558904666318,
                "-8.0": 0.05147225593533091,
                "-8.5": 0.05147225593509901,
                "-9.0": 0.010052486410976405
            },
            "gsd_wall": {
                "1.0": 0.012420872960132457,
                "0.0": 0.012420872980875595,
                "-1.0": 0.0026286362691295443,
                "-2.0": 0.0051976460017425456,
                "-2.5": 0.008414803618868752,
                "-3.0": 0.01383720976078219,
                "-3.5": 0.02671069792715895,
                "-4.0": 0.03531672872469284,
                "-4.5": 0.04019727862293296,
                "-5.0": 0.09059437069564494,
                "-5.5": 0.11968239548298318,
                "-6.0": 0.19000600641624746,
                "-6.5": 0.23745338085290324,
                "-7.0": 0.0600689788633312,
                "-7.5": 0.06006897886411067,
                "-8.0": 0.040109951926471335,
                "-8.5": 0.04010995192628251,
                "-9.0": 0.004761238105709508
            },
            "Qs_in": 0.0,
            "Qs_out_bed": 0.0,
            "Qs_out_wall": 0.0,
            "D50": 0.06546567156856846,
            "D84": 0.180699961062655
        },
        "deposit_downstream": {
            "flow_scale": 0.66,
            "elevation": 1578.9369502065329,
            "length": 120,
            "width": 3.5478194056441796,
            "bankfull_width": 12,
            "lwd_factor": null,
            "gsd_bed": {
                "1.0": 0.00047500125056256285,
                "0.0": 0.00047522635185560095,
                "-1.0": 0.00047522635185575355,
                "-2.0": 0.0004752263518554463,
                "-2.5": 0.0004752263518141849,
                "-3.0": 0.00047522635182615505,
                "-3.5": 0.00047522635185960925,
                "-4.0": 0.00047522635185827535,
                "-4.5": 0.0004752263518539353,
                "-5.0": 0.00047522635185626817,
                "-5.5": 0.00047522635185535587,
                "-6.0": 0.00047522635185551665,
                "-6.5": 0.1999181144718006,
                "-7.0": 0.00047522635266402524,
                "-7.5": 0.19991811446974664,
                "-8.0": 0.1999181144694875,
                "-8.5": 0.1999181144694786,
                "-9.0": 0.19414982464591402
            },
            "gsd_wall": {
                "1.0": 0.0004999963580007119,
                "0.0": 0.0004999963580044293,
                "-1.0": 0.0005413319102375478,
                "-2.0": 0.0005413319102091906,
                "-2.5": 0.012359496174548016,
                "-3.0": 0.01235949620636273,
                "-3.5": 0.012359496295280666,
                "-4.0": 0.012359496291733652,
                "-4.5": 0.012359496280203254,
                "-5.0": 0.012359496286402974,
                "-5.5": 0.012359496283972758,
                "-6.0": 0.012359496284404154,
                "-6.5": 0.2999371949875704,
                "-7.0": 0.16138381937742105,
                "-7.5": 0.1682075725230276,
                "-8.0": 0.1229009091234787,
                "-8.5": 0.12290090912301449,
                "-9.0": 0.023710968226127723
            },
            "Qs_in": 0.0,
            "Qs_out_bed": 0.0,
            "Qs_out_wall": 0.0,
            "D50": 0.2563564806558484,
            "D84": 0.5064627812127126
        },
        "downstream": {
            "flow_scale": 0.689,
            "elevation": 1572.5518276960045,
            "length": 145,
            "bankfull_width": 12,
            "lwd_factor": null,
            "gsd": {
                "1.0": 0.005000005074220252,
                "0.0": 0.005000000102616647,
                "-1.0": 0.005000000102616824,
                "-2.0": 0.00500000010261647,
                "-2.5": 0.005025713436503405,
                "-3.0": 0.005025713436906336,
                "-3.5": 0.005041785991709202,
                "-4.0": 0.005012222556757669,
                "-4.5": 0.005025713437841624,
                "-5.0": 0.13839630051978863,
                "-5.5": 0.1991059137528982,
                "-6.0": 0.005012222556665852,
                "-6.5": 0.1991059137528982,
                "-7.0": 0.1991059137529473,
                "-7.5": 0.1991059137530273,
                "-8.0": 0.005012222556664465,
                "-8.5": 0.0050122225566637535,
                "-9.0": 0.00501222255665799
            },
            "Qs_in": 0.0,
            "Qs_out": 7.020643539065433e-06,
            "D50": 0.08811926770174862,
            "D84": 0.17957419735620683
        }
    }
}