{
    "timestep": "2007-04-27 07:00",
    "deposit_mass": 12150000,
    "reaches": {
        "upstream": {
            "flow_scale": 0.658,
            "elevation": 1580.2036147906013,
            "length": 120,
            "bankfull_width": 10.5,
            "lwd_factor": null,
            "gsd": {
                "1.0": 0.8766343930933171,
                "0.0": 0.043365606906682,
                "-1.0": 0.005,
                "-2.0": 0.005,
                "-2.5": 0.005,
                "-3.0": 0.005,
                "-3.5": 0.005,
                "-4.0": 0.005,
                "-4.5": 0.005,
                "-5.0": 0.005,
                "-5.5": 0.005,
                "-6.0": 0.005,
                "-6.5": 0.005,
                "-7.0": 0.005,
                "-7.5": 0.005,
                "-8.0": 0.005,
                "-8.5": 0.005,
                "-9.0": 0.005
            },
            "Qs_in": 0.023726878516236942,
            "Qs_out": 0.0,
            "D50": 0.0007071067811865476,
            "D84": 0.0014142135623730952
        },
        "deposit_upstream": {
            "flow_scale": 0.659,
            "elevation": 1580.3380763957653,
            "length": 118,
            "width": 1.7366880030313043,
            "bankfull_width": 10.5,
            "lwd_factor": null,
            "gsd_bed": {
                "1.0": 0.0004815739742409568,
                "0.0": 0.00048157397424597687,
                "-1.0": 0.00048157397424786164,
                "-2.0": 0.0004815739742441455,
                "-2.5": 0.00048157397373396396,
                "-3.0": 0.001880074617510756,
                "-3.5": 0.006681015288809378,
                "-4.0": 0.01898664713700911,
                "-4.5": 0.03931942822573605,
                "-5.0": 0.10093888866314814,
                "-5.5": 0.16997783091502014,
                "-6.0": 0.19998157397456656,
                "-6.5": 0.19998157397373212,
                "-7.0": 0.07361330306999504,
                "-7.5": 0.07361330307062762,
                "-8.0": 0.050831657930980864,
                "-8.5": 0.050831657930816836,
                "-9.0": 0.010955175331334525
            },
            "gsd_wall": {
                "1.0": 0.01244343164736746,
                "0.0": 0.012443431667873102,
                "-1.0": 0.0026334103766047245,
                "-2.0": 0.005206902600899698,
                "-2.5": 0.00842921973449261,
                "-3.0": 0.013860301284270904,
                "-3.5": 0.026752299682542714,
                "-4.0": 0.035361140595726884,
                "-4.5": 0.04022800872618576,
                "-5.0": 0.090647820551873,
                "-5.5": 0.11969784664314176,
                "-6.0": 0.18992134474918004,
                "-6.5": 0.2373462537036033,
                "-7.0": 0.06004199232408258,
                "-7.5": 0.06004199232466228,
                "-8.0": 0.040092414081417865,
                "-8.5": 0.04009241408127696,
                "-9.0": 0.0047597752247983
            },
            "Qs_in": 0.0,
            "Qs_out_bed": 0.0,
            "Qs_out_wall": 0.0,
            "D50": 0.06524504615487374,
            "D84": 0.18065667878651176
        },
        "deposit_downstream": {
            "flow_scale": 0.66,
            "elevation": 1578.9369290488953,
            "length": 120,
            "width": 3.547819405512173,
            "bankfull_width": 12,
            "lwd_factor": null,
            "gsd_bed": {
                "1.0": 0.00047500125056273686,
                "0.0": 0.00047522635185537376,
                "-1.0": 0.0004752263518553746,
                "-2.0": 0.000475226351855373,
                "-2.5": 0.00047522635185514683,
                "-3.0": 0.0004752263518552124,
                "-3.5": 0.00047522635185539576,
                "-4.0": 0.0004752263518553885,
                "-4.5": 0.00047522635185536465,
                "-5.0": 0.00047522635185537755,
                "-5.5": 0.00047522635185537245,
                "-6.0": 0.00047522635185537343,
                "-6.5": 0.19991811447180627,
                "-7.0": 0.00047522635266400816,
                "-7.5": 0.1999181144697109,
                "-8.0": 0.19991811446944308,
                "-8.5": 0.1999181144694431,
                "-9.0": 0.19414982464596123
            },
            "gsd_wall": {
                "1.0": 0.0004999954809580973,
                "0.0": 0.00049999548096329,
                "-1.0": 0.0005260027064075517,
                "-2.0": 0.0005260027063888114,
                "-2.5": 0.014281295344328478,
                "-3.0": 0.014281295366393503,
                "-3.5": 0.014281295428062326,
                "-4.0": 0.014281295425602409,
                "-4.5": 0.01428129541760537,
                "-5.0": 0.01428129542190521,
                "-5.5": 0.014281295420220027,
                "-6.0": 0.014281295420519004,
                "-6.5": 0.29993755002510775,
                "-7.0": 0.1564001164085327,
                "-7.5": 0.16284622633874887,
                "-8.0": 0.11971197752204828,
                "-8.5": 0.11971197752173818,
                "-9.0": 0.02508979256447017
            },
            "Qs_in": 0.0,
            "Qs_out_bed": 3.282466002038627e-07,
            "Qs_out_wall": 0.0,
            "D50": 0.2563412947987703,
            "D84": 0.5064592317264606
        },
        "downstream": {
            "flow_scale": 0.689,
            "elevation": 1572.5746604753022,
            "length": 145,
            "bankfull_width": 12,
            "lwd_factor": null,
            "gsd": {
                "1.0": 0.005000008857236199,
                "0.0": 0.005000008857236222,
                "-1.0": 0.005000000303757132,
                "-2.0": 0.005000000303749002,
                "-2.5": 0.005000000302652647,
                "-3.0": 0.005000000302970677,
                "-3.5": 0.005000000303859564,
                "-4.0": 0.005000000303824164,
                "-4.5": 0.00500000030370887,
                "-5.0": 0.13876177214771915,
                "-5.5": 0.1990595516994452,
                "-6.0": 0.00500000030375085,
                "-6.5": 0.1990595516994452,
                "-7.0": 0.19905955169958334,
                "-7.5": 0.19905955169981834,
                "-8.0": 0.005000000303749746,
                "-8.5": 0.005000000303749156,
                "-9.0": 0.005000000303744593
            },
            "Qs_in": 3.282466002038627e-07,
            "Qs_out": 0.00014819440565551453,
            "D50": 0.08811581055737032,
            "D84": 0.17957197916790538
        }
    }
}