{
    "timestep": "2002-04-09 09:00",
    "deposit_mass": 12150000,
    "reaches": {
        "upstream": {
            "flow_scale": 0.658,
            "elevation": 1579.5940000095093,
            "length": 120,
            "bankfull_width": 10.5,
            "lwd_factor": null,
            "gsd": {
                "1.0": 0.9150000000000926,
                "0.0": 0.005000000000001189,
                "-1.0": 0.00500000000000145,
                "-2.0": 0.005000000000000925,
                "-2.5": 0.004999999999930854,
                "-3.0": 0.004999999999951187,
                "-3.5": 0.005000000000007996,
                "-4.0": 0.005000000000005735,
                "-4.5": 0.004999999999998365,
                "-5.0": 0.005000000000002321,
                "-5.5": 0.005000000000000779,
                "-6.0": 0.005000000000001045,
                "-6.5": 0.005000000000000779,
                "-7.0": 0.005000000000000839,
                "-7.5": 0.005000000000000937,
                "-8.0": 0.005000000000000976,
                "-8.5": 0.005000000000000937,
                "-9.0": 0.005000000000000644
            },
            "Qs_in": 0.0,
            "Qs_out": 0.0,
            "D50": 0.0007071067811865476,
            "D84": 0.0014142135623730952
        },
        "deposit_upstream": {
            "flow_scale": 0.659,
            "elevation": 1580.4985367923982,
            "length": 118,
            "width": 1.0000194470534605,
            "bankfull_width": 10.5,
            "lwd_factor": null,
            "gsd_bed": {
                "1.0": 0.33645523203733707,
                "0.0": 0.3364552320373155,
                "-1.0": 0.06640272845334406,
                "-2.0": 0.014199627902938149,
                "-2.5": 0.015270463757956194,
                "-3.0": 0.014355241698614575,
                "-3.5": 0.014465075223475465,
                "-4.0": 0.01728779681226276,
                "-4.5": 0.018109888746279418,
                "-5.0": 0.038951728054547066,
                "-5.5": 0.038681587014322394,
                "-6.0": 0.03136627786460164,
                "-6.5": 0.03136627786459043,
                "-7.0": 0.007827031888346686,
                "-7.5": 0.007827031888347772,
                "-8.0": 0.005198637821830071,
                "-8.5": 0.005198637821829804,
                "-9.0": 0.0005815031120612777
            },
            "gsd_wall": {
                "1.0": 0.35004988628388833,
                "0.0": 0.3500498862842003,
                "-1.0": 0.0690857663389942,
                "-2.0": 0.014773371490173099,
                "-2.5": 0.014874722741341927,
                "-3.0": 0.013074653448327547,
                "-3.5": 0.01317468905333942,
                "-4.0": 0.015745604077369423,
                "-4.5": 0.015746727520101464,
                "-5.0": 0.03327493060430294,
                "-5.5": 0.03327503260102945,
                "-6.0": 0.02698218969483106,
                "-6.5": 0.02698218969482137,
                "-7.0": 0.0067330417740512774,
                "-7.5": 0.0067330417740521864,
                "-8.0": 0.0044720203164955105,
                "-8.5": 0.004472020316495312,
                "-9.0": 0.0005002259861849681
            },
            "Qs_in": 0.0,
            "Qs_out_bed": 2.228819349653328,
            "Qs_out_wall": 0.06422562558301433,
            "D50": 0.0008553923417997701,
            "D84": 0.03185093542221579
        },
        "deposit_downstream": {
            "flow_scale": 0.66,
            "elevation": 1579.1188985251922,
            "length": 120,
            "width": 2.360433309136685,
            "bankfull_width": 12,
            "lwd_factor": null,
            "gsd_bed": {
                "1.0": 0.3119484324593961,
                "0.0": 0.31194843245932985,
                "-1.0": 0.06156544029358562,
                "-2.0": 0.013161670057180096,
                "-2.5": 0.013249629270242159,
                "-3.0": 0.011644330006575688,
                "-3.5": 0.012672619279439695,
                "-4.0": 0.02158696699864883,
                "-4.5": 0.021586966998648715,
                "-5.0": 0.0456151647830676,
                "-5.5": 0.04561516478306751,
                "-6.0": 0.04110601491312141,
                "-6.5": 0.04775833984462654,
                "-7.0": 0.011917504492397915,
                "-7.5": 0.011917504492398503,
                "-8.0": 0.007910830691162787,
                "-8.5": 0.007910830691162652,
                "-9.0": 0.0008841574859483005
            },
            "gsd_wall": {
                "1.0": 0.29769941631310054,
                "0.0": 0.29769941631329006,
                "-1.0": 0.05876335589585824,
                "-2.0": 0.012561063018634527,
                "-2.5": 0.012671545283198096,
                "-3.0": 0.01115263243629128,
                "-3.5": 0.011896275225247593,
                "-4.0": 0.02020660202186396,
                "-4.5": 0.020206602021672168,
                "-5.0": 0.04269481473067363,
                "-5.5": 0.04269481473058823,
                "-6.0": 0.03810227008320609,
                "-6.5": 0.0722562055289816,
                "-7.0": 0.018028214998050823,
                "-7.5": 0.018028214998052305,
                "-8.0": 0.011994996359919317,
                "-8.5": 0.011994996359918918,
                "-9.0": 0.0013485636814526793
            },
            "Qs_in": 2.2930449752363424,
            "Qs_out_bed": 722.0724875997823,
            "Qs_out_wall": 0.1955481913109654,
            "D50": 0.0008778070639266362,
            "D84": 0.045183130052293866
        },
        "downstream": {
            "flow_scale": 0.689,
            "elevation": 1572.8894387155658,
            "length": 145,
            "bankfull_width": 12,
            "lwd_factor": null,
            "gsd": {
                "1.0": 0.005,
                "0.0": 0.005,
                "-1.0": 0.005,
                "-2.0": 0.005,
                "-2.5": 0.008527524333340204,
                "-3.0": 0.008482604807073272,
                "-3.5": 0.03495173346464369,
                "-4.0": 0.0640983765723353,
                "-4.5": 0.1984850498586433,
                "-5.0": 0.1984850498586433,
                "-5.5": 0.1984850498586433,
                "-6.0": 0.09411929752372865,
                "-6.5": 0.029060890190429716,
                "-7.0": 0.029060893269092558,
                "-7.5": 0.029060882582997254,
                "-8.0": 0.029060889717777955,
                "-8.5": 0.029060878981325935,
                "-9.0": 0.029060878981325654
            },
            "Qs_in": 722.2680357910933,
            "Qs_out": 22.502651403598932,
            "D50": 0.03275621415260875,
            "D84": 0.06547137780048295
        }
    }
}