{
    "timestep": "2008-07-31 11:00",
    "deposit_mass": 12150000,
    "reaches": {
        "upstream": {
            "flow_scale": 0.658,
            "elevation": 1580.0750926088654,
            "length": 170,
            "bankfull_width": 10.5,
            "lwd_factor": null,
            "gsd": {
                "1.0": 0.6637478273194428,
                "0.0": 0.21104564569529705,
                "-1.0": 0.057735968070393114,
                "-2.0": 0.021613441667423933,
                "-2.5": 0.01891134074960566,
                "-3.0": 0.011676904940301712,
                "-3.5": 0.008630058895617628,
                "-4.0": 0.0038060561535762827,
                "-4.5": 0.0018190158651174857,
                "-5.0": 0.0007335370359761683,
                "-5.5": 0.00024331856869409024,
                "-6.0": 3.64239245020812e-05,
                "-6.5": 1.5652806182562998e-07,
                "-7.0": 1.4049127627062311e-07,
                "-7.5": 8.70729694571147e-08,
                "-8.0": 4.7319810898224166e-08,
                "-8.5": 2.066712504624122e-08,
                "-9.0": 9.03480876338411e-09
            },
            "Qs_in": 0.0018731746197029194,
            "Qs_out": 0.0,
            "D50": 0.0007071067811865476,
            "D84": 0.0010299742321006327
        },
        "deposit_upstream": {
            "flow_scale": 0.659,
            "elevation": 1580.784594432039,
            "length": 118,
            "width": 3.730259603925979,
            "bankfull_width": 10.5,
            "lwd_factor": 1,
            "gsd_bed": {
                "1.0": 0.0,
                "0.0": 0.0,
                "-1.0": 0.0,
                "-2.0": 0.0,
                "-2.5": 0.0,
                "-3.0": 0.0,
                "-3.5": 0.0,
                "-4.0": 0.0,
                "-4.5": 0.0,
                "-5.0": 0.034413470754900144,
                "-5.5": 0.03441347075490037,
                "-6.0": 0.027997399936190086,
                "-6.5": 0.02838625271308167,
                "-7.0": 0.32811039931539576,
                "-7.5": 0.3281103993153957,
                "-8.0": 0.21856860721013632,
                "-8.5": 0.0,
                "-9.0": 0.0
            },
            "gsd_wall": {
                "1.0": 0.0,
                "0.0": 0.0,
                "-1.0": 0.0,
                "-2.0": 0.0729670243766707,
                "-2.5": 0.07622405014615631,
                "-3.0": 0.05971828166375952,
                "-3.5": 0.09222984226949917,
                "-4.0": 0.004219375721498318,
                "-4.5": 0.09555658127502296,
                "-5.0": 0.16608305070747256,
                "-5.5": 0.14851727707030035,
                "-6.0": 0.08986546545534703,
                "-6.5": 0.057277797784400834,
                "-7.0": 0.027147852970959493,
                "-7.5": 0.027147852971930828,
                "-8.0": 0.08304554758698196,
                "-8.5": 0.0,
                "-9.0": 0.0
            },
            "Qs_in": 0.0,
            "Qs_out_bed": 0.0,
            "Qs_out_wall": 0.0,
            "D50": 0.1756879820423733,
            "D84": 0.2635319730635599
        },
        "deposit_downstream": {
            "flow_scale": 0.66,
            "elevation": 1576.0646583225812,
            "length": 120,
            "width": 4.811680875420876,
            "bankfull_width": 12,
            "lwd_factor": null,
            "gsd_bed": {
                "1.0": 0.010496976237166689,
                "0.0": 0.01836970841496783,
                "-1.0": 0.008846544931735714,
                "-2.0": 8.869927972868714e-17,
                "-2.5": 0.0003670833431407207,
                "-3.0": 1.1087409966085893e-17,
                "-3.5": 2.2651188040389182e-05,
                "-4.0": 0.00045827057020119354,
                "-4.5": 0.0004359928189724178,
                "-5.0": 0.0026403590535509056,
                "-5.5": 0.002956548763514442,
                "-6.0": 0.010449469211213059,
                "-6.5": 0.060161663600445815,
                "-7.0": 0.14750987227337914,
                "-7.5": 0.4432284819923703,
                "-8.0": 0.2940563776013013,
                "-8.5": 0.0,
                "-9.0": 0.0
            },
            "gsd_wall": {
                "1.0": 0.22835987240779773,
                "0.0": 0.44975154322504207,
                "-1.0": 0.04811129331636329,
                "-2.0": 5.046505983448156e-13,
                "-2.5": 0.02417069586614753,
                "-3.0": 0.03989682287922439,
                "-3.5": 0.047180749496896504,
                "-4.0": 0.010658720852835767,
                "-4.5": 0.020045192788955602,
                "-5.0": 0.002013452534779534,
                "-5.5": 0.017128360192784433,
                "-6.0": 0.0018514074804224692,
                "-6.5": 0.019682713781257855,
                "-7.0": 0.01600190381345718,
                "-7.5": 0.024419833491602688,
                "-8.0": 0.050727437871928294,
                "-8.5": 0.0,
                "-9.0": 0.0
            },
            "Qs_in": 0.0,
            "Qs_out_bed": 3.9718239621484406e-05,
            "Qs_out_wall": 0.0,
            "D50": 0.17319164168982765,
            "D84": 0.2603739155335405
        },
        "downstream": {
            "flow_scale": 0.689,
            "elevation": 1570.7118732924212,
            "length": 145,
            "bankfull_width": 12,
            "lwd_factor": null,
            "gsd": {
                "1.0": 0.0007431436838444685,
                "0.0": 0.010046967367237852,
                "-1.0": 6.018595430486235e-05,
                "-2.0": 1.4291607454460252e-05,
                "-2.5": 0.000174000705851412,
                "-3.0": 0.000293720771985751,
                "-3.5": 0.00013373018707954322,
                "-4.0": 6.356371532278641e-05,
                "-4.5": 7.474477587649368e-05,
                "-5.0": 0.00017482432463285195,
                "-5.5": 0.0026820096800618076,
                "-6.0": 0.19024387668551915,
                "-6.5": 0.7226900235892431,
                "-7.0": 0.0637258837951064,
                "-7.5": 0.004711448426459202,
                "-8.0": 0.0025604369529006687,
                "-8.5": 0.0011182815331284477,
                "-9.0": 0.0004888662439905782
            },
            "Qs_in": 3.9718239621484406e-05,
            "Qs_out": 0.0,
            "D50": 0.08351240894012504,
            "D84": 0.12526861341018755
        }
    },
    "sed_masses": {
        "upstream": {
            "1.0": 790.1102045160209,
            "0.0": 1927.4483753238978,
            "-1.0": 3979.86057407045,
            "-2.0": 11448.00293731013,
            "-2.5": 29140.16556472959,
            "-3.0": 55084.43859303559,
            "-3.5": 133042.31459325325,
            "-4.0": 206512.0312230545,
            "-4.5": 338320.9583043942,
            "-5.0": 415684.597556886,
            "-5.5": 385828.15228759486,
            "-6.0": 151627.90299498904,
            "-6.5": 6871.967470964978,
            "-7.0": 17445.492668753246,
            "-7.5": 30581.742684640736,
            "-8.0": 47007.468991688576,
            "-8.5": 58069.61256850038,
            "-9.0": 71801.3846173766
        },
        "downstream": {
            "1.0": 1.614404193056414,
            "0.0": 4.48336285072277,
            "-1.0": 2.4392095685240944,
            "-2.0": 2.3165746203189537,
            "-2.5": 2.510696651091048,
            "-3.0": 2.4417481302768347,
            "-3.5": 3.1444207136469773,
            "-4.0": 4.227323304199736,
            "-4.5": 14.059893379983182,
            "-5.0": 93.01393890001309,
            "-5.5": 4036.0032875673664,
            "-6.0": 107739.87152789455,
            "-6.5": 538305.6869625723,
            "-7.0": 106303.68397338592,
            "-7.5": 28435.998172562762,
            "-8.0": 43709.22599567271,
            "-8.5": 53995.20275568338,