{
    "timestep": "2002-04-09 09:00",
    "deposit_mass": 12150000,
    "reaches": {
        "upstream": {
            "flow_scale": 0.658,
            "elevation": 1579.5940000776952,
            "length": 170,
            "bankfull_width": 10.5,
            "lwd_factor": null,
            "gsd": {
                "1.0": 0.9867138562793377,
                "0.0": 4.01070951519292e-05,
                "-1.0": 4.01070951519292e-05,
                "-2.0": 6.684515858654869e-05,
                "-2.5": 0.00013369031717309733,
                "-3.0": 0.00021123070113349382,
                "-3.5": 0.00043449353081256615,
                "-4.0": 0.0006216599748549024,
                "-4.5": 0.0010093618946568847,
                "-5.0": 0.001398400717630598,
                "-5.5": 0.0018382418611300891,
                "-6.0": 0.0020334297242028104,
                "-6.5": 0.0018529477960191295,
                "-7.0": 0.0016631075456333309,
                "-7.5": 0.0010307523454045802,
                "-8.0": 0.0005601624289552778,
                "-8.5": 0.0002446532804267682,
                "-9.0": 0.00010695225373847786
            },
            "Qs_in": 0.003746349239405839,
            "Qs_out": 0.0,
            "D50": 0.0007071067811865476,
            "D84": 0.0014142135623730952
        },
        "deposit_upstream": {
            "flow_scale": 0.659,
            "elevation": 1581.097430739871,
            "length": 118,
            "width": 1.0005149463102667,
            "bankfull_width": 10.5,
            "lwd_factor": 1,
            "gsd_bed": {
                "1.0": 0.8740759747620231,
                "0.0": 0.1092594968452529,
                "-1.0": 0.013657437105656612,
                "-2.0": 0.0017071796382070765,
                "-2.5": 0.0006035791494399101,
                "-3.0": 0.00021339745477588456,
                "-3.5": 7.544739367998877e-05,
                "-4.0": 2.667468184698557e-05,
                "-4.5": 9.430924209998596e-06,
                "-5.0": 3.334335230873196e-06,
                "-5.5": 2.3346088844146503e-06,
                "-6.0": 0.0001371424127970887,
                "-6.5": 0.00013714241279708873,
                "-7.0": 3.4285603199272176e-05,
                "-7.5": 3.428560319927218e-05,
                "-8.0": 2.285706879951478e-05,
                "-8.5": 0.0,
                "-9.0": 0.0
            },
            "gsd_wall": {
                "1.0": 0.0,
                "0.0": 0.0,
                "-1.0": 0.0,
                "-2.0": 0.0,
                "-2.5": 0.0,
                "-3.0": 0.3285987083485312,
                "-3.5": 0.3285987083485313,
                "-4.0": 0.08276653721543968,
                "-4.5": 0.08276653721543971,
                "-5.0": 0.0427189048855322,
                "-5.5": 0.042718904885532205,
                "-6.0": 0.03443688716287252,
                "-6.5": 0.03443688716287253,
                "-7.0": 0.00860922179071813,
                "-7.5": 0.008609221790718132,
                "-8.0": 0.005739481193812086,
                "-8.5": 0.0,
                "-9.0": 0.0
            },
            "Qs_in": 0.0,
            "Qs_out_bed": 4.657871465478795,
            "Qs_out_wall": 0.0,
            "D50": 0.0007071067811865476,
            "D84": 0.0014142135623730952
        },
        "deposit_downstream": {
            "flow_scale": 0.66,
            "elevation": 1576.5926453412299,
            "length": 120,
            "width": 1.2699162047954666,
            "bankfull_width": 12,
            "lwd_factor": null,
            "gsd_bed": {
                "1.0": 0.8752685709194388,
                "0.0": 0.10940857136492985,
                "-1.0": 0.01367607142061623,
                "-2.0": 0.0007724295008350168,
                "-2.5": 2.881237809087304e-20,
                "-3.0": 1.0186713965083522e-20,
                "-3.5": 1.440618904543652e-20,
                "-4.0": 1.2733392456354403e-21,
                "-4.5": 4.501934076698913e-22,
                "-5.0": 1.2515251108407391e-05,
                "-5.5": 2.5812705411090502e-05,
                "-6.0": 4.524177177633043e-05,
                "-6.5": 0.00044943816253371996,
                "-7.0": 0.00012802912707682236,
                "-7.5": 0.00012802912707682225,
                "-8.0": 8.529064919690407e-05,
                "-8.5": 0.0,
                "-9.0": 0.0
            },
            "gsd_wall": {
                "1.0": 0.47032855403992313,
                "0.0": 0.5272063677848277,
                "-1.0": 0.002306046117365856,
                "-2.0": 5.3737896841509e-07,
                "-2.5": 8.115019882327719e-05,
                "-3.0": 1.7407275425812387e-05,
                "-3.5": 2.7430339656721985e-05,
                "-4.0": 6.419249322923716e-06,
                "-4.5": 7.676636021098107e-06,
                "-5.0": 4.32911153990094e-06,
                "-5.5": 4.3346937519912675e-06,
                "-6.0": 3.491987307403638e-06,
                "-6.5": 3.6005565574899956e-06,
                "-7.0": 9.834067697715865e-07,
                "-7.5": 9.834067697715634e-07,
                "-8.0": 6.878169687971197e-07,
                "-8.5": 0.0,
                "-9.0": 0.0
            },
            "Qs_in": 4.657871465478795,
            "Qs_out_bed": 5.426095500585757,
            "Qs_out_wall": 0.0018731746197029194,
            "D50": 0.08524689523388904,
            "D84": 0.1794746347158283
        },
        "downstream": {
            "flow_scale": 0.689,
            "elevation": 1570.5051041821257,
            "length": 145,
            "bankfull_width": 12,
            "lwd_factor": null,
            "gsd": {
                "1.0": 0.0,
                "0.0": 0.0,
                "-1.0": 0.0,
                "-2.0": 0.09431783563737381,
                "-2.5": 0.08473089979014069,
                "-3.0": 0.026580975846389944,
                "-3.5": 0.015713344936851018,
                "-4.0": 0.004544168949296412,
                "-4.5": 0.002253148295781745,
                "-5.0": 0.23360923786253826,
                "-5.5": 0.23375568396246582,
                "-6.0": 0.1877750989550002,
                "-6.5": 0.08257636303357956,
                "-7.0": 0.015748681481959566,
                "-7.5": 0.009760637799510304,
                "-8.0": 0.0053044192451294665,
                "-8.5": 0.0023167272598059474,
                "-9.0": 0.0010127769441774638
            },
            "Qs_in": 5.4279686752054594,
            "Qs_out": 1.517757026620537,
            "D50": 0.0007071067811865476,
            "D84": 0.0014142135623730952
        }
    },
    "sed_masses": {
        "upstream": {
            "1.0": 0.020084476858771863,
            "0.0": 0.00011470056456642583,
            "-1.0": 0.0009176045165314067,
            "-2.0": 0.012234726887085417,
            "-2.5": 0.06921006678258787,
            "-3.0": 0.30929389570551946,
            "-3.5": 1.7994617363472842,
            "-4.0": 7.282109443193243,
            "-4.5": 33.44230426934646,
            "-5.0": 131.0466490766474,
            "-5.5": 487.23887014941874,
            "-6.0": 1524.450885243447,
            "-6.5": 3929.0942488849123,
            "-7.0": 9974.579362224049,
            "-7.5": 17485.31986083848,
            "-8.0": 26876.84085383844,
            "-8.5": 33201.69685637814,
            "-9.0": 41052.93113712793
        },
        "downstream": {
            "1.0": 1.2240521697355893,
            "0.0": 3.1332925070319204,
            "-1.0": 0.09598967968944565,
            "-2.0": 0.0295773400215499,
            "-2.5": 0.11545241092523786,
            "-3.0": 0.3249369171564792,
            "-3.5": 1.7928341234742808,
            "-4.0": 7.888016727496182,
            "-4.5": 213.34095776106403,
            "-5.0": 1003.2795871577683,
            "-5.5": 2976.922220260467,
            "-6.0": 7257.372202504788,
            "-6.5": 10247.591446536866,