{
    "timestep": "2007-04-27 07:00",
    "deposit_mass": 12150000,
    "reaches": {
        "upstream": {
            "flow_scale": 0.658,
            "elevation": 1579.9122680614275,
            "length": 170,
            "bankfull_width": 10.5,
            "lwd_factor": null,
            "gsd": {
                "1.0": 0.7083281963945112,
                "0.0": 0.19485248340507258,
                "-1.0": 0.045273905383667476,
                "-2.0": 0.015251487602690055,
                "-2.5": 0.013299054075244484,
                "-3.0": 0.008592316946359702,
                "-3.5": 0.0072307793263044345,
                "-4.0": 0.003941402657348578,
                "-4.5": 0.002152758925496314,
                "-5.0": 0.000823666716214012,
                "-5.5": 0.00022965304517943207,
                "-6.0": 2.2601741154007977e-05,
                "-6.5": 5.749645187742522e-07,
                "-7.0": 5.160576200253746e-07,
                "-7.5": 3.198395699674957e-07,
                "-8.0": 1.7381683504070045e-07,
                "-8.5": 7.591522866932761e-08,
                "-9.0": 3.3186985210635e-08
            },
            "Qs_in": 0.043083016253167045,
            "Qs_out": 0.0,
            "D50": 0.0007071067811865476,
            "D84": 0.0010355403093235606
        },
        "deposit_upstream": {
            "flow_scale": 0.659,
            "elevation": 1580.7852562946302,
            "length": 118,
            "width": 3.7225477868819157,
            "bankfull_width": 10.5,
            "lwd_factor": 1,
            "gsd_bed": {
                "1.0": 0.0,
                "0.0": 0.0,
                "-1.0": 0.0,
                "-2.0": 0.0,
                "-2.5": 0.0,
                "-3.0": 0.0,
                "-3.5": 0.0,
                "-4.0": 0.0,
                "-4.5": 0.0,
                "-5.0": 0.019104526995827608,
                "-5.5": 0.02721327271908354,
                "-6.0": 0.025442862132922597,
                "-6.5": 0.022554867482217255,
                "-7.0": 0.33965155607872927,
                "-7.5": 0.3396515560787288,
                "-8.0": 0.22638135851249103,
                "-8.5": 0.0,
                "-9.0": 0.0
            },
            "gsd_wall": {
                "1.0": 0.0,
                "0.0": 0.0,
                "-1.0": 0.0,
                "-2.0": 0.06536799259850007,
                "-2.5": 0.06828582072992831,
                "-3.0": 0.05349901859284081,
                "-3.5": 0.08262471573064487,
                "-4.0": 0.003779955716837161,
                "-4.5": 0.0856049969268142,
                "-5.0": 0.17925160210859972,
                "-5.5": 0.1596933105521015,
                "-6.0": 0.12072792833683779,
                "-6.5": 0.10217373167710019,
                "-7.0": 0.029754022872555432,
                "-7.5": 0.029754022873426923,
                "-8.0": 0.019482881283813213,
                "-8.5": 0.0,
                "-9.0": 0.0
            },
            "Qs_in": 0.0,
            "Qs_out_bed": 0.0,
            "Qs_out_wall": 0.0,
            "D50": 0.1764860962048916,
            "D84": 0.26472914430733757
        },
        "deposit_downstream": {
            "flow_scale": 0.66,
            "elevation": 1576.060215266607,
            "length": 120,
            "width": 4.727440586444192,
            "bankfull_width": 12,
            "lwd_factor": null,
            "gsd_bed": {
                "1.0": 0.010569965639278561,
                "0.0": 0.022649926369857725,
                "-1.0": 1.9209854241057904e-16,
                "-2.0": 2.401231780132238e-17,
                "-2.5": 0.0003211307862219437,
                "-3.0": 7.338577188052558e-07,
                "-3.5": 0.00023605791363042478,
                "-4.0": 0.001511529075919228,
                "-4.5": 0.00042098260436097357,
                "-5.0": 0.0017690413507631497,
                "-5.5": 0.004659189515707518,
                "-6.0": 0.014355903993666356,
                "-6.5": 0.09323424157655602,
                "-7.0": 0.2768292120591488,
                "-7.5": 0.3445813017796356,
                "-8.0": 0.22886078347753472,
                "-8.5": 0.0,
                "-9.0": 0.0
            },
            "gsd_wall": {
                "1.0": 0.2792671141576148,
                "0.0": 0.49231420156888583,
                "-1.0": 0.011129419115077418,
                "-2.0": 2.364186037900827e-13,
                "-2.5": 0.024525241401077057,
                "-3.0": 0.01899076753901196,
                "-3.5": 0.015514104624396395,
                "-4.0": 0.001253172721184823,
                "-4.5": 0.0184724896330773,
                "-5.0": 0.009324234930509361,
                "-5.5": 0.004009113696290595,
                "-6.0": 0.013302842952487999,
                "-6.5": 0.025173595719717213,
                "-7.0": 0.03262310727219605,
                "-7.5": 0.02239866372618083,
                "-8.0": 0.03170193094205569,
                "-8.5": 0.0,
                "-9.0": 0.0
            },
            "Qs_in": 0.0,
            "Qs_out_bed": 1.7864535724947263e-05,
            "Qs_out_wall": 0.0,
            "D50": 0.17470309487936805,
            "D84": 0.2620546423190519
        },
        "downstream": {
            "flow_scale": 0.689,
            "elevation": 1570.7098623645056,
            "length": 145,
            "bankfull_width": 12,
            "lwd_factor": null,
            "gsd": {
                "1.0": 0.0,
                "0.0": 0.0,
                "-1.0": 0.0006720671436132843,
                "-2.0": 0.0,
                "-2.5": 0.0,
                "-3.0": 8.771547525685057e-05,
                "-3.5": 0.000131404203915874,
                "-4.0": 6.139819770431398e-05,
                "-4.5": 0.0010740108202236163,
                "-5.0": 0.0025120580547893317,
                "-5.5": 0.01184313016332588,
                "-6.0": 0.2828137200430273,
                "-6.5": 0.6532205182210236,
                "-7.0": 0.039455801752003264,
                "-7.5": 0.004313023839136301,
                "-8.0": 0.002343913085081866,
                "-8.5": 0.0010237138295226239,
                "-9.0": 0.0004475251713760108
            },
            "Qs_in": 1.7864535724947263e-05,
            "Qs_out": 5.099197575858633e-05,
            "D50": 0.08390970847421103,
            "D84": 0.12586456271131655
        }
    },
    "sed_masses": {
        "upstream": {
            "1.0": 505.76964497608367,
            "0.0": 1214.3558690809273,
            "-1.0": 2454.3069457180804,
            "-2.0": 6963.89101187286,
            "-2.5": 17825.405609302154,
            "-3.0": 34300.16990874059,
            "-3.5": 85129.6958168686,
            "-4.0": 135756.12846666668,
            "-4.5": 224099.001749798,
            "-5.0": 271234.69721094077,
            "-5.5": 245619.43998379822,
            "-6.0": 90317.9579295724,
            "-6.5": 6649.403495673007,
            "-7.0": 16880.481525192165,
            "-7.5": 29591.284820570814,
            "-8.0": 45485.027389424344,
            "-8.5": 56188.89880326285,
            "-9.0": 69475.93682394194
        },
        "downstream": {
            "1.0": 2.364729279034267,
            "0.0": 6.5666689842917885,
            "-1.0": 3.5677485971705645,
            "-2.0": 3.3931454461263693,
            "-2.5": 3.659848991134009,
            "-3.0": 3.5448774109712,
            "-3.5": 4.443541649258911,
            "-4.0": 5.872467367069755,
            "-4.5": 18.168497735927232,
            "-5.0": 120.19461973449067,
            "-5.5": 5351.138199894654,
            "-6.0": 120356.39301740403,
            "-6.5": 537838.855194761,
            "-7.0": 92774.38286864231,
            "-7.5": 28684.329195332113,
            "-8.0": 44090.93782200261,
            "-8.5": 54466.74181837383,
            "-9.0": 67346.53987131621
        },
        "deposit_upstream": {
            "1.0": 0.0,