{
    "timestep": "2005-06-01 20:00",
    "deposit_mass": 12150000,
    "reaches": {
        "upstream": {
            "flow_scale": 0.658,
            "elevation": 1579.8605897143295,
            "length": 170,
            "bankfull_width": 10.5,
            "lwd_factor": null,
            "gsd": {
                "1.0": 0.7150163485826756,
                "0.0": 0.19869219827143322,
                "-1.0": 0.044295662625466296,
                "-2.0": 0.012748850011936897,
                "-2.5": 0.010337791676692635,
                "-3.0": 0.006634004795340672,
                "-3.5": 0.0057462159873037655,
                "-4.0": 0.003288975741120324,
                "-4.5": 0.0019915142966802366,
                "-5.0": 0.0008992965182307481,
                "-5.5": 0.00030359604350409204,
                "-6.0": 4.256806353275401e-05,
                "-6.5": 1.0106924101549932e-06,
                "-7.0": 9.07143837108809e-07,
                "-7.5": 5.622249987225829e-07,
                "-8.0": 3.055412120165523e-07,
                "-8.5": 1.3344640047501003e-07,
                "-9.0": 5.833722425137041e-08
            },
            "Qs_in": 0.7542649802003727,
            "Qs_out": 0.0,
            "D50": 0.0007071067811865476,
            "D84": 0.0010319441448218888
        },
        "deposit_upstream": {
            "flow_scale": 0.659,
            "elevation": 1580.7852562946302,
            "length": 118,
            "width": 3.7225477868819157,
            "bankfull_width": 10.5,
            "lwd_factor": 1,
            "gsd_bed": {
                "1.0": 0.0,
                "0.0": 0.0,
                "-1.0": 0.0,
                "-2.0": 0.0,
                "-2.5": 0.0,
                "-3.0": 0.0,
                "-3.5": 0.0,
                "-4.0": 0.0,
                "-4.5": 0.0,
                "-5.0": 0.019104526995827608,
                "-5.5": 0.02721327271908354,
                "-6.0": 0.025442862132922597,
                "-6.5": 0.022554867482217255,
                "-7.0": 0.33965155607872927,
                "-7.5": 0.3396515560787288,
                "-8.0": 0.22638135851249103,
                "-8.5": 0.0,
                "-9.0": 0.0
            },
            "gsd_wall": {
                "1.0": 0.0,
                "0.0": 0.0,
                "-1.0": 0.0,
                "-2.0": 0.06536799259850007,
                "-2.5": 0.06828582072992831,
                "-3.0": 0.05349901859284081,
                "-3.5": 0.08262471573064487,
                "-4.0": 0.003779955716837161,
                "-4.5": 0.0856049969268142,
                "-5.0": 0.17925160210859972,
                "-5.5": 0.1596933105521015,
                "-6.0": 0.12072792833683779,
                "-6.5": 0.10217373167710019,
                "-7.0": 0.029754022872555432,
                "-7.5": 0.029754022873426923,
                "-8.0": 0.019482881283813213,
                "-8.5": 0.0,
                "-9.0": 0.0
            },
            "Qs_in": 0.0,
            "Qs_out_bed": 0.0,
            "Qs_out_wall": 0.0,
            "D50": 0.1764860962048916,
            "D84": 0.26472914430733757
        },
        "deposit_downstream": {
            "flow_scale": 0.66,
            "elevation": 1576.0432053448014,
            "length": 120,
            "width": 4.658007208206048,
            "bankfull_width": 12,
            "lwd_factor": null,
            "gsd_bed": {
                "1.0": 0.002600246215276773,
                "0.0": 0.004550430876642401,
                "-1.0": 8.839576069980785e-16,
                "-2.0": 1.1049470087475981e-16,
                "-2.5": 3.9065776136860887e-17,
                "-3.0": 1.3811837609344976e-17,
                "-3.5": 4.883222017107611e-18,
                "-4.0": 0.000510835046194585,
                "-4.5": 6.104027521384514e-19,
                "-5.0": 0.00039292789036495207,
                "-5.5": 0.00044645951013992256,
                "-6.0": 0.0015787317665354804,
                "-6.5": 0.12507283557259566,
                "-7.0": 0.28198078646805125,
                "-7.5": 0.34962624645922996,
                "-8.0": 0.23324050019496798,
                "-8.5": 0.0,
                "-9.0": 0.0
            },
            "gsd_wall": {
                "1.0": 0.23494776813185272,
                "0.0": 0.43759011919767254,
                "-1.0": 0.008429348243570353,
                "-2.0": 4.393005958337926e-13,
                "-2.5": 0.043545120522609185,
                "-3.0": 0.039312341571691535,
                "-3.5": 0.01745877550263791,
                "-4.0": 0.0037679806944409654,
                "-4.5": 0.01855952130933818,
                "-5.0": 0.014358415262382358,
                "-5.5": 0.03338913204306061,
                "-6.0": 0.03231692083178323,
                "-6.5": 0.037262622429383184,
                "-7.0": 0.019914657729493856,
                "-7.5": 0.04664409919706681,
                "-8.0": 0.012503177332577097,
                "-8.5": 0.0,
                "-9.0": 0.0
            },
            "Qs_in": 0.0,
            "Qs_out_bed": 8.84554681529394e-06,
            "Qs_out_wall": 0.0,
            "D50": 0.17500749261265267,
            "D84": 0.26251123891897904
        },
        "downstream": {
            "flow_scale": 0.689,
            "elevation": 1570.7108829914216,
            "length": 145,
            "bankfull_width": 12,
            "lwd_factor": null,
            "gsd": {
                "1.0": 3.942406807212835e-05,
                "0.0": 7.8848136142112e-05,
                "-1.0": 0.00010521591679256091,
                "-2.0": 0.0,
                "-2.5": 0.0,
                "-3.0": 0.0,
                "-3.5": 0.0,
                "-4.0": 0.0,
                "-4.5": 0.0003425198372348548,
                "-5.0": 0.0005063383280256105,
                "-5.5": 0.05212850822757371,
                "-6.0": 0.36289088832925936,
                "-6.5": 0.5437611043636219,
                "-7.0": 0.03328940337447311,
                "-7.5": 0.0036389021348233754,
                "-8.0": 0.0019775616011556436,
                "-8.5": 0.0008637082888102173,
                "-9.0": 0.00037757739401539565
            },
            "Qs_in": 8.84554681529394e-06,
            "Qs_out": 0.0,
            "D50": 0.08455939371631561,
            "D84": 0.1268390905744734
        }
    },
    "sed_masses": {
        "upstream": {
            "1.0": 274.84141818383983,
            "0.0": 681.0746142926081,
            "-1.0": 1443.2139795670878,
            "-2.0": 4360.409926947608,
            "-2.5": 11490.417035440361,
            "-3.0": 22675.506524448792,
            "-3.5": 57405.79936336795,
            "-4.0": 93360.32191513655,
            "-4.5": 159857.30695337566,
            "-5.0": 204402.41104962016,
            "-5.5": 195941.05471448542,
            "-6.0": 78633.37377904807,
            "-6.5": 5884.081037234149,
            "-7.0": 14937.598734442749,
            "-7.5": 26185.43422630609,
            "-8.0": 40249.86411402902,
            "-8.5": 49721.7583752427,
            "-9.0": 61479.50604529497
        },
        "downstream": {
            "1.0": 2.7732214265063084,
            "0.0": 7.700571636843274,
            "-1.0": 4.183885199286673,
            "-2.0": 3.9792963332403066,
            "-2.5": 4.292071737525634,
            "-3.0": 4.152469064185037,
            "-3.5": 5.191558047560935,
            "-4.0": 6.861026096972575,
            "-4.5": 19.816879282884774,
            "-5.0": 131.60955991334276,
            "-5.5": 5907.482223899066,
            "-6.0": 119536.63115131806,
            "-6.5": 519752.99623753567,
            "-7.0": 89997.8936933832,
            "-7.5": 27825.91995498614,
            "-8.0": 42771.469335074005,
            "-8.5": 52836.76629584915,
            "-9.0": 65331.122612045925
        },
        "deposit_upstream": {
            "1.0": 0.0,
            "0.0": 0.0,