{
    "timestep": "2012-05-21 03:00",
    "deposit_mass": 12150000,
    "reaches": {
        "upstream": {
            "flow_scale": 0.658,
            "elevation": 1580.588428192888,
            "length": 170,
            "bankfull_width": 10.5,
            "lwd_factor": null,
            "gsd": {
                "1.0": 0.6602593224832176,
                "0.0": 0.21729854654815434,
                "-1.0": 0.05988159744276094,
                "-2.0": 0.021575745944717374,
                "-2.5": 0.018241200310470884,
                "-3.0": 0.010632157623563756,
                "-3.5": 0.007623910605682232,
                "-4.0": 0.0030782563251129835,
                "-4.5": 0.00113867083131557,
                "-5.0": 0.0002326737943286679,
                "-5.5": 3.74084279045577e-05,
                "-6.0": 4.931648276652707e-07,
                "-6.5": 5.60033056345171e-09,
                "-7.0": 5.0265593224631056e-09,
                "-7.5": 3.1153354000153437e-09,
                "-8.0": 1.6930292251704477e-09,
                "-8.5": 7.394375852176442e-10,
                "-9.0": 3.2325140337383467e-10
            },
            "Qs_in": 18.995774064899013,
            "Qs_out": 0.0,
            "D50": 0.0007071067811865476,
            "D84": 0.0010261632380848618
        },
        "deposit_upstream": {
            "flow_scale": 0.659,
            "elevation": 1580.7845856988338,
            "length": 118,
            "width": 3.730259603925979,
            "bankfull_width": 10.5,
            "lwd_factor": 1,
            "gsd_bed": {
                "1.0": 0.0,
                "0.0": 0.0,
                "-1.0": 0.0,
                "-2.0": 0.0,
                "-2.5": 0.0,
                "-3.0": 0.0,
                "-3.5": 0.0,
                "-4.0": 0.0,
                "-4.5": 0.0,
                "-5.0": 0.0,
                "-5.5": 0.035639965671233,
                "-6.0": 0.028995226308799683,
                "-6.5": 0.02939793778531084,
                "-7.0": 0.33980424268337095,
                "-7.5": 0.33980424268337084,
                "-8.0": 0.22635838486791474,
                "-8.5": 0.0,
                "-9.0": 0.0
            },
            "gsd_wall": {
                "1.0": 0.0,
                "0.0": 0.0,
                "-1.0": 0.0,
                "-2.0": 0.0729670243766707,
                "-2.5": 0.07622405014615631,
                "-3.0": 0.05971828166375952,
                "-3.5": 0.09222984226949917,
                "-4.0": 0.004219375721498318,
                "-4.5": 0.09555658127502296,
                "-5.0": 0.16608305070747256,
                "-5.5": 0.14851727707030035,
                "-6.0": 0.08986546545534703,
                "-6.5": 0.057277797784400834,
                "-7.0": 0.027147852970959493,
                "-7.5": 0.027147852971930828,
                "-8.0": 0.08304554758698196,
                "-8.5": 0.0,
                "-9.0": 0.0
            },
            "Qs_in": 0.0,
            "Qs_out_bed": 0.0,
            "Qs_out_wall": 0.0,
            "D50": 0.17649012532408132,
            "D84": 0.2647351879861219
        },
        "deposit_downstream": {
            "flow_scale": 0.66,
            "elevation": 1576.1291207893362,
            "length": 120,
            "width": 5.212204444343457,
            "bankfull_width": 12,
            "lwd_factor": null,
            "gsd_bed": {
                "1.0": 0.000421211762749801,
                "0.0": 0.0012636352880611753,
                "-1.0": 1.0229453374636412e-15,
                "-2.0": 1.2786816718295516e-16,
                "-2.5": 4.5208224056481353e-17,
                "-3.0": 1.5983520897869394e-17,
                "-3.5": 4.815609321951467e-05,
                "-4.0": 0.0004932497295239101,
                "-4.5": 7.063785008825211e-19,
                "-5.0": 4.8156093219510796e-05,
                "-5.5": 0.00014446827965853377,
                "-6.0": 0.0004334048389756009,
                "-6.5": 0.004112325770364966,
                "-7.0": 0.29349309511743243,
                "-7.5": 0.41974633377906895,
                "-8.0": 0.2797959632477242,
                "-8.5": 0.0,
                "-9.0": 0.0
            },
            "gsd_wall": {
                "1.0": 0.18529363668834994,
                "0.0": 0.26231981239263813,
                "-1.0": 0.010919956542725652,
                "-2.0": 7.52450894975664e-13,
                "-2.5": 0.04990483422187167,
                "-3.0": 0.013337915866276775,
                "-3.5": 0.0030179119110247113,
                "-4.0": 0.06913762729797089,
                "-4.5": 0.04547786598336554,
                "-5.0": 0.030097722440576655,
                "-5.5": 0.026112534122937334,
                "-6.0": 0.06899342735365403,
                "-6.5": 0.06744783491257555,
                "-7.0": 0.06001168178130125,
                "-7.5": 0.052502386899311526,
                "-8.0": 0.05542485158466775,
                "-8.5": 0.0,
                "-9.0": 0.0
            },
            "Qs_in": 0.0,
            "Qs_out_bed": 4.5094944548942595e-06,
            "Qs_out_wall": 0.0,
            "D50": 0.17781064948602543,
            "D84": 0.26671597422903814
        },
        "downstream": {
            "flow_scale": 0.689,
            "elevation": 1570.7226079520658,
            "length": 145,
            "bankfull_width": 12,
            "lwd_factor": null,
            "gsd": {
                "1.0": 1.9533400810883968e-05,
                "0.0": 4.883350202379414e-05,
                "-1.0": 9.766700404708232e-06,
                "-2.0": 9.975657069792339e-05,
                "-2.5": 0.0002014423703363174,
                "-3.0": 0.00044117106884023133,
                "-3.5": 0.0,
                "-4.0": 0.0008741288417875121,
                "-4.5": 0.0014119297887314126,
                "-5.0": 0.0030610468599218256,
                "-5.5": 0.033229575993275466,
                "-6.0": 0.3035342777423294,
                "-6.5": 0.5976834962258051,
                "-7.0": 0.05258420298755313,
                "-7.5": 0.003608703411912445,
                "-8.0": 0.0019611501032312877,
                "-8.5": 0.0008565404985473145,
                "-9.0": 0.00037444393379117564
            },
            "Qs_in": 4.5094944548942595e-06,
            "Qs_out": 0.0,
            "D50": 0.08428431777013645,
            "D84": 0.12642647665520468
        }
    },
    "sed_masses": {
        "upstream": {
            "1.0": 1440.5369003936885,
            "0.0": 3689.423763356225,
            "-1.0": 8208.724651003378,
            "-2.0": 26065.969858254673,
            "-2.5": 68917.75301585699,
            "-3.0": 134436.0215316176,
            "-3.5": 328632.5411173038,
            "-4.0": 504736.60586859286,
            "-4.5": 794123.3331550404,
            "-5.0": 892399.7496795852,
            "-5.5": 704151.5386250161,
            "-6.0": 214738.31034888254,
            "-6.5": 6937.07634181264,
            "-7.0": 17610.781042693023,
            "-7.5": 30871.491252741955,
            "-8.0": 47452.84409574511,
            "-8.5": 58619.7966199921,
            "-9.0": 72481.67117249893
        },
        "downstream": {
            "1.0": 1.1735045471605212,
            "0.0": 3.2592165765720087,
            "-1.0": 1.7731519322121683,
            "-2.0": 1.6841539821259635,
            "-2.5": 1.8348092998103136,
            "-3.0": 1.7957188597946487,
            "-3.5": 2.3324464267544207,
            "-4.0": 4.133815405602053,
            "-4.5": 14.208035641805935,
            "-5.0": 96.77463872463609,
            "-5.5": 3686.153765133663,
            "-6.0": 98794.65255039644,
            "-6.5": 520130.116603925,
            "-7.0": 125469.1910246675,
            "-7.5": 27063.903465087136,
            "-8.0": 41600.16700317416,
            "-8.5": 51389.8244784536,
            "-9.0": 63542.0211981656
        },