{
    "timestep": "2002-05-12 17:00",
    "deposit_mass": 12150000,
    "reaches": {
        "upstream": {
            "flow_scale": 0.658,
            "elevation": 1579.5940130784968,
            "length": 170,
            "bankfull_width": 10.5,
            "lwd_factor": null,
            "gsd": {
                "1.0": 0.8313449736736405,
                "0.0": 0.15526558722574618,
                "-1.0": 0.012488459961289241,
                "-2.0": 0.0005674707932540537,
                "-2.5": 3.3934508147150884e-06,
                "-3.0": 5.361652287249838e-06,
                "-3.5": 1.1028715147824032e-05,
                "-4.0": 1.5779546288425153e-05,
                "-4.5": 2.5620553651098903e-05,
                "-5.0": 3.549549552191983e-05,
                "-5.5": 4.665994870233249e-05,
                "-6.0": 5.161438689181649e-05,
                "-6.5": 4.703322829195113e-05,
                "-7.0": 4.221452813505567e-05,
                "-7.5": 2.6163505781453327e-05,
                "-8.0": 1.4218558913656218e-05,
                "-8.5": 6.210014990928613e-06,
                "-9.0": 2.7147606517720704e-06
            },
            "Qs_in": 0.02622444467584081,
            "Qs_out": 0.0,
            "D50": 0.0007071067811865476,
            "D84": 0.001050893191386462
        },
        "deposit_upstream": {
            "flow_scale": 0.659,
            "elevation": 1580.8838703120646,
            "length": 118,
            "width": 2.5682197802245037,
            "bankfull_width": 10.5,
            "lwd_factor": 1,
            "gsd_bed": {
                "1.0": 0.0,
                "0.0": 0.0,
                "-1.0": 0.0,
                "-2.0": 0.0,
                "-2.5": 0.0,
                "-3.0": 0.0,
                "-3.5": 0.0,
                "-4.0": 0.0,
                "-4.5": 0.0,
                "-5.0": 0.0,
                "-5.5": 0.030397260121785608,
                "-6.0": 0.36115660454777115,
                "-6.5": 0.36492926938864695,
                "-7.0": 0.09133942274350543,
                "-7.5": 0.09133942274350552,
                "-8.0": 0.06083802045478538,
                "-8.5": 0.0,
                "-9.0": 0.0
            },
            "gsd_wall": {
                "1.0": 0.0,
                "0.0": 0.0,
                "-1.0": 0.0,
                "-2.0": 0.0008660343972829427,
                "-2.5": 0.000904691535535566,
                "-3.0": 0.0007087871063573546,
                "-3.5": 0.001094661822154615,
                "-4.0": 5.0079121919714565e-05,
                "-4.5": 0.0011341463760908398,
                "-5.0": 0.2379392814941812,
                "-5.5": 0.23903195780509448,
                "-6.0": 0.19383671153932086,
                "-6.5": 0.19420809398212574,
                "-7.0": 0.048544791850237856,
                "-7.5": 0.048544791850245926,
                "-8.0": 0.03313597111945301,
                "-8.5": 0.0,
                "-9.0": 0.0
            },
            "Qs_in": 0.0,
            "Qs_out_bed": 0.0,
            "Qs_out_wall": 0.0,
            "D50": 0.08911909719418114,
            "D84": 0.13402983191503526
        },
        "deposit_downstream": {
            "flow_scale": 0.66,
            "elevation": 1576.3056349678088,
            "length": 120,
            "width": 3.0204653102068986,
            "bankfull_width": 12,
            "lwd_factor": null,
            "gsd_bed": {
                "1.0": 0.4996945262650901,
                "0.0": 0.4915197732962348,
                "-1.0": 0.0019509630773573985,
                "-2.0": 4.2349257952420836e-19,
                "-2.5": 6.743648353152692e-05,
                "-3.0": 1.0670329672708584e-05,
                "-3.5": 2.8169670335940216e-05,
                "-4.0": 6.829010990531063e-06,
                "-4.5": 8.109450551256019e-06,
                "-5.0": 3.841318682173804e-06,
                "-5.5": 8.110799949661264e-05,
                "-6.0": 2.6718909495999536e-05,
                "-6.5": 0.0037062114180256896,
                "-7.0": 0.001085958802484902,
                "-7.5": 0.001085958802484901,
                "-8.0": 0.0007237251655653774,
                "-8.5": 0.0,
                "-9.0": 0.0
            },
            "gsd_wall": {
                "1.0": 0.505353920307947,
                "0.0": 0.49254365022622715,
                "-1.0": 0.001954839694534542,
                "-2.0": 7.221129039587596e-19,
                "-2.5": 6.824825259851825e-05,
                "-3.0": 1.0377137395866552e-05,
                "-3.5": 2.8945339274944783e-05,
                "-4.0": 7.199697962087004e-06,
                "-4.5": 8.03521164410266e-06,
                "-5.0": 3.8675902064385e-06,
                "-5.5": 4.28781797627108e-06,
                "-6.0": 3.5702534245668666e-06,
                "-6.5": 6.687892556663954e-06,
                "-7.0": 2.325840379525908e-06,
                "-7.5": 2.325840379525248e-06,
                "-8.0": 1.7188974927560745e-06,
                "-8.5": 0.0,
                "-9.0": 0.0
            },
            "Qs_in": 0.0,
            "Qs_out_bed": 20.208048356201594,
            "Qs_out_wall": 0.0018731746197029194,
            "D50": 0.0007071067811865476,
            "D84": 0.0008950748664103082
        },
        "downstream": {
            "flow_scale": 0.689,
            "elevation": 1570.5747406945682,
            "length": 145,
            "bankfull_width": 12,
            "lwd_factor": null,
            "gsd": {
                "1.0": 0.4993788916939297,
                "0.0": 0.4860298551211821,
                "-1.0": 0.0,
                "-2.0": 0.0,
                "-2.5": 8.804747770660883e-05,
                "-3.0": 1.3446995099957286e-05,
                "-3.5": 3.7001044416672536e-05,
                "-4.0": 8.95822411235249e-06,
                "-4.5": 1.0272421158587173e-05,
                "-5.0": 0.0021220020266852057,
                "-5.5": 0.006623640497524778,
                "-6.0": 0.005300972792942083,
                "-6.5": 0.0003820160935992937,
                "-7.0": 2.258116753318601e-06,
                "-7.5": 1.3995241292673955e-06,
                "-8.0": 7.605714788106854e-07,
                "-8.5": 3.3218276998175485e-07,
                "-9.0": 1.4521651146743394e-07
            },
            "Qs_in": 20.209921530821298,
            "Qs_out": 0.42987686470590036,
            "D50": 0.04469353493181032,
            "D84": 0.06704030239771548
        }
    },
    "sed_masses": {
        "upstream": {
            "1.0": 0.01344047744095988,
            "0.0": 7.675730671805399e-05,
            "-1.0": 0.0006140584537444319,
            "-2.0": 0.008187446049925754,
            "-2.5": 0.04631518898001213,
            "-3.0": 0.20697863614212314,
            "-3.5": 1.2041949134803152,
            "-4.0": 4.873167888915811,
            "-4.5": 22.379499315141864,
            "-5.0": 87.69606213859677,
            "-5.5": 326.0589304192855,
            "-6.0": 1020.1583978034847,
            "-6.5": 2629.339214901119,
            "-7.0": 6674.961456239497,
            "-7.5": 11701.128627352167,
            "-8.0": 17985.909004272344,
            "-8.5": 22218.48548695665,
            "-9.0": 27472.51017359023
        },
        "downstream": {
            "1.0": 249.67558585697222,
            "0.0": 662.7613467085902,
            "-1.0": 379.3023862863563,
            "-2.0": 361.1115477890815,
            "-2.5": 376.90930376299366,
            "-3.0": 364.5705793491307,
            "-3.5": 400.1219797663207,
            "-4.0": 426.6913114997696,
            "-4.5": 792.5992782809908,
            "-5.0": 4261.566215093492,
            "-5.5": 43177.155391923734,
            "-6.0": 94196.22161532301,
            "-6.5": 87233.22686162809,
            "-7.0": 17073.241825234178,
            "-7.5": 29929.19135079202,
            "-8.0": 46004.42652587217,
            "-8.5": 56830.526767262745,