{
    "timestep": "2002-04-21 21:00",
    "deposit_mass": 12150000,
    "reaches": {
        "upstream": {
            "flow_scale": 0.658,
            "elevation": 1579.594006611179,
            "length": 170,
            "bankfull_width": 10.5,
            "lwd_factor": null,
            "gsd": {
                "1.0": 0.8213622546723707,
                "0.0": 0.15777177459672834,
                "-1.0": 0.01861122572986272,
                "-2.0": 0.0014201238169447214,
                "-2.5": 8.492279040429612e-06,
                "-3.0": 1.3417800883878783e-05,
                "-3.5": 2.7599906881396223e-05,
                "-4.0": 3.948909753799767e-05,
                "-4.5": 6.411670675524353e-05,
                "-5.0": 8.882923876289373e-05,
                "-5.5": 0.0001167688368059072,
                "-6.0": 0.00012916756420493436,
                "-6.5": 0.00011770298750035442,
                "-7.0": 0.00010564395126294427,
                "-7.5": 6.54754714017123e-05,
                "-8.0": 3.558264917940007e-05,
                "-8.5": 1.554087064398619e-05,
                "-9.0": 6.793823232343689e-06
            },
            "Qs_in": 0.01248783079801944,
            "Qs_out": 0.0,
            "D50": 0.0007071067811865476,
            "D84": 0.0010499304891092543
        },
        "deposit_upstream": {
            "flow_scale": 0.659,
            "elevation": 1580.919990621109,
            "length": 118,
            "width": 2.136082978797711,
            "bankfull_width": 10.5,
            "lwd_factor": 1,
            "gsd_bed": {
                "1.0": 0.8713491532907689,
                "0.0": 0.12859901572600455,
                "-1.0": 0.0,
                "-2.0": 0.0,
                "-2.5": 0.0,
                "-3.0": 0.0,
                "-3.5": 0.0,
                "-4.0": 0.0,
                "-4.5": 9.52840833618013e-06,
                "-5.0": 8.506758113563476e-06,
                "-5.5": 8.313590060735229e-06,
                "-6.0": 9.324787954501288e-06,
                "-6.5": 9.688707118865431e-06,
                "-7.0": 2.426487460459711e-06,
                "-7.5": 2.42648746045971e-06,
                "-8.0": 1.6157567218656108e-06,
                "-8.5": 0.0,
                "-9.0": 0.0
            },
            "gsd_wall": {
                "1.0": 0.19948108859182298,
                "0.0": 0.8004809324942456,
                "-1.0": 9.796419032566102e-08,
                "-2.0": 1.2181376214424496e-07,
                "-2.5": 1.2725115753991973e-07,
                "-3.0": 9.96958368577527e-08,
                "-3.5": 1.5397179979303164e-07,
                "-4.0": 7.043976850180135e-09,
                "-4.5": 7.215081399161364e-06,
                "-5.0": 7.2190487692472625e-06,
                "-5.5": 7.108517028293158e-06,
                "-6.0": 5.864115855422462e-06,
                "-6.5": 5.921043565975598e-06,
                "-7.0": 1.4754511142652702e-06,
                "-7.5": 1.475451114266214e-06,
                "-8.0": 1.092464361456581e-06,
                "-8.5": 0.0,
                "-9.0": 0.0
            },
            "Qs_in": 0.0,
            "Qs_out_bed": 72.02175022563948,
            "Qs_out_wall": 0.0,
            "D50": 0.0007071067811865476,
            "D84": 0.0014142135623730952
        },
        "deposit_downstream": {
            "flow_scale": 0.66,
            "elevation": 1576.4683705926036,
            "length": 120,
            "width": 2.3890098553943275,
            "bankfull_width": 12,
            "lwd_factor": null,
            "gsd_bed": {
                "1.0": 0.5016566779590906,
                "0.0": 0.4939552315184536,
                "-1.0": 0.002010477007341086,
                "-2.0": 1.384221784720057e-19,
                "-2.5": 6.971763688900038e-05,
                "-3.0": 1.0692889093403572e-05,
                "-3.5": 2.929851611591501e-05,
                "-4.0": 7.057306801643865e-06,
                "-4.5": 7.271164583512206e-06,
                "-5.0": 3.849440073624011e-06,
                "-5.5": 3.698644241693731e-05,
                "-6.0": 2.996642061054914e-05,
                "-6.5": 0.001248686032456821,
                "-7.0": 0.0003502864966145485,
                "-7.5": 0.00035028649661454793,
                "-8.0": 0.00023351467284398215,
                "-8.5": 0.0,
                "-9.0": 0.0
            },
            "gsd_wall": {
                "1.0": 0.508469290230297,
                "0.0": 0.48939699428046396,
                "-1.0": 0.0019922500579109977,
                "-2.0": 7.915051379579219e-20,
                "-2.5": 6.915651422862114e-05,
                "-3.0": 1.066833910960722e-05,
                "-3.5": 2.917268026780434e-05,
                "-4.0": 7.058683917712188e-06,
                "-4.5": 7.144615005060894e-06,
                "-5.0": 4.106844203678315e-06,
                "-5.5": 3.896751729842796e-06,
                "-6.0": 3.26497102485164e-06,
                "-6.5": 3.784615097117713e-06,
                "-7.0": 1.1759023727149097e-06,
                "-7.5": 1.1759023727151433e-06,
                "-8.0": 8.596119981049909e-07,
                "-8.5": 0.0,
                "-9.0": 0.0
            },
            "Qs_in": 72.02175022563948,
            "Qs_out_bed": 119.6081180284145,
            "Qs_out_wall": 0.009365873098514598,
            "D50": 0.0007071067811865476,
            "D84": 0.0008955161299082009
        },
        "downstream": {
            "flow_scale": 0.689,
            "elevation": 1570.53920084994,
            "length": 145,
            "bankfull_width": 12,
            "lwd_factor": null,
            "gsd": {
                "1.0": 0.641546674750668,
                "0.0": 0.3565371923798748,
                "-1.0": 0.000620078405732434,
                "-2.0": 0.0,
                "-2.5": 2.1513267145247776e-05,
                "-3.0": 3.2840217298687095e-06,
                "-3.5": 9.029379584503333e-06,
                "-4.0": 2.1836820456765933e-06,
                "-4.5": 2.2072372800645536e-06,
                "-5.0": 0.0003588011027319024,
                "-5.5": 0.0004650221381438306,
                "-6.0": 0.00035614090589065667,
                "-6.5": 7.304525505214351e-05,
                "-7.0": 2.22668810024653e-06,
                "-7.5": 1.3800454383360724e-06,
                "-8.0": 7.499857829608482e-07,
                "-8.5": 3.275594231070052e-07,
                "-9.0": 1.4319537622164168e-07
            },
            "Qs_in": 119.61748390151301,
            "Qs_out": 65.7559218500513,
            "D50": 0.0007071067811865476,
            "D84": 0.0014142135623730952
        }
    },
    "sed_masses": {
        "upstream": {
            "1.0": 0.01344047744095988,
            "0.0": 7.675730671805399e-05,
            "-1.0": 0.0006140584537444319,
            "-2.0": 0.008187446049925754,
            "-2.5": 0.04631518898001213,
            "-3.0": 0.20697863614212314,
            "-3.5": 1.2041949134803152,
            "-4.0": 4.873167888915811,
            "-4.5": 22.379499315141864,
            "-5.0": 87.69606213859677,
            "-5.5": 326.0589304192855,
            "-6.0": 1020.1583978034847,
            "-6.5": 2629.339214901119,
            "-7.0": 6674.961456239497,
            "-7.5": 11701.128627352167,
            "-8.0": 17985.909004272344,
            "-8.5": 22218.48548695665,
            "-9.0": 27472.51017359023
        },
        "downstream": {
            "1.0": 246.7651669398091,
            "0.0": 602.7095949914833,
            "-1.0": 368.18437950070495,
            "-2.0": 361.13017788661017,
            "-2.5": 367.47508924505416,
            "-3.0": 363.7284138232076,
            "-3.5": 385.61510887812966,
            "-4.0": 382.85627940038273,
            "-4.5": 621.7734097474766,
            "-5.0": 2541.2230086636014,
            "-5.5": 15502.544732429351,
            "-6.0": 34347.136311627866,