{
    "timestep": "2002-04-03 02:00",
    "deposit_mass": 12150000,
    "reaches": {
        "upstream": {
            "flow_scale": 0.658,
            "elevation": 1579.594,
            "length": 170,
            "bankfull_width": 10.5,
            "lwd_factor": null,
            "gsd": {
                "1.0": 0.003,
                "0.0": 0.003,
                "-1.0": 0.003,
                "-2.0": 0.005,
                "-2.5": 0.01,
                "-3.0": 0.0158,
                "-3.5": 0.0325,
                "-4.0": 0.0465,
                "-4.5": 0.0755,
                "-5.0": 0.1046,
                "-5.5": 0.1375,
                "-6.0": 0.1521,
                "-6.5": 0.1386,
                "-7.0": 0.1244,
                "-7.5": 0.0771,
                "-8.0": 0.0419,
                "-8.5": 0.0183,
                "-9.0": 0.008
            },
            "Qs_in": 0.0,
            "Qs_out": 0.0,
            "D50": 0.06366919953246893,
            "D84": 0.12967643171939253
        },
        "deposit_upstream": {
            "flow_scale": 0.659,
            "elevation": 1581.099219643113,
            "length": 118,
            "width": 1.0004980732154525,
            "bankfull_width": 10.5,
            "lwd_factor": 1,
            "gsd_bed": {
                "1.0": 0.8725944518405246,
                "0.0": 0.10907430648006558,
                "-1.0": 0.013634288310008198,
                "-2.0": 0.0017042860387510247,
                "-2.5": 0.0006025561075412041,
                "-3.0": 0.0002130357548438781,
                "-3.5": 7.531951344265051e-05,
                "-4.0": 2.662946935548476e-05,
                "-4.5": 9.414939180331314e-06,
                "-5.0": 4.020104394094697e-05,
                "-5.5": 0.0006430858571473569,
                "-6.0": 0.000518409241949527,
                "-6.5": 0.0005184092419495268,
                "-7.0": 0.00012960231048738175,
                "-7.5": 0.0001296023104873817,
                "-8.0": 8.640154032492115e-05,
                "-8.5": 0.0,
                "-9.0": 0.0
            },
            "gsd_wall": {
                "1.0": 0.0,
                "0.0": 0.0,
                "-1.0": 0.0,
                "-2.0": 0.0,
                "-2.5": 0.5555184680088119,
                "-3.0": 0.14605605729708074,
                "-3.5": 0.14605605729708077,
                "-4.0": 0.03678819725912431,
                "-4.5": 0.03678819725912431,
                "-5.0": 0.018987764288507198,
                "-5.5": 0.018987764288507198,
                "-6.0": 0.015306560363161255,
                "-6.5": 0.015306560363161257,
                "-7.0": 0.0038266400907903137,
                "-7.5": 0.003826640090790314,
                "-8.0": 0.0025510933938602087,
                "-8.5": 0.0,
                "-9.0": 0.0
            },
            "Qs_in": 0.0,
            "Qs_out_bed": 0.7602884085856751,
            "Qs_out_wall": 0.0,
            "D50": 0.0007071067811865476,
            "D84": 0.0014142135623730952
        },
        "deposit_downstream": {
            "flow_scale": 0.66,
            "elevation": 1576.6796001287778,
            "length": 120,
            "width": 1.0011583484431221,
            "bankfull_width": 12,
            "lwd_factor": null,
            "gsd_bed": {
                "1.0": 0.49571756190476945,
                "0.0": 0.49570835069416586,
                "-1.0": 0.0030594762994609714,
                "-2.0": 0.00011592739816478827,
                "-2.5": 0.00011591294784098685,
                "-3.0": 3.047432405103206e-05,
                "-3.5": 3.0473708287023573e-05,
                "-4.0": 7.675774127642318e-06,
                "-4.5": 7.67579509144955e-06,
                "-5.0": 3.961764880641877e-06,
                "-5.5": 0.00023556715596526536,
                "-6.0": 8.284869863276089e-05,
                "-6.5": 0.002930456120737429,
                "-7.0": 0.0007326140301843574,
                "-7.5": 0.0007326140301843572,
                "-8.0": 0.000488409353456238,
                "-8.5": 0.0,
                "-9.0": 0.0
            },
            "gsd_wall": {
                "1.0": 0.0,
                "0.0": 0.0,
                "-1.0": 0.0,
                "-2.0": 0.004742297662332478,
                "-2.5": 0.06344863048301264,
                "-3.0": 0.3061912574388835,
                "-3.5": 0.30619125743888337,
                "-4.0": 0.07712261022334267,
                "-4.5": 0.07712261022334264,
                "-5.0": 0.039805863112035045,
                "-5.5": 0.03980586311203506,
                "-6.0": 0.03208860386479974,
                "-6.5": 0.03208860386479974,
                "-7.0": 0.008022150966199935,
                "-7.5": 0.008022150966199935,
                "-8.0": 0.00534810064413329,
                "-8.5": 0.0,
                "-9.0": 0.0
            },
            "Qs_in": 0.7602884085856751,
            "Qs_out_bed": 13.544797489033098,
            "Qs_out_wall": 0.0,
            "D50": 0.0007499878750495093,
            "D84": 0.0011249818125742641
        },
        "downstream": {
            "flow_scale": 0.689,
            "elevation": 1570.5009501357865,
            "length": 145,
            "bankfull_width": 12,
            "lwd_factor": null,
            "gsd": {
                "1.0": 0.5265890562475121,
                "0.0": 0.4673805624740389,
                "-1.0": 0.003886307390623191,
                "-2.0": 0.00023919386668842156,
                "-2.5": 0.00015396074299198832,
                "-3.0": 4.479517598274077e-05,
                "-3.5": 2.8425316635295782e-05,
                "-4.0": 7.458510696859394e-06,
                "-4.5": 0.0005996582155034996,
                "-5.0": 0.0003305344996168588,
                "-5.5": 0.00032583363774314517,
                "-6.0": 0.000280176788996273,
                "-6.5": 4.54997468277356e-05,
                "-7.0": 4.0838156604403386e-05,
                "-7.5": 2.531046522668409e-05,
                "-8.0": 1.3754973968846477e-05,
                "-8.5": 6.0075423300689854e-06,
                "-9.0": 2.626248013144913e-06
            },
            "Qs_in": 13.544797489033098,
            "Qs_out": 0.0,
            "D50": 0.03424078868053128,
            "D84": 0.06431371496340119
        }
    },
    "sed_masses": {
        "upstream": {
            "1.0": 2.393497379417267e-05,
            "0.0": 0.00019147979035338136,
            "-1.0": 0.001531838322827051,
            "-2.0": 0.020424510971027345,
            "-2.5": 0.1155384816802598,
            "-3.0": 0.5163316373475714,
            "-3.5": 3.0040005236867553,
            "-4.0": 12.156668929955474,
            "-4.5": 55.82819434790154,
            "-5.0": 218.76775399111276,
            "-5.5": 813.3909110290293,
            "-6.0": 2544.900602833518,
            "-6.5": 6559.18430653809,
            "-7.0": 16651.44694240576,
            "-7.5": 29189.78990095739,
            "-8.0": 44867.88597342774,
            "-8.5": 55426.52712710976,
            "-9.0": 68533.2864510591
        },
        "downstream": {
            "1.0": 0.4105406310913331,
            "0.0": 2.4382667391857487,
            "-1.0": 0.046157175540758544,
            "-2.0": 0.02917965915878854,
            "-2.5": 0.12727726126341282,
            "-3.0": 0.43167608295964927,
            "-3.5": 2.4310160686623328,
            "-4.0": 10.557247155543854,
            "-4.5": 187.5459719696008,
            "-5.0": 403.6702738675336,
            "-5.5": 1272.280062787447,
            "-6.0": 3510.714731906467,
            "-6.5": 6258.351767211123,
            "-7.0": 15887.739622555191,
            "-7.5": 27851.01998568414,
            "-8.0": 42810.050815759634,
            "-8.5": 52884.42705452862,
            "-9.0": 65390.05375199563
        },
        "deposit_upstream": {
            "1.0": 30641.735991460708,
            "0.0": 245159.41223374425,