{
    "timestep": "2002-04-05 04:00",
    "deposit_mass": 12150000,
    "reaches": {
        "upstream": {
            "flow_scale": 0.658,
            "elevation": 1579.5940000003343,
            "length": 170,
            "bankfull_width": 10.5,
            "lwd_factor": null,
            "gsd": {
                "1.0": 0.7309908198014694,
                "0.0": 0.0008120623270231344,
                "-1.0": 0.0008120623270231344,
                "-2.0": 0.001353437211705224,
                "-2.5": 0.0027068744234104484,
                "-3.0": 0.004276861588988508,
                "-3.5": 0.008797341876083957,
                "-4.0": 0.012586966068858585,
                "-4.5": 0.02043690189674888,
                "-5.0": 0.02831390646887329,
                "-5.5": 0.037219523321893676,
                "-6.0": 0.041171559980072936,
                "-6.5": 0.037517279508468816,
                "-7.0": 0.03367351782722597,
                "-7.5": 0.02087000180449456,
                "-8.0": 0.01134180383408978,
                "-8.5": 0.004953580194841121,
                "-9.0": 0.0021654995387283588
            },
            "Qs_in": 0.0006243915399009732,
            "Qs_out": 0.0,
            "D50": 0.0007071067811865476,
            "D84": 0.09028791557478348
        },
        "deposit_upstream": {
            "flow_scale": 0.659,
            "elevation": 1581.098774686893,
            "length": 118,
            "width": 1.0005149463102667,
            "bankfull_width": 10.5,
            "lwd_factor": 1,
            "gsd_bed": {
                "1.0": 0.49803457773181464,
                "0.0": 0.49815853995181025,
                "-1.0": 0.0030723312262275256,
                "-2.0": 0.00011620605424057382,
                "-2.5": 0.00011638492691202751,
                "-3.0": 3.0593205850277176e-05,
                "-3.5": 3.0625262018767176e-05,
                "-4.0": 9.40634925652008e-06,
                "-4.5": 9.406425912873584e-06,
                "-5.0": 3.981410582804617e-06,
                "-5.5": 3.981410582804615e-06,
                "-6.0": 0.0001552372667965932,
                "-6.5": 0.00015523726679659314,
                "-7.0": 3.88093166991483e-05,
                "-7.5": 3.8809316699148284e-05,
                "-8.0": 2.58728777994322e-05,
                "-8.5": 0.0,
                "-9.0": 0.0
            },
            "gsd_wall": {
                "1.0": 0.0,
                "0.0": 0.0,
                "-1.0": 0.0,
                "-2.0": 0.0,
                "-2.5": 0.0,
                "-3.0": 0.3285987083485312,
                "-3.5": 0.3285987083485313,
                "-4.0": 0.08276653721543968,
                "-4.5": 0.08276653721543971,
                "-5.0": 0.0427189048855322,
                "-5.5": 0.042718904885532205,
                "-6.0": 0.03443688716287252,
                "-6.5": 0.03443688716287253,
                "-7.0": 0.00860922179071813,
                "-7.5": 0.008609221790718132,
                "-8.0": 0.005739481193812086,
                "-8.5": 0.0,
                "-9.0": 0.0
            },
            "Qs_in": 0.0,
            "Qs_out_bed": 74.5191481199309,
            "Qs_out_wall": 0.0,
            "D50": 0.0007505680426382332,
            "D84": 0.0011258520639573497
        },
        "deposit_downstream": {
            "flow_scale": 0.66,
            "elevation": 1576.6666633879765,
            "length": 120,
            "width": 1.0011583484431221,
            "bankfull_width": 12,
            "lwd_factor": null,
            "gsd_bed": {
                "1.0": 7.820104887899884e-16,
                "0.0": 6.0326523420941964e-15,
                "-1.0": 1.2218913887343569e-17,
                "-2.0": 0.02716968652740213,
                "-2.5": 0.027211014095077136,
                "-3.0": 0.007152761323732947,
                "-3.5": 0.007160173592567985,
                "-4.0": 2.3865066186217908e-20,
                "-4.5": 8.437575066870226e-21,
                "-5.0": 0.01958312436698136,
                "-5.5": 0.20000253549108957,
                "-6.0": 0.01158111683768808,
                "-6.5": 0.42008375265927234,
                "-7.0": 0.10502093816481817,
                "-7.5": 0.10502093816481808,
                "-8.0": 0.0700139587765454,
                "-8.5": 0.0,
                "-9.0": 0.0
            },
            "gsd_wall": {
                "1.0": 0.0,
                "0.0": 0.0,
                "-1.0": 0.0,
                "-2.0": 0.004742297662332478,
                "-2.5": 0.06344863048301264,
                "-3.0": 0.3061912574388835,
                "-3.5": 0.30619125743888337,
                "-4.0": 0.07712261022334267,
                "-4.5": 0.07712261022334264,
                "-5.0": 0.039805863112035045,
                "-5.5": 0.03980586311203506,
                "-6.0": 0.03208860386479974,
                "-6.5": 0.03208860386479974,
                "-7.0": 0.008022150966199935,
                "-7.5": 0.008022150966199935,
                "-8.0": 0.00534810064413329,
                "-8.5": 0.0,
                "-9.0": 0.0
            },
            "Qs_in": 74.5191481199309,
            "Qs_out_bed": 1.0587213032364593,
            "Qs_out_wall": 0.0,
            "D50": 0.0008190853818018902,
            "D84": 0.08929658692907153
        },
        "downstream": {
            "flow_scale": 0.689,
            "elevation": 1570.5015249811006,
            "length": 145,
            "bankfull_width": 12,
            "lwd_factor": null,
            "gsd": {
                "1.0": 0.0,
                "0.0": 0.0,
                "-1.0": 3.315432848249617e-17,
                "-2.0": 0.0,
                "-2.5": 0.0,
                "-3.0": 0.0,
                "-3.5": 0.0,
                "-4.0": 0.0012418995109369792,
                "-4.5": 0.19088802741233885,
                "-5.0": 0.2527718541276082,
                "-5.5": 0.2569786662428619,
                "-6.0": 0.21154843782256053,
                "-6.5": 0.029387108799607986,
                "-7.0": 0.0263763083309613,
                "-7.5": 0.016347374375539507,
                "-8.0": 0.00888398166452796,
                "-8.5": 0.003880116096917938,
                "-9.0": 0.0016962256161389894
            },
            "Qs_in": 1.0587213032364593,
            "Qs_out": 2.241038843082492,
            "D50": 0.0007525238118539345,
            "D84": 0.0011287857177809018
        }
    },
    "sed_masses": {
        "upstream": {
            "1.0": 2.393497379417267e-05,
            "0.0": 0.00019147979035338136,
            "-1.0": 0.001531838322827051,
            "-2.0": 0.020424510971027345,
            "-2.5": 0.1155384816802598,
            "-3.0": 0.5163316373475714,
            "-3.5": 3.0040005236867553,
            "-4.0": 12.156668929955474,
            "-4.5": 55.82819434790154,
            "-5.0": 218.76775399111276,
            "-5.5": 813.3909110290293,
            "-6.0": 2544.900602833518,
            "-6.5": 6559.18430653809,
            "-7.0": 16651.44694240576,
            "-7.5": 29189.78990095739,
            "-8.0": 44867.88597342774,
            "-8.5": 55426.52712710976,
            "-9.0": 68533.2864510591
        },
        "downstream": {
            "1.0": 0.485951402736366,
            "0.0": 2.259804174279551,
            "-1.0": 0.04277882164557306,
            "-2.0": 0.027043930227709803,
            "-2.5": 0.11796153458992749,
            "-3.0": 0.400080679661253,
            "-3.5": 2.2530841976454057,
            "-4.0": 10.117050766006031,
            "-4.5": 258.9016381575345,
            "-5.0": 554.1367549965963,
            "-5.5": 1693.4566547636753,
            "-6.0": 4447.3532562432,
            "-6.5": 6194.7923538920295,
            "-7.0": 15726.384772758036,
            "-7.5": 27568.166838965404,
            "-8.0": 42375.27472530942,
            "-8.5": 52347.33625453351,