{
    "timestep": "2002-06-02 13:00",
    "deposit_mass": 12150000,
    "reaches": {
        "upstream": {
            "flow_scale": 0.658,
            "elevation": 1579.6050703703613,
            "length": 170,
            "bankfull_width": 10.5,
            "lwd_factor": null,
            "gsd": {
                "1.0": 0.6731893031794525,
                "0.0": 0.20762359494354013,
                "-1.0": 0.05492927674680295,
                "-2.0": 0.020775523978486744,
                "-2.5": 0.018393808244642075,
                "-3.0": 0.011532281304598423,
                "-3.5": 0.008589654759994184,
                "-4.0": 0.003603168002835578,
                "-4.5": 0.0011959506036247965,
                "-5.0": 0.00012187130087232979,
                "-5.5": 8.97758071817228e-06,
                "-6.0": 9.930836561701845e-06,
                "-6.5": 9.049401363917665e-06,
                "-7.0": 8.122262118840951e-06,
                "-7.5": 5.033974351789695e-06,
                "-8.0": 2.7357136879375894e-06,
                "-8.5": 1.1948343792185657e-06,
                "-9.0": 5.223319690572963e-07
            },
            "Qs_in": 387.11063476960584,
            "Qs_out": 0.0,
            "D50": 0.0007071067811865476,
            "D84": 0.0010310668868389857
        },
        "deposit_upstream": {
            "flow_scale": 0.659,
            "elevation": 1580.7857585661698,
            "length": 118,
            "width": 3.7159375465352493,
            "bankfull_width": 10.5,
            "lwd_factor": 1,
            "gsd_bed": {
                "1.0": 0.0,
                "0.0": 0.0,
                "-1.0": 0.0,
                "-2.0": 0.0,
                "-2.5": 0.0,
                "-3.0": 0.0,
                "-3.5": 0.0,
                "-4.0": 0.0,
                "-4.5": 0.0,
                "-5.0": 0.011228239484202393,
                "-5.5": 0.01122823948420248,
                "-6.0": 0.08988012108717577,
                "-6.5": 0.17605095647729233,
                "-7.0": 0.26688299401844745,
                "-7.5": 0.26688299401844745,
                "-8.0": 0.17784645543023217,
                "-8.5": 0.0,
                "-9.0": 0.0
            },
            "gsd_wall": {
                "1.0": 0.0,
                "0.0": 0.0,
                "-1.0": 0.0,
                "-2.0": 0.08268704968907065,
                "-2.5": 0.08637794778914648,
                "-3.0": 0.06767342598194223,
                "-3.5": 0.10451589078355658,
                "-4.0": 0.00478144384974999,
                "-4.5": 0.1082857887039145,
                "-5.0": 0.09462298504865202,
                "-5.5": 0.06588980783195642,
                "-6.0": 0.10685982298551343,
                "-6.5": 0.13044605860983804,
                "-7.0": 0.041732946587930336,
                "-7.5": 0.04173294658903322,
                "-8.0": 0.06439388554969624,
                "-8.5": 0.0,
                "-9.0": 0.0
            },
            "Qs_in": 0.0,
            "Qs_out_bed": 0.0,
            "Qs_out_wall": 0.0,
            "D50": 0.12992115596957277,
            "D84": 0.25515532271143637
        },
        "deposit_downstream": {
            "flow_scale": 0.66,
            "elevation": 1575.9124591374252,
            "length": 120,
            "width": 3.86462719122637,
            "bankfull_width": 12,
            "lwd_factor": null,
            "gsd_bed": {
                "1.0": 0.34649672483347194,
                "0.0": 0.6520448129680149,
                "-1.0": 0.001340284041374849,
                "-2.0": 3.223657373520098e-21,
                "-2.5": 4.6489806324708386e-05,
                "-3.0": 7.115330700211073e-06,
                "-3.5": 1.9546214746347612e-05,
                "-4.0": 4.757917292188766e-06,
                "-4.5": 5.450088369564206e-06,
                "-5.0": 2.7752440438762203e-06,
                "-5.5": 2.8394124082723016e-06,
                "-6.0": 2.4667853266008066e-06,
                "-6.5": 6.154496889092388e-06,
                "-7.0": 5.782310587873321e-06,
                "-7.5": 8.880203418238488e-06,
                "-8.0": 5.920347031642106e-06,
                "-8.5": 0.0,
                "-9.0": 0.0
            },
            "gsd_wall": {
                "1.0": 0.34649791221106035,
                "0.0": 0.6520470451514638,
                "-1.0": 0.0013403323640674167,
                "-2.0": 9.69207191443986e-19,
                "-2.5": 4.657255253747922e-05,
                "-3.0": 7.177455422036282e-06,
                "-3.5": 1.96852758073144e-05,
                "-4.0": 4.855926246878677e-06,
                "-4.5": 5.474073417633226e-06,
                "-5.0": 2.9445982725849345e-06,
                "-5.5": 2.9800558709886207e-06,
                "-6.0": 2.4309960663086033e-06,
                "-6.5": 6.2034574153092435e-06,
                "-7.0": 5.535861793214525e-06,
                "-7.5": 6.554065820282293e-06,
                "-8.0": 4.295954738228012e-06,
                "-8.5": 0.0,
                "-9.0": 0.0
            },
            "Qs_in": 0.0,
            "Qs_out_bed": 9.100825901945122,
            "Qs_out_wall": 0.024033089521444815,
            "D50": 0.000720774495095896,
            "D84": 0.001081161742643844
        },
        "downstream": {
            "flow_scale": 0.689,
            "elevation": 1570.7200315266732,
            "length": 145,
            "bankfull_width": 12,
            "lwd_factor": null,
            "gsd": {
                "1.0": 0.3365858954600849,
                "0.0": 0.6333944061114848,
                "-1.0": 0.0013019483798853175,
                "-2.0": 0.0,
                "-2.5": 4.4841745263463945e-05,
                "-3.0": 6.8192515838438594e-06,
                "-3.5": 1.9011246839800127e-05,
                "-4.0": 5.7505832890848976e-06,
                "-4.5": 1.2288129735873538e-05,
                "-5.0": 4.091523330336762e-06,
                "-5.5": 4.298167317725944e-06,
                "-6.0": 0.00905015227239467,
                "-6.5": 0.01759075744498812,
                "-7.0": 0.0019457755563000285,
                "-7.5": 1.802225898417901e-05,
                "-8.0": 9.794197813710798e-06,
                "-8.5": 4.277656801692297e-06,
                "-9.0": 1.8700139023791456e-06
            },
            "Qs_in": 9.124858991466567,
            "Qs_out": 0.0,
            "D50": 0.08456768398042368,
            "D84": 0.1268515259706355
        }
    },
    "sed_masses": {
        "upstream": {
            "1.0": 0.010157249019211587,
            "0.0": 5.800709698029873e-05,
            "-1.0": 0.00046405677584238986,
            "-2.0": 0.006187423677898529,
            "-2.5": 0.035001353925730075,
            "-3.0": 0.15641807057727483,
            "-3.5": 0.9100352020689815,
            "-4.0": 3.6827545730852047,
            "-4.5": 16.91265421691277,
            "-5.0": 66.27374251091825,
            "-5.5": 246.40953163713976,
            "-6.0": 770.9549702417331,
            "-6.5": 1987.046463121896,
            "-7.0": 5044.407537045185,
            "-7.5": 8842.78685752948,
            "-8.0": 13592.326418147473,
            "-8.5": 16790.972710017064,
            "-9.0": 20761.5487055236
        },
        "downstream": {
            "1.0": 226.09546375472746,
            "0.0": 627.5021432077787,
            "-1.0": 341.1279556543459,
            "-2.0": 324.42651372200487,
            "-2.5": 348.12866953392677,
            "-3.0": 328.1310899858976,
            "-3.5": 364.5209530367643,
            "-4.0": 405.3900205455053,
            "-4.5": 871.9072363043554,
            "-5.0": 4239.87448478321,
            "-5.5": 59599.13183683517,
            "-6.0": 187222.5304551027,
            "-6.5": 388959.76849733444,
            "-7.0": 54433.07711915678,
            "-7.5": 29387.143636498815,
            "-8.0": 45171.240157639106,
            "-8.5": 55801.26885062811,