{
    "timestep": "2012-04-21 20:00",
    "deposit_mass": 2401711,
    "reaches": {
        "upstream": {
            "flow_scale": 0.78,
            "elevation": 1746.1185000009941,
            "length": 50,
            "bankfull_width": 6,
            "lwd_factor": null,
            "gsd": {
                "1.0": 0.7393407251446963,
                "0.0": 0.0012982332645552247,
                "-1.0": 0.0018434912356699623,
                "-2.0": 0.0024406785373617987,
                "-2.5": 0.004413993098484284,
                "-3.0": 0.00838658688767125,
                "-3.5": 0.01282654465408779,
                "-4.0": 0.01711071442708905,
                "-4.5": 0.025289583993304676,
                "-5.0": 0.03281933692807682,
                "-5.5": 0.037752623333215,
                "-6.0": 0.037415082684464994,
                "-6.5": 0.031105669018701133,
                "-7.0": 0.0255232659811262,
                "-7.5": 0.013060226641414917,
                "-8.0": 0.006075731678114324,
                "-8.5": 0.001999279227413428,
                "-9.0": 0.0012982332645529462
            },
            "Qs_in": 0.0006243915399009732,
            "Qs_out": 0.0,
            "D50": 0.04543415634574092,
            "D84": 0.1276617371510833
        },
        "deposit_upstream": {
            "flow_scale": 0.79,
            "elevation": 1746.2987006857277,
            "length": 55,
            "width": 1.0003464905369495,
            "bankfull_width": 6,
            "lwd_factor": null,
            "gsd_bed": {
                "1.0": 1.673994950375016e-05,
                "0.0": 1.6760717998449018e-05,
                "-1.0": 9.462922250340615e-06,
                "-2.0": 0.0002185119468432732,
                "-2.5": 0.00021886921854341875,
                "-3.0": 5.727854920453336e-05,
                "-3.5": 5.727675133486044e-05,
                "-4.0": 8.687756459228707e-05,
                "-4.5": 8.687756459028818e-05,
                "-5.0": 0.00010846874602625698,
                "-5.5": 0.00738756250072781,
                "-6.0": 0.34453308846798775,
                "-6.5": 0.3445330884676807,
                "-7.0": 0.14282818418175242,
                "-7.5": 0.1428281841817998,
                "-8.0": 0.01677794612339797,
                "-8.5": 0.00011741107288305908,
                "-9.0": 0.0001174110728829521
            },
            "gsd_wall": {
                "1.0": 0.2915824909588639,
                "0.0": 0.6868392678999911,
                "-1.0": 0.012262533201674057,
                "-2.0": 0.0016631640843362992,
                "-2.5": 0.001663185572234588,
                "-3.0": 0.0004382364285876862,
                "-3.5": 0.0004382364541260855,
                "-4.0": 0.0006626344790268936,
                "-4.5": 0.0006626344790111157,
                "-5.0": 0.0008263130383595568,
                "-5.5": 0.0008263038302514109,
                "-6.0": 0.0007418509708968226,
                "-6.5": 0.000741850970896164,
                "-7.0": 0.00030756454843210265,
                "-7.5": 0.00030756454843220424,
                "-8.0": 3.6168534880014896e-05,
                "-8.5": 0.0,
                "-9.0": 0.0
            },
            "Qs_in": 0.0,
            "Qs_out_bed": 0.0,
            "Qs_out_wall": 0.1441363143719005,
            "D50": 0.09063570581977162,
            "D84": 0.1359535587296574
        },
        "deposit_downstream": {
            "flow_scale": 0.83,
            "elevation": 1744.5094960320146,
            "length": 47,
            "width": 3.8064879475334705,
            "bankfull_width": 6,
            "lwd_factor": 1,
            "gsd_bed": {
                "1.0": 1e-05,
                "0.0": 1e-05,
                "-1.0": 1e-05,
                "-2.0": 1e-05,
                "-2.5": 1e-05,
                "-3.0": 1e-05,
                "-3.5": 1e-05,
                "-4.0": 1e-05,
                "-4.5": 1e-05,
                "-5.0": 0.0008409196292032744,
                "-5.5": 0.0008409196292031892,
                "-6.0": 0.0008409196292032047,
                "-6.5": 0.0864395754820183,
                "-7.0": 0.18414259527671023,
                "-7.5": 0.6506217469853334,
                "-8.0": 0.07450148410992204,
                "-8.5": 0.0008409196292031983,
                "-9.0": 0.0008409196292031831
            },
            "gsd_wall": {
                "1.0": 0.251091406978679,
                "0.0": 0.2642467233180605,
                "-1.0": 0.00011304784384671328,
                "-2.0": 6.676190885614951e-05,
                "-2.5": 9.912375012445996e-05,
                "-3.0": 4.773768706177659e-05,
                "-3.5": 4.7737681330538694e-05,
                "-4.0": 7.510515305929514e-05,
                "-4.5": 7.510515413505615e-05,
                "-5.0": 8.168927483630031e-05,
                "-5.5": 8.168927511797267e-05,
                "-6.0": 0.00011975845311981978,
                "-6.5": 0.06365236810586959,
                "-7.0": 0.1263046320321344,
                "-7.5": 0.25766421463007744,
                "-8.0": 0.036232898753690894,
                "-8.5": 0.0,
                "-9.0": 0.0
            },
            "Qs_in": 0.1441363143719005,
            "Qs_out_bed": 0.1446964717850394,
            "Qs_out_wall": 0.0,
            "D50": 0.12714053293777422,
            "D84": 0.19071079940666133
        },
        "downstream": {
            "flow_scale": 0.835,
            "elevation": 1742.088566446164,
            "length": 65,
            "bankfull_width": 6,
            "lwd_factor": null,
            "gsd": {
                "1.0": 0.0014460810218272727,
                "0.0": 0.001538639880731855,
                "-1.0": 0.001,
                "-2.0": 0.001,
                "-2.5": 0.001,
                "-3.0": 0.001,
                "-3.5": 0.001,
                "-4.0": 0.0020499512615693594,
                "-4.5": 0.0020510719250604703,
                "-5.0": 0.09692118019241606,
                "-5.5": 0.09692459434966973,
                "-6.0": 0.09680648917052051,
                "-6.5": 0.09671785004246766,
                "-7.0": 0.2167828211725646,
                "-7.5": 0.09597484885856354,
                "-8.0": 0.09592986588367983,
                "-8.5": 0.0959286048122051,
                "-9.0": 0.09592800142872407
            },
            "Qs_in": 0.1446964717850394,
            "Qs_out": 0.14659385115742266,
            "D50": 0.0009359209633181902,
            "D84": 0.18240021542080118
        }
    },
    "dep_masses": {
        "deposit_upstream": {
            "1.0": 22.504603986581603,
            "0.0": 180.0757024618854,
            "-1.0": 29.102110163159782,
            "-2.0": 31.5775786367262,
            "-2.5": 89.56499880669466,
            "-3.0": 66.7543345716959,
            "-3.5": 188.80389922105905,
            "-4.0": 807.4365479073086,
            "-4.5": 2283.775433612459,
            "-5.0": 8054.969620128342,
            "-5.5": 22735.77232214567,
            "-6.0": 58022.36141290611,
            "-6.5": 164112.0208620904,
            "-7.0": 192444.27344067078,
            "-7.5": 544314.6030016665,
            "-8.0": 181046.28643002163,
            "-8.5": 0,
            "-9.0": 0
        },
        "deposit_downstream": {
            "1.0": 0.011011428372468546,
            "0.0": 0.09264093093629808,
            "-1.0": 6.525709125223768e-06,
            "-2.0": 0,
            "-2.5": 0,
            "-3.0": 0,
            "-3.5": 0,
            "-4.0": 0,
            "-4.5": 0,
            "-5.0": 0,
            "-5.5": 0,
            "-6.0": 0,
            "-6.5": 15272.799635887575,
            "-7.0": 91274.96271038835,
            "-7.5": 535739.563966069,
            "-8.0": 202075.9691259074,
            "-8.5": 0,
            "-9.0": 0
        }
    },
    "sed_masses": {
        "upstream": {
            "1.0": 0.0006329555266162754,