{
    "timestep": "2012-05-12 16:00",
    "deposit_mass": 2401711,
    "reaches": {
        "upstream": {
            "flow_scale": 0.78,
            "elevation": 1746.1930902001054,
            "length": 50,
            "bankfull_width": 6,
            "lwd_factor": null,
            "gsd": {
                "1.0": 0.8738091073423851,
                "0.0": 0.11019089265761367,
                "-1.0": 0.001,
                "-2.0": 0.001,
                "-2.5": 0.001,
                "-3.0": 0.001,
                "-3.5": 0.001,
                "-4.0": 0.001,
                "-4.5": 0.001,
                "-5.0": 0.001,
                "-5.5": 0.001,
                "-6.0": 0.001,
                "-6.5": 0.001,
                "-7.0": 0.001,
                "-7.5": 0.001,
                "-8.0": 0.001,
                "-8.5": 0.001,
                "-9.0": 0.001
            },
            "Qs_in": 0.07804894248762148,
            "Qs_out": 0.0,
            "D50": 0.0007071067811865476,
            "D84": 0.0014142135623730952
        },
        "deposit_upstream": {
            "flow_scale": 0.79,
            "elevation": 1745.998411175912,
            "length": 55,
            "width": 1.8220201586867264,
            "bankfull_width": 6,
            "lwd_factor": null,
            "gsd_bed": {
                "1.0": 3.110472762208476e-05,
                "0.0": 9.443406065722022e-05,
                "-1.0": 3.532890553113868e-05,
                "-2.0": 3.369912971120806e-05,
                "-2.5": 3.369464769689353e-05,
                "-3.0": 3.369230983038641e-05,
                "-3.5": 0.0004373419262931431,
                "-4.0": 0.0006605342977458797,
                "-4.5": 0.0006605235771572613,
                "-5.0": 0.0002715348708190144,
                "-5.5": 0.011004803682320503,
                "-6.0": 0.021332532410128512,
                "-6.5": 0.04225158537766206,
                "-7.0": 0.21023550937767713,
                "-7.5": 0.6495885695711059,
                "-8.0": 0.03626979627547187,
                "-8.5": 0.013512657426289187,
                "-9.0": 0.013512657426280647
            },
            "gsd_wall": {
                "1.0": 0.05862386396848539,
                "0.0": 0.9103082016489,
                "-1.0": 0.02163352559557703,
                "-2.0": 3.008732375180923e-06,
                "-2.5": 4.860891481708322e-06,
                "-3.0": 4.085364435907491e-06,
                "-3.5": 2.6073547878510574e-06,
                "-4.0": 0.0012105584964750408,
                "-4.5": 0.0012105326411194866,
                "-5.0": 0.0015097896629457958,
                "-5.5": 0.0015045402672679625,
                "-6.0": 0.0013526568552120087,
                "-6.5": 0.0013617564064995924,
                "-7.0": 0.000572324163253713,
                "-7.5": 0.0006201502541286759,
                "-8.0": 7.753769705469054e-05,
                "-8.5": 0.0,
                "-9.0": 0.0
            },
            "Qs_in": 0.0,
            "Qs_out_bed": 0.0,
            "Qs_out_wall": 0.0,
            "D50": 0.16707339382838413,
            "D84": 0.2506100907425762
        },
        "deposit_downstream": {
            "flow_scale": 0.83,
            "elevation": 1744.1677837517923,
            "length": 47,
            "width": 5.888046033683845,
            "bankfull_width": 6,
            "lwd_factor": 1,
            "gsd_bed": {
                "1.0": 9.456123234072234e-06,
                "0.0": 2.1407915881631326e-05,
                "-1.0": 2.7445767768645957e-05,
                "-2.0": 5.420173998317404e-05,
                "-2.5": 0.0002049827806133996,
                "-3.0": 0.00020022272798564256,
                "-3.5": 0.00020009404135942928,
                "-4.0": 0.00020009404135852977,
                "-4.5": 5.3762387145620464e-05,
                "-5.0": 5.377845939171375e-05,
                "-5.5": 0.002892348823902817,
                "-6.0": 0.0028920312275948893,
                "-6.5": 0.002893338622948568,
                "-7.0": 0.03631502416867704,
                "-7.5": 0.593736662297819,
                "-8.0": 0.354463947343822,
                "-8.5": 0.0028906007652577128,
                "-9.0": 0.0028906007652560284
            },
            "gsd_wall": {
                "1.0": 0.0012777097266403507,
                "0.0": 0.004184958233104969,
                "-1.0": 0.0013179744402615791,
                "-2.0": 0.0010004227396630942,
                "-2.5": 0.0007255842115248612,
                "-3.0": 0.1125259371966349,
                "-3.5": 0.01322041598130063,
                "-4.0": 0.001355997943666313,
                "-4.5": 0.012280005337173912,
                "-5.0": 0.02028527882042234,
                "-5.5": 0.025337658562294342,
                "-6.0": 0.020051042830148514,
                "-6.5": 0.03886880428468757,
                "-7.0": 0.03279759163873145,
                "-7.5": 0.4460908620229324,
                "-8.0": 0.26867975603081273,
                "-8.5": 0.0,
                "-9.0": 0.0
            },
            "Qs_in": 0.0,
            "Qs_out_bed": 0.0,
            "Qs_out_wall": 0.0,
            "D50": 0.17443241243555113,
            "D84": 0.26865906624867014
        },
        "downstream": {
            "flow_scale": 0.835,
            "elevation": 1742.6503590543584,
            "length": 65,
            "bankfull_width": 6,
            "lwd_factor": null,
            "gsd": {
                "1.0": 0.001,
                "0.0": 0.001,
                "-1.0": 0.001,
                "-2.0": 0.001,
                "-2.5": 0.001,
                "-3.0": 0.001,
                "-3.5": 0.001,
                "-4.0": 0.001,
                "-4.5": 0.001,
                "-5.0": 0.001,
                "-5.5": 0.001,
                "-6.0": 0.001,
                "-6.5": 0.18189845842695693,
                "-7.0": 0.16778968275801281,
                "-7.5": 0.16525856206918016,
                "-8.0": 0.1577107702885721,
                "-8.5": 0.15767889007422448,
                "-9.0": 0.15766363638305345
            },
            "Qs_in": 0.0,
            "Qs_out": 4.008085235809022e-08,
            "D50": 0.18543986801729784,
            "D84": 0.36841621458986606
        }
    },
    "dep_masses": {
        "deposit_upstream": {
            "1.0": 14.309400605120603,
            "0.0": 111.99632018883425,
            "-1.0": 24.78924214019261,
            "-2.0": 1.6265942630679324,
            "-2.5": 1.6108980711447365,
            "-3.0": 0.14532807436470432,
            "-3.5": 0.9842863216130378,
            "-4.0": 698.879883793137,
            "-4.5": 1976.6362503527691,
            "-5.0": 6967.26088263396,
            "-5.5": 19662.411724276943,
            "-6.0": 49968.94721337336,
            "-6.5": 142171.44301827461,
            "-7.0": 169264.21003487907,
            "-7.5": 519770.160622935,
            "-8.0": 181046.28643002163,
            "-8.5": 0,
            "-9.0": 0
        },
        "deposit_downstream": {
            "1.0": 0.05762938016758456,
            "0.0": 0.23281876556575512,
            "-1.0": 0.27094144511270923,
            "-2.0": 0.6420391679895678,
            "-2.5": 0.933752616966438,
            "-3.0": 0.06952058846024825,
            "-3.5": 0,
            "-4.0": 0,
            "-4.5": 5.385939500843176,
            "-5.0": 26.701726103862267,
            "-5.5": 92.47069866939292,
            "-6.0": 214.02749140345063,
            "-6.5": 1158.6412810022064,
            "-7.0": 2964.325339536722,
            "-7.5": 118944.71935213389,
            "-8.0": 202075.9691259074,
            "-8.5": 0,
            "-9.0": 0
        }
    },
    "sed_masses": {
        "upstream": {
            "1.0": 33.80026324192765,
            "0.0": 80.38380244253128,
            "-1.0": 267.7448880102831,
            "-2.0": 685.0470922986594,