{
    "timestep": "2017-04-16 00:00",
    "deposit_mass": 2401711,
    "reaches": {
        "upstream": {
            "flow_scale": 0.78,
            "elevation": 1746.455293587049,
            "length": 50,
            "bankfull_width": 6,
            "lwd_factor": null,
            "gsd": {
                "1.0": 0.9838977789281783,
                "0.0": 0.000947189474875811,
                "-1.0": 0.0009471894748782554,
                "-2.0": 0.0009471894748733389,
                "-2.5": 0.00094718947421344,
                "-3.0": 0.0009471894744048932,
                "-3.5": 0.0009471894749399145,
                "-4.0": 0.0009471894749185858,
                "-4.5": 0.0009471894748491952,
                "-5.0": 0.0009471894748864978,
                "-5.5": 0.0009471894748718596,
                "-6.0": 0.0009471894748744741,
                "-6.5": 0.0009471894748718596,
                "-7.0": 0.0009471894748724763,
                "-7.5": 0.0009471894748734356,
                "-8.0": 0.0009471894748737876,
                "-8.5": 0.0009471894748734356,
                "-9.0": 0.000947189474870671
            },
            "Qs_in": 0.0,
            "Qs_out": 0.0,
            "D50": 0.0007071067811865476,
            "D84": 0.0014142135623730952
        },
        "deposit_upstream": {
            "flow_scale": 0.79,
            "elevation": 1745.8465272885298,
            "length": 55,
            "width": 2.7281599741674403,
            "bankfull_width": 6,
            "lwd_factor": null,
            "gsd_bed": {
                "1.0": 9.46324048344915e-06,
                "0.0": 3.4307393125110877e-05,
                "-1.0": 3.622228118538728e-05,
                "-2.0": 0.0002135015024439148,
                "-2.5": 0.00021790959148531994,
                "-3.0": 0.0001882253551927697,
                "-3.5": 3.198056048936218e-05,
                "-4.0": 0.000369800550470089,
                "-4.5": 0.00035736047213436533,
                "-5.0": 0.00036303466096051286,
                "-5.5": 0.006235738258492383,
                "-6.0": 0.2795291738518605,
                "-6.5": 0.29474740415240647,
                "-7.0": 0.17162416772051622,
                "-7.5": 0.2188532506129964,
                "-8.0": 0.026503487603859413,
                "-8.5": 0.0003424860959496304,
                "-9.0": 0.0003424860959485793
            },
            "gsd_wall": {
                "1.0": 0.25003574658064187,
                "0.0": 0.19244012497108529,
                "-1.0": 0.32207797245589886,
                "-2.0": 0.06733448881342206,
                "-2.5": 0.05164989682421426,
                "-3.0": 0.038108168237614155,
                "-3.5": 0.01947998644294699,
                "-4.0": 0.012622120041499766,
                "-4.5": 0.007702752187242275,
                "-5.0": 0.010641673603548769,
                "-5.5": 0.0067018147466880885,
                "-6.0": 0.0060241176619958235,
                "-6.5": 0.006269286075918832,
                "-7.0": 0.003671489768616013,
                "-7.5": 0.004657481444098857,
                "-8.0": 0.0005828801445679349,
                "-8.5": 0.0,
                "-9.0": 0.0
            },
            "Qs_in": 0.0,
            "Qs_out_bed": 0.0,
            "Qs_out_wall": 0.0,
            "D50": 0.09326071534359343,
            "D84": 0.17946703577175346
        },
        "deposit_downstream": {
            "flow_scale": 0.83,
            "elevation": 1744.0772438447227,
            "length": 47,
            "width": 6.441661877048704,
            "bankfull_width": 6,
            "lwd_factor": 1,
            "gsd_bed": {
                "1.0": 9.461231981734769e-06,
                "0.0": 0.003376261051701952,
                "-1.0": 0.005907740250724306,
                "-2.0": 0.0016008876879882047,
                "-2.5": 0.0015535848207108786,
                "-3.0": 0.0015169540580219681,
                "-3.5": 0.041885506464981785,
                "-4.0": 0.011551963392775016,
                "-4.5": 0.011431136417118177,
                "-5.0": 0.011369551434256293,
                "-5.5": 0.011304059429493486,
                "-6.0": 0.021976086318526232,
                "-6.5": 0.05917991853335498,
                "-7.0": 0.059252109639613484,
                "-7.5": 0.05848377598991096,
                "-8.0": 0.5826334512992785,
                "-8.5": 0.05848377598991096,
                "-9.0": 0.05848377598965092
            },
            "gsd_wall": {
                "1.0": 0.8282618967369828,
                "0.0": 0.004862465751097772,
                "-1.0": 0.08022253961527617,
                "-2.0": 0.025238001159339704,
                "-2.5": 0.019385008456713784,
                "-3.0": 0.015590602534594494,
                "-3.5": 0.011023906429250522,
                "-4.0": 0.007622140189186345,
                "-4.5": 0.0044291997226112555,
                "-5.0": 0.0025224392464653733,
                "-5.5": 6.921088135701322e-05,
                "-6.0": 6.963723389676427e-05,
                "-6.5": 6.812450703751149e-05,
                "-7.0": 3.824558590092023e-05,
                "-7.5": 2.185432387504444e-05,
                "-8.0": 0.000532383832077729,
                "-8.5": 2.1171897168547913e-05,
                "-9.0": 2.117189716823401e-05
            },
            "Qs_in": 0.0,
            "Qs_out_bed": 0.0,
            "Qs_out_wall": 0.0,
            "D50": 0.23520882346271338,
            "D84": 0.35281323519407026
        },
        "downstream": {
            "flow_scale": 0.835,
            "elevation": 1742.5344352722693,
            "length": 65,
            "bankfull_width": 6,
            "lwd_factor": null,
            "gsd": {
                "1.0": 0.0009444444445093353,
                "0.0": 0.0009454503529484291,
                "-1.0": 0.0009454454401408667,
                "-2.0": 0.06647480377340899,
                "-2.5": 0.06647479980044065,
                "-3.0": 0.06647659015405298,
                "-3.5": 0.06648407730402517,
                "-4.0": 0.06648580141754387,
                "-4.5": 0.06648205930563439,
                "-5.0": 0.06647853746905882,
                "-5.5": 0.06647726619218082,
                "-6.0": 0.06647716899805112,
                "-6.5": 0.06647747393569256,
                "-7.0": 0.06647592495526637,
                "-7.5": 0.0664757373370409,
                "-8.0": 0.0664748190208177,
                "-8.5": 0.06647480080630101,
                "-9.0": 0.06647479929288592
            },
            "Qs_in": 0.0,
            "Qs_out": 0.0,
            "D50": 0.04524970575048582,
            "D84": 0.2563635005138573
        }
    },
    "dep_masses": {
        "deposit_upstream": {
            "1.0": 0.5414509509321909,
            "0.0": 3.4249364176561516,
            "-1.0": 45.429698256670974,
            "-2.0": 76.1303967383347,
            "-2.5": 225.75314886057996,
            "-3.0": 439.98566365672747,
            "-3.5": 615.7575171947115,
            "-4.0": 1052.3266739424262,
            "-4.5": 1620.846180543221,
            "-5.0": 6333.292305758969,
            "-5.5": 11301.573263008453,
            "-6.0": 29324.510793466838,
            "-6.5": 87449.57136130323,
            "-7.0": 144201.63907279482,
            "-7.5": 519770.160622935,
            "-8.0": 181046.28643002163,
            "-8.5": 0,
            "-9.0": 0
        },
        "deposit_downstream": {
            "1.0": 0.01063007493846623,
            "0.0": 0.10942872570686416,
            "-1.0": 28.968700878948205,
            "-2.0": 53.89530706960359,
            "-2.5": 102.94284231982363,
            "-3.0": 182.7550313871141,
            "-3.5": 308.0571812684971,
            "-4.0": 637.2048202321185,
            "-4.5": 925.174137161976,
            "-5.0": 1352.3086959275875,
            "-5.5": 21.523732789170225,
            "-6.0": 0,