{
    "timestep": "2018-07-11 08:00",
    "deposit_mass": 2401711,
    "reaches": {
        "upstream": {
            "flow_scale": 0.78,
            "elevation": 1746.624128429882,
            "length": 50,
            "bankfull_width": 6,
            "lwd_factor": null,
            "gsd": {
                "1.0": 0.0022627647929246535,
                "0.0": 0.06962336943533938,
                "-1.0": 0.05217777305493531,
                "-2.0": 0.06342165438651923,
                "-2.5": 0.06257795791644175,
                "-3.0": 0.061708431354887905,
                "-3.5": 0.05947511596749706,
                "-4.0": 0.05724256966088949,
                "-4.5": 0.0674838825309719,
                "-5.0": 0.05745804675223529,
                "-5.5": 0.05588681926037631,
                "-6.0": 0.05581334295078184,
                "-6.5": 0.05581149292418018,
                "-7.0": 0.055811457344673486,
                "-7.5": 0.05581137791135372,
                "-8.0": 0.05581133339559549,
                "-8.5": 0.05581130741427413,
                "-9.0": 0.055811302946122916
            },
            "Qs_in": 0.0,
            "Qs_out": 0.0,
            "D50": 0.0317982660760368,
            "D84": 0.25495749111287846
        },
        "deposit_upstream": {
            "flow_scale": 0.79,
            "elevation": 1745.7862702883458,
            "length": 55,
            "width": 3.0653599623308194,
            "bankfull_width": 6,
            "lwd_factor": null,
            "gsd_bed": {
                "1.0": 4.4170546234395144e-05,
                "0.0": 1.745773516123124e-05,
                "-1.0": 0.0007125218115402436,
                "-2.0": 0.009238207536275947,
                "-2.5": 0.008425891824929855,
                "-3.0": 0.007590491179493198,
                "-3.5": 0.0019669430624273177,
                "-4.0": 0.0009807599010896201,
                "-4.5": 0.0011630061368506437,
                "-5.0": 0.0027612567579320666,
                "-5.5": 0.015627937854212008,
                "-6.0": 0.15438808768507747,
                "-6.5": 0.1821548628384,
                "-7.0": 0.2466989042240648,
                "-7.5": 0.3273940504412055,
                "-8.0": 0.03944098314936799,
                "-8.5": 0.0006972336578690057,
                "-9.0": 0.0006972336578686491
            },
            "gsd_wall": {
                "1.0": 0.5200090742679301,
                "0.0": 0.21275146924514,
                "-1.0": 0.10907482995126609,
                "-2.0": 0.039500179814213235,
                "-2.5": 0.03589396987527924,
                "-3.0": 0.03494933574497943,
                "-3.5": 0.022770469401726758,
                "-4.0": 0.01228606675020596,
                "-4.5": 0.006773384946446979,
                "-5.0": 0.002714062914330072,
                "-5.5": 0.0009259342952668797,
                "-6.0": 0.00040011929817909084,
                "-6.5": 0.00046414810454738947,
                "-7.0": 0.0005968041558454938,
                "-7.5": 0.0007914852407027972,
                "-8.0": 9.866599394044665e-05,
                "-8.5": 0.0,
                "-9.0": 0.0
            },
            "Qs_in": 0.0,
            "Qs_out_bed": 0.0,
            "Qs_out_wall": 0.0,
            "D50": 0.1265934345031081,
            "D84": 0.18989015175466212
        },
        "deposit_downstream": {
            "flow_scale": 0.83,
            "elevation": 1743.9768405899492,
            "length": 47,
            "width": 6.974468863890904,
            "bankfull_width": 6,
            "lwd_factor": 1,
            "gsd_bed": {
                "1.0": 4.204463335017645e-05,
                "0.0": 0.006873984963191971,
                "-1.0": 0.13480324976439098,
                "-2.0": 0.0057954127401906265,
                "-2.5": 0.002407439955526462,
                "-3.0": 0.0014018117417732335,
                "-3.5": 0.0012854764541912176,
                "-4.0": 0.0012055706295944657,
                "-4.5": 0.0013763970169362468,
                "-5.0": 0.001321819294196823,
                "-5.5": 0.005848608726122021,
                "-6.0": 0.006447505841858498,
                "-6.5": 0.006447505841854313,
                "-7.0": 0.0064475058418552635,
                "-7.5": 0.006447505841856819,
                "-8.0": 0.7989531490294017,
                "-8.5": 0.006447505841856819,
                "-9.0": 0.0064475058418523926
            },
            "gsd_wall": {
                "1.0": 0.6203353333886863,
                "0.0": 0.2146583262845891,
                "-1.0": 0.07453923096619956,
                "-2.0": 0.031695874886254395,
                "-2.5": 0.024816089650287802,
                "-3.0": 0.01897364948582743,
                "-3.5": 0.00966016369531355,
                "-4.0": 0.0029462336684832617,
                "-4.5": 0.0013272634338163587,
                "-5.0": 0.000434638120576089,
                "-5.5": 0.00014047958787844633,
                "-6.0": 6.062532622660711e-05,
                "-6.5": 7.107696720167416e-05,
                "-7.0": 3.6503515999952177e-06,
                "-7.5": 1.8773181647345532e-06,
                "-8.0": 0.0003311816088754456,
                "-8.5": 1.6687487057937994e-06,
                "-9.0": 2.6365113131574392e-06
            },
            "Qs_in": 0.0,
            "Qs_out_bed": 0.0,
            "Qs_out_wall": 0.0,
            "D50": 0.23114049963467756,
            "D84": 0.3467107494520166
        },
        "downstream": {
            "flow_scale": 0.835,
            "elevation": 1742.2788495519646,
            "length": 65,
            "bankfull_width": 6,
            "lwd_factor": null,
            "gsd": {
                "1.0": 0.10782447824406081,
                "0.0": 0.06374872544656285,
                "-1.0": 0.00812108740217026,
                "-2.0": 0.003320328001762182,
                "-2.5": 0.0033384606910924135,
                "-3.0": 0.00307530918083417,
                "-3.5": 0.0015467526010430916,
                "-4.0": 0.0014535510302527365,
                "-4.5": 0.0010246142013834213,
                "-5.0": 0.09020900326036291,
                "-5.5": 0.08975874369905856,
                "-6.0": 0.08974126522993067,
                "-6.5": 0.08977915700759287,
                "-7.0": 0.08952185533677996,
                "-7.5": 0.089486689810571,
                "-8.0": 0.08935869942195808,
                "-8.5": 0.08934575357707769,
                "-9.0": 0.08934552585750645
            },
            "Qs_in": 0.0,
            "Qs_out": 0.0,
            "D50": 0.09032013445988149,
            "D84": 0.3602168040742465
        }
    },
    "dep_masses": {
        "deposit_upstream": {
            "1.0": 9.212601365870697,
            "0.0": 29.12912218704137,
            "-1.0": 118.8075587422487,
            "-2.0": 324.4047237470008,
            "-2.5": 872.8613455368408,
            "-3.0": 2339.8439865616774,
            "-3.5": 4230.931922810129,
            "-4.0": 6207.941135030218,
            "-4.5": 9016.016577661936,
            "-5.0": 9714.375222698049,
            "-5.5": 8857.971563421386,
            "-6.0": 10869.257492165487,
            "-6.5": 36236.42077378727,
            "-7.0": 138610.28896302555,
            "-7.5": 519770.160622935,
            "-8.0": 181046.28643002163,
            "-8.5": 0,
            "-9.0": 0
        },
        "deposit_downstream": {
            "1.0": 1.0208449632176084,
            "0.0": 2.841699194282626,
            "-1.0": 11.150682316045822,
            "-2.0": 14.756415655369688,
            "-2.5": 18.1079720085705,
            "-3.0": 27.370251016718438,
            "-3.5": 40.12189035141496,
            "-4.0": 41.03194627579511,
            "-4.5": 27.09462503502948,
            "-5.0": 8.878475663409217,
            "-5.5": 0,
            "-6.0": 0,
            "-6.5": 0,
            "-7.0": 0,
            "-7.5": 0,