{
    "timestep": "2012-06-02 12:00",
    "deposit_mass": 2401711,
    "reaches": {
        "upstream": {
            "flow_scale": 0.78,
            "elevation": 1746.1967809800985,
            "length": 50,
            "bankfull_width": 6,
            "lwd_factor": null,
            "gsd": {
                "1.0": 0.7860621946034637,
                "0.0": 0.1714479049101881,
                "-1.0": 0.027489900486348133,
                "-2.0": 0.001,
                "-2.5": 0.001,
                "-3.0": 0.001,
                "-3.5": 0.001,
                "-4.0": 0.001,
                "-4.5": 0.001,
                "-5.0": 0.001,
                "-5.5": 0.001,
                "-6.0": 0.001,
                "-6.5": 0.001,
                "-7.0": 0.001,
                "-7.5": 0.001,
                "-8.0": 0.001,
                "-8.5": 0.001,
                "-9.0": 0.001
            },
            "Qs_in": 0.4970156657611725,
            "Qs_out": 0.0,
            "D50": 0.0007071067811865476,
            "D84": 0.0010439398246609604
        },
        "deposit_upstream": {
            "flow_scale": 0.79,
            "elevation": 1745.997471946707,
            "length": 55,
            "width": 1.8554451838509043,
            "bankfull_width": 6,
            "lwd_factor": null,
            "gsd_bed": {
                "1.0": 4.128745728721046e-05,
                "0.0": 0.00011284741540320787,
                "-1.0": 4.524317093105079e-05,
                "-2.0": 4.298861430142759e-05,
                "-2.5": 4.2987918260010436e-05,
                "-3.0": 4.298715599961863e-05,
                "-3.5": 4.298713498982072e-05,
                "-4.0": 0.000392459097222739,
                "-4.5": 0.0003918641871634005,
                "-5.0": 0.0004928161461886957,
                "-5.5": 0.01479737739955027,
                "-6.0": 0.03200132306070411,
                "-6.5": 0.08193391334633017,
                "-7.0": 0.08607084377557579,
                "-7.5": 0.665156940532007,
                "-8.0": 0.06037860846549156,
                "-8.5": 0.02900626256130839,
                "-9.0": 0.029006262561285537
            },
            "gsd_wall": {
                "1.0": 0.06737140469541952,
                "0.0": 0.8953897253845277,
                "-1.0": 0.025858349022291616,
                "-2.0": 0.0004985117755231922,
                "-2.5": 0.00045932847230014176,
                "-3.0": 0.0004475308001512921,
                "-3.5": 0.00020349051683080788,
                "-4.0": 0.0012556911664915243,
                "-4.5": 0.001255301402136291,
                "-5.0": 0.0015609529553756,
                "-5.5": 0.0015612214513874283,
                "-6.0": 0.0014026938614170599,
                "-6.5": 0.0014110844372310716,
                "-7.0": 0.0005940271998138599,
                "-7.5": 0.0006470075763431774,
                "-8.0": 8.367928275975547e-05,
                "-8.5": 0.0,
                "-9.0": 0.0
            },
            "Qs_in": 0.0,
            "Qs_out_bed": 0.0,
            "Qs_out_wall": 0.0006243915399009732,
            "D50": 0.16673252659234838,
            "D84": 0.2500987898885226
        },
        "deposit_downstream": {
            "flow_scale": 0.83,
            "elevation": 1744.1581176212271,
            "length": 47,
            "width": 5.9118144021411005,
            "bankfull_width": 6,
            "lwd_factor": 1,
            "gsd_bed": {
                "1.0": 1.0769676717840091e-05,
                "0.0": 8.887314102834743e-05,
                "-1.0": 0.00016478663964625162,
                "-2.0": 8.765965702381203e-05,
                "-2.5": 8.155294647917523e-05,
                "-3.0": 7.754972672625063e-05,
                "-3.5": 7.486073885295256e-05,
                "-4.0": 7.391195819821857e-05,
                "-4.5": 7.391195819745234e-05,
                "-5.0": 7.392146942608599e-05,
                "-5.5": 7.39268121602969e-05,
                "-6.0": 7.392021725183888e-05,
                "-6.5": 0.02062899197877971,
                "-7.0": 0.11109271096679343,
                "-7.5": 0.23135280395730803,
                "-8.0": 0.4154165196653259,
                "-8.5": 0.11027666424506803,
                "-9.0": 0.11027666424501648
            },
            "gsd_wall": {
                "1.0": 0.6919790471171737,
                "0.0": 0.2435428238963693,
                "-1.0": 0.059251935261127,
                "-2.0": 0.0004931922565242791,
                "-2.5": 0.00030575198421058217,
                "-3.0": 0.00016040220256803277,
                "-3.5": 4.5924609640214236e-05,
                "-4.0": 7.599836331852371e-06,
                "-4.5": 6.333260953697472e-05,
                "-5.0": 9.236521909113982e-05,
                "-5.5": 0.00011376538529385697,
                "-6.0": 0.0001030504757599077,
                "-6.5": 0.00020438893509116515,
                "-7.0": 0.0001625331849295282,
                "-7.5": 0.0020988916403288523,
                "-8.0": 0.0013749953860236143,
                "-8.5": 0.0,
                "-9.0": 0.0
            },
            "Qs_in": 0.0006243915399009732,
            "Qs_out_bed": 0.0007001086569268199,
            "Qs_out_wall": 0.0,
            "D50": 0.0007071067811865476,
            "D84": 0.18113698769503603
        },
        "downstream": {
            "flow_scale": 0.835,
            "elevation": 1742.5913040299354,
            "length": 65,
            "bankfull_width": 6,
            "lwd_factor": null,
            "gsd": {
                "1.0": 0.001,
                "0.0": 0.001,
                "-1.0": 0.0010263652712894386,
                "-2.0": 0.0010263655117837397,
                "-2.5": 0.0010263654263965387,
                "-3.0": 0.0010263668501976084,
                "-3.5": 0.001026366420643057,
                "-4.0": 0.001026367909759983,
                "-4.5": 0.0010263686318345818,
                "-5.0": 0.0010263689973758947,
                "-5.5": 0.0010263690175414063,
                "-6.0": 0.0010263687626631405,
                "-6.5": 0.18755888021289577,
                "-7.0": 0.16874154537655364,
                "-7.5": 0.1655473036634303,
                "-8.0": 0.15533121648383255,
                "-8.5": 0.1552888308384796,
                "-9.0": 0.15526855062532263
            },
            "Qs_in": 0.0007001086569268199,
            "Qs_out": 0.0007005423442189304,
            "D50": 0.1849307478140962,
            "D84": 0.3680946921839607
        }
    },
    "dep_masses": {
        "deposit_upstream": {
            "1.0": 13.628215126766403,
            "0.0": 92.45385360473055,
            "-1.0": 24.602462813157647,
            "-2.0": 0.25029916576481526,
            "-2.5": 0.37485113896452793,
            "-3.0": 0.02844354825622571,
            "-3.5": 0,
            "-4.0": 694.8924844074596,
            "-4.5": 1962.6000120184117,
            "-5.0": 6920.282726467687,
            "-5.5": 19530.639101557572,
            "-6.0": 49719.85424321674,
            "-6.5": 141600.8754231022,
            "-7.0": 169264.21003487907,
            "-7.5": 519770.160622935,
            "-8.0": 181046.28643002163,
            "-8.5": 0,
            "-9.0": 0
        },
        "deposit_downstream": {
            "1.0": 1.0503991166693125,
            "0.0": 3.338757463033892,
            "-1.0": 12.175978534454705,
            "-2.0": 34.53633650977419,
            "-2.5": 54.292618193710545,
            "-3.0": 73.10907800378585,
            "-3.5": 53.93206624436376,
            "-4.0": 0,
            "-4.5": 0,
            "-5.0": 12.233559020132637,
            "-5.5": 54.03853146798377,
            "-6.0": 84.98387255255876,
            "-6.5": 1345.691174608347,
            "-7.0": 2782.460294244982,
            "-7.5": 109553.52417795893,
            "-8.0": 202075.9691259074,
            "-8.5": 0,
            "-9.0": 0
        }
    },