{
    "timestep": "2012-04-05 04:00",
    "deposit_mass": 2401711,
    "reaches": {
        "upstream": {
            "flow_scale": 0.78,
            "elevation": 1746.1185,
            "length": 50,
            "bankfull_width": 6,
            "lwd_factor": null,
            "gsd": {
                "1.0": 0.004955892556255178,
                "0.0": 0.004955892556257386,
                "-1.0": 0.007037367429886663,
                "-2.0": 0.009317078005762341,
                "-2.5": 0.016850034690502814,
                "-3.0": 0.03201506591237954,
                "-3.5": 0.04896421845604001,
                "-4.0": 0.06531866389166573,
                "-4.5": 0.09654078699571597,
                "-5.0": 0.12528496382227933,
                "-5.5": 0.14411735553592564,
                "-6.0": 0.1428288234713247,
                "-6.5": 0.1187431856478945,
                "-7.0": 0.09743284765599729,
                "-7.5": 0.04985627911594104,
                "-8.0": 0.023193577163281374,
                "-8.5": 0.007632074536635122,
                "-9.0": 0.004955892556255623
            },
            "Qs_in": 0.0,
            "Qs_out": 0.0,
            "D50": 0.04543415634568937,
            "D84": 0.12766173715106174
        },
        "deposit_upstream": {
            "flow_scale": 0.79,
            "elevation": 1746.2987006857277,
            "length": 55,
            "width": 1.0000889079760895,
            "bankfull_width": 6,
            "lwd_factor": null,
            "gsd_bed": {
                "1.0": 1.6739949503766844e-05,
                "0.0": 1.6760717998435953e-05,
                "-1.0": 9.46292225032681e-06,
                "-2.0": 0.0002185119468432513,
                "-2.5": 0.0002188692185829771,
                "-3.0": 5.727854921188103e-05,
                "-3.5": 5.7276751333809694e-05,
                "-4.0": 8.687756459120082e-05,
                "-4.5": 8.687756459085398e-05,
                "-5.0": 0.0001084687460258548,
                "-5.5": 0.007387562500730052,
                "-6.0": 0.3445330884678437,
                "-6.5": 0.34453308846778175,
                "-7.0": 0.14282818418177123,
                "-7.5": 0.14282818418178056,
                "-8.0": 0.016777946123394123,
                "-8.5": 0.0001174110728830444,
                "-9.0": 0.00011741107288302544
            },
            "gsd_wall": {
                "1.0": 0.029618791786137466,
                "0.0": 0.9421626708313119,
                "-1.0": 0.016036096236347313,
                "-2.0": 0.002174971425125108,
                "-2.5": 0.002174999525911652,
                "-3.0": 0.000573095414172451,
                "-3.5": 0.0005730954474857859,
                "-4.0": 0.0008665477271555131,
                "-4.5": 0.0008665477271513559,
                "-5.0": 0.001080595272324599,
                "-5.5": 0.0010805832305993777,
                "-6.0": 0.0009701415985334399,
                "-6.5": 0.0009701415985332671,
                "-7.0": 0.0004022117303527759,
                "-7.5": 0.00040221173035280295,
                "-8.0": 4.729871850500901e-05,
                "-8.5": 0.0,
                "-9.0": 0.0
            },
            "Qs_in": 0.0,
            "Qs_out_bed": 0.0,
            "Qs_out_wall": 0.0,
            "D50": 0.09063570581976821,
            "D84": 0.1359535587296523
        },
        "deposit_downstream": {
            "flow_scale": 0.83,
            "elevation": 1743.9312056331776,
            "length": 47,
            "width": 2.2672606032933675,
            "bankfull_width": 6,
            "lwd_factor": 1,
            "gsd_bed": {
                "1.0": 0.4896508406275051,
                "0.0": 0.4896508406275309,
                "-1.0": 0.00935867144906965,
                "-2.0": 0.001562289381540179,
                "-2.5": 0.0016274525742933563,
                "-3.0": 0.0004523151655801919,
                "-3.5": 0.0004523151655820275,
                "-4.0": 0.0006721204495905098,
                "-4.5": 0.000672120449590155,
                "-5.0": 0.0008328919816577163,
                "-5.5": 0.0008328919816576239,
                "-6.0": 0.000750056231135155,
                "-6.5": 0.0007568810201639587,
                "-7.0": 0.0011235589341244056,
                "-7.5": 0.001416380154562358,
                "-8.0": 0.00018837365660773507,
                "-8.5": 7.490441197471922e-11,
                "-9.0": 7.490441197470498e-11
            },
            "gsd_wall": {
                "1.0": 0.4884512323899258,
                "0.0": 0.48845123238909677,
                "-1.0": 0.009348059859149058,
                "-2.0": 0.001678048278102417,
                "-2.5": 0.0017430686080847687,
                "-3.0": 0.0004972490005652866,
                "-3.5": 0.000497249000456855,
                "-4.0": 0.0007321909196555598,
                "-4.5": 0.0007321909196767497,
                "-5.0": 0.0008953860287122043,
                "-5.5": 0.0008953860287177613,
                "-6.0": 0.0008075207305436858,
                "-6.5": 0.0009253281629563067,
                "-7.0": 0.0017858109881539446,
                "-7.5": 0.002250432626221821,
                "-8.0": 0.0003096140699809604,
                "-8.5": 0.0,
                "-9.0": 0.0
            },
            "Qs_in": 0.0,
            "Qs_out_bed": 630.9106522191543,
            "Qs_out_wall": 0.09065699230709973,
            "D50": 0.000753994942047153,
            "D84": 0.0011309924130707297
        },
        "downstream": {
            "flow_scale": 0.835,
            "elevation": 1741.981174315248,
            "length": 65,
            "bankfull_width": 6,
            "lwd_factor": null,
            "gsd": {
                "1.0": 0.47438592203517316,
                "0.0": 0.4981636352135613,
                "-1.0": 0.007378126675426066,
                "-2.0": 0.001503225806524018,
                "-2.5": 0.0015651692617183316,
                "-3.0": 0.001,
                "-3.5": 0.001,
                "-4.0": 0.001,
                "-4.5": 0.0017418982284285649,
                "-5.0": 0.0021590846972650186,
                "-5.5": 0.0021590846972647454,
                "-6.0": 0.0019438533846387006,
                "-6.5": 0.001,
                "-7.0": 0.001,
                "-7.5": 0.001,
                "-8.0": 0.001,
                "-8.5": 0.001,
                "-9.0": 0.001
            },
            "Qs_in": 631.0013092114614,
            "Qs_out": 0.017482963117227204,
            "D50": 0.0445886464807458,
            "D84": 0.06688296972111869
        }
    },
    "dep_masses": {
        "deposit_upstream": {
            "1.0": 23.539841592362745,
            "0.0": 188.5424517429435,
            "-1.0": 29.102110163159782,
            "-2.0": 31.5775786367262,
            "-2.5": 89.56499880669466,
            "-3.0": 66.7543345716959,
            "-3.5": 188.80389922105905,
            "-4.0": 807.4365479073086,
            "-4.5": 2283.775433612459,
            "-5.0": 8054.969620128342,
            "-5.5": 22735.77232214567,
            "-6.0": 58022.36141290611,
            "-6.5": 164112.0208620904,
            "-7.0": 192444.27344067078,
            "-7.5": 544314.6030016665,
            "-8.0": 181046.28643002163,
            "-8.5": 0,
            "-9.0": 0
        },
        "deposit_downstream": {
            "1.0": 2.451251055950671,
            "0.0": 19.61000844760342,
            "-1.0": 3.000883079705687,
            "-2.0": 4.292792179278358,
            "-2.5": 12.64424283350388,
            "-3.0": 10.062151050413956,
            "-3.5": 28.4600609638015,
            "-4.0": 118.97371592044031,
            "-4.5": 336.5084852419742,
            "-5.0": 1176.2303987003932,
            "-5.5": 3326.881964636798,
            "-6.0": 8482.32619054564,
            "-6.5": 27347.20309863481,
            "-7.0": 150250.53728921825,
            "-7.5": 535739.563966069,