{
    "timestep": "2012-04-09 08:00",
    "deposit_mass": 2401711,
    "reaches": {
        "upstream": {
            "flow_scale": 0.78,
            "elevation": 1746.1185,
            "length": 50,
            "bankfull_width": 6,
            "lwd_factor": null,
            "gsd": {
                "1.0": 0.004955892556260902,
                "0.0": 0.004955892556265299,
                "-1.0": 0.007037367429899083,
                "-2.0": 0.009317078005775697,
                "-2.5": 0.01685003468976517,
                "-3.0": 0.032015065911397925,
                "-3.5": 0.04896421845633325,
                "-4.0": 0.0653186638919614,
                "-4.5": 0.09654078699569409,
                "-5.0": 0.12528496382257157,
                "-5.5": 0.1441173555361169,
                "-6.0": 0.1428288234715403,
                "-6.5": 0.1187431856480522,
                "-7.0": 0.09743284765613053,
                "-7.5": 0.049856279116012564,
                "-8.0": 0.023193577163315247,
                "-8.5": 0.00763207453664608,
                "-9.0": 0.004955892556261816
            },
            "Qs_in": 0.0,
            "Qs_out": 0.0,
            "D50": 0.045434156345702234,
            "D84": 0.12766173715106727
        },
        "deposit_upstream": {
            "flow_scale": 0.79,
            "elevation": 1746.2987006857277,
            "length": 55,
            "width": 1.0000889079760895,
            "bankfull_width": 6,
            "lwd_factor": null,
            "gsd_bed": {
                "1.0": 1.6739949503762687e-05,
                "0.0": 1.6760717998439233e-05,
                "-1.0": 9.462922250330278e-06,
                "-2.0": 0.0002185119468432568,
                "-2.5": 0.0002188692185730878,
                "-3.0": 5.7278549210044084e-05,
                "-3.5": 5.727675133407252e-05,
                "-4.0": 8.68775645914724e-05,
                "-4.5": 8.687756459071256e-05,
                "-5.0": 0.00010846874602595556,
                "-5.5": 0.007387562500729506,
                "-6.0": 0.34453308846788,
                "-6.5": 0.3445330884677562,
                "-7.0": 0.14282818418176635,
                "-7.5": 0.14282818418178556,
                "-8.0": 0.01677794612339509,
                "-8.5": 0.00011741107288304806,
                "-9.0": 0.00011741107288300708
            },
            "gsd_wall": {
                "1.0": 0.02961879178612806,
                "0.0": 0.9421626708314293,
                "-1.0": 0.016036096236352,
                "-2.0": 0.002174971425125015,
                "-2.5": 0.0021749995258132284,
                "-3.0": 0.0005730954141540342,
                "-3.5": 0.0005730954474883746,
                "-4.0": 0.00086654772715816,
                "-4.5": 0.0008665477271498849,
                "-5.0": 0.0010805952723255267,
                "-5.5": 0.001080583230599223,
                "-6.0": 0.0009701415985334715,
                "-6.5": 0.0009701415985331262,
                "-7.0": 0.0004022117303527344,
                "-7.5": 0.000402211730352787,
                "-8.0": 4.7298718505008386e-05,
                "-8.5": 0.0,
                "-9.0": 0.0
            },
            "Qs_in": 0.0,
            "Qs_out_bed": 0.0,
            "Qs_out_wall": 0.0,
            "D50": 0.09063570581976904,
            "D84": 0.13595355872965356
        },
        "deposit_downstream": {
            "flow_scale": 0.83,
            "elevation": 1744.5773510702056,
            "length": 47,
            "width": 3.413036245486179,
            "bankfull_width": 6,
            "lwd_factor": 1,
            "gsd_bed": {
                "1.0": 9.999999999998781e-06,
                "0.0": 1.0000000000001022e-05,
                "-1.0": 1.0000000000001856e-05,
                "-2.0": 1.0000000000000177e-05,
                "-2.5": 9.999999999774134e-06,
                "-3.0": 9.999999999839696e-06,
                "-3.5": 1.0000000000022955e-05,
                "-4.0": 1.0000000000015666e-05,
                "-4.5": 9.999999999991886e-06,
                "-5.0": 1.0000000000004668e-05,
                "-5.5": 9.999999999999662e-06,
                "-6.0": 0.015002382406942464,
                "-6.5": 0.17307416859185934,
                "-7.0": 0.33424068237713433,
                "-7.5": 0.42136518313056004,
                "-8.0": 0.05618758349350417,
                "-8.5": 1.00000000000002e-05,
                "-9.0": 9.999999999999266e-06
            },
            "gsd_wall": {
                "1.0": 0.0007814670945131326,
                "0.0": 0.00078146695669247,
                "-1.0": 0.0007899024827196294,
                "-2.0": 0.0005972859015183519,
                "-2.5": 0.0008868113491267309,
                "-3.0": 0.0004270855633753035,
                "-3.5": 0.0004270855120537798,
                "-4.0": 0.0006719287962531902,
                "-4.5": 0.000671928805887077,
                "-5.0": 0.0007308336894617398,
                "-5.5": 0.0007308336919839209,
                "-6.0": 0.0010714198689288873,
                "-6.5": 0.17387280821316517,
                "-7.0": 0.33655221311980604,
                "-7.5": 0.42422566482423063,
                "-8.0": 0.056781264130283955,
                "-8.5": 0.0,
                "-9.0": 0.0
            },
            "Qs_in": 0.0,
            "Qs_out_bed": 0.0,
            "Qs_out_wall": 0.0,
            "D50": 0.13150826110524602,
            "D84": 0.19726239165786902
        },
        "downstream": {
            "flow_scale": 0.835,
            "elevation": 1742.0010638998447,
            "length": 65,
            "bankfull_width": 6,
            "lwd_factor": null,
            "gsd": {
                "1.0": 0.11553112475815128,
                "0.0": 0.11922546207633376,
                "-1.0": 0.0022931649889317185,
                "-2.0": 0.0010000000000000863,
                "-2.5": 0.000999999999977934,
                "-3.0": 0.0009999999999843604,
                "-3.5": 0.0010000000000023215,
                "-4.0": 0.0010000000000016049,
                "-4.5": 0.1288588234274514,
                "-5.0": 0.15863401730031282,
                "-5.5": 0.1586351455791122,
                "-6.0": 0.04475215189074704,
                "-6.5": 0.044704714096730415,
                "-7.0": 0.04450038117603245,
                "-7.5": 0.044477661066783025,
                "-8.0": 0.04446279551145625,
                "-8.5": 0.04446237876427921,
                "-9.0": 0.044462179363712016
            },
            "Qs_in": 0.0,
            "Qs_out": 0.0,
            "D50": 0.03245700357133003,
            "D84": 0.18086780910840872
        }
    },
    "dep_masses": {
        "deposit_upstream": {
            "1.0": 23.539841592362745,
            "0.0": 188.5424517429435,
            "-1.0": 29.102110163159782,
            "-2.0": 31.5775786367262,
            "-2.5": 89.56499880669466,
            "-3.0": 66.7543345716959,
            "-3.5": 188.80389922105905,
            "-4.0": 807.4365479073086,
            "-4.5": 2283.775433612459,
            "-5.0": 8054.969620128342,
            "-5.5": 22735.77232214567,
            "-6.0": 58022.36141290611,
            "-6.5": 164112.0208620904,
            "-7.0": 192444.27344067078,
            "-7.5": 544314.6030016665,
            "-8.0": 181046.28643002163,
            "-8.5": 0,
            "-9.0": 0
        },
        "deposit_downstream": {
            "1.0": 0.0,
            "0.0": 0,
            "-1.0": 0,
            "-2.0": 0,
            "-2.5": 0,
            "-3.0": 0,
            "-3.5": 0,
            "-4.0": 0,
            "-4.5": 0,
            "-5.0": 0,
            "-5.5": 0,
            "-6.0": 0,
            "-6.5": 27347.20309863481,
            "-7.0": 150250.53728921825,
            "-7.5": 535739.563966069,
            "-8.0": 202075.9691259074,
            "-8.5": 0,
            "-9.0": 0
        }
    },