{
    "timestep": "2015-05-21 16:00",
    "deposit_mass": 2401711,
    "reaches": {
        "upstream": {
            "flow_scale": 0.78,
            "elevation": 1746.4557597136936,
            "length": 50,
            "bankfull_width": 6,
            "lwd_factor": null,
            "gsd": {
                "1.0": 0.2511222635061855,
                "0.0": 0.0742361231006068,
                "-1.0": 0.02888138228569473,
                "-2.0": 0.008461587243981033,
                "-2.5": 0.007390212363370142,
                "-3.0": 0.006358971593781192,
                "-3.5": 0.036253423940315825,
                "-4.0": 0.014205718518353103,
                "-4.5": 0.06288836889769105,
                "-5.0": 0.05841435291545093,
                "-5.5": 0.057156032608348964,
                "-6.0": 0.05637787838022536,
                "-6.5": 0.05637728896594341,
                "-7.0": 0.05637676746771078,
                "-7.5": 0.056375603192586686,
                "-8.0": 0.05637495071340255,
                "-8.5": 0.056374569898413954,
                "-9.0": 0.05637450440793791
            },
            "Qs_in": 0.13923931339791656,
            "Qs_out": 0.38969760842061596,
            "D50": 0.0007071067811865476,
            "D84": 0.011320017534356996
        },
        "deposit_upstream": {
            "flow_scale": 0.79,
            "elevation": 1745.847164270652,
            "length": 55,
            "width": 2.72770554527132,
            "bankfull_width": 6,
            "lwd_factor": null,
            "gsd_bed": {
                "1.0": 0.8583174004849743,
                "0.0": 0.13866653576470653,
                "-1.0": 1e-05,
                "-2.0": 1e-05,
                "-2.5": 1e-05,
                "-3.0": 1e-05,
                "-3.5": 1e-05,
                "-4.0": 1e-05,
                "-4.5": 1e-05,
                "-5.0": 1.0840999799219818e-05,
                "-5.5": 1.061375807042695e-05,
                "-6.0": 1.0578115743445174e-05,
                "-6.5": 0.0015751942957102213,
                "-7.0": 0.00043546502369303864,
                "-7.5": 0.0008726560026101919,
                "-8.0": 1.0261083816411249e-05,
                "-8.5": 1.0227235438326496e-05,
                "-9.0": 1.022723543832633e-05
            },
            "gsd_wall": {
                "1.0": 0.3987451340369701,
                "0.0": 0.3675491111409459,
                "-1.0": 0.12717240770534102,
                "-2.0": 0.028936805767433075,
                "-2.5": 0.023811971622862627,
                "-3.0": 0.017581833131505555,
                "-3.5": 0.008990681065801854,
                "-4.0": 0.005830120284634204,
                "-4.5": 0.003561306111994524,
                "-5.0": 0.004920106991721049,
                "-5.5": 0.0030985066310939154,
                "-6.0": 0.0027848184144977765,
                "-6.5": 0.0028978165751974813,
                "-7.0": 0.0016971206365794414,
                "-7.5": 0.002152799886523439,
                "-8.0": 0.0002694599968980484,
                "-8.5": 0.0,
                "-9.0": 0.0
            },
            "Qs_in": 0.38969760842061596,
            "Qs_out_bed": 0.8530651546243924,
            "Qs_out_wall": 0.03131901712887814,
            "D50": 0.001595616978678621,
            "D84": 0.09017793362082659
        },
        "deposit_downstream": {
            "flow_scale": 0.83,
            "elevation": 1744.0807741224694,
            "length": 47,
            "width": 6.441623711563406,
            "bankfull_width": 6,
            "lwd_factor": 1,
            "gsd_bed": {
                "1.0": 1e-05,
                "0.0": 1e-05,
                "-1.0": 1e-05,
                "-2.0": 0.16020784088643,
                "-2.5": 0.14161077097152197,
                "-3.0": 0.12407271619577737,
                "-3.5": 0.029831778383352266,
                "-4.0": 0.029487085394803617,
                "-4.5": 0.0018010941592674612,
                "-5.0": 0.0018010941592675072,
                "-5.5": 0.0038342491626420566,
                "-6.0": 0.003832143132148921,
                "-6.5": 0.012144475686417806,
                "-7.0": 0.011398998924682577,
                "-7.5": 0.0038321431321489013,
                "-8.0": 0.4684513235472418,
                "-8.5": 0.0038321431321489013,
                "-9.0": 0.0038321431321488497
            },
            "gsd_wall": {
                "1.0": 0.46332538271231305,
                "0.0": 0.18530274919188486,
                "-1.0": 0.16557386833806,
                "-2.0": 0.0532225657111847,
                "-2.5": 0.041249606663037265,
                "-3.0": 0.03369544657677262,
                "-3.5": 0.02402195753988909,
                "-4.0": 0.016557076174551457,
                "-4.5": 0.009661672780615612,
                "-5.0": 0.00552322575127882,
                "-5.5": 0.0001569883310319971,
                "-6.0": 0.00015805298168870878,
                "-6.5": 0.00015307670454612805,
                "-7.0": 8.527159326609035e-05,
                "-7.5": 4.960192784759649e-05,
                "-8.0": 0.0011673509222271318,
                "-8.5": 4.8053049902414946e-05,
                "-9.0": 4.805304990215774e-05
            },
            "Qs_in": 0.8843841717532706,
            "Qs_out_bed": 0.28164573201847465,
            "Qs_out_wall": 0.0,
            "D50": 0.0007071067811865476,
            "D84": 0.0010524511561515637
        },
        "downstream": {
            "flow_scale": 0.835,
            "elevation": 1742.54302574613,
            "length": 65,
            "bankfull_width": 6,
            "lwd_factor": null,
            "gsd": {
                "1.0": 0.8071951275172841,
                "0.0": 0.1565396092960038,
                "-1.0": 0.02126526318671222,
                "-2.0": 0.001,
                "-2.5": 0.001,
                "-3.0": 0.001,
                "-3.5": 0.001,
                "-4.0": 0.001,
                "-4.5": 0.001,
                "-5.0": 0.001,
                "-5.5": 0.001,
                "-6.0": 0.001,
                "-6.5": 0.001,
                "-7.0": 0.001,
                "-7.5": 0.001,
                "-8.0": 0.001,
                "-8.5": 0.001,
                "-9.0": 0.001
            },
            "Qs_in": 0.28164573201847465,
            "Qs_out": 0.009990264638415548,
            "D50": 0.04582501578199333,
            "D84": 0.2569960516604491
        }
    },
    "dep_masses": {
        "deposit_upstream": {
            "1.0": 1.3063363121129579,
            "0.0": 14.625397813029258,
            "-1.0": 47.81979471927183,
            "-2.0": 85.061914167554,
            "-2.5": 225.5239134399882,
            "-3.0": 442.20103921609746,
            "-3.5": 612.9786950132874,
            "-4.0": 1020.4614044583171,
            "-4.5": 1644.6037334096702,
            "-5.0": 6411.851621150822,
            "-5.5": 11420.93654343889,
            "-6.0": 29324.510793466838,
            "-6.5": 87449.57136130323,
            "-7.0": 144201.63907279482,
            "-7.5": 519770.160622935,
            "-8.0": 181046.28643002163,
            "-8.5": 0,
            "-9.0": 0
        },
        "deposit_downstream": {
            "1.0": 2.432906033792059,
            "0.0": 6.258587415004187,
            "-1.0": 39.200860376090674,
            "-2.0": 80.21514729999346,
            "-2.5": 154.6670019230463,
            "-3.0": 265.65068546098746,
            "-3.5": 445.44597617139755,
            "-4.0": 928.2083056213261,
            "-4.5": 1440.0830747736163,
            "-5.0": 2109.819742461435,
            "-5.5": 24.040545822106424,
            "-6.0": 0.0,
            "-6.5": 296.82498002523886,
            "-7.0": 806.6211541415184,
            "-7.5": 0.0,
            "-8.0": 172506.51844372004,
            "-8.5": 0.0,
            "-9.0": 0.0
        }
    },